locus_id,chrom,sentinel_rsid,sentinel_pos,gwas_pval,gwas_beta,regatlas_rank,regatlas_score,gene_id,gene_name,gene_biotype,abs_tss_distance,tss_distance_rank,is_nearest_tss,has_any_brain_eqtl,brain_eqtl_max_slope,brain_eqtl_max_neg_log10_pval,has_re2g_link,re2g_max_score,re2g_total_elements,has_both_eqtl_and_re2g
SCZ_LOC_10_104520277_rs12571643,10,rs12571643,104520277,1.246e-23,0.113498313776424,1,1.0637455870519463,ENSG00000156395,SORCS3,protein_coding,121013,3,0,0,0.0,-0.0,1,0.9999973261903936,19,0
SCZ_LOC_10_104520277_rs12571643,10,rs12571643,104520277,1.246e-23,0.113498313776424,2,0.6951672807956178,ENSG00000120051,CFAP58,protein_coding,166444,5,0,0,0.0,-0.0,1,0.999997828666906,11,0
SCZ_LOC_10_104520277_rs12571643,10,rs12571643,104520277,1.246e-23,0.113498313776424,3,0.11240836010718214,ENSG00000148841,ITPRIP,protein_coding,181812,7,0,1,0.22511084377765656,7.628042249943775,1,0.999999997406819,10,1
SCZ_LOC_10_104520277_rs12571643,10,rs12571643,104520277,1.246e-23,0.113498313776424,4,0.026140534090822495,ENSG00000065613,SLK,protein_coding,553137,22,0,1,0.48951151967048645,4.342928390341368,1,0.9999976932915,5,1
SCZ_LOC_10_104520277_rs12571643,10,rs12571643,104520277,1.246e-23,0.113498313776424,5,-0.6350488117257583,ENSG00000156384,SFR1,protein_coding,398219,16,0,0,0.0,-0.0,1,0.9999936029656163,5,0
SCZ_LOC_10_104520277_rs12571643,10,rs12571643,104520277,1.246e-23,0.113498313776424,6,-0.7567852416864735,ENSG00000148834,GSTO1,protein_coding,284921,14,0,1,1.2194358110427856,10.31835655124026,1,0.9999895319008392,5,1
SCZ_LOC_10_104520277_rs12571643,10,rs12571643,104520277,1.246e-23,0.113498313776424,7,-0.8913338248371319,ENSG00000065621,GSTO2,protein_coding,251404,11,0,1,0.8494024276733398,44.345727280267106,1,0.9999756424911704,7,1
SCZ_LOC_10_104520277_rs12571643,10,rs12571643,104520277,1.246e-23,0.113498313776424,8,-0.9121312291405764,ENSG00000197748,CFAP43,protein_coding,287913,15,0,1,1.5572549104690552,15.025543532877574,1,0.999995486937574,4,1
SCZ_LOC_10_104520277_rs12571643,10,rs12571643,104520277,1.246e-23,0.113498313776424,9,-0.9698226492116618,ENSG00000225768,LINC02620,lncRNA,40003,1,1,0,0.0,-0.0,0,0.0,0,0
SCZ_LOC_10_104520277_rs12571643,10,rs12571643,104520277,1.246e-23,0.113498313776424,10,-1.2107449610380308,ENSG00000237761,ENSG00000237761,lncRNA,46654,2,0,0,0.0,-0.0,0,0.0,0,0
SCZ_LOC_10_104520277_rs12571643,10,rs12571643,104520277,1.246e-23,0.113498313776424,11,-1.455911214345323,ENSG00000228261,ITPRIP-AS1,lncRNA,214177,9,0,1,0.6324739456176758,11.808690057068903,0,0.0,0,0
SCZ_LOC_10_104520277_rs12571643,10,rs12571643,104520277,1.246e-23,0.113498313776424,12,-1.6770969001314477,ENSG00000226387,SORCS3-AS1,lncRNA,145939,4,0,0,0.0,-0.0,0,0.0,0,0
SCZ_LOC_10_104520277_rs12571643,10,rs12571643,104520277,1.246e-23,0.113498313776424,13,-1.740895715960929,ENSG00000231233,CFAP58-DT,lncRNA,166592,6,0,0,0.0,-0.0,0,0.0,0,0
SCZ_LOC_10_104520277_rs12571643,10,rs12571643,104520277,1.246e-23,0.113498313776424,14,-1.8830647184635427,ENSG00000302058,ENSG00000302058,lncRNA,251283,10,0,0,0.0,-0.0,0,0.0,0,0
SCZ_LOC_10_104520277_rs12571643,10,rs12571643,104520277,1.246e-23,0.113498313776424,15,-1.894233842869436,ENSG00000270075,ENSG00000270075,lncRNA,208136,8,0,0,0.0,-0.0,0,0.0,0,0
SCZ_LOC_10_104520277_rs12571643,10,rs12571643,104520277,1.246e-23,0.113498313776424,16,-2.030284642754014,ENSG00000302072,ENSG00000302072,lncRNA,271207,12,0,0,0.0,-0.0,0,0.0,0,0
SCZ_LOC_10_104520277_rs12571643,10,rs12571643,104520277,1.246e-23,0.113498313776424,17,-2.070482061692189,ENSG00000294028,ENSG00000294028,lncRNA,400065,19,0,0,0.0,-0.0,0,0.0,0,0
SCZ_LOC_10_104520277_rs12571643,10,rs12571643,104520277,1.246e-23,0.113498313776424,18,-2.071027943109276,ENSG00000302085,ENSG00000302085,lncRNA,274354,13,0,0,0.0,-0.0,0,0.0,0,0
SCZ_LOC_10_104520277_rs12571643,10,rs12571643,104520277,1.246e-23,0.113498313776424,19,-2.089244400323456,ENSG00000065618,COL17A1,protein_coding,434397,20,0,0,0.0,-0.0,0,0.0,0,0
SCZ_LOC_10_104520277_rs12571643,10,rs12571643,104520277,1.246e-23,0.113498313776424,19,-2.089244400323456,ENSG00000294047,ENSG00000294047,lncRNA,399268,18,0,0,0.0,-0.0,0,0.0,0,0
SCZ_LOC_10_104520277_rs12571643,10,rs12571643,104520277,1.246e-23,0.113498313776424,19,-2.089244400323456,ENSG00000294070,ENSG00000294070,lncRNA,398364,17,0,0,0.0,-0.0,0,0.0,0,0
SCZ_LOC_10_104520277_rs12571643,10,rs12571643,104520277,1.246e-23,0.113498313776424,19,-2.089244400323456,ENSG00000297750,ENSG00000297750,lncRNA,452730,21,0,0,0.0,-0.0,0,0.0,0,0
SCZ_LOC_10_18745105_rs7893279,10,rs7893279,18745105,6.545e-16,0.0995013844227929,1,0.5237370995263119,ENSG00000234244,ENSG00000234244,lncRNA,34846,1,1,0,0.0,-0.0,0,0.0,0,0
SCZ_LOC_10_18745105_rs7893279,10,rs7893279,18745105,6.545e-16,0.0995013844227929,2,-0.17700198731825037,ENSG00000165997,ARL5B,protein_coding,85674,2,0,0,0.0,-0.0,1,0.9999941262640608,3,0
SCZ_LOC_10_18745105_rs7893279,10,rs7893279,18745105,6.545e-16,0.0995013844227929,3,-0.3497020200793581,ENSG00000241058,NSUN6,protein_coding,85820,3,0,1,0.6132997274398804,28.352590400421644,1,0.9999962895357942,2,1
SCZ_LOC_10_18745105_rs7893279,10,rs7893279,18745105,6.545e-16,0.0995013844227929,4,-0.45302938588248326,ENSG00000165995,CACNB2,protein_coding,604681,9,0,1,0.16736465692520142,4.573105498973753,1,0.9999985587184772,21,1
SCZ_LOC_10_18745105_rs7893279,10,rs7893279,18745105,6.545e-16,0.0995013844227929,5,-1.0033328004749145,ENSG00000240291,ENSG00000240291,lncRNA,199454,5,0,1,0.40275245904922485,14.790174627934178,0,0.0,0,0
SCZ_LOC_10_18745105_rs7893279,10,rs7893279,18745105,6.545e-16,0.0995013844227929,6,-1.362614160016031,ENSG00000204740,MALRD1,protein_coding,303696,6,0,1,0.8651094436645508,9.428867743521746,0,0.0,0,0
SCZ_LOC_10_18745105_rs7893279,10,rs7893279,18745105,6.545e-16,0.0995013844227929,7,-1.6188311481007516,ENSG00000302787,ENSG00000302787,lncRNA,93406,4,0,0,0.0,-0.0,0,0.0,0,0
SCZ_LOC_10_18745105_rs7893279,10,rs7893279,18745105,6.545e-16,0.0995013844227929,8,-1.7244701931368844,ENSG00000293720,ENSG00000293720,lncRNA,303918,7,0,0,0.0,-0.0,0,0.0,0,0
SCZ_LOC_10_18745105_rs7893279,10,rs7893279,18745105,6.545e-16,0.0995013844227929,9,-1.9012811756777228,ENSG00000235020,ENSG00000235020,lncRNA,483601,8,0,0,0.0,-0.0,0,0.0,0,0
SCZ_LOC_10_3821561_rs17731,10,rs17731,3821561,2.945e-14,-0.058901107920161,1,0.5501040424155472,ENSG00000067082,KLF6,protein_coding,36280,8,0,0,0.0,-0.0,1,0.999991393050872,8,0
SCZ_LOC_10_3821561_rs17731,10,rs17731,3821561,2.945e-14,-0.058901107920161,2,-0.2098871617459481,ENSG00000287175,ENSG00000287175,lncRNA,11726,2,0,0,0.0,-0.0,0,0.0,0,0
SCZ_LOC_10_3821561_rs17731,10,rs17731,3821561,2.945e-14,-0.058901107920161,3,-0.294517883451127,ENSG00000230573,LINC02639,lncRNA,7080,1,1,0,0.0,-0.0,0,0.0,0,0
SCZ_LOC_10_3821561_rs17731,10,rs17731,3821561,2.945e-14,-0.058901107920161,4,-0.3338022245643948,ENSG00000295332,ENSG00000295332,lncRNA,14775,3,0,0,0.0,-0.0,0,0.0,0,0
SCZ_LOC_10_3821561_rs17731,10,rs17731,3821561,2.945e-14,-0.058901107920161,5,-0.6461086797546131,ENSG00000294123,ENSG00000294123,lncRNA,15246,4,0,0,0.0,-0.0,0,0.0,0,0
SCZ_LOC_10_3821561_rs17731,10,rs17731,3821561,2.945e-14,-0.058901107920161,6,-0.723375621423585,ENSG00000307524,ENSG00000307524,lncRNA,30977,5,0,0,0.0,-0.0,0,0.0,0,0
SCZ_LOC_10_3821561_rs17731,10,rs17731,3821561,2.945e-14,-0.058901107920161,7,-0.7566933627652187,ENSG00000288755,ENSG00000288755,lncRNA,36010,7,0,0,0.0,-0.0,0,0.0,0,0
SCZ_LOC_10_3821561_rs17731,10,rs17731,3821561,2.945e-14,-0.058901107920161,8,-0.7871744372530666,ENSG00000300219,ENSG00000300219,lncRNA,30991,6,0,0,0.0,-0.0,0,0.0,0,0
SCZ_LOC_10_3821561_rs17731,10,rs17731,3821561,2.945e-14,-0.058901107920161,9,-1.0428548030240525,ENSG00000229672,ENSG00000229672,lncRNA,90895,18,0,1,0.3739297091960907,10.805641480332044,0,0.0,0,0
SCZ_LOC_10_3821561_rs17731,10,rs17731,3821561,2.945e-14,-0.058901107920161,10,-1.4068557422602017,ENSG00000298309,ENSG00000298309,lncRNA,37538,10,0,0,0.0,-0.0,0,0.0,0,0
SCZ_LOC_10_3821561_rs17731,10,rs17731,3821561,2.945e-14,-0.058901107920161,10,-1.4068557422602017,ENSG00000298322,ENSG00000298322,lncRNA,37410,9,0,0,0.0,-0.0,0,0.0,0,0
SCZ_LOC_10_3821561_rs17731,10,rs17731,3821561,2.945e-14,-0.058901107920161,12,-1.5306484927818969,ENSG00000286610,ENSG00000286610,lncRNA,503748,46,0,0,0.0,-0.0,0,0.0,0,0
SCZ_LOC_10_3821561_rs17731,10,rs17731,3821561,2.945e-14,-0.058901107920161,13,-1.749188590701306,ENSG00000303926,ENSG00000303926,lncRNA,39572,11,0,0,0.0,-0.0,0,0.0,0,0
SCZ_LOC_10_3821561_rs17731,10,rs17731,3821561,2.945e-14,-0.058901107920161,14,-1.945600623323249,ENSG00000302130,ENSG00000302130,lncRNA,352342,38,0,0,0.0,-0.0,0,0.0,0,0
SCZ_LOC_10_3821561_rs17731,10,rs17731,3821561,2.945e-14,-0.058901107920161,14,-1.945600623323249,ENSG00000309028,ENSG00000309028,lncRNA,365803,40,0,0,0.0,-0.0,0,0.0,0,0
SCZ_LOC_10_3821561_rs17731,10,rs17731,3821561,2.945e-14,-0.058901107920161,14,-1.945600623323249,ENSG00000309046,ENSG00000309046,lncRNA,359324,39,0,0,0.0,-0.0,0,0.0,0,0
SCZ_LOC_10_3821561_rs17731,10,rs17731,3821561,2.945e-14,-0.058901107920161,17,-1.9643629619545162,ENSG00000289882,ENSG00000289882,lncRNA,396953,42,0,0,0.0,-0.0,0,0.0,0,0
SCZ_LOC_10_3821561_rs17731,10,rs17731,3821561,2.945e-14,-0.058901107920161,17,-1.9643629619545162,ENSG00000302066,ENSG00000302066,lncRNA,414230,43,0,0,0.0,-0.0,0,0.0,0,0
SCZ_LOC_10_3821561_rs17731,10,rs17731,3821561,2.945e-14,-0.058901107920161,17,-1.9643629619545162,ENSG00000233117,LINC00702,lncRNA,447148,45,0,0,0.0,-0.0,0,0.0,0,0
SCZ_LOC_10_3821561_rs17731,10,rs17731,3821561,2.945e-14,-0.058901107920161,17,-1.9643629619545162,ENSG00000309509,ENSG00000309509,lncRNA,395635,41,0,0,0.0,-0.0,0,0.0,0,0
SCZ_LOC_10_3821561_rs17731,10,rs17731,3821561,2.945e-14,-0.058901107920161,17,-1.9643629619545162,ENSG00000309529,ENSG00000309529,lncRNA,425694,44,0,0,0.0,-0.0,0,0.0,0,0
SCZ_LOC_10_3821561_rs17731,10,rs17731,3821561,2.945e-14,-0.058901107920161,22,-1.9806382749216036,ENSG00000303616,ENSG00000303616,lncRNA,51795,12,0,0,0.0,-0.0,0,0.0,0,0
SCZ_LOC_10_3821561_rs17731,10,rs17731,3821561,2.945e-14,-0.058901107920161,23,-1.9906063789324089,ENSG00000296170,ENSG00000296170,lncRNA,195393,27,0,0,0.0,-0.0,0,0.0,0,0
SCZ_LOC_10_3821561_rs17731,10,rs17731,3821561,2.945e-14,-0.058901107920161,23,-1.9906063789324089,ENSG00000310086,ENSG00000310086,lncRNA,192454,26,0,0,0.0,-0.0,0,0.0,0,0
SCZ_LOC_10_3821561_rs17731,10,rs17731,3821561,2.945e-14,-0.058901107920161,25,-1.9920843733748341,ENSG00000302116,ENSG00000302116,lncRNA,336152,37,0,0,0.0,-0.0,0,0.0,0,0
SCZ_LOC_10_3821561_rs17731,10,rs17731,3821561,2.945e-14,-0.058901107920161,26,-2.0003459558909724,ENSG00000233321,LINC02669,lncRNA,305968,33,0,0,0.0,-0.0,0,0.0,0,0
SCZ_LOC_10_3821561_rs17731,10,rs17731,3821561,2.945e-14,-0.058901107920161,27,-2.001663668545022,ENSG00000295787,ENSG00000295787,lncRNA,129443,21,0,0,0.0,-0.0,0,0.0,0,0
SCZ_LOC_10_3821561_rs17731,10,rs17731,3821561,2.945e-14,-0.058901107920161,27,-2.001663668545022,ENSG00000304831,ENSG00000304831,lncRNA,113455,20,0,0,0.0,-0.0,0,0.0,0,0
SCZ_LOC_10_3821561_rs17731,10,rs17731,3821561,2.945e-14,-0.058901107920161,29,-2.021984919617909,ENSG00000305807,ENSG00000305807,lncRNA,300245,32,0,0,0.0,-0.0,0,0.0,0,0
SCZ_LOC_10_3821561_rs17731,10,rs17731,3821561,2.945e-14,-0.058901107920161,30,-2.0258121141352095,ENSG00000226005,LINC02660,lncRNA,90326,17,0,0,0.0,-0.0,0,0.0,0,0
SCZ_LOC_10_3821561_rs17731,10,rs17731,3821561,2.945e-14,-0.058901107920161,30,-2.0258121141352095,ENSG00000302901,ENSG00000302901,lncRNA,66440,15,0,0,0.0,-0.0,0,0.0,0,0
SCZ_LOC_10_3821561_rs17731,10,rs17731,3821561,2.945e-14,-0.058901107920161,30,-2.0258121141352095,ENSG00000303648,ENSG00000303648,lncRNA,63425,14,0,0,0.0,-0.0,0,0.0,0,0
SCZ_LOC_10_3821561_rs17731,10,rs17731,3821561,2.945e-14,-0.058901107920161,30,-2.0258121141352095,ENSG00000303836,ENSG00000303836,lncRNA,66807,16,0,0,0.0,-0.0,0,0.0,0,0
SCZ_LOC_10_3821561_rs17731,10,rs17731,3821561,2.945e-14,-0.058901107920161,30,-2.0258121141352095,ENSG00000303862,ENSG00000303862,lncRNA,58791,13,0,0,0.0,-0.0,0,0.0,0,0
SCZ_LOC_10_3821561_rs17731,10,rs17731,3821561,2.945e-14,-0.058901107920161,30,-2.0258121141352095,ENSG00000304971,ENSG00000304971,lncRNA,100741,19,0,0,0.0,-0.0,0,0.0,0,0
SCZ_LOC_10_3821561_rs17731,10,rs17731,3821561,2.945e-14,-0.058901107920161,36,-2.038410442441953,ENSG00000298480,ENSG00000298480,lncRNA,151094,22,0,0,0.0,-0.0,0,0.0,0,0
SCZ_LOC_10_3821561_rs17731,10,rs17731,3821561,2.945e-14,-0.058901107920161,36,-2.038410442441953,ENSG00000302824,ENSG00000302824,lncRNA,156028,23,0,0,0.0,-0.0,0,0.0,0,0
SCZ_LOC_10_3821561_rs17731,10,rs17731,3821561,2.945e-14,-0.058901107920161,36,-2.038410442441953,ENSG00000304847,ENSG00000304847,lncRNA,173033,24,0,0,0.0,-0.0,0,0.0,0,0
SCZ_LOC_10_3821561_rs17731,10,rs17731,3821561,2.945e-14,-0.058901107920161,36,-2.038410442441953,ENSG00000227101,ENSG00000227101,lncRNA,182847,25,0,0,0.0,-0.0,0,0.0,0,0
SCZ_LOC_10_3821561_rs17731,10,rs17731,3821561,2.945e-14,-0.058901107920161,40,-2.048843097965252,ENSG00000302097,ENSG00000302097,lncRNA,335013,36,0,0,0.0,-0.0,0,0.0,0,0
SCZ_LOC_10_3821561_rs17731,10,rs17731,3821561,2.945e-14,-0.058901107920161,40,-2.048843097965252,ENSG00000305321,ENSG00000305321,lncRNA,309389,34,0,0,0.0,-0.0,0,0.0,0,0
SCZ_LOC_10_3821561_rs17731,10,rs17731,3821561,2.945e-14,-0.058901107920161,40,-2.048843097965252,ENSG00000309009,ENSG00000309009,lncRNA,327885,35,0,0,0.0,-0.0,0,0.0,0,0
SCZ_LOC_10_3821561_rs17731,10,rs17731,3821561,2.945e-14,-0.058901107920161,43,-2.071027943109276,ENSG00000236892,ENSG00000236892,lncRNA,265197,29,0,0,0.0,-0.0,0,0.0,0,0
SCZ_LOC_10_3821561_rs17731,10,rs17731,3821561,2.945e-14,-0.058901107920161,43,-2.071027943109276,ENSG00000296125,ENSG00000296125,lncRNA,288681,31,0,0,0.0,-0.0,0,0.0,0,0
SCZ_LOC_10_3821561_rs17731,10,rs17731,3821561,2.945e-14,-0.058901107920161,43,-2.071027943109276,ENSG00000296145,ENSG00000296145,lncRNA,279154,30,0,0,0.0,-0.0,0,0.0,0,0
SCZ_LOC_10_3821561_rs17731,10,rs17731,3821561,2.945e-14,-0.058901107920161,46,-2.0821970675151693,ENSG00000236990,ENSG00000236990,lncRNA,229693,28,0,0,0.0,-0.0,0,0.0,0,0
SCZ_LOC_11_130891895_rs10894308,11,rs10894308,130891895,3.59e-10,0.047799197133273,1,0.5025847258893532,ENSG00000120451,SNX19,protein_coding,24584,2,0,1,0.9154631495475769,36.609466609988125,1,0.9999772552518004,2,1
SCZ_LOC_11_130891895_rs10894308,11,rs10894308,130891895,3.59e-10,0.047799197133273,2,0.4668080204585856,ENSG00000175728,LINC02873,lncRNA,260606,12,0,0,0.0,-0.0,1,0.9999919006237574,32,0
SCZ_LOC_11_130891895_rs10894308,11,rs10894308,130891895,3.59e-10,0.047799197133273,3,0.34838410841911693,ENSG00000182667,NTM,protein_coding,478583,22,0,1,0.16609972715377808,4.981800048711777,1,0.999996439063326,53,1
SCZ_LOC_11_130891895_rs10894308,11,rs10894308,130891895,3.59e-10,0.047799197133273,4,0.23180931905104898,ENSG00000166106,ADAMTS15,protein_coding,443250,20,0,0,0.0,-0.0,1,0.9999995378512972,32,0
SCZ_LOC_11_130891895_rs10894308,11,rs10894308,130891895,3.59e-10,0.047799197133273,5,-0.35918937593898514,ENSG00000254842,LINC02551,lncRNA,26334,3,0,1,0.5415862202644348,5.546689477122806,0,0.0,0,0
SCZ_LOC_11_130891895_rs10894308,11,rs10894308,130891895,3.59e-10,0.047799197133273,6,-0.44165585285848774,ENSG00000134917,ADAMTS8,protein_coding,463286,21,0,1,0.6581074595451355,7.798658623711149,1,0.999999997375116,23,1
SCZ_LOC_11_130891895_rs10894308,11,rs10894308,130891895,3.59e-10,0.047799197133273,7,-0.5341241295822811,ENSG00000255455,ENSG00000255455,lncRNA,21648,1,1,0,0.0,-0.0,0,0.0,0,0
SCZ_LOC_11_130891895_rs10894308,11,rs10894308,130891895,3.59e-10,0.047799197133273,8,-1.2075881689833108,ENSG00000175773,ZBTB44-DT,lncRNA,577789,24,0,1,0.6088770031929016,14.179615996376516,0,0.0,0,0
SCZ_LOC_11_130891895_rs10894308,11,rs10894308,130891895,3.59e-10,0.047799197133273,9,-1.5946827025105639,ENSG00000301392,ENSG00000301392,lncRNA,105634,5,0,0,0.0,-0.0,0,0.0,0,0
SCZ_LOC_11_130891895_rs10894308,11,rs10894308,130891895,3.59e-10,0.047799197133273,10,-1.6188311481007516,ENSG00000301370,ENSG00000301370,lncRNA,102582,4,0,0,0.0,-0.0,0,0.0,0,0
SCZ_LOC_11_130891895_rs10894308,11,rs10894308,130891895,3.59e-10,0.047799197133273,11,-1.6584815183400454,ENSG00000288013,ENSG00000288013,lncRNA,106355,6,0,0,0.0,-0.0,0,0.0,0,0
SCZ_LOC_11_130891895_rs10894308,11,rs10894308,130891895,3.59e-10,0.047799197133273,12,-1.740895715960929,ENSG00000305065,ENSG00000305065,lncRNA,153659,7,0,0,0.0,-0.0,0,0.0,0,0
SCZ_LOC_11_130891895_rs10894308,11,rs10894308,130891895,3.59e-10,0.047799197133273,13,-1.8504472177962195,ENSG00000297702,ENSG00000297702,lncRNA,175645,9,0,0,0.0,-0.0,0,0.0,0,0
SCZ_LOC_11_130891895_rs10894308,11,rs10894308,130891895,3.59e-10,0.047799197133273,13,-1.8504472177962195,ENSG00000305090,ENSG00000305090,lncRNA,168478,8,0,0,0.0,-0.0,0,0.0,0,0
SCZ_LOC_11_130891895_rs10894308,11,rs10894308,130891895,3.59e-10,0.047799197133273,15,-1.8830647184635427,ENSG00000294232,ENSG00000294232,lncRNA,253118,10,0,0,0.0,-0.0,0,0.0,0,0
SCZ_LOC_11_130891895_rs10894308,11,rs10894308,130891895,3.59e-10,0.047799197133273,16,-2.030284642754014,ENSG00000237612,ENSG00000237612,lncRNA,255099,11,0,0,0.0,-0.0,0,0.0,0,0
SCZ_LOC_11_130891895_rs10894308,11,rs10894308,130891895,3.59e-10,0.047799197133273,17,-2.070482061692189,ENSG00000227125,ENSG00000227125,lncRNA,313104,15,0,0,0.0,-0.0,0,0.0,0,0
SCZ_LOC_11_130891895_rs10894308,11,rs10894308,130891895,3.59e-10,0.047799197133273,17,-2.070482061692189,ENSG00000301321,ENSG00000301321,lncRNA,415199,18,0,0,0.0,-0.0,0,0.0,0,0
SCZ_LOC_11_130891895_rs10894308,11,rs10894308,130891895,3.59e-10,0.047799197133273,17,-2.070482061692189,ENSG00000231698,ENSG00000231698,lncRNA,361438,17,0,0,0.0,-0.0,0,0.0,0,0
SCZ_LOC_11_130891895_rs10894308,11,rs10894308,130891895,3.59e-10,0.047799197133273,17,-2.070482061692189,ENSG00000301348,ENSG00000301348,lncRNA,344463,16,0,0,0.0,-0.0,0,0.0,0,0
SCZ_LOC_11_130891895_rs10894308,11,rs10894308,130891895,3.59e-10,0.047799197133273,21,-2.071027943109276,ENSG00000299973,ENSG00000299973,lncRNA,295220,14,0,0,0.0,-0.0,0,0.0,0,0
SCZ_LOC_11_130891895_rs10894308,11,rs10894308,130891895,3.59e-10,0.047799197133273,21,-2.071027943109276,ENSG00000300017,ENSG00000300017,lncRNA,272075,13,0,0,0.0,-0.0,0,0.0,0,0
SCZ_LOC_11_130891895_rs10894308,11,rs10894308,130891895,3.59e-10,0.047799197133273,23,-2.089244400323456,ENSG00000301332,ENSG00000301332,lncRNA,488562,23,0,0,0.0,-0.0,0,0.0,0,0
SCZ_LOC_11_130891895_rs10894308,11,rs10894308,130891895,3.59e-10,0.047799197133273,23,-2.089244400323456,ENSG00000307036,ENSG00000307036,lncRNA,441827,19,0,0,0.0,-0.0,0,0.0,0,0
SCZ_LOC_11_133852684_rs4936215,11,rs4936215,133852684,1.107e-14,0.0785985885121491,1,1.048057740009687,ENSG00000080854,IGSF9B,protein_coding,104284,4,0,0,0.0,-0.0,1,0.9999806898586238,27,0
SCZ_LOC_11_133852684_rs4936215,11,rs4936215,133852684,1.107e-14,0.0785985885121491,2,0.3678144768578736,ENSG00000183715,OPCML,protein_coding,320183,15,0,0,0.0,-0.0,1,0.9999999967999476,88,0
SCZ_LOC_11_133852684_rs4936215,11,rs4936215,133852684,1.107e-14,0.0785985885121491,3,0.15580665948487424,ENSG00000166086,JAM3,protein_coding,216387,14,0,0,0.0,-0.0,1,0.9999960570083308,19,0
SCZ_LOC_11_133852684_rs4936215,11,rs4936215,133852684,1.107e-14,0.0785985885121491,4,-0.294517883451127,ENSG00000166118,SPATA19,protein_coding,7146,1,1,0,0.0,-0.0,0,0.0,0,0
SCZ_LOC_11_133852684_rs4936215,11,rs4936215,133852684,1.107e-14,0.0785985885121491,5,-0.44433628976712725,ENSG00000166105,GLB1L3,protein_coding,421561,23,0,0,0.0,-0.0,1,0.9999910126099836,10,0
SCZ_LOC_11_133852684_rs4936215,11,rs4936215,133852684,1.107e-14,0.0785985885121491,6,-0.5341241295822811,ENSG00000255258,LINC02743,lncRNA,19806,2,0,0,0.0,-0.0,0,0.0,0,0
SCZ_LOC_11_133852684_rs4936215,11,rs4936215,133852684,1.107e-14,0.0785985885121491,7,-0.7670430616255604,ENSG00000149328,GLB1L2,protein_coding,479304,26,0,1,0.37724629044532776,7.190048898555924,1,0.9999948476289524,14,1
SCZ_LOC_11_133852684_rs4936215,11,rs4936215,133852684,1.107e-14,0.0785985885121491,8,-1.0950982170555907,ENSG00000151503,NCAPD3,protein_coding,372820,19,0,0,0.0,-0.0,1,0.9999739326967476,4,0
SCZ_LOC_11_133852684_rs4936215,11,rs4936215,133852684,1.107e-14,0.0785985885121491,9,-1.1489811787910935,ENSG00000151498,ACAD8,protein_coding,400864,21,0,0,0.0,-0.0,1,0.9999790659212004,4,0
SCZ_LOC_11_133852684_rs4936215,11,rs4936215,133852684,1.107e-14,0.0785985885121491,10,-1.157031124465942,ENSG00000151500,THYN1,protein_coding,400686,20,0,0,0.0,-0.0,1,0.9999690709021684,2,0
SCZ_LOC_11_133852684_rs4936215,11,rs4936215,133852684,1.107e-14,0.0785985885121491,11,-1.3386025549540852,ENSG00000254648,ENSG00000254648,lncRNA,184423,11,0,1,0.7095791101455688,4.679937602778434,0,0.0,0,0
SCZ_LOC_11_133852684_rs4936215,11,rs4936215,133852684,1.107e-14,0.0785985885121491,12,-1.3710933179277367,ENSG00000204241,LINC02731,lncRNA,179309,9,0,1,0.6464409232139587,19.80062969428522,0,0.0,0,0
SCZ_LOC_11_133852684_rs4936215,11,rs4936215,133852684,1.107e-14,0.0785985885121491,13,-1.5647075725880255,ENSG00000299312,ENSG00000299312,lncRNA,64771,3,0,0,0.0,-0.0,0,0.0,0,0
SCZ_LOC_11_133852684_rs4936215,11,rs4936215,133852684,1.107e-14,0.0785985885121491,14,-1.5857721813916374,ENSG00000151502,VPS26B,protein_coding,371987,18,0,0,0.0,-0.0,1,0.9998994582449976,3,0
SCZ_LOC_11_133852684_rs4936215,11,rs4936215,133852684,1.107e-14,0.0785985885121491,15,-1.5946827025105639,ENSG00000301905,ENSG00000301905,lncRNA,104446,5,0,0,0.0,-0.0,0,0.0,0,0
SCZ_LOC_11_133852684_rs4936215,11,rs4936215,133852684,1.107e-14,0.0785985885121491,16,-1.6584815183400454,ENSG00000299430,ENSG00000299430,lncRNA,114781,6,0,0,0.0,-0.0,0,0.0,0,0
SCZ_LOC_11_133852684_rs4936215,11,rs4936215,133852684,1.107e-14,0.0785985885121491,16,-1.6584815183400454,ENSG00000302493,ENSG00000302493,lncRNA,124963,7,0,0,0.0,-0.0,0,0.0,0,0
SCZ_LOC_11_133852684_rs4936215,11,rs4936215,133852684,1.107e-14,0.0785985885121491,18,-1.8504472177962195,ENSG00000255406,LINC02730,lncRNA,155503,8,0,0,0.0,-0.0,0,0.0,0,0
SCZ_LOC_11_133852684_rs4936215,11,rs4936215,133852684,1.107e-14,0.0785985885121491,18,-1.8504472177962195,ENSG00000305423,ENSG00000305423,lncRNA,181447,10,0,0,0.0,-0.0,0,0.0,0,0
SCZ_LOC_11_133852684_rs4936215,11,rs4936215,133852684,1.107e-14,0.0785985885121491,20,-1.9976671420866914,ENSG00000305360,ENSG00000305360,lncRNA,194869,12,0,0,0.0,-0.0,0,0.0,0,0
SCZ_LOC_11_133852684_rs4936215,11,rs4936215,133852684,1.107e-14,0.0785985885121491,21,-2.070482061692189,ENSG00000255348,ENSG00000255348,lncRNA,325798,17,0,0,0.0,-0.0,0,0.0,0,0
SCZ_LOC_11_133852684_rs4936215,11,rs4936215,133852684,1.107e-14,0.0785985885121491,22,-2.0800949064948835,ENSG00000287068,ENSG00000287068,lncRNA,320269,16,0,1,2.174670934677124,5.229691149487328,0,0.0,0,0
SCZ_LOC_11_133852684_rs4936215,11,rs4936215,133852684,1.107e-14,0.0785985885121491,23,-2.0821970675151693,ENSG00000295458,ENSG00000295458,lncRNA,216256,13,0,0,0.0,-0.0,0,0.0,0,0
SCZ_LOC_11_133852684_rs4936215,11,rs4936215,133852684,1.107e-14,0.0785985885121491,24,-2.089244400323456,ENSG00000254896,OPCML-IT1,lncRNA,486604,27,0,0,0.0,-0.0,0,0.0,0,0
SCZ_LOC_11_133852684_rs4936215,11,rs4936215,133852684,1.107e-14,0.0785985885121491,24,-2.089244400323456,ENSG00000294256,ENSG00000294256,lncRNA,402043,22,0,0,0.0,-0.0,0,0.0,0,0
SCZ_LOC_11_133852684_rs4936215,11,rs4936215,133852684,1.107e-14,0.0785985885121491,24,-2.089244400323456,ENSG00000289399,ENSG00000289399,lncRNA,423649,24,0,0,0.0,-0.0,0,0.0,0,0
SCZ_LOC_11_133852684_rs4936215,11,rs4936215,133852684,1.107e-14,0.0785985885121491,24,-2.089244400323456,ENSG00000308440,ENSG00000308440,lncRNA,434393,25,0,0,0.0,-0.0,0,0.0,0,0
SCZ_LOC_11_46524013_rs2902858,11,rs2902858,46524013,2.69e-18,-0.0880992412266881,1,0.5702234299936443,ENSG00000110497,AMBRA1,protein_coding,70112,2,0,0,0.0,-0.0,1,0.9999619805790292,3,0
SCZ_LOC_11_46524013_rs2902858,11,rs2902858,46524013,2.69e-18,-0.0880992412266881,2,0.3742715292484401,ENSG00000149091,DGKZ,protein_coding,191108,12,0,0,0.0,-0.0,1,0.9999945005961764,20,0
SCZ_LOC_11_46524013_rs2902858,11,rs2902858,46524013,2.69e-18,-0.0880992412266881,3,0.2590637722983438,ENSG00000157613,CREB3L1,protein_coding,246351,14,0,1,0.27208441495895386,4.201644235213337,1,0.9999916694486342,36,1
SCZ_LOC_11_46524013_rs2902858,11,rs2902858,46524013,2.69e-18,-0.0880992412266881,4,-0.004638018526137155,ENSG00000110492,MDK,protein_coding,143257,7,0,1,0.4493044912815094,7.602857546649167,1,0.9999989572379384,22,1
SCZ_LOC_11_46524013_rs2902858,11,rs2902858,46524013,2.69e-18,-0.0880992412266881,5,-0.20397235497900854,ENSG00000180423,HARBI1,protein_coding,93896,4,0,1,1.0476815700531006,4.304051214177191,1,0.9999766163391852,3,1
SCZ_LOC_11_46524013_rs2902858,11,rs2902858,46524013,2.69e-18,-0.0880992412266881,6,-0.24304195975144582,ENSG00000135365,PHF21A,protein_coding,402559,25,0,1,0.7822322249412537,4.9994624898703925,1,0.9999654252763333,7,1
SCZ_LOC_11_46524013_rs2902858,11,rs2902858,46524013,2.69e-18,-0.0880992412266881,7,-0.5862211835218264,ENSG00000180210,F2,protein_coding,195183,13,0,1,1.633698582649231,4.786153774677749,0,0.0,0,0
SCZ_LOC_11_46524013_rs2902858,11,rs2902858,46524013,2.69e-18,-0.0880992412266881,8,-0.6365903146953475,ENSG00000175220,ARHGAP1,protein_coding,176606,9,0,1,0.2250521332025528,5.346872872289484,1,0.9999781769115792,3,1
SCZ_LOC_11_46524013_rs2902858,11,rs2902858,46524013,2.69e-18,-0.0880992412266881,9,-0.6962374228080762,ENSG00000175224,ATG13,protein_coding,93514,3,0,1,0.26971331238746643,6.2301744394333625,1,0.999933716453984,3,1
SCZ_LOC_11_46524013_rs2902858,11,rs2902858,46524013,2.69e-18,-0.0880992412266881,10,-0.7307964294314072,ENSG00000175213,ZNF408,protein_coding,177017,10,0,1,0.9062674641609192,4.497629125384087,1,0.9999873847821176,3,1
SCZ_LOC_11_46524013_rs2902858,11,rs2902858,46524013,2.69e-18,-0.0880992412266881,11,-0.9833973851003649,ENSG00000149179,CSTPP1,protein_coding,412676,27,0,1,0.7784992456436157,4.360753547197527,1,0.9999942677584672,3,1
SCZ_LOC_11_46524013_rs2902858,11,rs2902858,46524013,2.69e-18,-0.0880992412266881,12,-1.066456427244685,ENSG00000134569,LRP4,protein_coding,394629,22,0,1,0.31727489829063416,8.248181012447652,1,0.9999999970450356,22,1
SCZ_LOC_11_46524013_rs2902858,11,rs2902858,46524013,2.69e-18,-0.0880992412266881,13,-1.1045143444993992,ENSG00000175216,CKAP5,protein_coding,322295,20,0,0,0.0,-0.0,1,0.9999833306788118,4,0
SCZ_LOC_11_46524013_rs2902858,11,rs2902858,46524013,2.69e-18,-0.0880992412266881,14,-1.484779756299223,ENSG00000285658,ENSG00000285658,lncRNA,48935,1,1,0,0.0,-0.0,0,0.0,0,0
SCZ_LOC_11_46524013_rs2902858,11,rs2902858,46524013,2.69e-18,-0.0880992412266881,15,-1.6188311481007516,ENSG00000307273,ENSG00000307273,lncRNA,95424,5,0,0,0.0,-0.0,0,0.0,0,0
SCZ_LOC_11_46524013_rs2902858,11,rs2902858,46524013,2.69e-18,-0.0880992412266881,16,-1.6855652969480974,ENSG00000180720,CHRM4,protein_coding,132237,6,0,0,0.0,-0.0,0,0.0,0,0
SCZ_LOC_11_46524013_rs2902858,11,rs2902858,46524013,2.69e-18,-0.0880992412266881,17,-1.8504472177962195,ENSG00000295054,ENSG00000295054,lncRNA,151209,8,0,0,0.0,-0.0,0,0.0,0,0
SCZ_LOC_11_46524013_rs2902858,11,rs2902858,46524013,2.69e-18,-0.0880992412266881,18,-1.9976671420866914,ENSG00000294248,ENSG00000294248,lncRNA,187955,11,0,0,0.0,-0.0,0,0.0,0,0
SCZ_LOC_11_46524013_rs2902858,11,rs2902858,46524013,2.69e-18,-0.0880992412266881,19,-2.070482061692189,ENSG00000247675,LRP4-AS1,lncRNA,322360,21,0,0,0.0,-0.0,0,0.0,0,0
SCZ_LOC_11_46524013_rs2902858,11,rs2902858,46524013,2.69e-18,-0.0880992412266881,19,-2.070482061692189,ENSG00000255314,ENSG00000255314,lncRNA,400982,24,0,0,0.0,-0.0,0,0.0,0,0
SCZ_LOC_11_46524013_rs2902858,11,rs2902858,46524013,2.69e-18,-0.0880992412266881,21,-2.071027943109276,ENSG00000255007,LINC02489,lncRNA,247930,15,0,0,0.0,-0.0,0,0.0,0,0
SCZ_LOC_11_46524013_rs2902858,11,rs2902858,46524013,2.69e-18,-0.0880992412266881,21,-2.071027943109276,ENSG00000302244,ENSG00000302244,lncRNA,267362,16,0,0,0.0,-0.0,0,0.0,0,0
SCZ_LOC_11_46524013_rs2902858,11,rs2902858,46524013,2.69e-18,-0.0880992412266881,21,-2.071027943109276,ENSG00000255269,LINC02710,lncRNA,280256,17,0,0,0.0,-0.0,0,0.0,0,0
SCZ_LOC_11_46524013_rs2902858,11,rs2902858,46524013,2.69e-18,-0.0880992412266881,21,-2.071027943109276,ENSG00000254639,ENSG00000254639,lncRNA,286767,19,0,0,0.0,-0.0,0,0.0,0,0
SCZ_LOC_11_46524013_rs2902858,11,rs2902858,46524013,2.69e-18,-0.0880992412266881,21,-2.071027943109276,ENSG00000289990,ENSG00000289990,lncRNA,280563,18,0,0,0.0,-0.0,0,0.0,0,0
SCZ_LOC_11_46524013_rs2902858,11,rs2902858,46524013,2.69e-18,-0.0880992412266881,26,-2.089244400323456,ENSG00000254653,ENSG00000254653,lncRNA,407435,26,0,0,0.0,-0.0,0,0.0,0,0
SCZ_LOC_11_46524013_rs2902858,11,rs2902858,46524013,2.69e-18,-0.0880992412266881,26,-2.089244400323456,ENSG00000286450,ENSG00000286450,lncRNA,396867,23,0,0,0.0,-0.0,0,0.0,0,0
SCZ_LOC_11_57585662_rs708228,11,rs708228,57585662,3.992e-09,-0.0488016642355575,1,1.1179181531050564,ENSG00000166793,YPEL4,protein_coding,64282,7,0,0,0.0,-0.0,1,0.9999899974840972,15,0
SCZ_LOC_11_57585662_rs708228,11,rs708228,57585662,3.992e-09,-0.0488016642355575,2,1.082441673304051,ENSG00000149131,SERPING1,protein_coding,11725,1,1,1,0.544579029083252,11.77592901149135,1,0.999999995043408,11,1
SCZ_LOC_11_57585662_rs708228,11,rs708228,57585662,3.992e-09,-0.0488016642355575,3,0.7236461818770256,ENSG00000156587,UBE2L6,protein_coding,17378,2,0,1,0.5253011584281921,8.149757971429523,1,0.9999918857235356,7,1
SCZ_LOC_11_57585662_rs708228,11,rs708228,57585662,3.992e-09,-0.0488016642355575,4,-0.1937193668415662,ENSG00000186907,RTN4RL2,protein_coding,125134,13,0,0,0.0,-0.0,1,0.9999985702051872,22,0
SCZ_LOC_11_57585662_rs708228,11,rs708228,57585662,3.992e-09,-0.0488016642355575,5,-0.2758526822370306,ENSG00000172409,CLP1,protein_coding,62526,6,0,1,0.28870266675949097,6.924298522982575,1,0.9999539938068464,2,1
SCZ_LOC_11_57585662_rs708228,11,rs708228,57585662,3.992e-09,-0.0488016642355575,6,-0.38550563775563707,ENSG00000156603,MED19,protein_coding,126559,14,0,1,0.40202033519744873,6.787913991145065,1,0.99994815082277,2,1
SCZ_LOC_11_57585662_rs708228,11,rs708228,57585662,3.992e-09,-0.0488016642355575,7,-0.4865607054988986,ENSG00000198561,CTNND1,protein_coding,167581,22,0,1,0.26938173174858093,4.6474950551709115,1,0.9999987347313491,8,1
SCZ_LOC_11_57585662_rs708228,11,rs708228,57585662,3.992e-09,-0.0488016642355575,8,-0.5538919374699175,ENSG00000134809,TIMM10,protein_coding,54859,5,0,1,0.8918710947036743,22.13948284824756,1,0.9999741879592342,3,1
SCZ_LOC_11_57585662_rs708228,11,rs708228,57585662,3.992e-09,-0.0488016642355575,9,-0.5976407006928757,ENSG00000149136,SSRP1,protein_coding,249770,27,0,0,0.0,-0.0,1,0.9999648963782364,4,0
SCZ_LOC_11_57585662_rs708228,11,rs708228,57585662,3.992e-09,-0.0488016642355575,10,-0.6322132168950569,ENSG00000149150,SLC43A1,protein_coding,69882,8,0,1,0.8747942447662354,19.7591686509863,1,0.9999999958571002,22,1
SCZ_LOC_11_57585662_rs708228,11,rs708228,57585662,3.992e-09,-0.0488016642355575,11,-0.7303248735166606,ENSG00000109991,P2RX3,protein_coding,247310,26,0,0,0.0,-0.0,1,0.9999999975959886,9,0
SCZ_LOC_11_57585662_rs708228,11,rs708228,57585662,3.992e-09,-0.0488016642355575,12,-0.7927598150707871,ENSG00000134802,SLC43A3,protein_coding,158082,19,0,1,0.6632257103919983,4.751157995930083,1,0.9999918315555012,20,1
SCZ_LOC_11_57585662_rs708228,11,rs708228,57585662,3.992e-09,-0.0488016642355575,13,-0.9427815064313971,ENSG00000254602,MIR130AHG,lncRNA,52362,4,0,1,0.3621981739997864,7.731813513975769,0,0.0,0,0
SCZ_LOC_11_57585662_rs708228,11,rs708228,57585662,3.992e-09,-0.0488016642355575,14,-0.9616516621781315,ENSG00000183908,LRRC55,protein_coding,403915,35,0,1,0.8474980592727661,4.419079618861442,1,0.9999999969484,17,1
SCZ_LOC_11_57585662_rs708228,11,rs708228,57585662,3.992e-09,-0.0488016642355575,15,-0.992442611060781,ENSG00000156599,ZDHHC5,protein_coding,82085,10,0,1,0.1306532770395279,5.689148145576466,1,0.9998250179490784,2,1
SCZ_LOC_11_57585662_rs708228,11,rs708228,57585662,3.992e-09,-0.0488016642355575,16,-0.9948037670166295,ENSG00000149115,TNKS1BP1,protein_coding,260710,28,0,1,0.542390763759613,4.730973966823243,1,0.9999867258643632,5,1
SCZ_LOC_11_57585662_rs708228,11,rs708228,57585662,3.992e-09,-0.0488016642355575,17,-1.1093362991156215,ENSG00000211450,SELENOH,protein_coding,155829,17,0,0,0.0,-0.0,1,0.9999823988776124,2,0
SCZ_LOC_11_57585662_rs708228,11,rs708228,57585662,3.992e-09,-0.0488016642355575,18,-1.1461279063755199,ENSG00000214872,SMTNL1,protein_coding,48067,3,0,1,0.8025689125061035,30.638010052058274,0,0.0,0,0
SCZ_LOC_11_57585662_rs708228,11,rs708228,57585662,3.992e-09,-0.0488016642355575,19,-1.172029247176626,ENSG00000233436,BTBD18,protein_coding,167013,21,0,0,0.0,-0.0,1,0.9999999964137616,3,0
SCZ_LOC_11_57585662_rs708228,11,rs708228,57585662,3.992e-09,-0.0488016642355575,20,-1.2002465526475876,ENSG00000134817,APLNR,protein_coding,348412,33,0,1,0.4093520939350128,4.475403438100454,0,0.0,0,0
SCZ_LOC_11_57585662_rs708228,11,rs708228,57585662,3.992e-09,-0.0488016642355575,21,-1.5233284421808515,ENSG00000213593,TMX2,protein_coding,126918,15,0,0,0.0,-0.0,1,0.9998782301952772,2,0
SCZ_LOC_11_57585662_rs708228,11,rs708228,57585662,3.992e-09,-0.0488016642355575,22,-1.792181465765523,ENSG00000298226,ENSG00000298226,lncRNA,80926,9,0,0,0.0,-0.0,0,0.0,0,0
SCZ_LOC_11_57585662_rs708228,11,rs708228,57585662,3.992e-09,-0.0488016642355575,23,-1.9152529444658073,ENSG00000255301,ENSG00000255301,lncRNA,108128,12,0,0,0.0,-0.0,0,0.0,0,0
SCZ_LOC_11_57585662_rs708228,11,rs708228,57585662,3.992e-09,-0.0488016642355575,24,-1.939401390055995,ENSG00000306189,ENSG00000306189,lncRNA,102688,11,0,0,0.0,-0.0,0,0.0,0,0
SCZ_LOC_11_57585662_rs708228,11,rs708228,57585662,3.992e-09,-0.0488016642355575,25,-1.9643629619545162,ENSG00000186509,OR9Q1,protein_coding,438219,38,0,0,0.0,-0.0,0,0.0,0,0
SCZ_LOC_11_57585662_rs708228,11,rs708228,57585662,3.992e-09,-0.0488016642355575,25,-1.9643629619545162,ENSG00000279051,OR6Q1,protein_coding,445291,39,0,0,0.0,-0.0,0,0.0,0,0
SCZ_LOC_11_57585662_rs708228,11,rs708228,57585662,3.992e-09,-0.0488016642355575,25,-1.9643629619545162,ENSG00000255146,ENSG00000255146,lncRNA,474476,40,0,0,0.0,-0.0,0,0.0,0,0
SCZ_LOC_11_57585662_rs708228,11,rs708228,57585662,3.992e-09,-0.0488016642355575,28,-1.9906063789324089,ENSG00000156575,PRG3,protein_coding,204512,24,0,0,0.0,-0.0,0,0.0,0,0
SCZ_LOC_11_57585662_rs708228,11,rs708228,57585662,3.992e-09,-0.0488016642355575,28,-1.9906063789324089,ENSG00000186652,PRG2,protein_coding,195012,23,0,0,0.0,-0.0,0,0.0,0,0
SCZ_LOC_11_57585662_rs708228,11,rs708228,57585662,3.992e-09,-0.0488016642355575,30,-2.001663668545022,ENSG00000288534,ENSG00000288534,protein_coding,126920,16,0,0,0.0,-0.0,0,0.0,0,0
SCZ_LOC_11_57585662_rs708228,11,rs708228,57585662,3.992e-09,-0.0488016642355575,31,-2.010846712006101,ENSG00000304248,ENSG00000304248,lncRNA,417382,37,0,0,0.0,-0.0,0,0.0,0,0
SCZ_LOC_11_57585662_rs708228,11,rs708228,57585662,3.992e-09,-0.0488016642355575,32,-2.021984919617909,ENSG00000299485,ENSG00000299485,lncRNA,303959,31,0,0,0.0,-0.0,0,0.0,0,0
SCZ_LOC_11_57585662_rs708228,11,rs708228,57585662,3.992e-09,-0.0488016642355575,33,-2.038410442441953,ENSG00000254979,ENSG00000254979,protein_coding,161603,20,0,0,0.0,-0.0,0,0.0,0,0
SCZ_LOC_11_57585662_rs708228,11,rs708228,57585662,3.992e-09,-0.0488016642355575,33,-2.038410442441953,ENSG00000254732,ENSG00000254732,protein_coding,156117,18,0,0,0.0,-0.0,0,0.0,0,0
SCZ_LOC_11_57585662_rs708228,11,rs708228,57585662,3.992e-09,-0.0488016642355575,35,-2.048843097965252,ENSG00000301258,ENSG00000301258,lncRNA,355041,34,0,0,0.0,-0.0,0,0.0,0,0
SCZ_LOC_11_57585662_rs708228,11,rs708228,57585662,3.992e-09,-0.0488016642355575,36,-2.0676054365965193,ENSG00000303826,ENSG00000303826,lncRNA,405327,36,0,0,0.0,-0.0,0,0.0,0,0
SCZ_LOC_11_57585662_rs708228,11,rs708228,57585662,3.992e-09,-0.0488016642355575,37,-2.070482061692189,ENSG00000306942,ENSG00000306942,lncRNA,316520,32,0,0,0.0,-0.0,0,0.0,0,0
SCZ_LOC_11_57585662_rs708228,11,rs708228,57585662,3.992e-09,-0.0488016642355575,38,-2.071027943109276,ENSG00000290827,ENSG00000290827,lncRNA,287926,30,0,0,0.0,-0.0,0,0.0,0,0
SCZ_LOC_11_57585662_rs708228,11,rs708228,57585662,3.992e-09,-0.0488016642355575,38,-2.071027943109276,ENSG00000305344,ENSG00000305344,lncRNA,246346,25,0,0,0.0,-0.0,0,0.0,0,0
SCZ_LOC_11_57585662_rs708228,11,rs708228,57585662,3.992e-09,-0.0488016642355575,38,-2.071027943109276,ENSG00000254662,ENSG00000254662,lncRNA,261358,29,0,0,0.0,-0.0,0,0.0,0,0
SCZ_LOC_11_65438345_rs11227250,11,rs11227250,65438345,2.635e-08,-0.046201018900714,1,2.1053290397220397,ENSG00000245532,NEAT1,lncRNA,16067,3,0,1,0.5997198820114136,32.137730346597706,1,0.9999994536493378,14,1
SCZ_LOC_11_65438345_rs11227250,11,rs11227250,65438345,2.635e-08,-0.046201018900714,2,0.12487285035228865,ENSG00000162241,SLC25A45,protein_coding,54644,14,0,1,0.5167021751403809,4.319009605161368,1,0.999997573725913,10,1
SCZ_LOC_11_65438345_rs11227250,11,rs11227250,65438345,2.635e-08,-0.046201018900714,3,0.03543611123995566,ENSG00000285533,RELA-DT,lncRNA,224635,47,0,1,0.1832973062992096,4.678002166319992,0,0.0,0,0
SCZ_LOC_11_65438345_rs11227250,11,rs11227250,65438345,2.635e-08,-0.046201018900714,4,-0.00994855086131301,ENSG00000173442,EHBP1L1,protein_coding,137701,36,0,0,0.0,-0.0,1,0.9999999975887122,14,0
SCZ_LOC_11_65438345_rs11227250,11,rs11227250,65438345,2.635e-08,-0.046201018900714,5,-0.050361312349608424,ENSG00000173338,KCNK7,protein_coding,157651,37,0,1,0.62516850233078,4.615441238332469,1,0.999998060412342,14,1
SCZ_LOC_11_65438345_rs11227250,11,rs11227250,65438345,2.635e-08,-0.046201018900714,6,-0.06042548216305077,ENSG00000149798,CDC42EP2,protein_coding,123479,29,0,0,0.0,-0.0,1,0.9999959810387464,14,0
SCZ_LOC_11_65438345_rs11227250,11,rs11227250,65438345,2.635e-08,-0.046201018900714,7,-0.16611059738678713,ENSG00000126391,FRMD8,protein_coding,51724,12,0,0,0.0,-0.0,1,0.9999997086397132,12,0
SCZ_LOC_11_65438345_rs11227250,11,rs11227250,65438345,2.635e-08,-0.046201018900714,8,-0.16836910473879688,ENSG00000168062,BATF2,protein_coding,441327,88,0,1,0.9187082648277283,4.554057333808105,0,0.0,0,0
SCZ_LOC_11_65438345_rs11227250,11,rs11227250,65438345,2.635e-08,-0.046201018900714,9,-0.2537972288070605,ENSG00000175550,DRAP1,protein_coding,480929,98,0,1,0.4858914911746979,4.292867438954317,1,0.9999548180312066,2,1
SCZ_LOC_11_65438345_rs11227250,11,rs11227250,65438345,2.635e-08,-0.046201018900714,10,-0.2851501789908939,ENSG00000289740,TALAM1,lncRNA,69087,20,0,0,0.0,-0.0,1,0.9999961499634225,22,0
SCZ_LOC_11_65438345_rs11227250,11,rs11227250,65438345,2.635e-08,-0.046201018900714,11,-0.294517883451127,ENSG00000305854,ENSG00000305854,lncRNA,12052,1,1,0,0.0,-0.0,0,0.0,0,0
SCZ_LOC_11_65438345_rs11227250,11,rs11227250,65438345,2.635e-08,-0.046201018900714,12,-0.3409520804367525,ENSG00000168056,LTBP3,protein_coding,120585,27,0,0,0.0,-0.0,1,0.9999961287041256,10,0
SCZ_LOC_11_65438345_rs11227250,11,rs11227250,65438345,2.635e-08,-0.046201018900714,13,-0.3485163034402101,ENSG00000149806,FAU,protein_coding,316168,62,0,1,0.10954393446445465,4.98581920707442,1,0.9999972612157714,2,1
SCZ_LOC_11_65438345_rs11227250,11,rs11227250,65438345,2.635e-08,-0.046201018900714,14,-0.43215440967803054,ENSG00000014216,CAPN1,protein_coding,257779,51,0,1,0.12170777469873428,4.430070191359627,1,0.9999990004656328,6,1
SCZ_LOC_11_65438345_rs11227250,11,rs11227250,65438345,2.635e-08,-0.046201018900714,15,-0.4328843213062881,ENSG00000176973,FAM89B,protein_coding,134004,32,0,1,0.24030667543411255,5.018894589919017,1,0.9999956913352264,8,1
SCZ_LOC_11_65438345_rs11227250,11,rs11227250,65438345,2.635e-08,-0.046201018900714,16,-0.46804863051363227,ENSG00000305830,ENSG00000305830,lncRNA,15452,2,0,0,0.0,-0.0,0,0.0,0,0
SCZ_LOC_11_65438345_rs11227250,11,rs11227250,65438345,2.635e-08,-0.046201018900714,17,-0.47040687836937034,ENSG00000149823,VPS51,protein_coding,349021,72,0,0,0.0,-0.0,1,0.999998120466402,6,0
SCZ_LOC_11_65438345_rs11227250,11,rs11227250,65438345,2.635e-08,-0.046201018900714,18,-0.5657024555116853,ENSG00000213445,SIPA1,protein_coding,199756,43,0,1,0.2646156847476959,4.1291153072165,1,0.9999990023136248,10,1
SCZ_LOC_11_65438345_rs11227250,11,rs11227250,65438345,2.635e-08,-0.046201018900714,19,-0.5760017369659386,ENSG00000172977,KAT5,protein_coding,273651,54,0,0,0.0,-0.0,1,0.9999614928243188,2,0
SCZ_LOC_11_65438345_rs11227250,11,rs11227250,65438345,2.635e-08,-0.046201018900714,20,-0.5862057310760136,ENSG00000173825,TIGD3,protein_coding,83594,23,0,1,0.6640437841415405,6.368686072902268,1,0.9999904922769408,7,1
SCZ_LOC_11_65438345_rs11227250,11,rs11227250,65438345,2.635e-08,-0.046201018900714,21,-0.6017005865044124,ENSG00000172803,SNX32,protein_coding,395489,80,0,1,1.0703595876693726,66.28443932611398,1,0.9999757291311012,6,1
SCZ_LOC_11_65438345_rs11227250,11,rs11227250,65438345,2.635e-08,-0.046201018900714,22,-0.6461086797546131,ENSG00000291174,FAUP4,lncRNA,16847,4,0,0,0.0,-0.0,0,0.0,0,0
SCZ_LOC_11_65438345_rs11227250,11,rs11227250,65438345,2.635e-08,-0.046201018900714,23,-0.6716204351198892,ENSG00000251562,MALAT1,lncRNA,59261,17,0,0,0.0,-0.0,1,0.9999855768152414,10,0
SCZ_LOC_11_65438345_rs11227250,11,rs11227250,65438345,2.635e-08,-0.046201018900714,24,-0.723375621423585,ENSG00000305844,ENSG00000305844,lncRNA,19554,5,0,0,0.0,-0.0,0,0.0,0,0
SCZ_LOC_11_65438345_rs11227250,11,rs11227250,65438345,2.635e-08,-0.046201018900714,25,-0.7378381135125898,ENSG00000133884,DPF2,protein_coding,104502,25,0,1,0.1919040083885193,8.247528384526149,1,0.9999916983882567,4,1
SCZ_LOC_11_65438345_rs11227250,11,rs11227250,65438345,2.635e-08,-0.046201018900714,26,-0.7778192546779192,ENSG00000290057,ENSG00000290057,lncRNA,21791,6,0,0,0.0,-0.0,0,0.0,0,0
SCZ_LOC_11_65438345_rs11227250,11,rs11227250,65438345,2.635e-08,-0.046201018900714,27,-0.796231237984019,ENSG00000142186,SCYL1,protein_coding,86732,24,0,1,1.1404672861099243,4.233559453888788,1,0.999981856799536,7,1
SCZ_LOC_11_65438345_rs11227250,11,rs11227250,65438345,2.635e-08,-0.046201018900714,28,-0.8024925411210257,ENSG00000168070,MAJIN,protein_coding,466237,95,0,0,0.0,-0.0,1,0.9999979610774772,4,0
SCZ_LOC_11_65438345_rs11227250,11,rs11227250,65438345,2.635e-08,-0.046201018900714,29,-0.812115297362771,ENSG00000172732,MUS81,protein_coding,418781,83,0,1,0.63199383020401,4.5284348931182725,1,0.9999985380901172,7,1
SCZ_LOC_11_65438345_rs11227250,11,rs11227250,65438345,2.635e-08,-0.046201018900714,30,-0.8138546257935373,ENSG00000149809,TM7SF2,protein_coding,326500,65,0,0,0.0,-0.0,1,0.9999952791590035,6,0
SCZ_LOC_11_65438345_rs11227250,11,rs11227250,65438345,2.635e-08,-0.046201018900714,31,-0.8319431337551165,ENSG00000162298,SYVN1,protein_coding,303813,57,0,1,0.4661223590373993,5.591701730286806,1,0.9999621217932346,2,1
SCZ_LOC_11_65438345_rs11227250,11,rs11227250,65438345,2.635e-08,-0.046201018900714,32,-0.843691674382162,ENSG00000254470,AP5B1,protein_coding,342631,68,0,1,0.5006148219108582,10.056599724956074,1,0.9999963493577588,6,1
SCZ_LOC_11_65438345_rs11227250,11,rs11227250,65438345,2.635e-08,-0.046201018900714,33,-0.8558680379316377,ENSG00000172922,RNASEH2C,protein_coding,282473,55,0,1,0.4944189786911011,24.73169571437883,1,0.9999787285804091,2,1
SCZ_LOC_11_65438345_rs11227250,11,rs11227250,65438345,2.635e-08,-0.046201018900714,34,-0.8627333321841373,ENSG00000173327,MAP3K11,protein_coding,177037,41,0,1,0.22007456421852112,11.006358544543515,1,0.9999999967829724,5,1
SCZ_LOC_11_65438345_rs11227250,11,rs11227250,65438345,2.635e-08,-0.046201018900714,35,-0.903425943429415,ENSG00000172638,EFEMP2,protein_coding,435247,87,0,1,0.13386765122413635,10.89257322263062,1,0.9999994904081972,10,1
SCZ_LOC_11_65438345_rs11227250,11,rs11227250,65438345,2.635e-08,-0.046201018900714,36,-0.9358297583081558,ENSG00000162300,ZFPL1,protein_coding,354135,74,0,1,1.710120677947998,4.474201118461591,1,0.9999738109017856,2,1
SCZ_LOC_11_65438345_rs11227250,11,rs11227250,65438345,2.635e-08,-0.046201018900714,37,-0.9369213360176937,ENSG00000260233,ZNRD2-DT,lncRNA,135722,33,0,1,0.5060208439826965,4.449653290657443,1,0.9999796561813414,5,1
SCZ_LOC_11_65438345_rs11227250,11,rs11227250,65438345,2.635e-08,-0.046201018900714,38,-0.9991344384679317,ENSG00000289259,ENSG00000289259,lncRNA,33922,7,0,0,0.0,-0.0,0,0.0,0,0
SCZ_LOC_11_65438345_rs11227250,11,rs11227250,65438345,2.635e-08,-0.046201018900714,39,-1.0004438238495064,ENSG00000172500,FIBP,protein_coding,450186,90,0,1,0.49642351269721985,17.144607415308297,1,0.9999685914156032,3,1
SCZ_LOC_11_65438345_rs11227250,11,rs11227250,65438345,2.635e-08,-0.046201018900714,40,-1.035146485540198,ENSG00000175573,C11orf68,protein_coding,480717,97,0,1,0.5497947335243225,9.579847634172115,1,0.9999789713718764,2,1
SCZ_LOC_11_65438345_rs11227250,11,rs11227250,65438345,2.635e-08,-0.046201018900714,41,-1.0485069359313022,ENSG00000255557,ENSG00000255557,lncRNA,307384,60,0,1,0.38733533024787903,4.4768082813782994,0,0.0,0,0
SCZ_LOC_11_65438345_rs11227250,11,rs11227250,65438345,2.635e-08,-0.046201018900714,42,-1.0632257044473847,ENSG00000172818,OVOL1,protein_coding,348718,69,0,1,0.9132605791091919,14.429911001057695,1,0.9999967372705328,7,1
SCZ_LOC_11_65438345_rs11227250,11,rs11227250,65438345,2.635e-08,-0.046201018900714,43,-1.0847287100974476,ENSG00000168060,NAALADL1,protein_coding,379792,79,0,1,0.2386941760778427,4.4138239921659945,0,0.0,0,0
SCZ_LOC_11_65438345_rs11227250,11,rs11227250,65438345,2.635e-08,-0.046201018900714,44,-1.0937889133889696,ENSG00000175602,CCDC85B,protein_coding,452328,92,0,0,0.0,-0.0,1,0.9999903031731436,4,0
SCZ_LOC_11_65438345_rs11227250,11,rs11227250,65438345,2.635e-08,-0.046201018900714,45,-1.1237778759834123,ENSG00000172757,CFL1,protein_coding,423681,84,0,1,0.6839407682418823,4.732011871972471,1,0.9999968232278524,5,1
SCZ_LOC_11_65438345_rs11227250,11,rs11227250,65438345,2.635e-08,-0.046201018900714,46,-1.153583596614591,ENSG00000174276,ZNHIT2,protein_coding,320644,63,0,0,0.0,-0.0,1,0.9999826560076552,4,0
SCZ_LOC_11_65438345_rs11227250,11,rs11227250,65438345,2.635e-08,-0.046201018900714,47,-1.1590913405473542,ENSG00000173039,RELA,protein_coding,224745,48,0,1,1.2760521173477173,5.983489752825571,1,0.999998202965304,4,1
SCZ_LOC_11_65438345_rs11227250,11,rs11227250,65438345,2.635e-08,-0.046201018900714,48,-1.1806831242639462,ENSG00000213465,ARL2,protein_coding,424185,86,0,0,0.0,-0.0,1,0.9999857080656508,2,0
SCZ_LOC_11_65438345_rs11227250,11,rs11227250,65438345,2.635e-08,-0.046201018900714,49,-1.191256904152903,ENSG00000014138,POLA2,protein_coding,176432,39,0,1,0.8829063773155212,12.793270728743593,1,0.99999105923729,3,1
SCZ_LOC_11_65438345_rs11227250,11,rs11227250,65438345,2.635e-08,-0.046201018900714,50,-1.2002438301937957,ENSG00000175592,FOSL1,protein_coding,462228,93,0,0,0.0,-0.0,1,0.999998370482088,4,0
SCZ_LOC_11_65438345_rs11227250,11,rs11227250,65438345,2.635e-08,-0.046201018900714,51,-1.2187542323606355,ENSG00000254614,CAPN1-AS1,lncRNA,256511,50,0,1,1.331018090248108,60.400119397495814,0,0.0,0,0
SCZ_LOC_11_65438345_rs11227250,11,rs11227250,65438345,2.635e-08,-0.046201018900714,52,-1.2234177542951221,ENSG00000172543,CTSW,protein_coding,441464,89,0,1,0.4224146604537964,4.987743149878585,0,0.0,0,0
SCZ_LOC_11_65438345_rs11227250,11,rs11227250,65438345,2.635e-08,-0.046201018900714,53,-1.2547275624877323,ENSG00000168061,SAC3D1,protein_coding,397444,81,0,0,0.0,-0.0,1,0.999991913345688,3,0
SCZ_LOC_11_65438345_rs11227250,11,rs11227250,65438345,2.635e-08,-0.046201018900714,54,-1.2698968401310597,ENSG00000273003,ARL2-SNX15,protein_coding,424163,85,0,0,0.0,-0.0,1,0.999995800099043,2,0
SCZ_LOC_11_65438345_rs11227250,11,rs11227250,65438345,2.635e-08,-0.046201018900714,55,-1.339013646874535,ENSG00000298143,ENSG00000298143,lncRNA,507260,99,0,0,0.0,-0.0,0,0.0,0,0
SCZ_LOC_11_65438345_rs11227250,11,rs11227250,65438345,2.635e-08,-0.046201018900714,56,-1.3790811024859149,ENSG00000289883,ENEMAL,lncRNA,39227,8,0,0,0.0,-0.0,0,0.0,0,0
SCZ_LOC_11_65438345_rs11227250,11,rs11227250,65438345,2.635e-08,-0.046201018900714,57,-1.4274697379982666,ENSG00000255120,OVOL1-AS1,lncRNA,352523,73,0,1,0.4023454487323761,5.940899492098521,0,0.0,0,0
SCZ_LOC_11_65438345_rs11227250,11,rs11227250,65438345,2.635e-08,-0.046201018900714,58,-1.504744797064951,ENSG00000173465,ZNRD2,protein_coding,132115,31,0,0,0.0,-0.0,1,0.9999228281975604,2,0
SCZ_LOC_11_65438345_rs11227250,11,rs11227250,65438345,2.635e-08,-0.046201018900714,59,-1.514364724866378,ENSG00000301146,ENSG00000301146,lncRNA,43120,9,0,0,0.0,-0.0,0,0.0,0,0
SCZ_LOC_11_65438345_rs11227250,11,rs11227250,65438345,2.635e-08,-0.046201018900714,60,-1.5633474587317295,ENSG00000149792,MRPL49,protein_coding,316162,61,0,1,0.6168224811553955,4.461038787651632,1,0.9999906998002158,2,1
SCZ_LOC_11_65438345_rs11227250,11,rs11227250,65438345,2.635e-08,-0.046201018900714,61,-1.6502111272613125,ENSG00000110025,SNX15,protein_coding,410906,82,0,1,0.6587963104248047,13.787932195978282,1,0.999892129031473,2,1
SCZ_LOC_11_65438345_rs11227250,11,rs11227250,65438345,2.635e-08,-0.046201018900714,62,-1.8334183506311317,ENSG00000286756,ENSG00000286756,lncRNA,49495,10,0,0,0.0,-0.0,0,0.0,0,0
SCZ_LOC_11_65438345_rs11227250,11,rs11227250,65438345,2.635e-08,-0.046201018900714,63,-1.850958655131737,ENSG00000285816,ENSG00000285816,protein_coding,176417,38,0,0,0.0,-0.0,0,0.0,0,0
SCZ_LOC_11_65438345_rs11227250,11,rs11227250,65438345,2.635e-08,-0.046201018900714,64,-1.885568789243076,ENSG00000309474,ENSG00000309474,lncRNA,201356,44,0,0,0.0,-0.0,0,0.0,0,0
SCZ_LOC_11_65438345_rs11227250,11,rs11227250,65438345,2.635e-08,-0.046201018900714,65,-1.8971034812489682,ENSG00000297007,ENSG00000297007,lncRNA,305782,58,0,0,0.0,-0.0,0,0.0,0,0
SCZ_LOC_11_65438345_rs11227250,11,rs11227250,65438345,2.635e-08,-0.046201018900714,65,-1.8971034812489682,ENSG00000304945,ENSG00000304945,lncRNA,303766,56,0,0,0.0,-0.0,0,0.0,0,0
SCZ_LOC_11_65438345_rs11227250,11,rs11227250,65438345,2.635e-08,-0.046201018900714,65,-1.8971034812489682,ENSG00000309321,ENSG00000309321,lncRNA,306273,59,0,0,0.0,-0.0,0,0.0,0,0
SCZ_LOC_11_65438345_rs11227250,11,rs11227250,65438345,2.635e-08,-0.046201018900714,68,-1.933372852752621,ENSG00000287821,ENSG00000287821,lncRNA,176597,40,0,0,0.0,-0.0,0,0.0,0,0
SCZ_LOC_11_65438345_rs11227250,11,rs11227250,65438345,2.635e-08,-0.046201018900714,69,-1.945600623323249,ENSG00000255404,ENSG00000255404,lncRNA,358874,76,0,0,0.0,-0.0,0,0.0,0,0
SCZ_LOC_11_65438345_rs11227250,11,rs11227250,65438345,2.635e-08,-0.046201018900714,69,-1.945600623323249,ENSG00000187066,TMEM262,protein_coding,348970,71,0,0,0.0,-0.0,0,0.0,0,0
SCZ_LOC_11_65438345_rs11227250,11,rs11227250,65438345,2.635e-08,-0.046201018900714,69,-1.945600623323249,ENSG00000254501,ENSG00000254501,lncRNA,326650,66,0,0,0.0,-0.0,0,0.0,0,0
SCZ_LOC_11_65438345_rs11227250,11,rs11227250,65438345,2.635e-08,-0.046201018900714,69,-1.945600623323249,ENSG00000255173,ENSG00000255173,lncRNA,321188,64,0,0,0.0,-0.0,0,0.0,0,0
SCZ_LOC_11_65438345_rs11227250,11,rs11227250,65438345,2.635e-08,-0.046201018900714,69,-1.945600623323249,ENSG00000303595,ENSG00000303595,lncRNA,341625,67,0,0,0.0,-0.0,0,0.0,0,0
SCZ_LOC_11_65438345_rs11227250,11,rs11227250,65438345,2.635e-08,-0.046201018900714,69,-1.945600623323249,ENSG00000309898,ENSG00000309898,lncRNA,348969,70,0,0,0.0,-0.0,0,0.0,0,0
SCZ_LOC_11_65438345_rs11227250,11,rs11227250,65438345,2.635e-08,-0.046201018900714,75,-1.9461465047403361,ENSG00000204710,SPDYC,protein_coding,268112,53,0,0,0.0,-0.0,0,0.0,0,0
SCZ_LOC_11_65438345_rs11227250,11,rs11227250,65438345,2.635e-08,-0.046201018900714,75,-1.9461465047403361,ENSG00000293278,ENSG00000293278,lncRNA,261875,52,0,0,0.0,-0.0,0,0.0,0,0
SCZ_LOC_11_65438345_rs11227250,11,rs11227250,65438345,2.635e-08,-0.046201018900714,77,-1.95599624482107,ENSG00000294808,ENSG00000294808,lncRNA,131485,30,0,0,0.0,-0.0,0,0.0,0,0
SCZ_LOC_11_65438345_rs11227250,11,rs11227250,65438345,2.635e-08,-0.046201018900714,78,-1.9643629619545162,ENSG00000297087,ENSG00000297087,lncRNA,462408,94,0,0,0.0,-0.0,0,0.0,0,0
SCZ_LOC_11_65438345_rs11227250,11,rs11227250,65438345,2.635e-08,-0.046201018900714,78,-1.9643629619545162,ENSG00000301294,ENSG00000301294,lncRNA,477641,96,0,0,0.0,-0.0,0,0.0,0,0
SCZ_LOC_11_65438345_rs11227250,11,rs11227250,65438345,2.635e-08,-0.046201018900714,78,-1.9643629619545162,ENSG00000302979,ENSG00000302979,lncRNA,379696,78,0,0,0.0,-0.0,0,0.0,0,0
SCZ_LOC_11_65438345_rs11227250,11,rs11227250,65438345,2.635e-08,-0.046201018900714,78,-1.9643629619545162,ENSG00000303001,ENSG00000303001,lncRNA,376712,77,0,0,0.0,-0.0,0,0.0,0,0
SCZ_LOC_11_65438345_rs11227250,11,rs11227250,65438345,2.635e-08,-0.046201018900714,78,-1.9643629619545162,ENSG00000305207,ENSG00000305207,lncRNA,452180,91,0,0,0.0,-0.0,0,0.0,0,0
SCZ_LOC_11_65438345_rs11227250,11,rs11227250,65438345,2.635e-08,-0.046201018900714,83,-1.9771594778258377,ENSG00000301154,ENSG00000301154,lncRNA,225791,49,0,0,0.0,-0.0,0,0.0,0,0
SCZ_LOC_11_65438345_rs11227250,11,rs11227250,65438345,2.635e-08,-0.046201018900714,83,-1.9771594778258377,ENSG00000306723,ENSG00000306723,lncRNA,214354,45,0,0,0.0,-0.0,0,0.0,0,0
SCZ_LOC_11_65438345_rs11227250,11,rs11227250,65438345,2.635e-08,-0.046201018900714,83,-1.9771594778258377,ENSG00000293475,ENSG00000293475,lncRNA,224505,46,0,0,0.0,-0.0,0,0.0,0,0
SCZ_LOC_11_65438345_rs11227250,11,rs11227250,65438345,2.635e-08,-0.046201018900714,86,-1.9806382749216036,ENSG00000279243,LINC02736,lncRNA,50369,11,0,0,0.0,-0.0,0,0.0,0,0
SCZ_LOC_11_65438345_rs11227250,11,rs11227250,65438345,2.635e-08,-0.046201018900714,87,-1.9834631641378413,ENSG00000146670,CDCA5,protein_coding,354181,75,0,1,2.2335686683654785,6.321985395699967,1,0.9999866570577371,2,1
SCZ_LOC_11_65438345_rs11227250,11,rs11227250,65438345,2.635e-08,-0.046201018900714,88,-2.001663668545022,ENSG00000287917,ENSG00000287917,lncRNA,122150,28,0,0,0.0,-0.0,0,0.0,0,0
SCZ_LOC_11_65438345_rs11227250,11,rs11227250,65438345,2.635e-08,-0.046201018900714,88,-2.001663668545022,ENSG00000302197,ENSG00000302197,lncRNA,112794,26,0,0,0.0,-0.0,0,0.0,0,0
SCZ_LOC_11_65438345_rs11227250,11,rs11227250,65438345,2.635e-08,-0.046201018900714,90,-2.016771478715017,ENSG00000290026,ENSG00000290026,lncRNA,136862,34,0,0,0.0,-0.0,0,0.0,0,0
SCZ_LOC_11_65438345_rs11227250,11,rs11227250,65438345,2.635e-08,-0.046201018900714,90,-2.016771478715017,ENSG00000289339,ENSG00000289339,lncRNA,137619,35,0,0,0.0,-0.0,0,0.0,0,0
SCZ_LOC_11_65438345_rs11227250,11,rs11227250,65438345,2.635e-08,-0.046201018900714,92,-2.0258121141352095,ENSG00000255478,ENSG00000255478,lncRNA,70907,21,0,0,0.0,-0.0,0,0.0,0,0
SCZ_LOC_11_65438345_rs11227250,11,rs11227250,65438345,2.635e-08,-0.046201018900714,92,-2.0258121141352095,ENSG00000289231,ENSG00000289231,lncRNA,83572,22,0,0,0.0,-0.0,0,0.0,0,0
SCZ_LOC_11_65438345_rs11227250,11,rs11227250,65438345,2.635e-08,-0.046201018900714,92,-2.0258121141352095,ENSG00000290061,ENSG00000290061,lncRNA,55624,16,0,0,0.0,-0.0,0,0.0,0,0
SCZ_LOC_11_65438345_rs11227250,11,rs11227250,65438345,2.635e-08,-0.046201018900714,92,-2.0258121141352095,ENSG00000300048,ENSG00000300048,lncRNA,54777,15,0,0,0.0,-0.0,0,0.0,0,0
SCZ_LOC_11_65438345_rs11227250,11,rs11227250,65438345,2.635e-08,-0.046201018900714,92,-2.0258121141352095,ENSG00000301979,ENSG00000301979,lncRNA,59265,18,0,0,0.0,-0.0,0,0.0,0,0
SCZ_LOC_11_65438345_rs11227250,11,rs11227250,65438345,2.635e-08,-0.046201018900714,92,-2.0258121141352095,ENSG00000270117,ENSG00000270117,lncRNA,60559,19,0,0,0.0,-0.0,0,0.0,0,0
SCZ_LOC_11_65438345_rs11227250,11,rs11227250,65438345,2.635e-08,-0.046201018900714,92,-2.0258121141352095,ENSG00000307632,ENSG00000307632,lncRNA,54379,13,0,0,0.0,-0.0,0,0.0,0,0
SCZ_LOC_11_65438345_rs11227250,11,rs11227250,65438345,2.635e-08,-0.046201018900714,99,-2.2604486027964428,ENSG00000197136,PCNX3,protein_coding,177431,42,0,1,0.6750913858413696,4.2911009708490235,1,0.9999999965335472,9,1
SCZ_LOC_12_104631552_rs10861176,12,rs10861176,104631552,1.739e-08,-0.0460020545617973,1,0.905431327926587,ENSG00000171310,CHST11,protein_coding,176257,4,0,1,2.204763889312744,6.774947529160226,1,0.9999851632091262,17,1
SCZ_LOC_12_104631552_rs10861176,12,rs10861176,104631552,1.739e-08,-0.0460020545617973,2,-0.13211852672940508,ENSG00000136052,SLC41A2,protein_coding,327192,8,0,0,0.0,-0.0,1,0.9999879292992724,14,0
SCZ_LOC_12_104631552_rs10861176,12,rs10861176,104631552,1.739e-08,-0.0460020545617973,3,-0.294517883451127,ENSG00000289557,ENSG00000289557,lncRNA,12598,1,1,0,0.0,-0.0,0,0.0,0,0
SCZ_LOC_12_104631552_rs10861176,12,rs10861176,104631552,1.739e-08,-0.0460020545617973,4,-0.4446106745156157,ENSG00000198431,TXNRD1,protein_coding,415773,15,0,0,0.0,-0.0,1,0.99999135898602,6,0
SCZ_LOC_12_104631552_rs10861176,12,rs10861176,104631552,1.739e-08,-0.0460020545617973,5,-0.6206604324041357,ENSG00000255150,EID3,protein_coding,327813,9,0,1,1.2222625017166138,4.7921388348114204,1,0.9999979046394396,9,1
SCZ_LOC_12_104631552_rs10861176,12,rs10861176,104631552,1.739e-08,-0.0460020545617973,6,-0.6381972413289406,ENSG00000120837,NFYB,protein_coding,493311,21,0,1,0.3498510718345642,5.492767647584532,1,0.9999966774799708,6,1
SCZ_LOC_12_104631552_rs10861176,12,rs10861176,104631552,1.739e-08,-0.0460020545617973,7,-0.7596775137419352,ENSG00000151131,NOPCHAP1,protein_coding,354764,12,0,0,0.0,-0.0,1,0.9999538703900436,3,0
SCZ_LOC_12_104631552_rs10861176,12,rs10861176,104631552,1.739e-08,-0.0460020545617973,8,-0.9508194514207992,ENSG00000136051,WASHC4,protein_coding,475772,18,0,1,0.22131362557411194,6.657388145459501,1,0.9999895905713942,3,1
SCZ_LOC_12_104631552_rs10861176,12,rs10861176,104631552,1.739e-08,-0.0460020545617973,9,-1.0031234849902866,ENSG00000136010,ALDH1L2,protein_coding,476091,19,0,1,0.9670374393463135,7.79751031312411,1,0.9999924598109954,7,1
SCZ_LOC_12_104631552_rs10861176,12,rs10861176,104631552,1.739e-08,-0.0460020545617973,10,-1.4464782044514786,ENSG00000309266,ENSG00000309266,lncRNA,133080,2,0,0,0.0,-0.0,0,0.0,0,0
SCZ_LOC_12_104631552_rs10861176,12,rs10861176,104631552,1.739e-08,-0.0460020545617973,11,-1.581736439753113,ENSG00000304709,ENSG00000304709,lncRNA,161188,3,0,0,0.0,-0.0,0,0.0,0,0
SCZ_LOC_12_104631552_rs10861176,12,rs10861176,104631552,1.739e-08,-0.0460020545617973,12,-1.6292928366219026,ENSG00000298845,ENSG00000298845,lncRNA,198811,5,0,0,0.0,-0.0,0,0.0,0,0
SCZ_LOC_12_104631552_rs10861176,12,rs10861176,104631552,1.739e-08,-0.0460020545617973,13,-1.6502453420158143,ENSG00000298817,ENSG00000298817,lncRNA,253905,7,0,0,0.0,-0.0,0,0.0,0,0
SCZ_LOC_12_104631552_rs10861176,12,rs10861176,104631552,1.739e-08,-0.0460020545617973,14,-1.7005957400045415,ENSG00000298015,ENSG00000298015,lncRNA,493209,20,0,0,0.0,-0.0,0,0.0,0,0
SCZ_LOC_12_104631552_rs10861176,12,rs10861176,104631552,1.739e-08,-0.0460020545617973,15,-1.784682341034146,ENSG00000286410,ENSG00000286410,lncRNA,227271,6,0,0,0.0,-0.0,0,0.0,0,0
SCZ_LOC_12_104631552_rs10861176,12,rs10861176,104631552,1.739e-08,-0.0460020545617973,16,-1.8825188370464556,ENSG00000304986,ENSG00000304986,lncRNA,345001,10,0,0,0.0,-0.0,0,0.0,0,0
SCZ_LOC_12_104631552_rs10861176,12,rs10861176,104631552,1.739e-08,-0.0460020545617973,17,-2.029738761336927,ENSG00000257732,ENSG00000257732,lncRNA,350697,11,0,0,0.0,-0.0,0,0.0,0,0
SCZ_LOC_12_104631552_rs10861176,12,rs10861176,104631552,1.739e-08,-0.0460020545617973,18,-2.070482061692189,ENSG00000307635,ENSG00000307635,lncRNA,355045,13,0,0,0.0,-0.0,0,0.0,0,0
SCZ_LOC_12_104631552_rs10861176,12,rs10861176,104631552,1.739e-08,-0.0460020545617973,19,-2.089244400323456,ENSG00000294348,ENSG00000294348,lncRNA,414815,14,0,0,0.0,-0.0,0,0.0,0,0
SCZ_LOC_12_104631552_rs10861176,12,rs10861176,104631552,1.739e-08,-0.0460020545617973,19,-2.089244400323456,ENSG00000286258,ENSG00000286258,lncRNA,453282,16,0,0,0.0,-0.0,0,0.0,0,0
SCZ_LOC_12_104631552_rs10861176,12,rs10861176,104631552,1.739e-08,-0.0460020545617973,19,-2.089244400323456,ENSG00000257193,LINC02385,lncRNA,461157,17,0,0,0.0,-0.0,0,0.0,0,0
SCZ_LOC_12_110723245_rs4766428,12,rs4766428,110723245,8.11e-17,-0.0680005069007488,1,1.4685972996238592,ENSG00000122986,HVCN1,protein_coding,18295,1,1,0,0.0,-0.0,1,0.9999900905549226,15,0
SCZ_LOC_12_110723245_rs4766428,12,rs4766428,110723245,8.11e-17,-0.0680005069007488,2,0.738122037314579,ENSG00000186298,PPP1CC,protein_coding,19694,2,0,0,0.0,-0.0,1,0.9999229262254162,4,0
SCZ_LOC_12_110723245_rs4766428,12,rs4766428,110723245,8.11e-17,-0.0680005069007488,3,0.2892837636602832,ENSG00000173093,CCDC63,protein_coding,123524,6,0,0,0.0,-0.0,1,0.9999957574813652,5,0
SCZ_LOC_12_110723245_rs4766428,12,rs4766428,110723245,8.11e-17,-0.0680005069007488,4,0.16282612397828206,ENSG00000111249,CUX2,protein_coding,310920,19,0,0,0.0,-0.0,1,0.9999999959609224,62,0
SCZ_LOC_12_110723245_rs4766428,12,rs4766428,110723245,8.11e-17,-0.0680005069007488,5,0.026069498766567275,ENSG00000185847,LINC01405,lncRNA,211022,9,0,0,0.0,-0.0,1,0.9999999979287246,10,0
SCZ_LOC_12_110723245_rs4766428,12,rs4766428,110723245,8.11e-17,-0.0680005069007488,6,-0.17096831272328894,ENSG00000204852,TCTN1,protein_coding,109218,5,0,0,0.0,-0.0,1,0.99999739647009,3,0
SCZ_LOC_12_110723245_rs4766428,12,rs4766428,110723245,8.11e-17,-0.0680005069007488,7,-0.562155293168812,ENSG00000111237,VPS29,protein_coding,221134,10,0,1,0.20684899389743805,8.476574219967512,1,0.9999925452925772,3,1
SCZ_LOC_12_110723245_rs4766428,12,rs4766428,110723245,8.11e-17,-0.0680005069007488,8,-0.6568244632554978,ENSG00000204856,FAM216A,protein_coding,254830,14,0,1,0.3073832392692566,4.291309472367271,1,0.9999915811125744,4,1
SCZ_LOC_12_110723245_rs4766428,12,rs4766428,110723245,8.11e-17,-0.0680005069007488,9,-0.6768014710873069,ENSG00000196850,PPTC7,protein_coding,139927,8,0,0,0.0,-0.0,1,0.9999896318472916,3,0
SCZ_LOC_12_110723245_rs4766428,12,rs4766428,110723245,8.11e-17,-0.0680005069007488,10,-0.7101024817358953,ENSG00000151164,RAD9B,protein_coding,221590,11,0,0,0.0,-0.0,1,0.9999926297786924,3,0
SCZ_LOC_12_110723245_rs4766428,12,rs4766428,110723245,8.11e-17,-0.0680005069007488,11,-0.7628137400606644,ENSG00000174437,ATP2A2,protein_coding,442489,25,0,0,0.0,-0.0,1,0.9999754880184734,5,0
SCZ_LOC_12_110723245_rs4766428,12,rs4766428,110723245,8.11e-17,-0.0680005069007488,12,-0.9178013053896408,ENSG00000111229,ARPC3,protein_coding,272823,15,0,1,0.6530702114105225,6.527137923587696,1,0.9999748514973262,4,1
SCZ_LOC_12_110723245_rs4766428,12,rs4766428,110723245,8.11e-17,-0.0680005069007488,13,-1.138916521760543,ENSG00000196510,ANAPC7,protein_coding,319515,21,0,1,0.6692939400672913,11.719357398740291,1,0.9999895159589808,5,1
SCZ_LOC_12_110723245_rs4766428,12,rs4766428,110723245,8.11e-17,-0.0680005069007488,14,-1.4773555641888014,ENSG00000297272,ENSG00000297272,lncRNA,495254,26,0,0,0.0,-0.0,0,0.0,0,0
SCZ_LOC_12_110723245_rs4766428,12,rs4766428,110723245,8.11e-17,-0.0680005069007488,15,-1.523470687722417,ENSG00000294739,ENSG00000294739,lncRNA,84557,3,0,0,0.0,-0.0,0,0.0,0,0
SCZ_LOC_12_110723245_rs4766428,12,rs4766428,110723245,8.11e-17,-0.0680005069007488,16,-1.5946827025105639,ENSG00000257268,ENSG00000257268,lncRNA,108534,4,0,0,0.0,-0.0,0,0.0,0,0
SCZ_LOC_12_110723245_rs4766428,12,rs4766428,110723245,8.11e-17,-0.0680005069007488,17,-1.6640559581633092,ENSG00000111231,GPN3,protein_coding,253977,13,0,0,0.0,-0.0,1,0.9999359033501298,4,0
SCZ_LOC_12_110723245_rs4766428,12,rs4766428,110723245,8.11e-17,-0.0680005069007488,18,-1.6734287383284534,ENSG00000258240,LINC01404,lncRNA,234575,12,0,1,1.410163402557373,3.970460261358727,0,0.0,0,0
SCZ_LOC_12_110723245_rs4766428,12,rs4766428,110723245,8.11e-17,-0.0680005069007488,19,-1.740895715960929,ENSG00000302187,ENSG00000302187,lncRNA,137749,7,0,0,0.0,-0.0,0,0.0,0,0
SCZ_LOC_12_110723245_rs4766428,12,rs4766428,110723245,8.11e-17,-0.0680005069007488,20,-1.9365391158292835,ENSG00000111245,MYL2,protein_coding,329189,22,0,0,0.0,-0.0,0,0.0,0,0
SCZ_LOC_12_110723245_rs4766428,12,rs4766428,110723245,8.11e-17,-0.0680005069007488,21,-2.021984919617909,ENSG00000309907,ENSG00000309907,lncRNA,304774,18,0,0,0.0,-0.0,0,0.0,0,0
SCZ_LOC_12_110723245_rs4766428,12,rs4766428,110723245,8.11e-17,-0.0680005069007488,22,-2.0598069904417207,ENSG00000309108,ENSG00000309108,lncRNA,312332,20,0,0,0.0,-0.0,0,0.0,0,0
SCZ_LOC_12_110723245_rs4766428,12,rs4766428,110723245,8.11e-17,-0.0680005069007488,23,-2.070482061692189,ENSG00000304574,ENSG00000304574,lncRNA,352341,23,0,0,0.0,-0.0,0,0.0,0,0
SCZ_LOC_12_110723245_rs4766428,12,rs4766428,110723245,8.11e-17,-0.0680005069007488,24,-2.071027943109276,ENSG00000258210,ENSG00000258210,lncRNA,277697,17,0,0,0.0,-0.0,0,0.0,0,0
SCZ_LOC_12_110723245_rs4766428,12,rs4766428,110723245,8.11e-17,-0.0680005069007488,24,-2.071027943109276,ENSG00000300534,ENSG00000300534,lncRNA,273400,16,0,0,0.0,-0.0,0,0.0,0,0
SCZ_LOC_12_110723245_rs4766428,12,rs4766428,110723245,8.11e-17,-0.0680005069007488,26,-2.089244400323456,ENSG00000289311,ENSG00000289311,lncRNA,442202,24,0,0,0.0,-0.0,0,0.0,0,0
SCZ_LOC_12_121380544_rs2649999,12,rs2649999,121380544,1.454e-09,0.0483043318863239,1,1.2642233287342295,ENSG00000089053,ANAPC5,protein_coding,19352,2,0,1,0.6239601373672485,9.717165025717748,1,0.9999091670491144,2,1
SCZ_LOC_12_121380544_rs2649999,12,rs2649999,121380544,1.454e-09,0.0483043318863239,2,0.6420286250252769,ENSG00000258435,ENSG00000258435,lncRNA,5159,1,1,0,0.0,-0.0,0,0.0,0,0
SCZ_LOC_12_121380544_rs2649999,12,rs2649999,121380544,1.454e-09,0.0483043318863239,3,0.6341471339797946,ENSG00000089094,KDM2B,protein_coding,201735,11,0,0,0.0,-0.0,1,0.9999999956753074,27,0
SCZ_LOC_12_121380544_rs2649999,12,rs2649999,121380544,1.454e-09,0.0483043318863239,4,-0.08143050762110554,ENSG00000110931,CAMKK2,protein_coding,82236,5,0,1,1.4324312210083008,5.234411669479558,1,0.9999999978961878,26,1
SCZ_LOC_12_121380544_rs2649999,12,rs2649999,121380544,1.454e-09,0.0483043318863239,5,-0.1249837895299258,ENSG00000135100,HNF1A,protein_coding,402001,24,0,0,0.0,-0.0,1,0.9999976387370446,9,0
SCZ_LOC_12_121380544_rs2649999,12,rs2649999,121380544,1.454e-09,0.0483043318863239,6,-0.18484340082013953,ENSG00000139718,SETD1B,protein_coding,423465,29,0,1,1.2086862325668335,5.273635275376384,1,0.9999999967815962,16,1
SCZ_LOC_12_121380544_rs2649999,12,rs2649999,121380544,1.454e-09,0.0483043318863239,7,-0.322015743713745,ENSG00000276045,ORAI1,protein_coding,245965,12,0,0,0.0,-0.0,1,0.9999759347082344,7,0
SCZ_LOC_12_121380544_rs2649999,12,rs2649999,121380544,1.454e-09,0.0483043318863239,8,-0.3266283583595193,ENSG00000170633,RNF34,protein_coding,19539,3,0,0,0.0,-0.0,1,0.9999396698371772,3,0
SCZ_LOC_12_121380544_rs2649999,12,rs2649999,121380544,1.454e-09,0.0483043318863239,9,-0.6811783104481685,ENSG00000139714,MORN3,protein_coding,292087,18,0,1,0.949372410774231,12.056809776674259,0,0.0,0,0
SCZ_LOC_12_121380544_rs2649999,12,rs2649999,121380544,1.454e-09,0.0483043318863239,10,-0.723375621423585,ENSG00000299283,ENSG00000299283,lncRNA,28869,4,0,0,0.0,-0.0,0,0.0,0,0
SCZ_LOC_12_121380544_rs2649999,12,rs2649999,121380544,1.454e-09,0.0483043318863239,11,-0.9285777884222175,ENSG00000212694,LINC01089,lncRNA,423362,28,0,1,0.7081174254417419,23.819021118435625,1,0.9999999869008016,12,1
SCZ_LOC_12_121380544_rs2649999,12,rs2649999,121380544,1.454e-09,0.0483043318863239,12,-0.9519291166695879,ENSG00000139725,RHOF,protein_coding,422859,27,0,1,0.27473947405815125,6.044065515475116,1,0.9999910508192276,19,1
SCZ_LOC_12_121380544_rs2649999,12,rs2649999,121380544,1.454e-09,0.0483043318863239,13,-1.0242819781662287,ENSG00000188735,TMEM120B,protein_coding,332208,20,0,1,0.7270565032958984,5.188178407885226,1,0.9999787737174702,7,1
SCZ_LOC_12_121380544_rs2649999,12,rs2649999,121380544,1.454e-09,0.0483043318863239,14,-1.0832993443612522,ENSG00000135124,P2RX4,protein_coding,170479,7,0,1,4.020607948303223,20.16425978574658,1,0.9999915373810436,8,1
SCZ_LOC_12_121380544_rs2649999,12,rs2649999,121380544,1.454e-09,0.0483043318863239,15,-1.20486160112114,ENSG00000286248,ENSG00000286248,lncRNA,189067,8,0,1,1.384272813796997,8.666000689157409,0,0.0,0,0
SCZ_LOC_12_121380544_rs2649999,12,rs2649999,121380544,1.454e-09,0.0483043318863239,16,-1.2586616973663425,ENSG00000157895,C12orf43,protein_coding,364042,22,0,1,0.5235725045204163,12.052619745685115,1,0.9999989146579756,4,1
SCZ_LOC_12_121380544_rs2649999,12,rs2649999,121380544,1.454e-09,0.0483043318863239,17,-1.3694655172058068,ENSG00000241388,HNF1A-AS1,lncRNA,399576,23,0,0,0.0,-0.0,1,0.9999908174652202,1,0
SCZ_LOC_12_121380544_rs2649999,12,rs2649999,121380544,1.454e-09,0.0483043318863239,18,-1.4043484095076344,ENSG00000157837,SPPL3,protein_coding,476186,33,0,1,0.4999811053276062,27.9307181971382,1,0.9999956638014988,3,1
SCZ_LOC_12_121380544_rs2649999,12,rs2649999,121380544,1.454e-09,0.0483043318863239,19,-1.447787163393523,ENSG00000274292,ENSG00000274292,lncRNA,420253,26,0,1,0.9211363792419434,18.825807435502792,0,0.0,0,0
SCZ_LOC_12_121380544_rs2649999,12,rs2649999,121380544,1.454e-09,0.0483043318863239,20,-1.5532971446683908,ENSG00000158104,HPD,protein_coding,483052,34,0,1,0.30296704173088074,4.565581816710402,0,0.0,0,0
SCZ_LOC_12_121380544_rs2649999,12,rs2649999,121380544,1.454e-09,0.0483043318863239,21,-1.6254481606040991,ENSG00000089041,P2RX7,protein_coding,247725,14,0,1,0.8102861642837524,9.098421097536312,1,0.9999881256047448,4,1
SCZ_LOC_12_121380544_rs2649999,12,rs2649999,121380544,1.454e-09,0.0483043318863239,22,-1.7344999554034763,ENSG00000272849,ENSG00000272849,lncRNA,416967,25,0,1,0.8861132264137268,20.100589211470776,0,0.0,0,0
SCZ_LOC_12_121380544_rs2649999,12,rs2649999,121380544,1.454e-09,0.0483043318863239,23,-1.740895715960929,ENSG00000295862,ENSG00000295862,lncRNA,170460,6,0,0,0.0,-0.0,0,0.0,0,0
SCZ_LOC_12_121380544_rs2649999,12,rs2649999,121380544,1.454e-09,0.0483043318863239,24,-1.8026431542866743,ENSG00000256742,KDM2B-DT,lncRNA,199816,10,0,0,0.0,-0.0,0,0.0,0,0
SCZ_LOC_12_121380544_rs2649999,12,rs2649999,121380544,1.454e-09,0.0483043318863239,24,-1.8026431542866743,ENSG00000274029,ENSG00000274029,lncRNA,189676,9,0,0,0.0,-0.0,0,0.0,0,0
SCZ_LOC_12_121380544_rs2649999,12,rs2649999,121380544,1.454e-09,0.0483043318863239,26,-1.9477600684968392,ENSG00000302371,ENSG00000302371,lncRNA,246540,13,0,0,0.0,-0.0,0,0.0,0,0
SCZ_LOC_12_121380544_rs2649999,12,rs2649999,121380544,1.454e-09,0.0483043318863239,27,-2.070482061692189,ENSG00000135114,OASL,protein_coding,341298,21,0,0,0.0,-0.0,0,0.0,0,0
SCZ_LOC_12_121380544_rs2649999,12,rs2649999,121380544,1.454e-09,0.0483043318863239,28,-2.071027943109276,ENSG00000302061,ENSG00000302061,lncRNA,263796,15,0,0,0.0,-0.0,0,0.0,0,0
SCZ_LOC_12_121380544_rs2649999,12,rs2649999,121380544,1.454e-09,0.0483043318863239,28,-2.071027943109276,ENSG00000286586,ENSG00000286586,lncRNA,283567,17,0,0,0.0,-0.0,0,0.0,0,0
SCZ_LOC_12_121380544_rs2649999,12,rs2649999,121380544,1.454e-09,0.0483043318863239,28,-2.071027943109276,ENSG00000308932,ENSG00000308932,lncRNA,268522,16,0,0,0.0,-0.0,0,0.0,0,0
SCZ_LOC_12_121380544_rs2649999,12,rs2649999,121380544,1.454e-09,0.0483043318863239,28,-2.071027943109276,ENSG00000308947,ENSG00000308947,lncRNA,294527,19,0,0,0.0,-0.0,0,0.0,0,0
SCZ_LOC_12_121380544_rs2649999,12,rs2649999,121380544,1.454e-09,0.0483043318863239,32,-2.089244400323456,ENSG00000308024,ENSG00000308024,lncRNA,426137,30,0,0,0.0,-0.0,0,0.0,0,0
SCZ_LOC_12_121380544_rs2649999,12,rs2649999,121380544,1.454e-09,0.0483043318863239,32,-2.089244400323456,ENSG00000286493,ENSG00000286493,lncRNA,476085,32,0,0,0.0,-0.0,0,0.0,0,0
SCZ_LOC_12_121380544_rs2649999,12,rs2649999,121380544,1.454e-09,0.0483043318863239,32,-2.089244400323456,ENSG00000256811,TIALD,lncRNA,475709,31,0,0,0.0,-0.0,0,0.0,0,0
SCZ_LOC_12_122520575_rs61952922,12,rs61952922,122520575,9.7e-09,-0.0428970626523952,1,1.6684429753712469,ENSG00000111011,RSRC2,protein_coding,6425,1,1,0,0.0,-0.0,1,0.999994244988552,2,0
SCZ_LOC_12_122520575_rs61952922,12,rs61952922,122520575,9.7e-09,-0.0428970626523952,2,0.7047608270679644,ENSG00000184445,KNTC1,protein_coding,6671,2,0,1,0.9847322106361389,5.024178513237995,1,0.9999555792854252,2,1
SCZ_LOC_12_122520575_rs61952922,12,rs61952922,122520575,9.7e-09,-0.0428970626523952,3,0.6051214154355974,ENSG00000139722,VPS37B,protein_coding,375552,27,0,1,0.46552860736846924,5.860837627458603,1,0.9999993403076056,34,1
SCZ_LOC_12_122520575_rs61952922,12,rs61952922,122520575,9.7e-09,-0.0428970626523952,4,0.3590312460048935,ENSG00000130783,CCDC62,protein_coding,253951,15,0,0,0.0,-0.0,1,0.999999659349253,17,0
SCZ_LOC_12_122520575_rs61952922,12,rs61952922,122520575,9.7e-09,-0.0428970626523952,5,-0.23718122814407352,ENSG00000130787,HIP1R,protein_coding,313878,20,0,1,0.2593057453632355,6.7544455524581775,1,0.999993777083034,26,1
SCZ_LOC_12_122520575_rs61952922,12,rs61952922,122520575,9.7e-09,-0.0428970626523952,6,-0.30760077933342644,ENSG00000033030,ZCCHC8,protein_coding,19643,4,0,1,0.25060296058654785,4.176939480943147,1,0.9999849783524232,2,1
SCZ_LOC_12_122520575_rs61952922,12,rs61952922,122520575,9.7e-09,-0.0428970626523952,7,-0.40210967379007734,ENSG00000111325,OGFOD2,protein_coding,454005,29,0,1,1.4063915014266968,4.852444251041966,1,0.999973707604928,3,1
SCZ_LOC_12_122520575_rs61952922,12,rs61952922,122520575,9.7e-09,-0.0428970626523952,8,-0.43264882374903557,ENSG00000130779,CLIP1,protein_coding,97906,6,0,1,2.2411904335021973,5.162256765579678,1,0.999996690080012,9,1
SCZ_LOC_12_122520575_rs61952922,12,rs61952922,122520575,9.7e-09,-0.0428970626523952,9,-0.5024055742236367,ENSG00000110987,BCL7A,protein_coding,501153,34,0,1,0.12791335582733154,5.893526308073882,1,0.9999929873582688,16,1
SCZ_LOC_12_122520575_rs61952922,12,rs61952922,122520575,9.7e-09,-0.0428970626523952,10,-0.5248077889310747,ENSG00000176383,B3GNT4,protein_coding,316894,22,0,0,0.0,-0.0,1,0.9999958950699166,10,0
SCZ_LOC_12_122520575_rs61952922,12,rs61952922,122520575,9.7e-09,-0.0428970626523952,11,-0.5680724402394564,ENSG00000275265,ENSG00000275265,lncRNA,19388,3,0,0,0.0,-0.0,0,0.0,0,0
SCZ_LOC_12_122520575_rs61952922,12,rs61952922,122520575,9.7e-09,-0.0428970626523952,12,-0.8330854478977986,ENSG00000150967,ABCB9,protein_coding,461074,33,0,0,0.0,-0.0,1,0.9999888318180172,11,0
SCZ_LOC_12_122520575_rs61952922,12,rs61952922,122520575,9.7e-09,-0.0428970626523952,13,-0.8613197976556415,ENSG00000139719,VPS33A,protein_coding,254073,16,0,1,1.378490924835205,11.20877704033307,1,0.9999931841071644,2,1
SCZ_LOC_12_122520575_rs61952922,12,rs61952922,122520575,9.7e-09,-0.0428970626523952,14,-0.8841265146575624,ENSG00000182782,HCAR2,protein_coding,182782,11,0,1,0.31108734011650085,4.399206932219866,1,0.9999957396876716,2,1
SCZ_LOC_12_122520575_rs61952922,12,rs61952922,122520575,9.7e-09,-0.0428970626523952,15,-1.1065982282250542,ENSG00000139726,DENR,protein_coding,232249,14,0,0,0.0,-0.0,1,0.9999725448192822,2,0
SCZ_LOC_12_122520575_rs61952922,12,rs61952922,122520575,9.7e-09,-0.0428970626523952,16,-1.3106169169145871,ENSG00000158113,LRRC43,protein_coding,352837,25,0,1,0.453997939825058,8.545272488550497,0,0.0,0,0
SCZ_LOC_12_122520575_rs61952922,12,rs61952922,122520575,9.7e-09,-0.0428970626523952,17,-1.3601255834897104,ENSG00000184047,DIABLO,protein_coding,294513,19,0,1,1.5126844644546509,4.353611476185447,1,0.9998713608333536,2,1
SCZ_LOC_12_122520575_rs61952922,12,rs61952922,122520575,9.7e-09,-0.0428970626523952,18,-1.4616462648064474,ENSG00000090975,PITPNM2,protein_coding,630515,35,0,1,0.5344494581222534,4.937629124831762,0,0.0,0,0
SCZ_LOC_12_122520575_rs61952922,12,rs61952922,122520575,9.7e-09,-0.0428970626523952,19,-1.5207757718672648,ENSG00000196917,HCAR1,protein_coding,210269,13,0,1,0.7188898324966431,5.00385304159879,0,0.0,0,0
SCZ_LOC_12_122520575_rs61952922,12,rs61952922,122520575,9.7e-09,-0.0428970626523952,20,-1.5253029823806685,ENSG00000182196,ARL6IP4,protein_coding,459485,32,0,0,0.0,-0.0,1,0.9999999917273706,6,0
SCZ_LOC_12_122520575_rs61952922,12,rs61952922,122520575,9.7e-09,-0.0428970626523952,21,-1.6188311481007516,ENSG00000289831,ENSG00000289831,lncRNA,96876,5,0,0,0.0,-0.0,0,0.0,0,0
SCZ_LOC_12_122520575_rs61952922,12,rs61952922,122520575,9.7e-09,-0.0428970626523952,22,-1.6584815183400454,ENSG00000274191,ENSG00000274191,lncRNA,113555,7,0,0,0.0,-0.0,0,0.0,0,0
SCZ_LOC_12_122520575_rs61952922,12,rs61952922,122520575,9.7e-09,-0.0428970626523952,23,-1.7680330201753354,ENSG00000257097,CLIP1-AS1,lncRNA,125033,8,0,0,0.0,-0.0,0,0.0,0,0
SCZ_LOC_12_122520575_rs61952922,12,rs61952922,122520575,9.7e-09,-0.0428970626523952,24,-1.8504472177962195,ENSG00000256249,ENSG00000256249,lncRNA,166550,10,0,0,0.0,-0.0,0,0.0,0,0
SCZ_LOC_12_122520575_rs61952922,12,rs61952922,122520575,9.7e-09,-0.0428970626523952,24,-1.8504472177962195,ENSG00000299221,ENSG00000299221,lncRNA,163392,9,0,0,0.0,-0.0,0,0.0,0,0
SCZ_LOC_12_122520575_rs61952922,12,rs61952922,122520575,9.7e-09,-0.0428970626523952,26,-1.9498630785771462,ENSG00000255398,HCAR3,protein_coding,196236,12,0,0,0.0,-0.0,0,0.0,0,0
SCZ_LOC_12_122520575_rs61952922,12,rs61952922,122520575,9.7e-09,-0.0428970626523952,27,-2.070482061692189,ENSG00000204671,IL31,protein_coding,346354,24,0,0,0.0,-0.0,0,0.0,0,0
SCZ_LOC_12_122520575_rs61952922,12,rs61952922,122520575,9.7e-09,-0.0428970626523952,27,-2.070482061692189,ENSG00000256152,ENSG00000256152,lncRNA,344760,23,0,0,0.0,-0.0,0,0.0,0,0
SCZ_LOC_12_122520575_rs61952922,12,rs61952922,122520575,9.7e-09,-0.0428970626523952,27,-2.070482061692189,ENSG00000175727,MLXIP,protein_coding,441819,28,0,0,0.0,-0.0,0,0.0,0,0
SCZ_LOC_12_122520575_rs61952922,12,rs61952922,122520575,9.7e-09,-0.0428970626523952,27,-2.070482061692189,ENSG00000301649,ENSG00000301649,lncRNA,372972,26,0,0,0.0,-0.0,0,0.0,0,0
SCZ_LOC_12_122520575_rs61952922,12,rs61952922,122520575,9.7e-09,-0.0428970626523952,27,-2.070482061692189,ENSG00000302017,ENSG00000302017,lncRNA,315850,21,0,0,0.0,-0.0,0,0.0,0,0
SCZ_LOC_12_122520575_rs61952922,12,rs61952922,122520575,9.7e-09,-0.0428970626523952,32,-2.071027943109276,ENSG00000256861,ENSG00000256861,protein_coding,254152,17,0,0,0.0,-0.0,0,0.0,0,0
SCZ_LOC_12_122520575_rs61952922,12,rs61952922,122520575,9.7e-09,-0.0428970626523952,32,-2.071027943109276,ENSG00000284934,ENSG00000284934,protein_coding,293041,18,0,0,0.0,-0.0,0,0.0,0,0
SCZ_LOC_12_122520575_rs61952922,12,rs61952922,122520575,9.7e-09,-0.0428970626523952,34,-2.089244400323456,ENSG00000256028,ENSG00000256028,lncRNA,454745,30,0,0,0.0,-0.0,0,0.0,0,0
SCZ_LOC_12_122520575_rs61952922,12,rs61952922,122520575,9.7e-09,-0.0428970626523952,34,-2.089244400323456,ENSG00000256546,LINC02985,lncRNA,457361,31,0,0,0.0,-0.0,0,0.0,0,0
SCZ_LOC_12_123669235_rs1790135,12,rs1790135,123669235,6.908e-24,0.0842032712820744,1,1.4780363573449358,ENSG00000168778,TCTN2,protein_coding,1875,1,1,1,0.9453166723251343,17.91993375657886,1,0.9999900573407732,4,1
SCZ_LOC_12_123669235_rs1790135,12,rs1790135,123669235,6.908e-24,0.0842032712820744,2,0.49927828623610276,ENSG00000197653,DNAH10,protein_coding,92953,11,0,1,0.6946672797203064,4.92511675193749,1,0.99999999598808,33,1
SCZ_LOC_12_123669235_rs1790135,12,rs1790135,123669235,6.908e-24,0.0842032712820744,3,0.17418956620765966,ENSG00000111364,DDX55,protein_coding,67158,7,0,1,1.2361900806427002,29.78128960853347,1,0.9999905884590232,5,1
SCZ_LOC_12_123669235_rs1790135,12,rs1790135,123669235,6.908e-24,0.0842032712820744,4,-0.02666443708391856,ENSG00000150977,RILPL2,protein_coding,232551,16,0,1,0.6280619502067566,4.712321866298587,1,0.9999984014104626,11,1
SCZ_LOC_12_123669235_rs1790135,12,rs1790135,123669235,6.908e-24,0.0842032712820744,5,-0.03341941569226976,ENSG00000188026,RILPL1,protein_coding,135516,12,0,0,0.0,-0.0,1,0.999996301213926,11,0
SCZ_LOC_12_123669235_rs1790135,12,rs1790135,123669235,6.908e-24,0.0842032712820744,6,-0.18547505876879114,ENSG00000184209,SNRNP35,protein_coding,211147,15,0,1,0.5410878658294678,5.474469747600911,1,0.9999452070920746,6,1
SCZ_LOC_12_123669235_rs1790135,12,rs1790135,123669235,6.908e-24,0.0842032712820744,7,-0.4113424937539498,ENSG00000111361,EIF2B1,protein_coding,35469,2,0,1,0.818869948387146,6.376464870974121,1,0.9999869475205416,3,1
SCZ_LOC_12_123669235_rs1790135,12,rs1790135,123669235,6.908e-24,0.0842032712820744,8,-0.43761576768280086,ENSG00000185344,ATP6V0A2,protein_coding,43118,5,0,1,0.21715906262397766,5.730024328720653,1,0.9999951991561598,3,1
SCZ_LOC_12_123669235_rs1790135,12,rs1790135,123669235,6.908e-24,0.0842032712820744,9,-0.4557240964555202,ENSG00000178882,RFLNA,protein_coding,304006,29,0,1,0.4071498513221741,5.434106562334892,1,0.9999933401591532,5,1
SCZ_LOC_12_123669235_rs1790135,12,rs1790135,123669235,6.908e-24,0.0842032712820744,10,-0.4665962338230764,ENSG00000111358,GTF2H3,protein_coding,35496,3,0,1,0.2250361293554306,4.507711637261907,1,0.9999869592453132,3,1
SCZ_LOC_12_123669235_rs1790135,12,rs1790135,123669235,6.908e-24,0.0842032712820744,11,-0.738826134002573,ENSG00000111328,CDK2AP1,protein_coding,396901,32,0,1,0.34494584798812866,4.7251851579388875,1,0.9999883430933934,7,1
SCZ_LOC_12_123669235_rs1790135,12,rs1790135,123669235,6.908e-24,0.0842032712820744,12,-0.7680222430885763,ENSG00000086598,TMED2,protein_coding,84702,10,0,1,0.40574511885643005,9.143510643272784,1,0.99998403394154,3,1
SCZ_LOC_12_123669235_rs1790135,12,rs1790135,123669235,6.908e-24,0.0842032712820744,13,-0.8436477438143754,ENSG00000119242,CCDC92,protein_coding,303596,27,0,1,0.21634641289710999,5.656668497983108,1,0.9999710356635704,3,1
SCZ_LOC_12_123669235_rs1790135,12,rs1790135,123669235,6.908e-24,0.0842032712820744,14,-0.8671115384141426,ENSG00000183955,KMT5A,protein_coding,285103,19,0,1,0.9200491905212402,4.84941470130142,1,0.9999853005507652,3,1
SCZ_LOC_12_123669235_rs1790135,12,rs1790135,123669235,6.908e-24,0.0842032712820744,15,-0.8988302324976392,ENSG00000179195,ZNF664,protein_coding,302610,26,0,1,0.7393712997436523,5.17904482481012,1,0.9999712883230738,3,1
SCZ_LOC_12_123669235_rs1790135,12,rs1790135,123669235,6.908e-24,0.0842032712820744,16,-0.906684514658304,ENSG00000051825,MPHOSPH9,protein_coding,425221,36,0,0,0.0,-0.0,1,0.9999538148459826,3,0
SCZ_LOC_12_123669235_rs1790135,12,rs1790135,123669235,6.908e-24,0.0842032712820744,17,-0.9547550174658495,ENSG00000247373,TMED2-DT,lncRNA,67200,8,0,1,1.0313355922698975,4.593458570130409,0,0.0,0,0
SCZ_LOC_12_123669235_rs1790135,12,rs1790135,123669235,6.908e-24,0.0842032712820744,18,-1.1590741410529664,ENSG00000255839,ENSG00000255839,lncRNA,39151,4,0,0,0.0,-0.0,0,0.0,0,0
SCZ_LOC_12_123669235_rs1790135,12,rs1790135,123669235,6.908e-24,0.0842032712820744,19,-1.207102158529815,ENSG00000139697,SBNO1,protein_coding,304388,30,0,1,0.4452768862247467,5.665647798422392,1,0.9999859293436334,4,1
SCZ_LOC_12_123669235_rs1790135,12,rs1790135,123669235,6.908e-24,0.0842032712820744,20,-1.244865068471658,ENSG00000130921,MTRFR,protein_coding,435850,37,0,0,0.0,-0.0,1,0.999980798232501,4,0
SCZ_LOC_12_123669235_rs1790135,12,rs1790135,123669235,6.908e-24,0.0842032712820744,21,-1.4387497447685431,ENSG00000286092,ENSG00000286092,lncRNA,53934,6,0,0,0.0,-0.0,0,0.0,0,0
SCZ_LOC_12_123669235_rs1790135,12,rs1790135,123669235,6.908e-24,0.0842032712820744,22,-1.6011158097047575,ENSG00000275389,ENSG00000275389,lncRNA,416526,34,0,1,0.31941476464271545,4.583479656188854,0,0.0,0,0
SCZ_LOC_12_123669235_rs1790135,12,rs1790135,123669235,6.908e-24,0.0842032712820744,23,-1.6282944407987043,ENSG00000250091,DNAH10OS,lncRNA,265749,18,0,1,0.6184218525886536,21.27615704029621,0,0.0,0,0
SCZ_LOC_12_123669235_rs1790135,12,rs1790135,123669235,6.908e-24,0.0842032712820744,24,-1.67215285251324,ENSG00000270130,ENSG00000270130,lncRNA,292009,20,0,1,0.42456990480422974,4.529733050887442,0,0.0,0,0
SCZ_LOC_12_123669235_rs1790135,12,rs1790135,123669235,6.908e-24,0.0842032712820744,25,-1.792181465765523,ENSG00000303254,ENSG00000303254,lncRNA,69232,9,0,0,0.0,-0.0,0,0.0,0,0
SCZ_LOC_12_123669235_rs1790135,12,rs1790135,123669235,6.908e-24,0.0842032712820744,26,-1.9477600684968392,ENSG00000296923,ENSG00000296923,lncRNA,233179,17,0,0,0.0,-0.0,0,0.0,0,0
SCZ_LOC_12_123669235_rs1790135,12,rs1790135,123669235,6.908e-24,0.0842032712820744,27,-2.021984919617909,ENSG00000270061,ENSG00000270061,lncRNA,301109,24,0,0,0.0,-0.0,0,0.0,0,0
SCZ_LOC_12_123669235_rs1790135,12,rs1790135,123669235,6.908e-24,0.0842032712820744,27,-2.021984919617909,ENSG00000270095,ENSG00000270095,lncRNA,302479,25,0,0,0.0,-0.0,0,0.0,0,0
SCZ_LOC_12_123669235_rs1790135,12,rs1790135,123669235,6.908e-24,0.0842032712820744,27,-2.021984919617909,ENSG00000274874,ENSG00000274874,lncRNA,303980,28,0,0,0.0,-0.0,0,0.0,0,0
SCZ_LOC_12_123669235_rs1790135,12,rs1790135,123669235,6.908e-24,0.0842032712820744,30,-2.038410442441953,ENSG00000278112,ENSG00000278112,lncRNA,149379,13,0,0,0.0,-0.0,0,0.0,0,0
SCZ_LOC_12_123669235_rs1790135,12,rs1790135,123669235,6.908e-24,0.0842032712820744,31,-2.0676054365965193,ENSG00000269980,ENSG00000269980,lncRNA,407175,33,0,0,0.0,-0.0,0,0.0,0,0
SCZ_LOC_12_123669235_rs1790135,12,rs1790135,123669235,6.908e-24,0.0842032712820744,31,-2.0676054365965193,ENSG00000308548,ENSG00000308548,lncRNA,420496,35,0,0,0.0,-0.0,0,0.0,0,0
SCZ_LOC_12_123669235_rs1790135,12,rs1790135,123669235,6.908e-24,0.0842032712820744,33,-2.071027943109276,ENSG00000270048,ENSG00000270048,lncRNA,293582,21,0,0,0.0,-0.0,0,0.0,0,0
SCZ_LOC_12_123669235_rs1790135,12,rs1790135,123669235,6.908e-24,0.0842032712820744,33,-2.071027943109276,ENSG00000269997,ENSG00000269997,lncRNA,297394,22,0,0,0.0,-0.0,0,0.0,0,0
SCZ_LOC_12_123669235_rs1790135,12,rs1790135,123669235,6.908e-24,0.0842032712820744,33,-2.071027943109276,ENSG00000269938,ENSG00000269938,lncRNA,299344,23,0,0,0.0,-0.0,0,0.0,0,0
SCZ_LOC_12_123669235_rs1790135,12,rs1790135,123669235,6.908e-24,0.0842032712820744,36,-2.0761094134833975,ENSG00000274427,ENSG00000274427,lncRNA,153722,14,0,1,0.6700807809829712,4.441294697437958,0,0.0,0,0
SCZ_LOC_12_123669235_rs1790135,12,rs1790135,123669235,6.908e-24,0.0842032712820744,37,-2.134397670579128,ENSG00000256092,SBNO1-AS1,lncRNA,305367,31,0,1,1.8390271663665771,17.464328696370018,0,0.0,0,0
SCZ_LOC_12_29921443_rs302317,12,rs302317,29921443,7.868e-11,0.0524026787930484,1,0.7438637765311525,ENSG00000133687,TMTC1,protein_coding,136684,4,0,1,0.6373843550682068,4.409291694330199,1,0.9999999977262672,36,1
SCZ_LOC_12_29921443_rs302317,12,rs302317,29921443,7.868e-11,0.0524026787930484,2,-0.6607961816373987,ENSG00000304784,ENSG00000304784,lncRNA,48097,1,1,0,0.0,-0.0,0,0.0,0,0
SCZ_LOC_12_29921443_rs302317,12,rs302317,29921443,7.868e-11,0.0524026787930484,3,-1.484779756299223,ENSG00000308034,ENSG00000308034,lncRNA,48354,2,0,0,0.0,-0.0,0,0.0,0,0
SCZ_LOC_12_29921443_rs302317,12,rs302317,29921443,7.868e-11,0.0524026787930484,4,-1.4993222421322292,ENSG00000304211,ENSG00000304211,lncRNA,130063,3,0,0,0.0,-0.0,0,0.0,0,0
SCZ_LOC_12_29921443_rs302317,12,rs302317,29921443,7.868e-11,0.0524026787930484,5,-1.6770969001314477,ENSG00000305590,ENSG00000305590,lncRNA,137433,5,0,0,0.0,-0.0,0,0.0,0,0
SCZ_LOC_12_29921443_rs302317,12,rs302317,29921443,7.868e-11,0.0524026787930484,6,-1.68730056795403,ENSG00000257599,OVCH1-AS1,lncRNA,532162,17,0,0,0.0,-0.0,0,0.0,0,0
SCZ_LOC_12_29921443_rs302317,12,rs302317,29921443,7.868e-11,0.0524026787930484,7,-1.740895715960929,ENSG00000286566,ENSG00000286566,lncRNA,164899,7,0,0,0.0,-0.0,0,0.0,0,0
SCZ_LOC_12_29921443_rs302317,12,rs302317,29921443,7.868e-11,0.0524026787930484,7,-1.740895715960929,ENSG00000299966,ENSG00000299966,lncRNA,140971,6,0,0,0.0,-0.0,0,0.0,0,0
SCZ_LOC_12_29921443_rs302317,12,rs302317,29921443,7.868e-11,0.0524026787930484,9,-1.8825188370464556,ENSG00000308498,ENSG00000308498,lncRNA,310875,10,0,0,0.0,-0.0,0,0.0,0,0
SCZ_LOC_12_29921443_rs302317,12,rs302317,29921443,7.868e-11,0.0524026787930484,10,-1.8830647184635427,ENSG00000257262,ENSG00000257262,lncRNA,279532,9,0,0,0.0,-0.0,0,0.0,0,0
SCZ_LOC_12_29921443_rs302317,12,rs302317,29921443,7.868e-11,0.0524026787930484,10,-1.8830647184635427,ENSG00000302208,ENSG00000302208,lncRNA,248862,8,0,0,0.0,-0.0,0,0.0,0,0
SCZ_LOC_12_29921443_rs302317,12,rs302317,29921443,7.868e-11,0.0524026787930484,12,-2.0190636900864587,ENSG00000257756,LINC02386,lncRNA,375286,11,0,0,0.0,-0.0,0,0.0,0,0
SCZ_LOC_12_29921443_rs302317,12,rs302317,29921443,7.868e-11,0.0524026787930484,13,-2.0485010999681936,ENSG00000304273,ENSG00000304273,lncRNA,399388,12,0,0,0.0,-0.0,0,0.0,0,0
SCZ_LOC_12_29921443_rs302317,12,rs302317,29921443,7.868e-11,0.0524026787930484,14,-2.089244400323456,ENSG00000257456,ENSG00000257456,lncRNA,401712,14,0,0,0.0,-0.0,0,0.0,0,0
SCZ_LOC_12_29921443_rs302317,12,rs302317,29921443,7.868e-11,0.0524026787930484,14,-2.089244400323456,ENSG00000187950,OVCH1,protein_coding,423757,15,0,0,0.0,-0.0,0,0.0,0,0
SCZ_LOC_12_29921443_rs302317,12,rs302317,29921443,7.868e-11,0.0524026787930484,14,-2.089244400323456,ENSG00000257932,ENSG00000257932,lncRNA,399391,13,0,0,0.0,-0.0,0,0.0,0,0
SCZ_LOC_12_29921443_rs302317,12,rs302317,29921443,7.868e-11,0.0524026787930484,14,-2.089244400323456,ENSG00000305296,ENSG00000305296,lncRNA,479209,16,0,0,0.0,-0.0,0,0.0,0,0
SCZ_LOC_12_50463325_rs578470,12,rs578470,50463325,8.418e-09,-0.0456984484517478,1,1.0129256186424076,ENSG00000161813,LARP4,protein_coding,70942,3,0,0,0.0,-0.0,1,0.9999949263092396,2,0
SCZ_LOC_12_50463325_rs578470,12,rs578470,50463325,8.418e-09,-0.0456984484517478,2,0.78307351348451,ENSG00000066084,DIP2B,protein_coding,41660,1,1,1,0.8438410758972168,5.184379938493532,1,0.9999888329341564,8,1
SCZ_LOC_12_50463325_rs578470,12,rs578470,50463325,8.418e-09,-0.0456984484517478,3,0.4119533657863402,ENSG00000050405,LIMA1,protein_coding,179805,6,0,0,0.0,-0.0,1,0.9999972734427202,5,0
SCZ_LOC_12_50463325_rs578470,12,rs578470,50463325,8.418e-09,-0.0456984484517478,4,-0.32661005311922464,ENSG00000110881,ASIC1,protein_coding,405777,18,0,1,0.4420658349990845,4.442320925339017,1,0.999994680637522,14,1
SCZ_LOC_12_50463325_rs578470,12,rs578470,50463325,8.418e-09,-0.0456984484517478,5,-0.40501296500793915,ENSG00000161800,RACGAP1,protein_coding,430189,20,0,0,0.0,-0.0,1,0.9999995164717196,10,0
SCZ_LOC_12_50463325_rs578470,12,rs578470,50463325,8.418e-09,-0.0456984484517478,6,-0.7257882022729942,ENSG00000066117,SMARCD1,protein_coding,378125,16,0,0,0.0,-0.0,1,0.9999569740571304,2,0
SCZ_LOC_12_50463325_rs578470,12,rs578470,50463325,8.418e-09,-0.0456984484517478,7,-0.7878157354505545,ENSG00000161798,AQP5,protein_coding,501453,28,0,1,0.7036615610122681,17.540755875065386,1,0.9999976547168578,8,1
SCZ_LOC_12_50463325_rs578470,12,rs578470,50463325,8.418e-09,-0.0456984484517478,8,-0.8581893910381839,ENSG00000139624,CERS5,protein_coding,295792,9,0,1,1.0962862968444824,26.2907939876352,1,0.9998936443622018,3,1
SCZ_LOC_12_50463325_rs578470,12,rs578470,50463325,8.418e-09,-0.0456984484517478,9,-0.904478704034575,ENSG00000167588,GPD1,protein_coding,359343,15,0,1,1.4007917642593384,4.613583960243498,1,0.9999971051001004,8,1
SCZ_LOC_12_50463325_rs578470,12,rs578470,50463325,8.418e-09,-0.0456984484517478,10,-1.172103695031978,ENSG00000178449,COX14,protein_coding,351243,14,0,1,0.5725385546684265,13.175647965146291,1,0.9999855019893314,2,1
SCZ_LOC_12_50463325_rs578470,12,rs578470,50463325,8.418e-09,-0.0456984484517478,11,-1.1752185506556483,ENSG00000185432,TMT1A,protein_coding,460147,21,0,0,0.0,-0.0,1,0.9999919806412556,2,0
SCZ_LOC_12_50463325_rs578470,12,rs578470,50463325,8.418e-09,-0.0456984484517478,12,-1.3374829114314146,ENSG00000086159,AQP6,protein_coding,496131,27,0,0,0.0,-0.0,1,0.9999999977616356,9,0
SCZ_LOC_12_50463325_rs578470,12,rs578470,50463325,8.418e-09,-0.0456984484517478,13,-1.4435428714336145,ENSG00000185958,FAM186A,protein_coding,66703,2,0,0,0.0,-0.0,0,0.0,0,0
SCZ_LOC_12_50463325_rs578470,12,rs578470,50463325,8.418e-09,-0.0456984484517478,14,-1.4913957505081268,ENSG00000272368,ENSG00000272368,lncRNA,351128,13,0,1,0.6069218516349792,26.5635749374132,0,0.0,0,0
SCZ_LOC_12_50463325_rs578470,12,rs578470,50463325,8.418e-09,-0.0456984484517478,15,-1.6188311481007516,ENSG00000304144,ENSG00000304144,lncRNA,79815,4,0,0,0.0,-0.0,0,0.0,0,0
SCZ_LOC_12_50463325_rs578470,12,rs578470,50463325,8.418e-09,-0.0456984484517478,16,-1.6289344392509741,ENSG00000123268,ATF1,protein_coding,300385,10,0,0,0.0,-0.0,1,0.999846634373907,2,0
SCZ_LOC_12_50463325_rs578470,12,rs578470,50463325,8.418e-09,-0.0456984484517478,17,-1.6502453420158143,ENSG00000257256,ENSG00000257256,lncRNA,243721,7,0,0,0.0,-0.0,0,0.0,0,0
SCZ_LOC_12_50463325_rs578470,12,rs578470,50463325,8.418e-09,-0.0456984484517478,18,-1.6770969001314477,ENSG00000305156,ENSG00000305156,lncRNA,179702,5,0,0,0.0,-0.0,0,0.0,0,0
SCZ_LOC_12_50463325_rs578470,12,rs578470,50463325,8.418e-09,-0.0456984484517478,19,-1.8017946037109296,ENSG00000257298,ENSG00000257298,lncRNA,271962,8,0,1,0.33373379707336426,4.187292063183579,0,0.0,0,0
SCZ_LOC_12_50463325_rs578470,12,rs578470,50463325,8.418e-09,-0.0456984484517478,20,-1.9812416192626467,ENSG00000297678,ENSG00000297678,lncRNA,301023,11,0,0,0.0,-0.0,0,0.0,0,0
SCZ_LOC_12_50463325_rs578470,12,rs578470,50463325,8.418e-09,-0.0456984484517478,21,-2.029738761336927,ENSG00000295262,ENSG00000295262,lncRNA,350707,12,0,0,0.0,-0.0,0,0.0,0,0
SCZ_LOC_12_50463325_rs578470,12,rs578470,50463325,8.418e-09,-0.0456984484517478,22,-2.089244400323456,ENSG00000274156,ENSG00000274156,lncRNA,472139,23,0,0,0.0,-0.0,0,0.0,0,0
SCZ_LOC_12_50463325_rs578470,12,rs578470,50463325,8.418e-09,-0.0456984484517478,22,-2.089244400323456,ENSG00000274797,ENSG00000274797,lncRNA,491031,26,0,0,0.0,-0.0,0,0.0,0,0
SCZ_LOC_12_50463325_rs578470,12,rs578470,50463325,8.418e-09,-0.0456984484517478,22,-2.089244400323456,ENSG00000289695,ENSG00000289695,protein_coding,461644,22,0,0,0.0,-0.0,0,0.0,0,0
SCZ_LOC_12_50463325_rs578470,12,rs578470,50463325,8.418e-09,-0.0456984484517478,22,-2.089244400323456,ENSG00000186452,TMPRSS12,protein_coding,379595,17,0,0,0.0,-0.0,0,0.0,0,0
SCZ_LOC_12_50463325_rs578470,12,rs578470,50463325,8.418e-09,-0.0456984484517478,22,-2.089244400323456,ENSG00000214511,HIGD1C,protein_coding,489213,25,0,0,0.0,-0.0,0,0.0,0,0
SCZ_LOC_12_50463325_rs578470,12,rs578470,50463325,8.418e-09,-0.0456984484517478,22,-2.089244400323456,ENSG00000257588,AQP5-AS1,lncRNA,487786,24,0,0,0.0,-0.0,0,0.0,0,0
SCZ_LOC_12_50463325_rs578470,12,rs578470,50463325,8.418e-09,-0.0456984484517478,22,-2.089244400323456,ENSG00000299195,ENSG00000299195,lncRNA,411860,19,0,0,0.0,-0.0,0,0.0,0,0
SCZ_LOC_12_57622371_rs12826178,12,rs12826178,57622371,2.567e-12,0.120898178556529,1,1.5658672747116285,ENSG00000135454,B4GALNT1,protein_coding,10868,4,0,1,0.3498736321926117,10.633895237253087,1,0.999993758785146,8,1
SCZ_LOC_12_57622371_rs12826178,12,rs12826178,57622371,2.567e-12,0.120898178556529,2,0.8680924401673094,ENSG00000240771,ARHGEF25,protein_coding,12191,5,0,1,0.28619152307510376,4.69424189760508,1,0.9999975600386852,9,1
SCZ_LOC_12_57622371_rs12826178,12,rs12826178,57622371,2.567e-12,0.120898178556529,3,0.6420286250252769,ENSG00000293429,ENSG00000293429,lncRNA,2835,2,0,0,0.0,-0.0,0,0.0,0,0
SCZ_LOC_12_57622371_rs12826178,12,rs12826178,57622371,2.567e-12,0.120898178556529,4,0.3715911637031107,ENSG00000287908,ENSG00000287908,protein_coding,7091,3,0,0,0.0,-0.0,0,0.0,0,0
SCZ_LOC_12_57622371_rs12826178,12,rs12826178,57622371,2.567e-12,0.120898178556529,5,0.10814755018769437,ENSG00000178498,DTX3,protein_coding,17749,6,0,0,0.0,-0.0,1,0.9999880296545144,9,0
SCZ_LOC_12_57622371_rs12826178,12,rs12826178,57622371,2.567e-12,0.120898178556529,6,-0.048338179909965695,ENSG00000224713,ENSG00000224713,lncRNA,2733,1,1,0,0.0,-0.0,0,0.0,0,0
SCZ_LOC_12_57622371_rs12826178,12,rs12826178,57622371,2.567e-12,0.120898178556529,7,-0.12651830568519337,ENSG00000135506,OS9,protein_coding,71470,9,0,0,0.0,-0.0,1,0.9999991457552788,3,0
SCZ_LOC_12_57622371_rs12826178,12,rs12826178,57622371,2.567e-12,0.120898178556529,8,-0.12751792749864035,ENSG00000123329,ARHGAP9,protein_coding,133557,20,0,1,1.2992682456970215,4.743521980819298,1,0.999996505379718,7,1
SCZ_LOC_12_57622371_rs12826178,12,rs12826178,57622371,2.567e-12,0.120898178556529,9,-0.19501288578975953,ENSG00000111087,GLI1,protein_coding,162586,29,0,0,0.0,-0.0,1,0.9999902429916344,10,0
SCZ_LOC_12_57622371_rs12826178,12,rs12826178,57622371,2.567e-12,0.120898178556529,10,-0.19504636030295042,ENSG00000185633,NDUFA4L2,protein_coding,381656,47,0,0,0.0,-0.0,1,0.9999962119637724,11,0
SCZ_LOC_12_57622371_rs12826178,12,rs12826178,57622371,2.567e-12,0.120898178556529,11,-0.202112214171382,ENSG00000175215,CTDSP2,protein_coding,224358,39,0,1,0.4887680113315582,5.055905479543991,1,0.9999946651894768,11,1
SCZ_LOC_12_57622371_rs12826178,12,rs12826178,57622371,2.567e-12,0.120898178556529,12,-0.2161549753918461,ENSG00000123297,TSFM,protein_coding,160390,28,0,1,0.6022886037826538,23.150152050490508,1,0.999998492279813,6,1
SCZ_LOC_12_57622371_rs12826178,12,rs12826178,57622371,2.567e-12,0.120898178556529,13,-0.2885173298213312,ENSG00000166908,PIP4K2C,protein_coding,31197,7,0,1,0.5727454423904419,5.352522220196144,1,0.9999918277169336,4,1
SCZ_LOC_12_57622371_rs12826178,12,rs12826178,57622371,2.567e-12,0.120898178556529,14,-0.31041908259256695,ENSG00000166986,MARS1,protein_coding,146926,23,0,1,0.834611177444458,4.73386088856335,1,0.9999837216731116,2,1
SCZ_LOC_12_57622371_rs12826178,12,rs12826178,57622371,2.567e-12,0.120898178556529,15,-0.3358567852062069,ENSG00000135452,TSPAN31,protein_coding,115642,17,0,1,1.941127896308899,6.22040724244737,1,0.9999947580046455,7,1
SCZ_LOC_12_57622371_rs12826178,12,rs12826178,57622371,2.567e-12,0.120898178556529,16,-0.3413014881726403,ENSG00000166896,ATP23,protein_coding,283668,42,0,1,1.3209148645401,40.70951089989376,1,0.9999954824506712,10,1
SCZ_LOC_12_57622371_rs12826178,12,rs12826178,57622371,2.567e-12,0.120898178556529,17,-0.44629437411822154,ENSG00000037897,METTL1,protein_coding,149748,25,0,1,0.19482989609241486,4.280796054542144,1,0.999992188495444,4,1
SCZ_LOC_12_57622371_rs12826178,12,rs12826178,57622371,2.567e-12,0.120898178556529,18,-0.5020033965587739,ENSG00000135407,AVIL,protein_coding,196363,36,0,0,0.0,-0.0,1,0.9999999972993658,12,0
SCZ_LOC_12_57622371_rs12826178,12,rs12826178,57622371,2.567e-12,0.120898178556529,19,-0.547574040575624,ENSG00000179912,R3HDM2,protein_coding,191328,34,0,1,0.32805728912353516,4.4249365442356305,1,0.9999976397815422,3,1
SCZ_LOC_12_57622371_rs12826178,12,rs12826178,57622371,2.567e-12,0.120898178556529,20,-0.5584121060469228,ENSG00000185482,STAC3,protein_coding,371183,46,0,1,1.9067292213439941,4.697453459205438,0,0.0,0,0
SCZ_LOC_12_57622371_rs12826178,12,rs12826178,57622371,2.567e-12,0.120898178556529,21,-0.618016281948696,ENSG00000182379,NXPH4,protein_coding,405577,51,0,0,0.0,-0.0,1,0.9999999972226372,44,0
SCZ_LOC_12_57622371_rs12826178,12,rs12826178,57622371,2.567e-12,0.120898178556529,22,-0.6944144555556966,ENSG00000139266,MARCHF9,protein_coding,132732,19,0,0,0.0,-0.0,1,0.9999972318690268,3,0
SCZ_LOC_12_57622371_rs12826178,12,rs12826178,57622371,2.567e-12,0.120898178556529,23,-0.7218947499016477,ENSG00000135446,CDK4,protein_coding,133642,21,0,0,0.0,-0.0,1,0.999993182879487,2,0
SCZ_LOC_12_57622371_rs12826178,12,rs12826178,57622371,2.567e-12,0.120898178556529,24,-0.796893196235952,ENSG00000175189,INHBC,protein_coding,187587,32,0,1,2.156681537628174,5.18031956677736,0,0.0,0,0
SCZ_LOC_12_57622371_rs12826178,12,rs12826178,57622371,2.567e-12,0.120898178556529,25,-0.8280759758340075,ENSG00000123384,LRP1,protein_coding,493888,56,0,1,1.3101667165756226,4.445622012720802,1,0.9999827392890116,16,1
SCZ_LOC_12_57622371_rs12826178,12,rs12826178,57622371,2.567e-12,0.120898178556529,26,-0.8380352857401843,ENSG00000175203,DCTN2,protein_coding,75147,10,0,0,0.0,-0.0,1,0.9999820603435114,3,0
SCZ_LOC_12_57622371_rs12826178,12,rs12826178,57622371,2.567e-12,0.120898178556529,27,-0.9331152429604831,ENSG00000166987,MBD6,protein_coding,101661,14,0,0,0.0,-0.0,1,0.9999879970754468,2,0
SCZ_LOC_12_57622371_rs12826178,12,rs12826178,57622371,2.567e-12,0.120898178556529,28,-0.9893827330242433,ENSG00000155980,KIF5A,protein_coding,76345,11,0,0,0.0,-0.0,1,0.9999966422532452,4,0
SCZ_LOC_12_57622371_rs12826178,12,rs12826178,57622371,2.567e-12,0.120898178556529,29,-1.0869183265159719,ENSG00000123427,EEF1AKMT3,protein_coding,149121,24,0,1,0.7548127770423889,34.24880903335876,1,0.999978270415788,4,1
SCZ_LOC_12_57622371_rs12826178,12,rs12826178,57622371,2.567e-12,0.120898178556529,30,-1.1140946633476199,ENSG00000175197,DDIT3,protein_coding,100634,13,0,0,0.0,-0.0,1,0.9999899253689046,2,0
SCZ_LOC_12_57622371_rs12826178,12,rs12826178,57622371,2.567e-12,0.120898178556529,31,-1.174140399103559,ENSG00000166888,STAT6,protein_coding,490232,55,0,1,0.8334901928901672,11.867574137073442,1,0.9999985281093412,12,1
SCZ_LOC_12_57622371_rs12826178,12,rs12826178,57622371,2.567e-12,0.120898178556529,32,-1.1862668205093108,ENSG00000270039,ENSG00000270039,lncRNA,181467,31,0,1,0.38007763028144836,9.306604237891658,0,0.0,0,0
SCZ_LOC_12_57622371_rs12826178,12,rs12826178,57622371,2.567e-12,0.120898178556529,33,-1.2943814416274666,ENSG00000182199,SHMT2,protein_coding,392798,50,0,1,0.906487226486206,4.237107568352981,1,0.9999911187604936,13,1
SCZ_LOC_12_57622371_rs12826178,12,rs12826178,57622371,2.567e-12,0.120898178556529,34,-1.3374785569608911,ENSG00000111012,CYP27B1,protein_coding,146615,22,0,0,0.0,-0.0,1,0.9999999977442182,2,0
SCZ_LOC_12_57622371_rs12826178,12,rs12826178,57622371,2.567e-12,0.120898178556529,35,-1.5647501877169776,ENSG00000257698,GIHCG,lncRNA,319827,44,0,1,2.2754690647125244,4.955264428824925,0,0.0,0,0
SCZ_LOC_12_57622371_rs12826178,12,rs12826178,57622371,2.567e-12,0.120898178556529,36,-1.8334183506311317,ENSG00000300680,ENSG00000300680,lncRNA,52639,8,0,0,0.0,-0.0,0,0.0,0,0
SCZ_LOC_12_57622371_rs12826178,12,rs12826178,57622371,2.567e-12,0.120898178556529,37,-1.8877287026806466,ENSG00000287200,ENSG00000287200,lncRNA,159532,27,0,1,0.24685212969779968,4.3425824752964814,0,0.0,0,0
SCZ_LOC_12_57622371_rs12826178,12,rs12826178,57622371,2.567e-12,0.120898178556529,38,-1.939401390055995,ENSG00000257342,ENSG00000257342,lncRNA,99139,12,0,0,0.0,-0.0,0,0.0,0,0
SCZ_LOC_12_57622371_rs12826178,12,rs12826178,57622371,2.567e-12,0.120898178556529,39,-1.945600623323249,ENSG00000258830,ENSG00000258830,protein_coding,325887,45,0,0,0.0,-0.0,0,0.0,0,0
SCZ_LOC_12_57622371_rs12826178,12,rs12826178,57622371,2.567e-12,0.120898178556529,39,-1.945600623323249,ENSG00000295078,ENSG00000295078,lncRNA,387117,48,0,0,0.0,-0.0,0,0.0,0,0
SCZ_LOC_12_57622371_rs12826178,12,rs12826178,57622371,2.567e-12,0.120898178556529,39,-1.945600623323249,ENSG00000306680,ENSG00000306680,lncRNA,313845,43,0,0,0.0,-0.0,0,0.0,0,0
SCZ_LOC_12_57622371_rs12826178,12,rs12826178,57622371,2.567e-12,0.120898178556529,42,-1.9461465047403361,ENSG00000245651,ENSG00000245651,lncRNA,274111,41,0,0,0.0,-0.0,0,0.0,0,0
SCZ_LOC_12_57622371_rs12826178,12,rs12826178,57622371,2.567e-12,0.120898178556529,42,-1.9461465047403361,ENSG00000273805,ENSG00000273805,lncRNA,271573,40,0,0,0.0,-0.0,0,0.0,0,0
SCZ_LOC_12_57622371_rs12826178,12,rs12826178,57622371,2.567e-12,0.120898178556529,44,-1.9643629619545162,ENSG00000276727,ENSG00000276727,lncRNA,392173,49,0,0,0.0,-0.0,0,0.0,0,0
SCZ_LOC_12_57622371_rs12826178,12,rs12826178,57622371,2.567e-12,0.120898178556529,44,-1.9643629619545162,ENSG00000259125,LRP1-AS,lncRNA,474679,53,0,0,0.0,-0.0,0,0.0,0,0
SCZ_LOC_12_57622371_rs12826178,12,rs12826178,57622371,2.567e-12,0.120898178556529,44,-1.9643629619545162,ENSG00000257541,LINC02403,lncRNA,465482,52,0,0,0.0,-0.0,0,0.0,0,0
SCZ_LOC_12_57622371_rs12826178,12,rs12826178,57622371,2.567e-12,0.120898178556529,44,-1.9643629619545162,ENSG00000279134,ENSG00000279134,lncRNA,477286,54,0,0,0.0,-0.0,0,0.0,0,0
SCZ_LOC_12_57622371_rs12826178,12,rs12826178,57622371,2.567e-12,0.120898178556529,48,-1.968967415205472,ENSG00000269903,ENSG00000269903,lncRNA,192123,35,0,0,0.0,-0.0,0,0.0,0,0
SCZ_LOC_12_57622371_rs12826178,12,rs12826178,57622371,2.567e-12,0.120898178556529,48,-1.968967415205472,ENSG00000258001,R3HDM2-DT,lncRNA,191255,33,0,0,0.0,-0.0,0,0.0,0,0
SCZ_LOC_12_57622371_rs12826178,12,rs12826178,57622371,2.567e-12,0.120898178556529,50,-1.9771594778258377,ENSG00000294563,ENSG00000294563,lncRNA,223793,38,0,0,0.0,-0.0,0,0.0,0,0
SCZ_LOC_12_57622371_rs12826178,12,rs12826178,57622371,2.567e-12,0.120898178556529,51,-2.001663668545022,ENSG00000135439,AGAP2,protein_coding,119786,18,0,0,0.0,-0.0,0,0.0,0,0
SCZ_LOC_12_57622371_rs12826178,12,rs12826178,57622371,2.567e-12,0.120898178556529,52,-2.0037993791978144,ENSG00000257953,ENSG00000257953,lncRNA,214721,37,0,0,0.0,-0.0,0,0.0,0,0
SCZ_LOC_12_57622371_rs12826178,12,rs12826178,57622371,2.567e-12,0.120898178556529,53,-2.0258121141352095,ENSG00000285133,ENSG00000285133,protein_coding,101891,15,0,0,0.0,-0.0,0,0.0,0,0
SCZ_LOC_12_57622371_rs12826178,12,rs12826178,57622371,2.567e-12,0.120898178556529,53,-2.0258121141352095,ENSG00000255737,AGAP2-AS1,lncRNA,103900,16,0,0,0.0,-0.0,0,0.0,0,0
SCZ_LOC_12_57622371_rs12826178,12,rs12826178,57622371,2.567e-12,0.120898178556529,55,-2.038410442441953,ENSG00000257921,ENSG00000257921,protein_coding,150289,26,0,0,0.0,-0.0,0,0.0,0,0
SCZ_LOC_12_57622371_rs12826178,12,rs12826178,57622371,2.567e-12,0.120898178556529,55,-2.038410442441953,ENSG00000139269,INHBE,protein_coding,170048,30,0,0,0.0,-0.0,0,0.0,0,0
SCZ_LOC_12_6866827_rs11064369,12,rs11064369,6866827,4.921e-08,-0.0433042394092723,1,2.062087184766451,ENSG00000111669,TPI1,protein_coding,292,1,1,0,0.0,-0.0,1,0.9999985586619196,9,0
SCZ_LOC_12_6866827_rs11064369,12,rs11064369,6866827,4.921e-08,-0.0433042394092723,2,0.8635419135385334,ENSG00000111671,SPSB2,protein_coding,22531,7,0,1,0.8021594285964966,44.029087404998464,1,0.9999964295088608,8,1
SCZ_LOC_12_6866827_rs11064369,12,rs11064369,6866827,4.921e-08,-0.0433042394092723,3,0.7739287303308101,ENSG00000111319,SCNN1A,protein_coding,489097,80,0,1,1.0182394981384277,4.783788129938265,0,0.0,0,0
SCZ_LOC_12_6866827_rs11064369,12,rs11064369,6866827,4.921e-08,-0.0433042394092723,4,0.6888345471549967,ENSG00000010626,LRRC23,protein_coding,6742,3,0,1,0.5443423390388489,25.920344615624444,1,0.999995963478287,5,1
SCZ_LOC_12_6866827_rs11064369,12,rs11064369,6866827,4.921e-08,-0.0433042394092723,5,0.33669416742940256,ENSG00000111684,LPCAT3,protein_coding,151650,36,0,1,1.242506742477417,4.737173531308855,1,0.9999749525899648,2,1
SCZ_LOC_12_6866827_rs11064369,12,rs11064369,6866827,4.921e-08,-0.0433042394092723,6,0.26771822904212494,ENSG00000110811,P3H3,protein_coding,38420,10,0,1,0.6306009292602539,10.08712266291896,1,0.9999999940824073,13,1
SCZ_LOC_12_6866827_rs11064369,12,rs11064369,6866827,4.921e-08,-0.0433042394092723,7,-0.0095567004760117,ENSG00000139182,CLSTN3,protein_coding,262871,55,0,0,0.0,-0.0,1,0.9999982829088,6,0
SCZ_LOC_12_6866827_rs11064369,12,rs11064369,6866827,4.921e-08,-0.0433042394092723,8,-0.023069398230762997,ENSG00000111644,ACRBP,protein_coding,219394,45,0,1,0.3492587208747864,4.493753274693946,1,0.9999991708843206,15,1
SCZ_LOC_12_6866827_rs11064369,12,rs11064369,6866827,4.921e-08,-0.0433042394092723,9,-0.029178723628795714,ENSG00000111667,USP5,protein_coding,14679,4,0,0,0.0,-0.0,1,0.9998608830884684,2,0
SCZ_LOC_12_6866827_rs11064369,12,rs11064369,6866827,4.921e-08,-0.0433042394092723,10,-0.0995911242063316,ENSG00000159335,PTMS,protein_coding,101311,25,0,0,0.0,-0.0,1,0.9999945864033244,12,0
SCZ_LOC_12_6866827_rs11064369,12,rs11064369,6866827,4.921e-08,-0.0433042394092723,11,-0.1286710768167344,ENSG00000111664,GNB3,protein_coding,26873,8,0,1,0.7510812878608704,43.51834578804719,1,0.999996250760295,13,1
SCZ_LOC_12_6866827_rs11064369,12,rs11064369,6866827,4.921e-08,-0.0433042394092723,12,-0.15093939493107233,ENSG00000111642,CHD4,protein_coding,252303,50,0,0,0.0,-0.0,1,0.999961321376288,6,0
SCZ_LOC_12_6866827_rs11064369,12,rs11064369,6866827,4.921e-08,-0.0433042394092723,13,-0.16959082449997728,ENSG00000250510,GPR162,protein_coding,45203,11,0,0,0.0,-0.0,1,0.9999932246513398,12,0
SCZ_LOC_12_6866827_rs11064369,12,rs11064369,6866827,4.921e-08,-0.0433042394092723,14,-0.17651508064995072,ENSG00000269892,ENSG00000269892,lncRNA,123842,30,0,1,1.0609512329101562,4.927048063093185,0,0.0,0,0
SCZ_LOC_12_6866827_rs11064369,12,rs11064369,6866827,4.921e-08,-0.0433042394092723,15,-0.19827074071115858,ENSG00000010610,CD4,protein_coding,79969,19,0,1,0.7388532757759094,8.886072818010243,1,0.999999678897015,11,1
SCZ_LOC_12_6866827_rs11064369,12,rs11064369,6866827,4.921e-08,-0.0433042394092723,16,-0.249363660318987,ENSG00000010295,IFFO1,protein_coding,310754,60,0,0,0.0,-0.0,1,0.999999025072858,11,0
SCZ_LOC_12_6866827_rs11064369,12,rs11064369,6866827,4.921e-08,-0.0433042394092723,17,-0.2574724544256425,ENSG00000089693,MLF2,protein_coding,99352,24,0,1,0.13826259970664978,5.355404251253379,1,0.9999948517958896,7,1
SCZ_LOC_12_6866827_rs11064369,12,rs11064369,6866827,4.921e-08,-0.0433042394092723,18,-0.294517883451127,ENSG00000293161,ENSG00000293161,lncRNA,6562,2,0,0,0.0,-0.0,0,0.0,0,0
SCZ_LOC_12_6866827_rs11064369,12,rs11064369,6866827,4.921e-08,-0.0433042394092723,19,-0.32832037019400384,ENSG00000184574,LPAR5,protein_coding,230867,47,0,0,0.0,-0.0,1,0.9999984489610472,11,0
SCZ_LOC_12_6866827_rs11064369,12,rs11064369,6866827,4.921e-08,-0.0433042394092723,20,-0.3573059814939011,ENSG00000139200,PIANP,protein_coding,166012,37,0,0,0.0,-0.0,1,0.999988272466984,7,0
SCZ_LOC_12_6866827_rs11064369,12,rs11064369,6866827,4.921e-08,-0.0433042394092723,21,-0.38460321690545496,ENSG00000111676,ATN1,protein_coding,57636,13,0,1,0.8866965770721436,8.638875797421846,1,0.9999999959199533,15,1
SCZ_LOC_12_6866827_rs11064369,12,rs11064369,6866827,4.921e-08,-0.0433042394092723,22,-0.43596717096732246,ENSG00000111665,CDCA3,protein_coding,15535,5,0,1,0.9628012776374817,30.4610621549261,1,0.9999985055740904,2,1
SCZ_LOC_12_6866827_rs11064369,12,rs11064369,6866827,4.921e-08,-0.0433042394092723,23,-0.4468695594309643,ENSG00000111679,PTPN6,protein_coding,79641,17,0,0,0.0,-0.0,1,0.9999939081173144,10,0
SCZ_LOC_12_6866827_rs11064369,12,rs11064369,6866827,4.921e-08,-0.0433042394092723,24,-0.4939099740067286,ENSG00000272173,ENSG00000272173,lncRNA,77896,16,0,1,1.5544233322143555,5.665002822523267,0,0.0,0,0
SCZ_LOC_12_6866827_rs11064369,12,rs11064369,6866827,4.921e-08,-0.0433042394092723,25,-0.5387675092377001,ENSG00000139193,CD27,protein_coding,421872,75,0,1,0.35736533999443054,4.614802777254245,0,0.0,0,0
SCZ_LOC_12_6866827_rs11064369,12,rs11064369,6866827,4.921e-08,-0.0433042394092723,26,-0.5820276470415295,ENSG00000205885,C1RL-AS1,lncRNA,241163,48,0,1,0.36445993185043335,4.589253589778222,0,0.0,0,0
SCZ_LOC_12_6866827_rs11064369,12,rs11064369,6866827,4.921e-08,-0.0433042394092723,27,-0.5906919808472714,ENSG00000111641,NOP2,protein_coding,298136,59,0,0,0.0,-0.0,1,0.9999989898572134,3,0
SCZ_LOC_12_6866827_rs11064369,12,rs11064369,6866827,4.921e-08,-0.0433042394092723,28,-0.6976911953600557,ENSG00000126749,EMG1,protein_coding,104086,27,0,1,0.7132472991943359,5.010017707450323,1,0.9999958474006834,2,1
SCZ_LOC_12_6866827_rs11064369,12,rs11064369,6866827,4.921e-08,-0.0433042394092723,29,-0.7158014329200825,ENSG00000111674,ENO2,protein_coding,46918,12,0,1,0.6423527002334595,5.799222832896824,1,0.999989881236346,13,1
SCZ_LOC_12_6866827_rs11064369,12,rs11064369,6866827,4.921e-08,-0.0433042394092723,30,-0.7411949316214393,ENSG00000290712,DSTNP2,lncRNA,17855,6,0,0,0.0,-0.0,0,0.0,0,0
SCZ_LOC_12_6866827_rs11064369,12,rs11064369,6866827,4.921e-08,-0.0433042394092723,31,-0.7443744371090949,ENSG00000139197,PEX5,protein_coding,321858,61,0,1,0.6795220971107483,30.519998222616895,1,0.99996243743706,2,1
SCZ_LOC_12_6866827_rs11064369,12,rs11064369,6866827,4.921e-08,-0.0433042394092723,32,-0.7557280678222584,ENSG00000275703,ENSG00000275703,lncRNA,32925,9,0,1,1.1941897869110107,4.578410222482993,0,0.0,0,0
SCZ_LOC_12_6866827_rs11064369,12,rs11064369,6866827,4.921e-08,-0.0433042394092723,33,-0.8201884019580927,ENSG00000215021,PHB2,protein_coding,103953,26,0,1,0.5962094068527222,4.559457969219542,1,0.999966774001624,2,1
SCZ_LOC_12_6866827_rs11064369,12,rs11064369,6866827,4.921e-08,-0.0433042394092723,34,-0.916914780085643,ENSG00000215039,CD27-AS1,lncRNA,414735,73,0,1,0.6400867104530334,20.480339521269396,1,0.9999837460577792,2,1
SCZ_LOC_12_6866827_rs11064369,12,rs11064369,6866827,4.921e-08,-0.0433042394092723,35,-0.9660036340427101,ENSG00000111321,LTBR,protein_coding,491782,81,0,1,0.41474664211273193,23.746372279510126,1,0.9999980071802798,6,1
SCZ_LOC_12_6866827_rs11064369,12,rs11064369,6866827,4.921e-08,-0.0433042394092723,36,-1.012553282427593,ENSG00000126746,ZNF384,protein_coding,177255,41,0,1,0.5457085371017456,5.914902047690936,1,0.9999804243630764,4,1
SCZ_LOC_12_6866827_rs11064369,12,rs11064369,6866827,4.921e-08,-0.0433042394092723,37,-1.0194981733548152,ENSG00000111639,MRPL51,protein_coding,372986,69,0,1,0.17133265733718872,6.136683392988029,1,0.999999457061595,4,1
SCZ_LOC_12_6866827_rs11064369,12,rs11064369,6866827,4.921e-08,-0.0433042394092723,38,-1.0651438393689208,ENSG00000111678,C12orf57,protein_coding,76151,15,0,1,0.731512725353241,5.471524657321722,1,0.9999929477446936,7,1
SCZ_LOC_12_6866827_rs11064369,12,rs11064369,6866827,4.921e-08,-0.0433042394092723,39,-1.0721688416701407,ENSG00000139190,VAMP1,protein_coding,396150,71,0,1,0.24002832174301147,14.01837821720775,1,0.9999787184985232,2,1
SCZ_LOC_12_6866827_rs11064369,12,rs11064369,6866827,4.921e-08,-0.0433042394092723,40,-1.0785602664467837,ENSG00000111653,ING4,protein_coding,203685,44,0,0,0.0,-0.0,1,0.9999726408842572,3,0
SCZ_LOC_12_6866827_rs11064369,12,rs11064369,6866827,4.921e-08,-0.0433042394092723,41,-1.104546476262123,ENSG00000139178,C1RL,protein_coding,242411,49,0,1,0.8108575940132141,6.847558823746017,1,0.9999994914716696,7,1
SCZ_LOC_12_6866827_rs11064369,12,rs11064369,6866827,4.921e-08,-0.0433042394092723,42,-1.115673471468409,ENSG00000010292,NCAPD2,protein_coding,373471,70,0,1,1.1293200254440308,6.1949533762806235,1,0.9999787603252528,2,1
SCZ_LOC_12_6866827_rs11064369,12,rs11064369,6866827,4.921e-08,-0.0433042394092723,43,-1.1239905498791805,ENSG00000111640,GAPDH,protein_coding,332315,65,0,0,0.0,-0.0,1,0.9999246608599328,5,0
SCZ_LOC_12_6866827_rs11064369,12,rs11064369,6866827,4.921e-08,-0.0433042394092723,44,-1.153360852493138,ENSG00000256433,ENSG00000256433,lncRNA,472948,79,0,1,0.5386087894439697,8.430989661982636,0,0.0,0,0
SCZ_LOC_12_6866827_rs11064369,12,rs11064369,6866827,4.921e-08,-0.0433042394092723,45,-1.2347155449785627,ENSG00000177675,CD163L1,protein_coding,613070,82,0,1,0.5537759065628052,13.763913262715858,0,0.0,0,0
SCZ_LOC_12_6866827_rs11064369,12,rs11064369,6866827,4.921e-08,-0.0433042394092723,46,-1.437034444683192,ENSG00000139192,TAPBPL,protein_coding,415137,74,0,1,0.7555432915687561,35.88860329540296,1,0.9999895833064846,2,1
SCZ_LOC_12_6866827_rs11064369,12,rs11064369,6866827,4.921e-08,-0.0433042394092723,47,-1.439688601372679,ENSG00000111652,COPS7A,protein_coding,142813,32,0,1,0.7042151689529419,6.0678113313027575,1,0.9999116132003856,3,1
SCZ_LOC_12_6866827_rs11064369,12,rs11064369,6866827,4.921e-08,-0.0433042394092723,48,-1.6839648357214085,ENSG00000139194,RBP5,protein_coding,262062,54,0,1,0.5105656385421753,4.772579629270047,0,0.0,0,0
SCZ_LOC_12_6866827_rs11064369,12,rs11064369,6866827,4.921e-08,-0.0433042394092723,49,-1.885568789243076,ENSG00000219410,ENSG00000219410,lncRNA,203567,43,0,0,0.0,-0.0,0,0.0,0,0
SCZ_LOC_12_6866827_rs11064369,12,rs11064369,6866827,4.921e-08,-0.0433042394092723,50,-1.933372852752621,ENSG00000300918,ENSG00000300918,lncRNA,168332,38,0,0,0.0,-0.0,0,0.0,0,0
SCZ_LOC_12_6866827_rs11064369,12,rs11064369,6866827,4.921e-08,-0.0433042394092723,50,-1.933372852752621,ENSG00000289303,ENSG00000289303,lncRNA,177311,42,0,0,0.0,-0.0,0,0.0,0,0
SCZ_LOC_12_6866827_rs11064369,12,rs11064369,6866827,4.921e-08,-0.0433042394092723,50,-1.933372852752621,ENSG00000300994,ENSG00000300994,lncRNA,173864,40,0,0,0.0,-0.0,0,0.0,0,0
SCZ_LOC_12_6866827_rs11064369,12,rs11064369,6866827,4.921e-08,-0.0433042394092723,50,-1.933372852752621,ENSG00000302800,ENSG00000302800,lncRNA,171538,39,0,0,0.0,-0.0,0,0.0,0,0
SCZ_LOC_12_6866827_rs11064369,12,rs11064369,6866827,4.921e-08,-0.0433042394092723,54,-1.9349255520727804,ENSG00000255572,ENSG00000255572,lncRNA,322242,62,0,0,0.0,-0.0,0,0.0,0,0
SCZ_LOC_12_6866827_rs11064369,12,rs11064369,6866827,4.921e-08,-0.0433042394092723,55,-1.945600623323249,ENSG00000276232,ENSG00000276232,lncRNA,356552,68,0,0,0.0,-0.0,0,0.0,0,0
SCZ_LOC_12_6866827_rs11064369,12,rs11064369,6866827,4.921e-08,-0.0433042394092723,55,-1.945600623323249,ENSG00000245667,ENSG00000245667,lncRNA,323323,63,0,0,0.0,-0.0,0,0.0,0,0
SCZ_LOC_12_6866827_rs11064369,12,rs11064369,6866827,4.921e-08,-0.0433042394092723,55,-1.945600623323249,ENSG00000255966,GAPDH-DT,lncRNA,332958,66,0,0,0.0,-0.0,0,0.0,0,0
SCZ_LOC_12_6866827_rs11064369,12,rs11064369,6866827,4.921e-08,-0.0433042394092723,55,-1.945600623323249,ENSG00000295772,ENSG00000295772,lncRNA,334023,67,0,0,0.0,-0.0,0,0.0,0,0
SCZ_LOC_12_6866827_rs11064369,12,rs11064369,6866827,4.921e-08,-0.0433042394092723,55,-1.945600623323249,ENSG00000269968,ENSG00000269968,lncRNA,328456,64,0,0,0.0,-0.0,0,0.0,0,0
SCZ_LOC_12_6866827_rs11064369,12,rs11064369,6866827,4.921e-08,-0.0433042394092723,60,-1.9461465047403361,ENSG00000285770,ENSG00000285770,lncRNA,280990,57,0,0,0.0,-0.0,0,0.0,0,0
SCZ_LOC_12_6866827_rs11064369,12,rs11064369,6866827,4.921e-08,-0.0433042394092723,60,-1.9461465047403361,ENSG00000285238,ENSG00000285238,protein_coding,259460,52,0,0,0.0,-0.0,0,0.0,0,0
SCZ_LOC_12_6866827_rs11064369,12,rs11064369,6866827,4.921e-08,-0.0433042394092723,60,-1.9461465047403361,ENSG00000247853,ENSG00000247853,lncRNA,288205,58,0,0,0.0,-0.0,0,0.0,0,0
SCZ_LOC_12_6866827_rs11064369,12,rs11064369,6866827,4.921e-08,-0.0433042394092723,60,-1.9461465047403361,ENSG00000301109,ENSG00000301109,lncRNA,260312,53,0,0,0.0,-0.0,0,0.0,0,0
SCZ_LOC_12_6866827_rs11064369,12,rs11064369,6866827,4.921e-08,-0.0433042394092723,60,-1.9461465047403361,ENSG00000301135,ENSG00000301135,lncRNA,253263,51,0,0,0.0,-0.0,0,0.0,0,0
SCZ_LOC_12_6866827_rs11064369,12,rs11064369,6866827,4.921e-08,-0.0433042394092723,60,-1.9461465047403361,ENSG00000256967,ENSG00000256967,lncRNA,264430,56,0,0,0.0,-0.0,0,0.0,0,0
SCZ_LOC_12_6866827_rs11064369,12,rs11064369,6866827,4.921e-08,-0.0433042394092723,66,-1.9643629619545162,ENSG00000276718,VAMP1-AS1,lncRNA,400290,72,0,0,0.0,-0.0,0,0.0,0,0
SCZ_LOC_12_6866827_rs11064369,12,rs11064369,6866827,4.921e-08,-0.0433042394092723,66,-1.9643629619545162,ENSG00000215009,ACSM4,protein_coding,437245,76,0,0,0.0,-0.0,0,0.0,0,0
SCZ_LOC_12_6866827_rs11064369,12,rs11064369,6866827,4.921e-08,-0.0433042394092723,66,-1.9643629619545162,ENSG00000298994,ENSG00000298994,lncRNA,472003,78,0,0,0.0,-0.0,0,0.0,0,0
SCZ_LOC_12_6866827_rs11064369,12,rs11064369,6866827,4.921e-08,-0.0433042394092723,66,-1.9643629619545162,ENSG00000299889,ENSG00000299889,lncRNA,450300,77,0,0,0.0,-0.0,0,0.0,0,0
SCZ_LOC_12_6866827_rs11064369,12,rs11064369,6866827,4.921e-08,-0.0433042394092723,70,-1.9771594778258377,ENSG00000159403,C1R,protein_coding,225713,46,0,0,0.0,-0.0,0,0.0,0,0
SCZ_LOC_12_6866827_rs11064369,12,rs11064369,6866827,4.921e-08,-0.0433042394092723,71,-1.983080023429122,ENSG00000295785,ENSG00000295785,lncRNA,132451,31,0,0,0.0,-0.0,0,0.0,0,0
SCZ_LOC_12_6866827_rs11064369,12,rs11064369,6866827,4.921e-08,-0.0433042394092723,72,-2.001663668545022,ENSG00000182326,C1S,protein_coding,121432,29,0,0,0.0,-0.0,0,0.0,0,0
SCZ_LOC_12_6866827_rs11064369,12,rs11064369,6866827,4.921e-08,-0.0433042394092723,73,-2.016771478715017,ENSG00000270068,ENSG00000270068,lncRNA,143594,34,0,0,0.0,-0.0,0,0.0,0,0
SCZ_LOC_12_6866827_rs11064369,12,rs11064369,6866827,4.921e-08,-0.0433042394092723,73,-2.016771478715017,ENSG00000295846,ENSG00000295846,lncRNA,151338,35,0,0,0.0,-0.0,0,0.0,0,0
SCZ_LOC_12_6866827_rs11064369,12,rs11064369,6866827,4.921e-08,-0.0433042394092723,73,-2.016771478715017,ENSG00000288814,ENSG00000288814,lncRNA,142855,33,0,0,0.0,-0.0,0,0.0,0,0
SCZ_LOC_12_6866827_rs11064369,12,rs11064369,6866827,4.921e-08,-0.0433042394092723,76,-2.0258121141352095,ENSG00000089692,LAG3,protein_coding,94315,20,0,0,0.0,-0.0,0,0.0,0,0
SCZ_LOC_12_6866827_rs11064369,12,rs11064369,6866827,4.921e-08,-0.0433042394092723,76,-2.0258121141352095,ENSG00000271969,ENSG00000271969,lncRNA,98122,23,0,0,0.0,-0.0,0,0.0,0,0
SCZ_LOC_12_6866827_rs11064369,12,rs11064369,6866827,4.921e-08,-0.0433042394092723,76,-2.0258121141352095,ENSG00000290146,ENSG00000290146,protein_coding,104094,28,0,0,0.0,-0.0,0,0.0,0,0
SCZ_LOC_12_6866827_rs11064369,12,rs11064369,6866827,4.921e-08,-0.0433042394092723,76,-2.0258121141352095,ENSG00000293728,ENSG00000293728,lncRNA,60802,14,0,0,0.0,-0.0,0,0.0,0,0
SCZ_LOC_12_6866827_rs11064369,12,rs11064369,6866827,4.921e-08,-0.0433042394092723,76,-2.0258121141352095,ENSG00000257084,MIR200CHG,lncRNA,95197,21,0,0,0.0,-0.0,0,0.0,0,0
SCZ_LOC_12_6866827_rs11064369,12,rs11064369,6866827,4.921e-08,-0.0433042394092723,76,-2.0258121141352095,ENSG00000295827,ENSG00000295827,lncRNA,96283,22,0,0,0.0,-0.0,0,0.0,0,0
SCZ_LOC_12_6866827_rs11064369,12,rs11064369,6866827,4.921e-08,-0.0433042394092723,76,-2.0258121141352095,ENSG00000297457,ENSG00000297457,lncRNA,79844,18,0,0,0.0,-0.0,0,0.0,0,0
SCZ_LOC_12_72258821_rs61924144,12,rs61924144,72258821,4.147e-09,-0.0785995828126435,1,2.2752517169920896,ENSG00000236333,TRHDE-AS1,lncRNA,18133,1,1,1,1.5704959630966187,20.10599119931247,1,0.9999999968017064,10,1
SCZ_LOC_12_72258821_rs61924144,12,rs61924144,72258821,4.147e-09,-0.0785995828126435,2,2.1790261905778765,ENSG00000072657,TRHDE,protein_coding,171555,4,0,0,0.0,-0.0,1,0.99999267899635,9,0
SCZ_LOC_12_72258821_rs61924144,12,rs61924144,72258821,4.147e-09,-0.0785995828126435,3,0.5455636984454417,ENSG00000139287,TPH2,protein_coding,319976,6,0,1,0.34934934973716736,4.889881849508071,1,0.999998894417888,6,1
SCZ_LOC_12_72258821_rs61924144,12,rs61924144,72258821,4.147e-09,-0.0785995828126435,4,-0.5157822853246907,ENSG00000121749,TBC1D15,protein_coding,419114,7,0,1,0.3136228919029236,5.4750571033452635,1,0.9999788535042874,2,1
SCZ_LOC_12_72258821_rs61924144,12,rs61924144,72258821,4.147e-09,-0.0785995828126435,5,-0.8945767554796578,ENSG00000080371,RAB21,protein_coding,503958,10,0,0,0.0,-0.0,1,0.9999965272605243,4,0
SCZ_LOC_12_72258821_rs61924144,12,rs61924144,72258821,4.147e-09,-0.0785995828126435,6,-1.4435428714336145,ENSG00000296317,ENSG00000296317,lncRNA,73785,2,0,0,0.0,-0.0,0,0.0,0,0
SCZ_LOC_12_72258821_rs61924144,12,rs61924144,72258821,4.147e-09,-0.0785995828126435,7,-1.523470687722417,ENSG00000301751,ENSG00000301751,lncRNA,76111,3,0,0,0.0,-0.0,0,0.0,0,0
SCZ_LOC_12_72258821_rs61924144,12,rs61924144,72258821,4.147e-09,-0.0785995828126435,8,-1.6292928366219026,ENSG00000258115,ENSG00000258115,lncRNA,201444,5,0,0,0.0,-0.0,0,0.0,0,0
SCZ_LOC_12_72258821_rs61924144,12,rs61924144,72258821,4.147e-09,-0.0785995828126435,9,-1.7200489977575892,ENSG00000258235,ENSG00000258235,lncRNA,565339,11,0,0,0.0,-0.0,0,0.0,0,0
SCZ_LOC_12_72258821_rs61924144,12,rs61924144,72258821,4.147e-09,-0.0785995828126435,10,-1.9012811756777228,ENSG00000257410,ENSG00000257410,lncRNA,459194,9,0,0,0.0,-0.0,0,0.0,0,0
SCZ_LOC_12_72258821_rs61924144,12,rs61924144,72258821,4.147e-09,-0.0785995828126435,10,-1.9012811756777228,ENSG00000302314,ENSG00000302314,lncRNA,457776,8,0,0,0.0,-0.0,0,0.0,0,0
SCZ_LOC_13_44329004_rs11619756,13,rs11619756,44329004,2.04e-10,0.0507976715868588,1,0.9831979138089192,ENSG00000151778,SERP2,protein_coding,44661,7,0,0,0.0,-0.0,1,0.9999879282321392,31,0
SCZ_LOC_13_44329004_rs11619756,13,rs11619756,44329004,2.04e-10,0.0507976715868588,2,-0.20710659665276535,ENSG00000102804,TSC22D1,protein_coding,248143,17,0,1,0.15900786221027374,4.578822046396922,1,0.999999996413433,12,1
SCZ_LOC_13_44329004_rs11619756,13,rs11619756,44329004,2.04e-10,0.0507976715868588,3,-0.3459021694885363,ENSG00000309535,ENSG00000309535,lncRNA,17653,1,1,0,0.0,-0.0,0,0.0,0,0
SCZ_LOC_13_44329004_rs11619756,13,rs11619756,44329004,2.04e-10,0.0507976715868588,4,-0.5341241295822811,ENSG00000230731,LINC02938,lncRNA,18737,2,0,0,0.0,-0.0,0,0.0,0,0
SCZ_LOC_13_44329004_rs11619756,13,rs11619756,44329004,2.04e-10,0.0507976715868588,5,-0.6140519458710836,ENSG00000289852,ENSG00000289852,lncRNA,22349,3,0,0,0.0,-0.0,0,0.0,0,0
SCZ_LOC_13_44329004_rs11619756,13,rs11619756,44329004,2.04e-10,0.0507976715868588,6,-0.6161004856992001,ENSG00000235097,LINC00330,lncRNA,480626,27,0,0,0.0,-0.0,1,0.9999999979795372,24,0
SCZ_LOC_13_44329004_rs11619756,13,rs11619756,44329004,2.04e-10,0.0507976715868588,7,-0.7122885729541119,ENSG00000237361,TUSC8,lncRNA,85916,10,0,1,2.23578143119812,4.488946746405421,0,0.0,0,0
SCZ_LOC_13_44329004_rs11619756,13,rs11619756,44329004,2.04e-10,0.0507976715868588,8,-0.723375621423585,ENSG00000298614,ENSG00000298614,lncRNA,27983,5,0,0,0.0,-0.0,0,0.0,0,0
SCZ_LOC_13_44329004_rs11619756,13,rs11619756,44329004,2.04e-10,0.0507976715868588,8,-0.723375621423585,ENSG00000298636,ENSG00000298636,lncRNA,27306,4,0,0,0.0,-0.0,0,0.0,0,0
SCZ_LOC_13_44329004_rs11619756,13,rs11619756,44329004,2.04e-10,0.0507976715868588,10,-0.8568955475329374,ENSG00000151773,CCDC122,protein_coding,449264,22,0,1,0.49463674426078796,6.923422785919762,1,0.9999940005498952,13,1
SCZ_LOC_13_44329004_rs11619756,13,rs11619756,44329004,2.04e-10,0.0507976715868588,11,-1.1207586026568406,ENSG00000226519,LINC00390,lncRNA,167514,14,0,1,0.4000682830810547,13.928266625252643,0,0.0,0,0
SCZ_LOC_13_44329004_rs11619756,13,rs11619756,44329004,2.04e-10,0.0507976715868588,12,-1.1679341652126818,ENSG00000179630,LACC1,protein_coding,449720,23,0,1,0.6834946274757385,11.821948955703347,1,0.9999906605962962,15,1
SCZ_LOC_13_44329004_rs11619756,13,rs11619756,44329004,2.04e-10,0.0507976715868588,13,-1.2882763617303803,ENSG00000227258,SMIM2-AS1,lncRNA,218643,15,0,1,1.407200813293457,27.567572181599225,0,0.0,0,0
SCZ_LOC_13_44329004_rs11619756,13,rs11619756,44329004,2.04e-10,0.0507976715868588,14,-1.3303819394886247,ENSG00000277831,ENSG00000277831,lncRNA,44566,6,0,0,0.0,-0.0,0,0.0,0,0
SCZ_LOC_13_44329004_rs11619756,13,rs11619756,44329004,2.04e-10,0.0507976715868588,15,-1.5802666237907514,ENSG00000278156,TSC22D1-AS1,lncRNA,246762,16,0,1,0.7227981686592102,7.101953052827942,0,0.0,0,0
SCZ_LOC_13_44329004_rs11619756,13,rs11619756,44329004,2.04e-10,0.0507976715868588,16,-1.8334183506311317,ENSG00000298653,ENSG00000298653,lncRNA,64395,8,0,0,0.0,-0.0,0,0.0,0,0
SCZ_LOC_13_44329004_rs11619756,13,rs11619756,44329004,2.04e-10,0.0507976715868588,16,-1.8334183506311317,ENSG00000298694,ENSG00000298694,lncRNA,64908,9,0,0,0.0,-0.0,0,0.0,0,0
SCZ_LOC_13_44329004_rs11619756,13,rs11619756,44329004,2.04e-10,0.0507976715868588,18,-1.9152529444658073,ENSG00000293354,ENSG00000293354,lncRNA,108053,12,0,0,0.0,-0.0,0,0.0,0,0
SCZ_LOC_13_44329004_rs11619756,13,rs11619756,44329004,2.04e-10,0.0507976715868588,18,-1.9152529444658073,ENSG00000294712,ENSG00000294712,lncRNA,106450,11,0,0,0.0,-0.0,0,0.0,0,0
SCZ_LOC_13_44329004_rs11619756,13,rs11619756,44329004,2.04e-10,0.0507976715868588,20,-1.95599624482107,ENSG00000299335,ENSG00000299335,lncRNA,131226,13,0,0,0.0,-0.0,0,0.0,0,0
SCZ_LOC_13_44329004_rs11619756,13,rs11619756,44329004,2.04e-10,0.0507976715868588,21,-2.0598069904417207,ENSG00000281883,ENSG00000281883,protein_coding,445204,21,0,0,0.0,-0.0,0,0.0,0,0
SCZ_LOC_13_44329004_rs11619756,13,rs11619756,44329004,2.04e-10,0.0507976715868588,21,-2.0598069904417207,ENSG00000233725,NRAD1,lncRNA,420335,20,0,0,0.0,-0.0,0,0.0,0,0
SCZ_LOC_13_44329004_rs11619756,13,rs11619756,44329004,2.04e-10,0.0507976715868588,23,-2.070482061692189,ENSG00000276527,ENSG00000276527,lncRNA,395317,19,0,0,0.0,-0.0,0,0.0,0,0
SCZ_LOC_13_44329004_rs11619756,13,rs11619756,44329004,2.04e-10,0.0507976715868588,23,-2.070482061692189,ENSG00000300500,ENSG00000300500,lncRNA,313984,18,0,0,0.0,-0.0,0,0.0,0,0
SCZ_LOC_13_44329004_rs11619756,13,rs11619756,44329004,2.04e-10,0.0507976715868588,25,-2.089244400323456,ENSG00000274001,ENSG00000274001,lncRNA,450841,24,0,0,0.0,-0.0,0,0.0,0,0
SCZ_LOC_13_44329004_rs11619756,13,rs11619756,44329004,2.04e-10,0.0507976715868588,25,-2.089244400323456,ENSG00000298330,ENSG00000298330,lncRNA,453754,25,0,0,0.0,-0.0,0,0.0,0,0
SCZ_LOC_13_44329004_rs11619756,13,rs11619756,44329004,2.04e-10,0.0507976715868588,25,-2.089244400323456,ENSG00000307129,ENSG00000307129,lncRNA,480463,26,0,0,0.0,-0.0,0,0.0,0,0
SCZ_LOC_13_44329004_rs11619756,13,rs11619756,44329004,2.04e-10,0.0507976715868588,25,-2.089244400323456,ENSG00000307152,ENSG00000307152,lncRNA,490359,28,0,0,0.0,-0.0,0,0.0,0,0
SCZ_LOC_13_79855548_rs7333904,13,rs7333904,79855548,1.612e-11,0.0518996105407571,1,1.1619544114668579,ENSG00000229175,LINC00382,lncRNA,17033,2,0,0,0.0,-0.0,1,0.9999959975226244,14,0
SCZ_LOC_13_79855548_rs7333904,13,rs7333904,79855548,1.612e-11,0.0518996105407571,2,0.6420286250252769,ENSG00000301598,ENSG00000301598,lncRNA,13979,1,1,0,0.0,-0.0,0,0.0,0,0
SCZ_LOC_13_79855548_rs7333904,13,rs7333904,79855548,1.612e-11,0.0518996105407571,3,-0.01659468749708749,ENSG00000136158,SPRY2,protein_coding,485578,19,0,0,0.0,-0.0,1,0.9999987827709556,13,0
SCZ_LOC_13_79855548_rs7333904,13,rs7333904,79855548,1.612e-11,0.0518996105407571,4,-0.3059166952013436,ENSG00000281721,LINC01080,lncRNA,155529,7,0,1,0.6820095777511597,23.698421102294233,1,0.9999940233480284,17,1
SCZ_LOC_13_79855548_rs7333904,13,rs7333904,79855548,1.612e-11,0.0518996105407571,5,-0.4028031491855112,ENSG00000102471,NDFIP2,protein_coding,374393,13,0,1,0.0887255072593689,4.765224059935972,1,0.9999773579678386,3,1
SCZ_LOC_13_79855548_rs7333904,13,rs7333904,79855548,1.612e-11,0.0518996105407571,6,-1.0045800021778746,ENSG00000284196,ENSG00000284196,lncRNA,219487,9,0,1,0.5408022403717041,6.7386227677319495,0,0.0,0,0
SCZ_LOC_13_79855548_rs7333904,13,rs7333904,79855548,1.612e-11,0.0518996105407571,7,-1.1407329918705036,ENSG00000139746,RBM26,protein_coding,449071,16,0,0,0.0,-0.0,1,0.9999935138497515,3,0
SCZ_LOC_13_79855548_rs7333904,13,rs7333904,79855548,1.612e-11,0.0518996105407571,8,-1.2487801842292563,ENSG00000285684,ENSG00000285684,lncRNA,278820,10,0,1,0.6934977173805237,9.946658773820912,0,0.0,0,0
SCZ_LOC_13_79855548_rs7333904,13,rs7333904,79855548,1.612e-11,0.0518996105407571,9,-1.5569691287304368,ENSG00000227354,RBM26-AS1,lncRNA,449647,17,0,1,1.898163080215454,38.08913919838586,0,0.0,0,0
SCZ_LOC_13_79855548_rs7333904,13,rs7333904,79855548,1.612e-11,0.0518996105407571,10,-1.5647075725880255,ENSG00000229011,LINC01038,lncRNA,51239,3,0,0,0.0,-0.0,0,0.0,0,0
SCZ_LOC_13_79855548_rs7333904,13,rs7333904,79855548,1.612e-11,0.0518996105407571,11,-1.6188311481007516,ENSG00000305628,ENSG00000305628,lncRNA,80769,5,0,0,0.0,-0.0,0,0.0,0,0
SCZ_LOC_13_79855548_rs7333904,13,rs7333904,79855548,1.612e-11,0.0518996105407571,12,-1.6600680329663602,ENSG00000310363,ENSG00000310363,lncRNA,61803,4,0,0,0.0,-0.0,0,0.0,0,0
SCZ_LOC_13_79855548_rs7333904,13,rs7333904,79855548,1.612e-11,0.0518996105407571,13,-1.6826299639302331,ENSG00000297365,ENSG00000297365,lncRNA,85589,6,0,0,0.0,-0.0,0,0.0,0,0
SCZ_LOC_13_79855548_rs7333904,13,rs7333904,79855548,1.612e-11,0.0518996105407571,14,-1.894233842869436,ENSG00000285902,ENSG00000285902,lncRNA,218122,8,0,0,0.0,-0.0,0,0.0,0,0
SCZ_LOC_13_79855548_rs7333904,13,rs7333904,79855548,1.612e-11,0.0518996105407571,15,-2.029738761336927,ENSG00000232132,NDFIP2-AS1,lncRNA,373598,12,0,0,0.0,-0.0,0,0.0,0,0
SCZ_LOC_13_79855548_rs7333904,13,rs7333904,79855548,1.612e-11,0.0518996105407571,16,-2.030284642754014,ENSG00000227676,LINC01068,lncRNA,288950,11,0,0,0.0,-0.0,0,0.0,0,0
SCZ_LOC_13_79855548_rs7333904,13,rs7333904,79855548,1.612e-11,0.0518996105407571,17,-2.070482061692189,ENSG00000306819,ENSG00000306819,lncRNA,380565,14,0,0,0.0,-0.0,0,0.0,0,0
SCZ_LOC_13_79855548_rs7333904,13,rs7333904,79855548,1.612e-11,0.0518996105407571,18,-2.089244400323456,ENSG00000306839,ENSG00000306839,lncRNA,484158,18,0,0,0.0,-0.0,0,0.0,0,0
SCZ_LOC_13_79855548_rs7333904,13,rs7333904,79855548,1.612e-11,0.0518996105407571,18,-2.089244400323456,ENSG00000306860,ENSG00000306860,lncRNA,422513,15,0,0,0.0,-0.0,0,0.0,0,0
SCZ_LOC_13_79855548_rs7333904,13,rs7333904,79855548,1.612e-11,0.0518996105407571,18,-2.089244400323456,ENSG00000306878,ENSG00000306878,lncRNA,485930,20,0,0,0.0,-0.0,0,0.0,0,0
SCZ_LOC_14_104261723_rs722637,14,rs722637,104261723,9.222e-14,-0.0579045745015309,1,1.417777991764591,ENSG00000066735,KIF26A,protein_coding,125269,6,0,0,0.0,-0.0,1,0.99999012669467,106,0
SCZ_LOC_14_104261723_rs722637,14,rs722637,104261723,9.222e-14,-0.0579045745015309,2,0.5237370995263119,ENSG00000258913,LINC02691,lncRNA,38227,2,0,0,0.0,-0.0,0,0.0,0,0
SCZ_LOC_14_104261723_rs722637,14,rs722637,104261723,9.222e-14,-0.0579045745015309,3,0.43841755218755457,ENSG00000258986,TMEM179,protein_coding,343924,16,0,1,0.6307772994041443,7.272629906434571,1,0.9999977675002588,42,1
SCZ_LOC_14_104261723_rs722637,14,rs722637,104261723,9.222e-14,-0.0579045745015309,4,0.43814972010014663,ENSG00000166183,ASPG,protein_coding,176037,7,0,1,0.8029691576957703,11.969112680483612,1,0.9999970497835228,28,1
SCZ_LOC_14_104261723_rs722637,14,rs722637,104261723,9.222e-14,-0.0579045745015309,5,0.2511357224542102,ENSG00000184601,C14orf180,protein_coding,318041,11,0,1,0.8012065887451172,12.602920649927169,1,0.99999999771201,183,1
SCZ_LOC_14_104261723_rs722637,14,rs722637,104261723,9.222e-14,-0.0579045745015309,6,-0.24553297994177153,ENSG00000088808,PPP1R13B,protein_coding,414148,21,0,1,0.15676191449165344,4.976988366580961,1,0.9999960744562604,5,1
SCZ_LOC_14_104261723_rs722637,14,rs722637,104261723,9.222e-14,-0.0579045745015309,7,-0.5341241295822811,ENSG00000288459,ENSG00000288459,lncRNA,31547,1,1,0,0.0,-0.0,0,0.0,0,0
SCZ_LOC_14_104261723_rs722637,14,rs722637,104261723,9.222e-14,-0.0579045745015309,8,-0.6220184287489141,ENSG00000203485,INF2,protein_coding,419423,22,0,1,0.14919716119766235,7.2850973087343585,1,0.9999720163321332,16,1
SCZ_LOC_14_104261723_rs722637,14,rs722637,104261723,9.222e-14,-0.0579045745015309,9,-0.7393072002688764,ENSG00000258735,PPP1R13B-DT,lncRNA,414036,20,0,0,0.0,-0.0,1,0.9999960048617398,5,0
SCZ_LOC_14_104261723_rs722637,14,rs722637,104261723,9.222e-14,-0.0579045745015309,10,-1.2078807187099059,ENSG00000184990,SIVA1,protein_coding,491424,28,0,1,0.7697657346725464,14.495877146992655,1,0.999974604024072,3,1
SCZ_LOC_14_104261723_rs722637,14,rs722637,104261723,9.222e-14,-0.0579045745015309,11,-1.3239273571696664,ENSG00000156411,ATP5MJ,protein_coding,333454,15,0,1,0.5019941926002502,4.532579708355701,1,0.9999946495740984,2,1
SCZ_LOC_14_104261723_rs722637,14,rs722637,104261723,9.222e-14,-0.0579045745015309,12,-1.3344616232381188,ENSG00000185100,ADSS1,protein_coding,462451,25,0,1,0.2838171422481537,7.031029184774472,0,0.0,0,0
SCZ_LOC_14_104261723_rs722637,14,rs722637,104261723,9.222e-14,-0.0579045745015309,13,-1.401727897449376,ENSG00000293148,ENSG00000293148,lncRNA,498724,29,0,0,0.0,-0.0,0,0.0,0,0
SCZ_LOC_14_104261723_rs722637,14,rs722637,104261723,9.222e-14,-0.0579045745015309,14,-1.4797930362759577,ENSG00000156414,TDRD9,protein_coding,333267,14,0,1,0.9449824690818787,25.323573452807707,0,0.0,0,0
SCZ_LOC_14_104261723_rs722637,14,rs722637,104261723,9.222e-14,-0.0579045745015309,15,-1.4993222421322292,ENSG00000299727,ENSG00000299727,lncRNA,105574,3,0,0,0.0,-0.0,0,0.0,0,0
SCZ_LOC_14_104261723_rs722637,14,rs722637,104261723,9.222e-14,-0.0579045745015309,16,-1.5946827025105639,ENSG00000258598,ENSG00000258598,lncRNA,117294,4,0,0,0.0,-0.0,0,0.0,0,0
SCZ_LOC_14_104261723_rs722637,14,rs722637,104261723,9.222e-14,-0.0579045745015309,16,-1.5946827025105639,ENSG00000258748,KIF26A-DT,lncRNA,123283,5,0,0,0.0,-0.0,0,0.0,0,0
SCZ_LOC_14_104261723_rs722637,14,rs722637,104261723,9.222e-14,-0.0579045745015309,18,-1.8504472177962195,ENSG00000302864,ENSG00000302864,lncRNA,183650,8,0,0,0.0,-0.0,0,0.0,0,0
SCZ_LOC_14_104261723_rs722637,14,rs722637,104261723,9.222e-14,-0.0579045745015309,18,-1.8504472177962195,ENSG00000306308,ENSG00000306308,lncRNA,189111,9,0,0,0.0,-0.0,0,0.0,0,0
SCZ_LOC_14_104261723_rs722637,14,rs722637,104261723,9.222e-14,-0.0579045745015309,20,-1.894233842869436,ENSG00000297112,ENSG00000297112,lncRNA,212743,10,0,0,0.0,-0.0,0,0.0,0,0
SCZ_LOC_14_104261723_rs722637,14,rs722637,104261723,9.222e-14,-0.0579045745015309,21,-2.029738761336927,ENSG00000227729,RD3L,protein_coding,319162,12,0,0,0.0,-0.0,0,0.0,0,0
SCZ_LOC_14_104261723_rs722637,14,rs722637,104261723,9.222e-14,-0.0579045745015309,22,-2.070482061692189,ENSG00000259037,ENSG00000259037,lncRNA,328124,13,0,0,0.0,-0.0,0,0.0,0,0
SCZ_LOC_14_104261723_rs722637,14,rs722637,104261723,9.222e-14,-0.0579045745015309,23,-2.089244400323456,ENSG00000260792,LINC02280,lncRNA,403835,19,0,0,0.0,-0.0,0,0.0,0,0
SCZ_LOC_14_104261723_rs722637,14,rs722637,104261723,9.222e-14,-0.0579045745015309,23,-2.089244400323456,ENSG00000258858,ENSG00000258858,lncRNA,429561,24,0,0,0.0,-0.0,0,0.0,0,0
SCZ_LOC_14_104261723_rs722637,14,rs722637,104261723,9.222e-14,-0.0579045745015309,23,-2.089244400323456,ENSG00000258534,ENSG00000258534,lncRNA,381604,17,0,0,0.0,-0.0,0,0.0,0,0
SCZ_LOC_14_104261723_rs722637,14,rs722637,104261723,9.222e-14,-0.0579045745015309,23,-2.089244400323456,ENSG00000258736,ENSG00000258736,lncRNA,420184,23,0,0,0.0,-0.0,0,0.0,0,0
SCZ_LOC_14_104261723_rs722637,14,rs722637,104261723,9.222e-14,-0.0579045745015309,23,-2.089244400323456,ENSG00000305651,ENSG00000305651,lncRNA,394290,18,0,0,0.0,-0.0,0,0.0,0,0
SCZ_LOC_14_104261723_rs722637,14,rs722637,104261723,9.222e-14,-0.0579045745015309,23,-2.089244400323456,ENSG00000306372,ENSG00000306372,lncRNA,474859,26,0,0,0.0,-0.0,0,0.0,0,0
SCZ_LOC_14_104261723_rs722637,14,rs722637,104261723,9.222e-14,-0.0579045745015309,23,-2.089244400323456,ENSG00000306386,ENSG00000306386,lncRNA,484201,27,0,0,0.0,-0.0,0,0.0,0,0
SCZ_LOC_14_72416219_rs2190864,14,rs2190864,72416219,2.963e-16,0.0627963794896769,1,1.8890735927915336,ENSG00000182732,RGS6,protein_coding,483790,8,0,1,0.7083518505096436,7.097065945763444,1,0.9999918801586912,30,1
SCZ_LOC_14_72416219_rs2190864,14,rs2190864,72416219,2.963e-16,0.0627963794896769,2,0.14567735219345856,ENSG00000205683,DPF3,protein_coding,477882,6,0,1,0.3922384977340698,5.660289802648261,1,0.9999968355318216,12,1
SCZ_LOC_14_72416219_rs2190864,14,rs2190864,72416219,2.963e-16,0.0627963794896769,3,-1.4193944258434268,ENSG00000286333,ENSG00000286333,lncRNA,128403,1,1,0,0.0,-0.0,0,0.0,0,0
SCZ_LOC_14_72416219_rs2190864,14,rs2190864,72416219,2.963e-16,0.0627963794896769,4,-1.5018086234643104,ENSG00000258871,ENSG00000258871,lncRNA,178906,2,0,0,0.0,-0.0,0,0.0,0,0
SCZ_LOC_14_72416219_rs2190864,14,rs2190864,72416219,2.963e-16,0.0627963794896769,5,-1.6064421854675384,ENSG00000266869,ENSG00000266869,lncRNA,567781,10,0,0,0.0,-0.0,0,0.0,0,0
SCZ_LOC_14_72416219_rs2190864,14,rs2190864,72416219,2.963e-16,0.0627963794896769,6,-1.6143539404204363,ENSG00000298073,ENSG00000298073,lncRNA,249440,3,0,0,0.0,-0.0,0,0.0,0,0
SCZ_LOC_14_72416219_rs2190864,14,rs2190864,72416219,2.963e-16,0.0627963794896769,7,-1.709714400798771,ENSG00000285936,ENSG00000285936,lncRNA,285543,5,0,0,0.0,-0.0,0,0.0,0,0
SCZ_LOC_14_72416219_rs2190864,14,rs2190864,72416219,2.963e-16,0.0627963794896769,7,-1.709714400798771,ENSG00000306522,ENSG00000306522,lncRNA,251555,4,0,0,0.0,-0.0,0,0.0,0,0
SCZ_LOC_14_72416219_rs2190864,14,rs2190864,72416219,2.963e-16,0.0627963794896769,9,-1.7917296738424324,ENSG00000298836,ENSG00000298836,lncRNA,478037,7,0,0,0.0,-0.0,0,0.0,0,0
SCZ_LOC_14_72416219_rs2190864,14,rs2190864,72416219,2.963e-16,0.0627963794896769,10,-1.9012811756777228,ENSG00000303147,ENSG00000303147,lncRNA,485295,9,0,0,0.0,-0.0,0,0.0,0,0
SCZ_LOC_15_40566759_rs56282503,15,rs56282503,40566759,6.628e-10,-0.0557030028762507,1,1.4419048001597754,ENSG00000166133,RPUSD2,protein_coding,2540,2,0,1,0.25634849071502686,5.753630206718915,1,0.9999991097960708,3,1
SCZ_LOC_15_40566759_rs56282503,15,rs56282503,40566759,6.628e-10,-0.0557030028762507,2,0.6514609921878001,ENSG00000128891,CCDC32,protein_coding,1705,1,1,1,0.8882288932800293,25.93299485506958,1,0.9999873366975284,2,1
SCZ_LOC_15_40566759_rs56282503,15,rs56282503,40566759,6.628e-10,-0.0557030028762507,3,0.5821395011480687,ENSG00000230778,ANKRD63,protein_coding,283695,39,0,0,0.0,-0.0,1,0.9999999966809984,24,0
SCZ_LOC_15_40566759_rs56282503,15,rs56282503,40566759,6.628e-10,-0.0557030028762507,4,0.48141070823808946,ENSG00000137841,PLCB2,protein_coding,258824,33,0,1,0.6514366865158081,4.812939032043622,1,0.99999886173087,24,1
SCZ_LOC_15_40566759_rs56282503,15,rs56282503,40566759,6.628e-10,-0.0557030028762507,5,0.39628986791073567,ENSG00000188549,CCDC9B,protein_coding,225820,26,0,0,0.0,-0.0,1,0.9999985435950272,14,0
SCZ_LOC_15_40566759_rs56282503,15,rs56282503,40566759,6.628e-10,-0.0557030028762507,6,0.11469489353090606,ENSG00000169105,CHST14,protein_coding,95775,8,0,0,0.0,-0.0,1,0.9999874760044852,9,0
SCZ_LOC_15_40566759_rs56282503,15,rs56282503,40566759,6.628e-10,-0.0557030028762507,7,0.03113717490374272,ENSG00000140323,DISP2,protein_coding,208540,22,0,1,0.4251450300216675,17.747668887115505,1,0.9999974433296888,6,1
SCZ_LOC_15_40566759_rs56282503,15,rs56282503,40566759,6.628e-10,-0.0557030028762507,8,0.029349542113685564,ENSG00000259536,ENSG00000259536,lncRNA,78720,5,0,1,0.7161338329315186,4.613446665733976,0,0.0,0,0
SCZ_LOC_15_40566759_rs56282503,15,rs56282503,40566759,6.628e-10,-0.0557030028762507,9,0.003753171457018686,ENSG00000176753,PAK6-AS1,lncRNA,313790,43,0,0,0.0,-0.0,1,0.9999962761588104,14,0
SCZ_LOC_15_40566759_rs56282503,15,rs56282503,40566759,6.628e-10,-0.0557030028762507,10,-0.23470492306989113,ENSG00000137812,KNL1,protein_coding,27261,3,0,0,0.0,-0.0,1,0.9999968454161478,4,0
SCZ_LOC_15_40566759_rs56282503,15,rs56282503,40566759,6.628e-10,-0.0557030028762507,11,-0.2437486421134703,ENSG00000259330,INAFM2,protein_coding,243067,30,0,1,0.8542901873588562,4.875725243303577,1,0.9999999953709762,16,1
SCZ_LOC_15_40566759_rs56282503,15,rs56282503,40566759,6.628e-10,-0.0557030028762507,12,-0.3527619891859916,ENSG00000261183,SPINT1-AS1,lncRNA,277877,37,0,1,0.7447419762611389,4.605053090038174,0,0.0,0,0
SCZ_LOC_15_40566759_rs56282503,15,rs56282503,40566759,6.628e-10,-0.0557030028762507,13,-0.433856181148916,ENSG00000166140,ZFYVE19,protein_coding,240327,28,0,1,0.20740129053592682,4.842896568999973,1,0.9998781795924546,2,1
SCZ_LOC_15_40566759_rs56282503,15,rs56282503,40566759,6.628e-10,-0.0557030028762507,14,-0.48835254581921067,ENSG00000137843,PAK6,protein_coding,349331,49,0,1,0.15605120360851288,7.72716303444841,1,0.9999872861652668,12,1
SCZ_LOC_15_40566759_rs56282503,15,rs56282503,40566759,6.628e-10,-0.0557030028762507,15,-0.5135450959329763,ENSG00000137880,GCHFR,protein_coding,197309,19,0,1,1.6162766218185425,5.457012540637365,1,0.9999980294688036,5,1
SCZ_LOC_15_40566759_rs56282503,15,rs56282503,40566759,6.628e-10,-0.0557030028762507,16,-0.5137295220806121,ENSG00000128944,KNSTRN,protein_coding,184038,16,0,1,1.5112618207931519,64.74780833865385,1,0.999986989475676,9,1
SCZ_LOC_15_40566759_rs56282503,15,rs56282503,40566759,6.628e-10,-0.0557030028762507,17,-0.5683129299989472,ENSG00000259288,BUB1B-PAK6,protein_coding,348259,48,0,0,0.0,-0.0,1,0.99999835323785,3,0
SCZ_LOC_15_40566759_rs56282503,15,rs56282503,40566759,6.628e-10,-0.0557030028762507,18,-0.5805320732548167,ENSG00000128917,DLL4,protein_coding,362581,51,0,1,0.955929160118103,5.996751990684777,1,0.9999994908929276,17,1
SCZ_LOC_15_40566759_rs56282503,15,rs56282503,40566759,6.628e-10,-0.0557030028762507,19,-0.6146101530363752,ENSG00000104081,BMF,protein_coding,457867,63,0,0,0.0,-0.0,1,0.9999999984726264,16,0
SCZ_LOC_15_40566759_rs56282503,15,rs56282503,40566759,6.628e-10,-0.0557030028762507,20,-0.7288524308064896,ENSG00000156970,BUB1B,protein_coding,405736,58,0,0,0.0,-0.0,1,0.9999932687043768,10,0
SCZ_LOC_15_40566759_rs56282503,15,rs56282503,40566759,6.628e-10,-0.0557030028762507,21,-0.7693060457059896,ENSG00000188277,C15orf62,protein_coding,203221,21,0,1,1.2404539585113525,4.915974151407499,1,0.9999949798120744,3,1
SCZ_LOC_15_40566759_rs56282503,15,rs56282503,40566759,6.628e-10,-0.0557030028762507,22,-0.7826247460994951,ENSG00000104140,RHOV,protein_coding,307475,42,0,1,0.6756273508071899,21.479300517537762,1,0.9999998972159992,10,1
SCZ_LOC_15_40566759_rs56282503,15,rs56282503,40566759,6.628e-10,-0.0557030028762507,23,-0.7842033792823105,ENSG00000140320,BAHD1,protein_coding,127038,12,0,0,0.0,-0.0,1,0.9999944614005226,4,0
SCZ_LOC_15_40566759_rs56282503,15,rs56282503,40566759,6.628e-10,-0.0557030028762507,24,-0.8036449873700134,ENSG00000128965,CHAC1,protein_coding,386203,55,0,0,0.0,-0.0,1,0.9999811483130708,7,0
SCZ_LOC_15_40566759_rs56282503,15,rs56282503,40566759,6.628e-10,-0.0557030028762507,25,-0.9194131253549727,ENSG00000289148,ENSG00000289148,lncRNA,208622,23,0,1,1.3971729278564453,5.2054573157196495,0,0.0,0,0
SCZ_LOC_15_40566759_rs56282503,15,rs56282503,40566759,6.628e-10,-0.0557030028762507,26,-1.0040906597279418,ENSG00000128928,IVD,protein_coding,161274,15,0,1,0.6999896764755249,22.234367697095994,1,0.9999227768516908,4,1
SCZ_LOC_15_40566759_rs56282503,15,rs56282503,40566759,6.628e-10,-0.0557030028762507,27,-1.007386406750025,ENSG00000166145,SPINT1,protein_coding,277259,36,0,1,0.8864002823829651,4.470080691415851,1,0.9999941907406982,9,1
SCZ_LOC_15_40566759_rs56282503,15,rs56282503,40566759,6.628e-10,-0.0557030028762507,28,-1.0383804884451324,ENSG00000248508,SRP14-DT,lncRNA,527517,67,0,1,0.5959900617599487,23.60091607946234,1,0.9999920490413438,11,1
SCZ_LOC_15_40566759_rs56282503,15,rs56282503,40566759,6.628e-10,-0.0557030028762507,29,-1.08441338308103,ENSG00000104142,VPS18,protein_coding,327691,44,0,0,0.0,-0.0,1,0.9999713801516236,3,0
SCZ_LOC_15_40566759_rs56282503,15,rs56282503,40566759,6.628e-10,-0.0557030028762507,30,-1.1607445540309476,ENSG00000273855,ENSG00000273855,lncRNA,280850,38,0,1,0.4626837372779846,9.865387871284623,0,0.0,0,0
SCZ_LOC_15_40566759_rs56282503,15,rs56282503,40566759,6.628e-10,-0.0557030028762507,31,-1.1757549250108297,ENSG00000128908,INO80,protein_coding,549521,68,0,0,0.0,-0.0,1,0.9999833256727282,4,0
SCZ_LOC_15_40566759_rs56282503,15,rs56282503,40566759,6.628e-10,-0.0557030028762507,32,-1.249469708693596,ENSG00000259211,ENSG00000259211,lncRNA,100033,9,0,1,0.34281426668167114,4.814690558534162,0,0.0,0,0
SCZ_LOC_15_40566759_rs56282503,15,rs56282503,40566759,6.628e-10,-0.0557030028762507,33,-1.2540343757531405,ENSG00000051180,RAD51,protein_coding,128015,13,0,1,1.5422918796539307,5.5068020237507715,1,0.9999827932933922,2,1
SCZ_LOC_15_40566759_rs56282503,15,rs56282503,40566759,6.628e-10,-0.0557030028762507,34,-1.2569000697833388,ENSG00000251161,ENSG00000251161,lncRNA,339789,46,0,1,1.7587684392929077,6.116816273527875,0,0.0,0,0
SCZ_LOC_15_40566759_rs56282503,15,rs56282503,40566759,6.628e-10,-0.0557030028762507,35,-1.3812651820341078,ENSG00000233041,PHGR1,protein_coding,215726,24,0,0,0.0,-0.0,1,0.9999999974454844,4,0
SCZ_LOC_15_40566759_rs56282503,15,rs56282503,40566759,6.628e-10,-0.0557030028762507,36,-1.5149118117906202,ENSG00000104129,DNAJC17,protein_coding,240719,29,0,0,0.0,-0.0,1,0.9998872262818967,2,0
SCZ_LOC_15_40566759_rs56282503,15,rs56282503,40566759,6.628e-10,-0.0557030028762507,37,-1.6188311481007516,ENSG00000259254,ENSG00000259254,lncRNA,76174,4,0,0,0.0,-0.0,0,0.0,0,0
SCZ_LOC_15_40566759_rs56282503,15,rs56282503,40566759,6.628e-10,-0.0557030028762507,38,-1.6826299639302331,ENSG00000302612,ENSG00000302612,lncRNA,94954,7,0,0,0.0,-0.0,0,0.0,0,0
SCZ_LOC_15_40566759_rs56282503,15,rs56282503,40566759,6.628e-10,-0.0557030028762507,38,-1.6826299639302331,ENSG00000308197,ENSG00000308197,lncRNA,80427,6,0,0,0.0,-0.0,0,0.0,0,0
SCZ_LOC_15_40566759_rs56282503,15,rs56282503,40566759,6.628e-10,-0.0557030028762507,40,-1.7185769731990654,ENSG00000245849,RAD51-AS1,lncRNA,128369,14,0,1,0.7564217448234558,5.4207375879546325,1,0.9999842446240722,2,1
SCZ_LOC_15_40566759_rs56282503,15,rs56282503,40566759,6.628e-10,-0.0557030028762507,41,-1.7680330201753354,ENSG00000259364,ENSG00000259364,lncRNA,112120,10,0,0,0.0,-0.0,0,0.0,0,0
SCZ_LOC_15_40566759_rs56282503,15,rs56282503,40566759,6.628e-10,-0.0557030028762507,42,-1.7789953744683924,ENSG00000137824,RMDN3,protein_coding,189092,17,0,1,1.691548228263855,8.034476117464427,1,0.9999976141253554,3,1
SCZ_LOC_15_40566759_rs56282503,15,rs56282503,40566759,6.628e-10,-0.0557030028762507,43,-1.8971034812489682,ENSG00000274798,ENSG00000274798,lncRNA,306672,41,0,0,0.0,-0.0,0,0.0,0,0
SCZ_LOC_15_40566759_rs56282503,15,rs56282503,40566759,6.628e-10,-0.0557030028762507,44,-1.9152529444658073,ENSG00000298434,ENSG00000298434,lncRNA,126433,11,0,0,0.0,-0.0,0,0.0,0,0
SCZ_LOC_15_40566759_rs56282503,15,rs56282503,40566759,6.628e-10,-0.0557030028762507,45,-1.945600623323249,ENSG00000273786,ENSG00000273786,lncRNA,340373,47,0,0,0.0,-0.0,0,0.0,0,0
SCZ_LOC_15_40566759_rs56282503,15,rs56282503,40566759,6.628e-10,-0.0557030028762507,45,-1.945600623323249,ENSG00000260648,ENSG00000260648,lncRNA,334677,45,0,0,0.0,-0.0,0,0.0,0,0
SCZ_LOC_15_40566759_rs56282503,15,rs56282503,40566759,6.628e-10,-0.0557030028762507,45,-1.945600623323249,ENSG00000293738,ENSG00000293738,lncRNA,373851,53,0,0,0.0,-0.0,0,0.0,0,0
SCZ_LOC_15_40566759_rs56282503,15,rs56282503,40566759,6.628e-10,-0.0557030028762507,45,-1.945600623323249,ENSG00000303220,ENSG00000303220,lncRNA,365989,52,0,0,0.0,-0.0,0,0.0,0,0
SCZ_LOC_15_40566759_rs56282503,15,rs56282503,40566759,6.628e-10,-0.0557030028762507,45,-1.945600623323249,ENSG00000305441,ENSG00000305441,lncRNA,361748,50,0,0,0.0,-0.0,0,0.0,0,0
SCZ_LOC_15_40566759_rs56282503,15,rs56282503,40566759,6.628e-10,-0.0557030028762507,50,-1.9461465047403361,ENSG00000299376,ENSG00000299376,lncRNA,291922,40,0,0,0.0,-0.0,0,0.0,0,0
SCZ_LOC_15_40566759_rs56282503,15,rs56282503,40566759,6.628e-10,-0.0557030028762507,51,-1.9643629619545162,ENSG00000259617,ENSG00000259617,lncRNA,432515,59,0,0,0.0,-0.0,0,0.0,0,0
SCZ_LOC_15_40566759_rs56282503,15,rs56282503,40566759,6.628e-10,-0.0557030028762507,51,-1.9643629619545162,ENSG00000259463,ENSG00000259463,lncRNA,444838,60,0,0,0.0,-0.0,0,0.0,0,0
SCZ_LOC_15_40566759_rs56282503,15,rs56282503,40566759,6.628e-10,-0.0557030028762507,51,-1.9643629619545162,ENSG00000259521,INO80-AS1,lncRNA,450048,61,0,0,0.0,-0.0,0,0.0,0,0
SCZ_LOC_15_40566759_rs56282503,15,rs56282503,40566759,6.628e-10,-0.0557030028762507,51,-1.9643629619545162,ENSG00000280036,ENSG00000280036,lncRNA,452084,62,0,0,0.0,-0.0,0,0.0,0,0
SCZ_LOC_15_40566759_rs56282503,15,rs56282503,40566759,6.628e-10,-0.0557030028762507,51,-1.9643629619545162,ENSG00000303560,ENSG00000303560,lncRNA,395730,57,0,0,0.0,-0.0,0,0.0,0,0
SCZ_LOC_15_40566759_rs56282503,15,rs56282503,40566759,6.628e-10,-0.0557030028762507,51,-1.9643629619545162,ENSG00000308906,ENSG00000308906,lncRNA,385835,54,0,0,0.0,-0.0,0,0.0,0,0
SCZ_LOC_15_40566759_rs56282503,15,rs56282503,40566759,6.628e-10,-0.0557030028762507,51,-1.9643629619545162,ENSG00000259584,ENSG00000259584,lncRNA,484940,66,0,0,0.0,-0.0,0,0.0,0,0
SCZ_LOC_15_40566759_rs56282503,15,rs56282503,40566759,6.628e-10,-0.0557030028762507,51,-1.9643629619545162,ENSG00000297308,ENSG00000297308,lncRNA,484857,65,0,0,0.0,-0.0,0,0.0,0,0
SCZ_LOC_15_40566759_rs56282503,15,rs56282503,40566759,6.628e-10,-0.0557030028762507,51,-1.9643629619545162,ENSG00000259409,BMF-AS1,lncRNA,477927,64,0,0,0.0,-0.0,0,0.0,0,0
SCZ_LOC_15_40566759_rs56282503,15,rs56282503,40566759,6.628e-10,-0.0557030028762507,51,-1.9643629619545162,ENSG00000293759,ENSG00000293759,lncRNA,386483,56,0,0,0.0,-0.0,0,0.0,0,0
SCZ_LOC_15_40566759_rs56282503,15,rs56282503,40566759,6.628e-10,-0.0557030028762507,61,-1.9906063789324089,ENSG00000259368,ENSG00000259368,lncRNA,197119,18,0,0,0.0,-0.0,0,0.0,0,0
SCZ_LOC_15_40566759_rs56282503,15,rs56282503,40566759,6.628e-10,-0.0557030028762507,61,-1.9906063789324089,ENSG00000310466,ENSG00000310466,lncRNA,197563,20,0,0,0.0,-0.0,0,0.0,0,0
SCZ_LOC_15_40566759_rs56282503,15,rs56282503,40566759,6.628e-10,-0.0557030028762507,63,-2.0191663195149436,ENSG00000305947,ENSG00000305947,lncRNA,236107,27,0,0,0.0,-0.0,0,0.0,0,0
SCZ_LOC_15_40566759_rs56282503,15,rs56282503,40566759,6.628e-10,-0.0557030028762507,64,-2.049388979382339,ENSG00000259307,PLCB2-AS1,lncRNA,266089,35,0,0,0.0,-0.0,0,0.0,0,0
SCZ_LOC_15_40566759_rs56282503,15,rs56282503,40566759,6.628e-10,-0.0557030028762507,64,-2.049388979382339,ENSG00000166143,PPP1R14D,protein_coding,261950,34,0,0,0.0,-0.0,0,0.0,0,0
SCZ_LOC_15_40566759_rs56282503,15,rs56282503,40566759,6.628e-10,-0.0557030028762507,66,-2.071027943109276,ENSG00000259198,ENSG00000259198,lncRNA,254144,32,0,0,0.0,-0.0,0,0.0,0,0
SCZ_LOC_15_40566759_rs56282503,15,rs56282503,40566759,6.628e-10,-0.0557030028762507,66,-2.071027943109276,ENSG00000297602,ENSG00000297602,lncRNA,243366,31,0,0,0.0,-0.0,0,0.0,0,0
SCZ_LOC_15_40566759_rs56282503,15,rs56282503,40566759,6.628e-10,-0.0557030028762507,68,-2.0821970675151693,ENSG00000307080,ENSG00000307080,lncRNA,223556,25,0,0,0.0,-0.0,0,0.0,0,0
SCZ_LOC_15_44250313_rs2929278,15,rs2929278,44250313,6.006e-11,0.056900047132812,1,0.7220779179227007,ENSG00000171877,FRMD5,protein_coding,55042,3,0,0,0.0,-0.0,1,0.9999988534948744,7,0
SCZ_LOC_15_44250313_rs2929278,15,rs2929278,44250313,6.006e-11,0.056900047132812,2,0.5237370995263119,ENSG00000289277,ENSG00000289277,lncRNA,38342,1,1,0,0.0,-0.0,0,0.0,0,0
SCZ_LOC_15_44250313_rs2929278,15,rs2929278,44250313,6.006e-11,0.056900047132812,3,-0.16588629646401573,ENSG00000128886,ELL3,protein_coding,472998,20,0,1,0.3068416118621826,3.974693006918015,1,0.9999998236488256,5,1
SCZ_LOC_15_44250313_rs2929278,15,rs2929278,44250313,6.006e-11,0.056900047132812,4,-0.35801628200962365,ENSG00000166734,GOLM2,protein_coding,38406,2,0,0,0.0,-0.0,1,0.9999858759988652,2,0
SCZ_LOC_15_44250313_rs2929278,15,rs2929278,44250313,6.006e-11,0.056900047132812,5,-0.398509196834768,ENSG00000166710,B2M,protein_coding,461045,18,0,0,0.0,-0.0,1,0.999994445834357,5,0
SCZ_LOC_15_44250313_rs2929278,15,rs2929278,44250313,6.006e-11,0.056900047132812,6,-0.4666159980837674,ENSG00000179523,EIF3J-DT,lncRNA,286775,8,0,0,0.0,-0.0,1,0.9999945853571528,3,0
SCZ_LOC_15_44250313_rs2929278,15,rs2929278,44250313,6.006e-11,0.056900047132812,7,-0.5673886565662161,ENSG00000140259,MFAP1,protein_coding,425623,13,0,0,0.0,-0.0,1,0.9999981951776218,2,0
SCZ_LOC_15_44250313_rs2929278,15,rs2929278,44250313,6.006e-11,0.056900047132812,8,-0.5769741484453659,ENSG00000137770,CTDSPL2,protein_coding,177309,6,0,0,0.0,-0.0,1,0.999990085793635,2,0
SCZ_LOC_15_44250313_rs2929278,15,rs2929278,44250313,6.006e-11,0.056900047132812,9,-0.8479119660139223,ENSG00000104133,SPG11,protein_coding,413375,11,0,1,1.5258443355560303,7.422967770738599,1,0.9999925105644952,4,1
SCZ_LOC_15_44250313_rs2929278,15,rs2929278,44250313,6.006e-11,0.056900047132812,10,-0.9029449332271816,ENSG00000104131,EIF3J,protein_coding,286812,9,0,0,0.0,-0.0,1,0.9999824930904372,3,0
SCZ_LOC_15_44250313_rs2929278,15,rs2929278,44250313,6.006e-11,0.056900047132812,11,-0.9630422023025645,ENSG00000167004,PDIA3,protein_coding,503919,23,0,0,0.0,-0.0,1,0.9999947170042944,3,0
SCZ_LOC_15_44250313_rs2929278,15,rs2929278,44250313,6.006e-11,0.056900047132812,12,-1.0142799015568862,ENSG00000242028,HYPK,protein_coding,454171,16,0,0,0.0,-0.0,1,0.9999900232814428,2,0
SCZ_LOC_15_44250313_rs2929278,15,rs2929278,44250313,6.006e-11,0.056900047132812,13,-1.1398441098491925,ENSG00000140264,SERF2,protein_coding,473226,21,0,0,0.0,-0.0,1,0.9999839126377574,3,0
SCZ_LOC_15_44250313_rs2929278,15,rs2929278,44250313,6.006e-11,0.056900047132812,14,-1.1489811787910935,ENSG00000184716,SERINC4,protein_coding,450093,14,0,0,0.0,-0.0,1,0.9999763129315068,2,0
SCZ_LOC_15_44250313_rs2929278,15,rs2929278,44250313,6.006e-11,0.056900047132812,15,-1.6203562395338642,ENSG00000185880,TRIM69,protein_coding,478675,22,0,1,1.354703426361084,26.80486843086799,0,0.0,0,0
SCZ_LOC_15_44250313_rs2929278,15,rs2929278,44250313,6.006e-11,0.056900047132812,16,-1.6770969001314477,ENSG00000259499,ENSG00000259499,lncRNA,140138,4,0,0,0.0,-0.0,0,0.0,0,0
SCZ_LOC_15_44250313_rs2929278,15,rs2929278,44250313,6.006e-11,0.056900047132812,16,-1.6770969001314477,ENSG00000259595,CTDSPL2-DT,lncRNA,176831,5,0,0,0.0,-0.0,0,0.0,0,0
SCZ_LOC_15_44250313_rs2929278,15,rs2929278,44250313,6.006e-11,0.056900047132812,18,-1.7735132166282523,ENSG00000259563,ENSG00000259563,lncRNA,267170,7,0,0,0.0,-0.0,0,0.0,0,0
SCZ_LOC_15_44250313_rs2929278,15,rs2929278,44250313,6.006e-11,0.056900047132812,19,-1.8340216949721748,ENSG00000259659,ENSG00000259659,lncRNA,307516,10,0,0,0.0,-0.0,0,0.0,0,0
SCZ_LOC_15_44250313_rs2929278,15,rs2929278,44250313,6.006e-11,0.056900047132812,20,-1.9943207518870074,ENSG00000092470,WDR76,protein_coding,423333,12,0,1,1.3325021266937256,4.492659539929189,1,0.9999995756987134,4,1
SCZ_LOC_15_44250313_rs2929278,15,rs2929278,44250313,6.006e-11,0.056900047132812,21,-2.089244400323456,ENSG00000262560,ENSG00000262560,protein_coding,451180,15,0,0,0.0,-0.0,0,0.0,0,0
SCZ_LOC_15_44250313_rs2929278,15,rs2929278,44250313,6.006e-11,0.056900047132812,21,-2.089244400323456,ENSG00000229474,PATL2,protein_coding,461010,17,0,0,0.0,-0.0,0,0.0,0,0
SCZ_LOC_15_44250313_rs2929278,15,rs2929278,44250313,6.006e-11,0.056900047132812,21,-2.089244400323456,ENSG00000294961,ENSG00000294961,lncRNA,467832,19,0,0,0.0,-0.0,0,0.0,0,0
SCZ_LOC_15_59042012_rs653765,15,rs653765,59042012,3.092e-09,0.0497040321791155,1,-0.048270868906719416,ENSG00000157456,CCNB2,protein_coding,63114,2,0,1,0.7793847918510437,5.984417035694352,1,0.9999957581968506,13,1
SCZ_LOC_15_59042012_rs653765,15,rs653765,59042012,3.092e-09,0.0497040321791155,2,-0.21321023030054845,ENSG00000157450,RNF111,protein_coding,176837,9,0,0,0.0,-0.0,1,0.9999209310643106,2,0
SCZ_LOC_15_59042012_rs653765,15,rs653765,59042012,3.092e-09,0.0497040321791155,3,-0.36889224190509706,ENSG00000137776,SLTM,protein_coding,108333,5,0,0,0.0,-0.0,1,0.9999989287562748,3,0
SCZ_LOC_15_59042012_rs653765,15,rs653765,59042012,3.092e-09,0.0497040321791155,4,-0.5341241295822811,ENSG00000288745,ENSG00000288745,lncRNA,28024,1,1,0,0.0,-0.0,0,0.0,0,0
SCZ_LOC_15_59042012_rs653765,15,rs653765,59042012,3.092e-09,0.0497040321791155,5,-0.7328997863078327,ENSG00000157470,FAM81A,protein_coding,330681,17,0,1,0.13724631071090698,7.707851654661901,1,0.9999843482862292,10,1
SCZ_LOC_15_59042012_rs653765,15,rs653765,59042012,3.092e-09,0.0497040321791155,6,-0.8536917428039341,ENSG00000157483,MYO1E,protein_coding,330859,18,0,0,0.0,-0.0,1,0.9999918427422904,4,0
SCZ_LOC_15_59042012_rs653765,15,rs653765,59042012,3.092e-09,0.0497040321791155,7,-0.9791648200465326,ENSG00000128923,MINDY2,protein_coding,270820,13,0,1,0.6304070353507996,12.133281153280027,1,0.9999997231029246,3,1
SCZ_LOC_15_59042012_rs653765,15,rs653765,59042012,3.092e-09,0.0497040321791155,8,-1.0931997264538995,ENSG00000259732,ENSG00000259732,lncRNA,79022,4,0,1,0.3991386890411377,6.2549077536449325,0,0.0,0,0
SCZ_LOC_15_59042012_rs653765,15,rs653765,59042012,3.092e-09,0.0497040321791155,9,-1.1035290305246717,ENSG00000245975,MINDY2-DT,lncRNA,269892,12,0,1,1.166772723197937,12.133668494707356,0,0.0,0,0
SCZ_LOC_15_59042012_rs653765,15,rs653765,59042012,3.092e-09,0.0497040321791155,10,-1.140602278916051,ENSG00000137845,ADAM10,protein_coding,292221,15,0,1,0.5166289806365967,7.056788479105912,1,0.9999840907278518,3,1
SCZ_LOC_15_59042012_rs653765,15,rs653765,59042012,3.092e-09,0.0497040321791155,11,-1.401727897449376,ENSG00000304104,ENSG00000304104,lncRNA,513893,22,0,0,0.0,-0.0,0,0.0,0,0
SCZ_LOC_15_59042012_rs653765,15,rs653765,59042012,3.092e-09,0.0497040321791155,12,-1.523470687722417,ENSG00000277144,ENSG00000277144,lncRNA,74077,3,0,0,0.0,-0.0,0,0.0,0,0
SCZ_LOC_15_59042012_rs653765,15,rs653765,59042012,3.092e-09,0.0497040321791155,13,-1.68730056795403,ENSG00000166035,LIPC,protein_coding,631443,23,0,0,0.0,-0.0,0,0.0,0,0
SCZ_LOC_15_59042012_rs653765,15,rs653765,59042012,3.092e-09,0.0497040321791155,14,-1.740895715960929,ENSG00000225798,ENSG00000225798,lncRNA,152045,6,0,0,0.0,-0.0,0,0.0,0,0
SCZ_LOC_15_59042012_rs653765,15,rs653765,59042012,3.092e-09,0.0497040321791155,14,-1.740895715960929,ENSG00000171989,LDHAL6B,protein_coding,164831,7,0,0,0.0,-0.0,0,0.0,0,0
SCZ_LOC_15_59042012_rs653765,15,rs653765,59042012,3.092e-09,0.0497040321791155,16,-1.8504472177962195,ENSG00000259353,ENSG00000259353,lncRNA,176236,8,0,0,0.0,-0.0,0,0.0,0,0
SCZ_LOC_15_59042012_rs653765,15,rs653765,59042012,3.092e-09,0.0497040321791155,17,-1.894233842869436,ENSG00000259402,ENSG00000259402,lncRNA,226740,10,0,0,0.0,-0.0,0,0.0,0,0
SCZ_LOC_15_59042012_rs653765,15,rs653765,59042012,3.092e-09,0.0497040321791155,18,-2.0414537671599073,ENSG00000259771,ENSG00000259771,lncRNA,229150,11,0,0,0.0,-0.0,0,0.0,0,0
SCZ_LOC_15_59042012_rs653765,15,rs653765,59042012,3.092e-09,0.0497040321791155,19,-2.0598069904417207,ENSG00000259735,ENSG00000259735,lncRNA,317877,16,0,0,0.0,-0.0,0,0.0,0,0
SCZ_LOC_15_59042012_rs653765,15,rs653765,59042012,3.092e-09,0.0497040321791155,20,-2.070482061692189,ENSG00000306875,ENSG00000306875,lncRNA,368600,19,0,0,0.0,-0.0,0,0.0,0,0
SCZ_LOC_15_59042012_rs653765,15,rs653765,59042012,3.092e-09,0.0497040321791155,21,-2.071027943109276,ENSG00000286897,ENSG00000286897,lncRNA,292089,14,0,0,0.0,-0.0,0,0.0,0,0
SCZ_LOC_15_59042012_rs653765,15,rs653765,59042012,3.092e-09,0.0497040321791155,22,-2.089244400323456,ENSG00000259250,ENSG00000259250,lncRNA,454505,20,0,0,0.0,-0.0,0,0.0,0,0
SCZ_LOC_15_59042012_rs653765,15,rs653765,59042012,3.092e-09,0.0497040321791155,22,-2.089244400323456,ENSG00000304125,ENSG00000304125,lncRNA,483762,21,0,0,0.0,-0.0,0,0.0,0,0
SCZ_LOC_15_78934551_rs3813567,15,rs3813567,78934551,1.422e-15,-0.0707980713087154,1,1.5554517966692962,ENSG00000103811,CTSH,protein_coding,15023,1,1,1,1.1826508045196533,10.201190395383977,1,0.9999992902162812,23,1
SCZ_LOC_15_78934551_rs3813567,15,rs3813567,78934551,1.422e-15,-0.0707980713087154,2,0.7433155466873363,ENSG00000058335,RASGRF1,protein_coding,156229,6,0,1,1.0065765380859375,5.855525547050476,1,0.99999583871259,18,1
SCZ_LOC_15_78934551_rs3813567,15,rs3813567,78934551,1.422e-15,-0.0707980713087154,3,0.2831094971335942,ENSG00000117971,CHRNB4,protein_coding,206797,9,0,0,0.0,-0.0,1,0.9999999968999124,11,0
SCZ_LOC_15_78934551_rs3813567,15,rs3813567,78934551,1.422e-15,-0.0707980713087154,4,0.26386723332669654,ENSG00000136378,ADAMTS7,protein_coding,123087,3,0,1,0.5120711922645569,14.357361551425873,1,0.9999935327804664,17,1
SCZ_LOC_15_78934551_rs3813567,15,rs3813567,78934551,1.422e-15,-0.0707980713087154,5,-0.23123276259076134,ENSG00000185787,MORF4L1,protein_coding,124064,4,0,1,0.23376895487308502,8.864291020034434,1,0.9999618664786196,4,1
SCZ_LOC_15_78934551_rs3813567,15,rs3813567,78934551,1.422e-15,-0.0707980713087154,6,-0.3067395785582445,ENSG00000169684,CHRNA5,protein_coding,369031,17,0,1,1.5611604452133179,42.32295444088999,1,0.9999960730440898,8,1
SCZ_LOC_15_78934551_rs3813567,15,rs3813567,78934551,1.422e-15,-0.0707980713087154,7,-0.36673279573269874,ENSG00000235711,ANKRD34C,protein_coding,348171,15,0,0,0.0,-0.0,1,0.9999996859165796,8,0
SCZ_LOC_15_78934551_rs3813567,15,rs3813567,78934551,1.422e-15,-0.0707980713087154,8,-0.4891145861640122,ENSG00000169330,MINAR1,protein_coding,497785,28,0,0,0.0,-0.0,1,0.999994543318365,19,0
SCZ_LOC_15_78934551_rs3813567,15,rs3813567,78934551,1.422e-15,-0.0707980713087154,9,-0.49121605445609656,ENSG00000080644,CHRNA3,protein_coding,313256,12,0,0,0.0,-0.0,1,0.9999999974768228,10,0
SCZ_LOC_15_78934551_rs3813567,15,rs3813567,78934551,1.422e-15,-0.0707980713087154,10,-0.6652373572358296,ENSG00000259234,ANKRD34C-AS1,lncRNA,349416,16,0,1,0.21237337589263916,15.808563259139612,1,0.9999997850037948,6,1
SCZ_LOC_15_78934551_rs3813567,15,rs3813567,78934551,1.422e-15,-0.0707980713087154,11,-0.9340180610284661,ENSG00000136381,IREB2,protein_coding,497120,27,0,0,0.0,-0.0,1,0.9999813549565788,2,0
SCZ_LOC_15_78934551_rs3813567,15,rs3813567,78934551,1.422e-15,-0.0707980713087154,12,-0.9762208786221043,ENSG00000166557,TMED3,protein_coding,376561,18,0,1,0.9586368799209595,5.205681420790109,1,0.9999799692986986,4,1
SCZ_LOC_15_78934551_rs3813567,15,rs3813567,78934551,1.422e-15,-0.0707980713087154,13,-0.9988434917751299,ENSG00000188266,HYKK,protein_coding,426987,23,0,1,1.4194719791412354,10.20744030945932,1,0.999989566843445,3,1
SCZ_LOC_15_78934551_rs3813567,15,rs3813567,78934551,1.422e-15,-0.0707980713087154,14,-1.089924155354987,ENSG00000041357,PSMA4,protein_coding,394146,20,0,1,0.384797066450119,7.64634066371851,1,0.999986252878631,2,1
SCZ_LOC_15_78934551_rs3813567,15,rs3813567,78934551,1.422e-15,-0.0707980713087154,15,-1.1856994370977578,ENSG00000177699,ENSG00000177699,lncRNA,44338,2,0,0,0.0,-0.0,0,0.0,0,0
SCZ_LOC_15_78934551_rs3813567,15,rs3813567,78934551,1.422e-15,-0.0707980713087154,16,-1.6770969001314477,ENSG00000300669,ENSG00000300669,lncRNA,155484,5,0,0,0.0,-0.0,0,0.0,0,0
SCZ_LOC_15_78934551_rs3813567,15,rs3813567,78934551,1.422e-15,-0.0707980713087154,17,-1.740895715960929,ENSG00000300683,ENSG00000300683,lncRNA,157011,7,0,0,0.0,-0.0,0,0.0,0,0
SCZ_LOC_15_78934551_rs3813567,15,rs3813567,78934551,1.422e-15,-0.0707980713087154,18,-1.7597968438511047,ENSG00000290426,ENSG00000290426,lncRNA,273907,10,0,0,0.0,-0.0,0,0.0,0,0
SCZ_LOC_15_78934551_rs3813567,15,rs3813567,78934551,1.422e-15,-0.0707980713087154,19,-1.8504472177962195,ENSG00000290424,ENSG00000290424,lncRNA,182444,8,0,0,0.0,-0.0,0,0.0,0,0
SCZ_LOC_15_78934551_rs3813567,15,rs3813567,78934551,1.422e-15,-0.0707980713087154,20,-2.030284642754014,ENSG00000292375,ENSG00000292375,lncRNA,274852,11,0,0,0.0,-0.0,0,0.0,0,0
SCZ_LOC_15_78934551_rs3813567,15,rs3813567,78934551,1.422e-15,-0.0707980713087154,21,-2.0598069904417207,ENSG00000259555,ENSG00000259555,lncRNA,314450,13,0,0,0.0,-0.0,0,0.0,0,0
SCZ_LOC_15_78934551_rs3813567,15,rs3813567,78934551,1.422e-15,-0.0707980713087154,22,-2.070482061692189,ENSG00000261762,ENSG00000261762,lncRNA,343275,14,0,0,0.0,-0.0,0,0.0,0,0
SCZ_LOC_15_78934551_rs3813567,15,rs3813567,78934551,1.422e-15,-0.0707980713087154,23,-2.089244400323456,ENSG00000259474,ENSG00000259474,lncRNA,452731,26,0,0,0.0,-0.0,0,0.0,0,0
SCZ_LOC_15_78934551_rs3813567,15,rs3813567,78934551,1.422e-15,-0.0707980713087154,23,-2.089244400323456,ENSG00000287408,ENSG00000287408,lncRNA,402726,22,0,0,0.0,-0.0,0,0.0,0,0
SCZ_LOC_15_78934551_rs3813567,15,rs3813567,78934551,1.422e-15,-0.0707980713087154,23,-2.089244400323456,ENSG00000297264,ENSG00000297264,lncRNA,394206,21,0,0,0.0,-0.0,0,0.0,0,0
SCZ_LOC_15_78934551_rs3813567,15,rs3813567,78934551,1.422e-15,-0.0707980713087154,23,-2.089244400323456,ENSG00000297479,ENSG00000297479,lncRNA,393848,19,0,0,0.0,-0.0,0,0.0,0,0
SCZ_LOC_15_78934551_rs3813567,15,rs3813567,78934551,1.422e-15,-0.0707980713087154,23,-2.089244400323456,ENSG00000299434,ENSG00000299434,lncRNA,441073,25,0,0,0.0,-0.0,0,0.0,0,0
SCZ_LOC_15_78934551_rs3813567,15,rs3813567,78934551,1.422e-15,-0.0707980713087154,23,-2.089244400323456,ENSG00000289561,ENSG00000289561,lncRNA,438076,24,0,0,0.0,-0.0,0,0.0,0,0
SCZ_LOC_15_83366296_rs10906984,15,rs10906984,83366296,8.035e-11,0.0491044005063081,1,0.9845539521727936,ENSG00000169594,BNC1,protein_coding,81632,4,0,0,0.0,-0.0,1,0.9999910424950404,10,0
SCZ_LOC_15_83366296_rs10906984,15,rs10906984,83366296,8.035e-11,0.0491044005063081,2,0.6420286250252769,ENSG00000294083,ENSG00000294083,lncRNA,2420,1,1,0,0.0,-0.0,0,0.0,0,0
SCZ_LOC_15_83366296_rs10906984,15,rs10906984,83366296,8.035e-11,0.0491044005063081,3,0.5906443389878678,ENSG00000294066,ENSG00000294066,lncRNA,17764,2,0,0,0.0,-0.0,0,0.0,0,0
SCZ_LOC_15_83366296_rs10906984,15,rs10906984,83366296,8.035e-11,0.0491044005063081,4,0.47198879858849024,ENSG00000140600,SH3GL3,protein_coding,80932,3,0,1,0.5162747502326965,4.34678445211932,1,0.999990409276332,7,1
SCZ_LOC_15_83366296_rs10906984,15,rs10906984,83366296,8.035e-11,0.0491044005063081,5,0.1290698211366229,ENSG00000136404,TM6SF1,protein_coding,258724,10,0,1,0.3594144284725189,4.38952876710753,1,0.9999999976073202,9,1
SCZ_LOC_15_83366296_rs10906984,15,rs10906984,83366296,8.035e-11,0.0491044005063081,6,0.006576329034150591,ENSG00000156218,ADAMTSL3,protein_coding,287792,11,0,1,0.9730924963951111,6.416004749583388,1,0.9999939482344729,13,1
SCZ_LOC_15_83366296_rs10906984,15,rs10906984,83366296,8.035e-11,0.0491044005063081,7,-0.2282048820038502,ENSG00000259986,ENSG00000259986,lncRNA,187140,7,0,0,0.0,-0.0,0,0.0,0,0
SCZ_LOC_15_83366296_rs10906984,15,rs10906984,83366296,8.035e-11,0.0491044005063081,8,-0.4771881859897084,ENSG00000166503,HDGFL3,protein_coding,158421,6,0,0,0.0,-0.0,1,0.9999999915855818,4,0
SCZ_LOC_15_83366296_rs10906984,15,rs10906984,83366296,8.035e-11,0.0491044005063081,9,-0.8769355999068863,ENSG00000286872,ENSG00000286872,lncRNA,257542,9,0,1,0.9718583226203918,7.2651629938093585,0,0.0,0,0
SCZ_LOC_15_83366296_rs10906984,15,rs10906984,83366296,8.035e-11,0.0491044005063081,10,-1.1149103572479602,ENSG00000169612,RAMAC,protein_coding,380086,18,0,0,0.0,-0.0,1,0.9999786322559568,2,0
SCZ_LOC_15_83366296_rs10906984,15,rs10906984,83366296,8.035e-11,0.0491044005063081,11,-1.1287196046726222,ENSG00000103942,HOMER2,protein_coding,380143,19,0,1,0.3840962052345276,4.662804785050479,1,0.9999950948285424,13,1
SCZ_LOC_15_83366296_rs10906984,15,rs10906984,83366296,8.035e-11,0.0491044005063081,12,-1.320759444925661,ENSG00000169609,C15orf40,protein_coding,354655,16,0,1,1.0448017120361328,38.3564712877811,1,0.999935606736352,2,1
SCZ_LOC_15_83366296_rs10906984,15,rs10906984,83366296,8.035e-11,0.0491044005063081,13,-1.3902556745281818,ENSG00000064726,BTBD1,protein_coding,299044,12,0,1,0.49286147952079773,10.409245646580734,1,0.9999229138765526,3,1
SCZ_LOC_15_83366296_rs10906984,15,rs10906984,83366296,8.035e-11,0.0491044005063081,14,-1.541991201805786,ENSG00000299270,ENSG00000299270,lncRNA,82497,5,0,0,0.0,-0.0,0,0.0,0,0
SCZ_LOC_15_83366296_rs10906984,15,rs10906984,83366296,8.035e-11,0.0491044005063081,15,-1.8830647184635427,ENSG00000260579,ENSG00000260579,lncRNA,251730,8,0,0,0.0,-0.0,0,0.0,0,0
SCZ_LOC_15_83366296_rs10906984,15,rs10906984,83366296,8.035e-11,0.0491044005063081,16,-2.0598069904417207,ENSG00000259805,ENSG00000259805,lncRNA,440412,20,0,0,0.0,-0.0,0,0.0,0,0
SCZ_LOC_15_83366296_rs10906984,15,rs10906984,83366296,8.035e-11,0.0491044005063081,16,-2.0598069904417207,ENSG00000260351,ENSG00000260351,lncRNA,343725,14,0,0,0.0,-0.0,0,0.0,0,0
SCZ_LOC_15_83366296_rs10906984,15,rs10906984,83366296,8.035e-11,0.0491044005063081,16,-2.0598069904417207,ENSG00000260608,ENSG00000260608,lncRNA,355230,17,0,0,0.0,-0.0,0,0.0,0,0
SCZ_LOC_15_83366296_rs10906984,15,rs10906984,83366296,8.035e-11,0.0491044005063081,19,-2.070482061692189,ENSG00000273747,ENSG00000273747,lncRNA,346181,15,0,0,0.0,-0.0,0,0.0,0,0
SCZ_LOC_15_83366296_rs10906984,15,rs10906984,83366296,8.035e-11,0.0491044005063081,19,-2.070482061692189,ENSG00000259767,ENSG00000259767,lncRNA,341960,13,0,0,0.0,-0.0,0,0.0,0,0
SCZ_LOC_15_83366296_rs10906984,15,rs10906984,83366296,8.035e-11,0.0491044005063081,21,-2.089244400323456,ENSG00000308606,ENSG00000308606,lncRNA,473519,21,0,0,0.0,-0.0,0,0.0,0,0
SCZ_LOC_15_85148231_rs11638554,15,rs11638554,85148231,1.679e-13,0.0644010116835795,1,1.2191341997380711,ENSG00000073417,PDE8A,protein_coding,167791,7,0,1,0.14768686890602112,5.110232988695105,1,0.9999999972008004,9,1
SCZ_LOC_15_85148231_rs11638554,15,rs11638554,85148231,1.679e-13,0.0644010116835795,2,0.39947476496588363,ENSG00000140612,SEC11A,protein_coding,431771,19,0,1,1.1485977172851562,5.450338147030686,1,0.9999642677881572,3,1
SCZ_LOC_15_85148231_rs11638554,15,rs11638554,85148231,1.679e-13,0.0644010116835795,3,-0.24023559911053954,ENSG00000197696,NMB,protein_coding,489668,23,0,1,0.3880951404571533,4.271266541580268,1,0.9999970570501632,5,1
SCZ_LOC_15_85148231_rs11638554,15,rs11638554,85148231,1.679e-13,0.0644010116835795,4,-0.6607961816373987,ENSG00000291210,ENSG00000291210,lncRNA,86564,2,0,0,0.0,-0.0,0,0.0,0,0
SCZ_LOC_15_85148231_rs11638554,15,rs11638554,85148231,1.679e-13,0.0644010116835795,5,-0.8512942940795446,ENSG00000177082,WDR73,protein_coding,493888,24,0,1,0.49451979994773865,9.327253688013508,1,0.999992175925316,7,1
SCZ_LOC_15_85148231_rs11638554,15,rs11638554,85148231,1.679e-13,0.0644010116835795,6,-1.0688368579264702,ENSG00000166716,ZNF592,protein_coding,399639,16,0,0,0.0,-0.0,1,0.9999841202758322,4,0
SCZ_LOC_15_85148231_rs11638554,15,rs11638554,85148231,1.679e-13,0.0644010116835795,7,-1.2232755985744215,ENSG00000136383,ALPK3,protein_coding,330875,14,0,1,0.4534555971622467,9.343310978697103,0,0.0,0,0
SCZ_LOC_15_85148231_rs11638554,15,rs11638554,85148231,1.679e-13,0.0644010116835795,8,-1.2700757121051918,ENSG00000170776,AKAP13,protein_coding,232340,11,0,1,0.7166787981987,14.570330357645707,1,0.9999876319368738,4,1
SCZ_LOC_15_85148231_rs11638554,15,rs11638554,85148231,1.679e-13,0.0644010116835795,9,-1.484779756299223,ENSG00000291211,ENSG00000291211,lncRNA,48213,1,1,0,0.0,-0.0,0,0.0,0,0
SCZ_LOC_15_85148231_rs11638554,15,rs11638554,85148231,1.679e-13,0.0644010116835795,10,-1.523470687722417,ENSG00000302517,ENSG00000302517,lncRNA,92179,3,0,0,0.0,-0.0,0,0.0,0,0
SCZ_LOC_15_85148231_rs11638554,15,rs11638554,85148231,1.679e-13,0.0644010116835795,11,-1.5946827025105639,ENSG00000296198,ENSG00000296198,lncRNA,108184,5,0,0,0.0,-0.0,0,0.0,0,0
SCZ_LOC_15_85148231_rs11638554,15,rs11638554,85148231,1.679e-13,0.0644010116835795,12,-1.6188311481007516,ENSG00000302523,ENSG00000302523,lncRNA,92837,4,0,0,0.0,-0.0,0,0.0,0,0
SCZ_LOC_15_85148231_rs11638554,15,rs11638554,85148231,1.679e-13,0.0644010116835795,13,-1.6249680732651162,ENSG00000259367,AKAP13-AS1,lncRNA,522717,26,0,0,0.0,-0.0,0,0.0,0,0
SCZ_LOC_15_85148231_rs11638554,15,rs11638554,85148231,1.679e-13,0.0644010116835795,13,-1.6249680732651162,ENSG00000291159,ENSG00000291159,lncRNA,516791,25,0,0,0.0,-0.0,0,0.0,0,0
SCZ_LOC_15_85148231_rs11638554,15,rs11638554,85148231,1.679e-13,0.0644010116835795,15,-1.6584815183400454,ENSG00000299134,ENSG00000299134,lncRNA,121885,6,0,0,0.0,-0.0,0,0.0,0,0
SCZ_LOC_15_85148231_rs11638554,15,rs11638554,85148231,1.679e-13,0.0644010116835795,16,-1.6773826462302206,ENSG00000291212,ENSG00000291212,lncRNA,232309,10,0,0,0.0,-0.0,0,0.0,0,0
SCZ_LOC_15_85148231_rs11638554,15,rs11638554,85148231,1.679e-13,0.0644010116835795,17,-1.8026431542866743,ENSG00000309500,ENSG00000309500,lncRNA,196522,9,0,0,0.0,-0.0,0,0.0,0,0
SCZ_LOC_15_85148231_rs11638554,15,rs11638554,85148231,1.679e-13,0.0644010116835795,18,-1.8504472177962195,ENSG00000309523,ENSG00000309523,lncRNA,183291,8,0,0,0.0,-0.0,0,0.0,0,0
SCZ_LOC_15_85148231_rs11638554,15,rs11638554,85148231,1.679e-13,0.0644010116835795,19,-1.9070167681415766,ENSG00000286505,ENSG00000286505,lncRNA,232526,12,0,0,0.0,-0.0,0,0.0,0,0
SCZ_LOC_15_85148231_rs11638554,15,rs11638554,85148231,1.679e-13,0.0644010116835795,20,-1.9477600684968392,ENSG00000156222,SLC28A1,protein_coding,263577,13,0,0,0.0,-0.0,0,0.0,0,0
SCZ_LOC_15_85148231_rs11638554,15,rs11638554,85148231,1.679e-13,0.0644010116835795,21,-2.089244400323456,ENSG00000259415,ENSG00000259415,lncRNA,395109,15,0,0,0.0,-0.0,0,0.0,0,0
SCZ_LOC_15_85148231_rs11638554,15,rs11638554,85148231,1.679e-13,0.0644010116835795,21,-2.089244400323456,ENSG00000259654,ENSG00000259654,lncRNA,462347,21,0,0,0.0,-0.0,0,0.0,0,0
SCZ_LOC_15_85148231_rs11638554,15,rs11638554,85148231,1.679e-13,0.0644010116835795,21,-2.089244400323456,ENSG00000259276,ENSG00000259276,lncRNA,479509,22,0,0,0.0,-0.0,0,0.0,0,0
SCZ_LOC_15_85148231_rs11638554,15,rs11638554,85148231,1.679e-13,0.0644010116835795,21,-2.089244400323456,ENSG00000285667,ENSG00000285667,lncRNA,399978,17,0,0,0.0,-0.0,0,0.0,0,0
SCZ_LOC_15_85148231_rs11638554,15,rs11638554,85148231,1.679e-13,0.0644010116835795,21,-2.089244400323456,ENSG00000305244,ENSG00000305244,lncRNA,431680,18,0,0,0.0,-0.0,0,0.0,0,0
SCZ_LOC_15_85148231_rs11638554,15,rs11638554,85148231,1.679e-13,0.0644010116835795,21,-2.089244400323456,ENSG00000259375,ENSG00000259375,lncRNA,432151,20,0,0,0.0,-0.0,0,0.0,0,0
SCZ_LOC_15_89900352_rs879714,15,rs879714,89900352,3.795e-09,0.0463968262292078,1,1.8887801471276313,ENSG00000242498,ARPIN,protein_coding,12600,3,0,1,0.37771132588386536,7.313163235916105,1,0.9999995640246168,8,1
SCZ_LOC_15_89900352_rs879714,15,rs879714,89900352,3.795e-09,0.0463968262292078,2,1.618819185822825,ENSG00000250021,ARPIN-AP3S2,protein_coding,12530,2,0,0,0.0,-0.0,1,0.9999985163964642,2,0
SCZ_LOC_15_89900352_rs879714,15,rs879714,89900352,3.795e-09,0.0463968262292078,3,0.6956408552402111,ENSG00000157823,AP3S2,protein_coding,5714,1,1,1,0.7149457931518555,28.554279855671993,1,0.9999654356567028,2,1
SCZ_LOC_15_89900352_rs879714,15,rs879714,89900352,3.795e-09,0.0463968262292078,4,0.34732804329194755,ENSG00000255571,MIR9-3HG,lncRNA,538773,48,0,0,0.0,-0.0,1,0.9999982750565664,63,0
SCZ_LOC_15_89900352_rs879714,15,rs879714,89900352,3.795e-09,0.0463968262292078,5,0.30420230548721977,ENSG00000166813,KIF7,protein_coding,237266,22,0,0,0.0,-0.0,1,0.9999985496578112,13,0
SCZ_LOC_15_89900352_rs879714,15,rs879714,89900352,3.795e-09,0.0463968262292078,6,0.1959576836646954,ENSG00000140519,RHCG,protein_coding,403763,38,0,1,0.4348595440387726,7.278550680870996,1,0.9999953730320302,72,1
SCZ_LOC_15_89900352_rs879714,15,rs879714,89900352,3.795e-09,0.0463968262292078,7,0.15615056698104826,ENSG00000140548,ZNF710,protein_coding,100972,10,0,1,0.5444807410240173,6.124969748145757,1,0.9999859163965504,24,1
SCZ_LOC_15_89900352_rs879714,15,rs879714,89900352,3.795e-09,0.0463968262292078,8,-0.16733993945177264,ENSG00000188095,MESP2,protein_coding,139761,13,0,0,0.0,-0.0,1,0.9999916927061514,11,0
SCZ_LOC_15_89900352_rs879714,15,rs879714,89900352,3.795e-09,0.0463968262292078,9,-0.238913001107378,ENSG00000166823,MESP1,protein_coding,149103,14,0,1,1.0975559949874878,8.099172635707506,1,0.9999902917538214,9,1
SCZ_LOC_15_89900352_rs879714,15,rs879714,89900352,3.795e-09,0.0463968262292078,10,-0.36429605649242874,ENSG00000185043,CIB1,protein_coding,333695,27,0,1,0.2353897988796234,12.755921864149705,1,0.9999630312978146,2,1
SCZ_LOC_15_89900352_rs879714,15,rs879714,89900352,3.795e-09,0.0463968262292078,11,-0.37550708378851166,ENSG00000140527,WDR93,protein_coding,209541,19,0,0,0.0,-0.0,1,0.9999991366040204,4,0
SCZ_LOC_15_89900352_rs879714,15,rs879714,89900352,3.795e-09,0.0463968262292078,12,-0.45128091921837915,ENSG00000213471,TTLL13,protein_coding,349178,29,0,1,1.1103720664978027,21.784862822957745,1,0.999998779719748,9,1
SCZ_LOC_15_89900352_rs879714,15,rs879714,89900352,3.795e-09,0.0463968262292078,13,-0.5596527612348738,ENSG00000299833,ENSG00000299833,lncRNA,37911,4,0,0,0.0,-0.0,0,0.0,0,0
SCZ_LOC_15_89900352_rs879714,15,rs879714,89900352,3.795e-09,0.0463968262292078,14,-0.6542090421136707,ENSG00000185033,SEMA4B,protein_coding,260252,23,0,1,0.4708475172519684,6.254745027550931,1,0.9999946648155488,21,1
SCZ_LOC_15_89900352_rs879714,15,rs879714,89900352,3.795e-09,0.0463968262292078,15,-0.8307636235362309,ENSG00000182054,IDH2,protein_coding,202125,17,0,1,0.17263323068618774,4.570227077034512,1,0.9999930573277288,12,1
SCZ_LOC_15_89900352_rs879714,15,rs879714,89900352,3.795e-09,0.0463968262292078,16,-0.990158019953418,ENSG00000196391,ZNF774,protein_coding,451932,41,0,1,0.4607120752334595,6.24064807520714,1,0.9999917772391024,2,1
SCZ_LOC_15_89900352_rs879714,15,rs879714,89900352,3.795e-09,0.0463968262292078,17,-1.0513066668765527,ENSG00000183208,GDPGP1,protein_coding,333456,26,0,1,0.9532608389854431,14.386268346732198,1,0.9999890811493312,6,1
SCZ_LOC_15_89900352_rs879714,15,rs879714,89900352,3.795e-09,0.0463968262292078,18,-1.0624996771584658,ENSG00000140534,TICRR,protein_coding,324883,25,0,1,0.35626113414764404,7.37709402947383,1,0.9999949117761804,3,1
SCZ_LOC_15_89900352_rs879714,15,rs879714,89900352,3.795e-09,0.0463968262292078,19,-1.0768603383659627,ENSG00000140575,IQGAP1,protein_coding,487890,42,0,1,0.7378079295158386,49.592550032640325,1,0.9999704114772036,2,1
SCZ_LOC_15_89900352_rs879714,15,rs879714,89900352,3.795e-09,0.0463968262292078,20,-1.1001476733393374,ENSG00000259291,ZNF710-AS1,lncRNA,181855,15,0,1,0.4205169379711151,7.947830899488011,0,0.0,0,0
SCZ_LOC_15_89900352_rs879714,15,rs879714,89900352,3.795e-09,0.0463968262292078,21,-1.2899075128663013,ENSG00000166821,PEX11A,protein_coding,209569,20,0,1,0.6796932816505432,4.727956932745396,1,0.9999978786168716,4,1
SCZ_LOC_15_89900352_rs879714,15,rs879714,89900352,3.795e-09,0.0463968262292078,22,-1.339013646874535,ENSG00000306389,ENSG00000306389,lncRNA,499529,46,0,0,0.0,-0.0,0,0.0,0,0
SCZ_LOC_15_89900352_rs879714,15,rs879714,89900352,3.795e-09,0.0463968262292078,23,-1.4021520913945364,ENSG00000166819,PLIN1,protein_coding,220925,21,0,1,0.3273433446884155,9.218358493166162,0,0.0,0,0
SCZ_LOC_15_89900352_rs879714,15,rs879714,89900352,3.795e-09,0.0463968262292078,24,-1.4146413136139604,ENSG00000259177,ENSG00000259177,lncRNA,497529,45,0,0,0.0,-0.0,0,0.0,0,0
SCZ_LOC_15_89900352_rs879714,15,rs879714,89900352,3.795e-09,0.0463968262292078,24,-1.4146413136139604,ENSG00000306438,ENSG00000306438,lncRNA,492597,44,0,0,0.0,-0.0,0,0.0,0,0
SCZ_LOC_15_89900352_rs879714,15,rs879714,89900352,3.795e-09,0.0463968262292078,26,-1.4256525219165677,ENSG00000259685,IDH2-DT,lncRNA,202241,18,0,1,0.5985100865364075,15.112741513142232,0,0.0,0,0
SCZ_LOC_15_89900352_rs879714,15,rs879714,89900352,3.795e-09,0.0463968262292078,27,-1.500086634896175,ENSG00000289128,ENSG00000289128,lncRNA,500188,47,0,0,0.0,-0.0,0,0.0,0,0
SCZ_LOC_15_89900352_rs879714,15,rs879714,89900352,3.795e-09,0.0463968262292078,28,-1.5555005645953226,ENSG00000261478,ENSG00000261478,lncRNA,391391,37,0,1,1.305764079093933,41.02503523964944,0,0.0,0,0
SCZ_LOC_15_89900352_rs879714,15,rs879714,89900352,3.795e-09,0.0463968262292078,29,-1.6188311481007516,ENSG00000309486,ENSG00000309486,lncRNA,77618,5,0,0,0.0,-0.0,0,0.0,0,0
SCZ_LOC_15_89900352_rs879714,15,rs879714,89900352,3.795e-09,0.0463968262292078,30,-1.6826299639302331,ENSG00000166825,ANPEP,protein_coding,84951,7,0,0,0.0,-0.0,0,0.0,0,0
SCZ_LOC_15_89900352_rs879714,15,rs879714,89900352,3.795e-09,0.0463968262292078,30,-1.6826299639302331,ENSG00000295020,ENSG00000295020,lncRNA,78966,6,0,0,0.0,-0.0,0,0.0,0,0
SCZ_LOC_15_89900352_rs879714,15,rs879714,89900352,3.795e-09,0.0463968262292078,32,-1.7669998685505324,ENSG00000182768,NGRN,protein_coding,365307,32,0,1,0.8102912306785583,6.304300543767188,1,0.9999885085795256,3,1
SCZ_LOC_15_89900352_rs879714,15,rs879714,89900352,3.795e-09,0.0463968262292078,33,-1.792181465765523,ENSG00000298623,ENSG00000298623,lncRNA,96172,8,0,0,0.0,-0.0,0,0.0,0,0
SCZ_LOC_15_89900352_rs879714,15,rs879714,89900352,3.795e-09,0.0463968262292078,33,-1.792181465765523,ENSG00000306205,ENSG00000306205,lncRNA,100417,9,0,0,0.0,-0.0,0,0.0,0,0
SCZ_LOC_15_89900352_rs879714,15,rs879714,89900352,3.795e-09,0.0463968262292078,35,-1.9152529444658073,ENSG00000273691,ENSG00000273691,lncRNA,124603,11,0,0,0.0,-0.0,0,0.0,0,0
SCZ_LOC_15_89900352_rs879714,15,rs879714,89900352,3.795e-09,0.0463968262292078,36,-1.9423367230738593,ENSG00000298906,ENSG00000298906,lncRNA,135730,12,0,0,0.0,-0.0,0,0.0,0,0
SCZ_LOC_15_89900352_rs879714,15,rs879714,89900352,3.795e-09,0.0463968262292078,37,-1.9643629619545162,ENSG00000306404,ENSG00000306404,lncRNA,490304,43,0,0,0.0,-0.0,0,0.0,0,0
SCZ_LOC_15_89900352_rs879714,15,rs879714,89900352,3.795e-09,0.0463968262292078,37,-1.9643629619545162,ENSG00000310483,ENSG00000310483,lncRNA,436854,39,0,0,0.0,-0.0,0,0.0,0,0
SCZ_LOC_15_89900352_rs879714,15,rs879714,89900352,3.795e-09,0.0463968262292078,37,-1.9643629619545162,ENSG00000310490,ENSG00000310490,lncRNA,448657,40,0,0,0.0,-0.0,0,0.0,0,0
SCZ_LOC_15_89900352_rs879714,15,rs879714,89900352,3.795e-09,0.0463968262292078,40,-1.9906063789324089,ENSG00000259561,ENSG00000259561,lncRNA,195687,16,0,0,0.0,-0.0,0,0.0,0,0
SCZ_LOC_15_89900352_rs879714,15,rs879714,89900352,3.795e-09,0.0463968262292078,41,-2.048843097965252,ENSG00000275674,ENSG00000275674,protein_coding,365965,33,0,0,0.0,-0.0,0,0.0,0,0
SCZ_LOC_15_89900352_rs879714,15,rs879714,89900352,3.795e-09,0.0463968262292078,41,-2.048843097965252,ENSG00000259713,ENSG00000259713,lncRNA,381829,36,0,0,0.0,-0.0,0,0.0,0,0
SCZ_LOC_15_89900352_rs879714,15,rs879714,89900352,3.795e-09,0.0463968262292078,43,-2.0676054365965193,ENSG00000275345,ENSG00000275345,lncRNA,381506,35,0,0,0.0,-0.0,0,0.0,0,0
SCZ_LOC_15_89900352_rs879714,15,rs879714,89900352,3.795e-09,0.0463968262292078,43,-2.0676054365965193,ENSG00000259218,LINC00928,lncRNA,376303,34,0,0,0.0,-0.0,0,0.0,0,0
SCZ_LOC_15_89900352_rs879714,15,rs879714,89900352,3.795e-09,0.0463968262292078,45,-2.070482061692189,ENSG00000284626,ENSG00000284626,protein_coding,333848,28,0,0,0.0,-0.0,0,0.0,0,0
SCZ_LOC_15_89900352_rs879714,15,rs879714,89900352,3.795e-09,0.0463968262292078,45,-2.070482061692189,ENSG00000261147,ENSG00000261147,protein_coding,349204,30,0,0,0.0,-0.0,0,0.0,0,0
SCZ_LOC_15_89900352_rs879714,15,rs879714,89900352,3.795e-09,0.0463968262292078,45,-2.070482061692189,ENSG00000259615,ENSG00000259615,lncRNA,318055,24,0,0,0.0,-0.0,0,0.0,0,0
SCZ_LOC_15_89900352_rs879714,15,rs879714,89900352,3.795e-09,0.0463968262292078,45,-2.070482061692189,ENSG00000310494,ENSG00000310494,lncRNA,359749,31,0,0,0.0,-0.0,0,0.0,0,0
SCZ_LOC_15_91426560_rs4702,15,rs4702,91426560,1.757e-23,0.0789960062264979,1,0.4964008915616353,ENSG00000185518,SV2B,protein_coding,326610,8,0,0,0.0,-0.0,1,0.9999983924829164,28,0
SCZ_LOC_15_91426560_rs4702,15,rs4702,91426560,1.757e-23,0.0789960062264979,2,0.4162281169201346,ENSG00000258551,CRAT37,lncRNA,52879,2,0,0,0.0,-0.0,0,0.0,0,0
SCZ_LOC_15_91426560_rs4702,15,rs4702,91426560,1.757e-23,0.0789960062264979,2,0.4162281169201346,ENSG00000289066,ENSG00000289066,lncRNA,43380,1,1,0,0.0,-0.0,0,0.0,0,0
SCZ_LOC_15_91426560_rs4702,15,rs4702,91426560,1.757e-23,0.0789960062264979,4,0.07868076318797966,ENSG00000184508,HDDC3,protein_coding,491364,21,0,0,0.0,-0.0,1,0.9999974276503808,5,0
SCZ_LOC_15_91426560_rs4702,15,rs4702,91426560,1.757e-23,0.0789960062264979,5,-0.4066125994298322,ENSG00000184056,VPS33B,protein_coding,403957,12,0,1,0.3776113986968994,6.25023469809438,1,0.9999991116747886,5,1
SCZ_LOC_15_91426560_rs4702,15,rs4702,91426560,1.757e-23,0.0789960062264979,6,-0.6814869465906913,ENSG00000285661,ENSG00000285661,lncRNA,326722,9,0,1,0.9324525594711304,5.035353408795796,0,0.0,0,0
SCZ_LOC_15_91426560_rs4702,15,rs4702,91426560,1.757e-23,0.0789960062264979,7,-1.047624371829139,ENSG00000176463,SLCO3A1,protein_coding,427148,14,0,1,0.7094613909721375,5.243534274522575,1,0.99999316373703,41,1
SCZ_LOC_15_91426560_rs4702,15,rs4702,91426560,1.757e-23,0.0789960062264979,8,-1.0737617560737824,ENSG00000166965,RCCD1,protein_coding,471679,20,0,1,1.8023080825805664,39.483653836882766,1,0.9999975797253904,8,1
SCZ_LOC_15_91426560_rs4702,15,rs4702,91426560,1.757e-23,0.0789960062264979,9,-1.0742478937564768,ENSG00000140553,UNC45A,protein_coding,496380,22,0,0,0.0,-0.0,1,0.9999786053908712,4,0
SCZ_LOC_15_91426560_rs4702,15,rs4702,91426560,1.757e-23,0.0789960062264979,10,-1.0815257920019312,ENSG00000214432,VPS33B-DT,lncRNA,431903,17,0,1,2.2071359157562256,6.387815983959272,0,0.0,0,0
SCZ_LOC_15_91426560_rs4702,15,rs4702,91426560,1.757e-23,0.0789960062264979,11,-1.12467085058184,ENSG00000198901,PRC1,protein_coding,430931,16,0,1,0.6314188241958618,6.642105150708728,1,0.9999948766155448,3,1
SCZ_LOC_15_91426560_rs4702,15,rs4702,91426560,1.757e-23,0.0789960062264979,12,-1.4993222421322292,ENSG00000258954,ENSG00000258954,lncRNA,106331,3,0,0,0.0,-0.0,0,0.0,0,0
SCZ_LOC_15_91426560_rs4702,15,rs4702,91426560,1.757e-23,0.0789960062264979,13,-1.5946827025105639,ENSG00000285883,ENSG00000285883,lncRNA,122804,4,0,0,0.0,-0.0,0,0.0,0,0
SCZ_LOC_15_91426560_rs4702,15,rs4702,91426560,1.757e-23,0.0789960062264979,14,-1.6770969001314477,ENSG00000301795,ENSG00000301795,lncRNA,171670,5,0,0,0.0,-0.0,0,0.0,0,0
SCZ_LOC_15_91426560_rs4702,15,rs4702,91426560,1.757e-23,0.0789960062264979,15,-1.7735132166282523,ENSG00000304362,ENSG00000304362,lncRNA,297645,7,0,0,0.0,-0.0,0,0.0,0,0
SCZ_LOC_15_91426560_rs4702,15,rs4702,91426560,1.757e-23,0.0789960062264979,16,-1.784682341034146,ENSG00000258765,ENSG00000258765,lncRNA,222554,6,0,0,0.0,-0.0,0,0.0,0,0
SCZ_LOC_15_91426560_rs4702,15,rs4702,91426560,1.757e-23,0.0789960062264979,17,-1.8825188370464556,ENSG00000299997,ENSG00000299997,lncRNA,356669,10,0,0,0.0,-0.0,0,0.0,0,0
SCZ_LOC_15_91426560_rs4702,15,rs4702,91426560,1.757e-23,0.0789960062264979,18,-1.967159799895041,ENSG00000258725,PRC1-AS1,lncRNA,460220,18,0,1,2.7714483737945557,8.763510927282034,0,0.0,0,0
SCZ_LOC_15_91426560_rs4702,15,rs4702,91426560,1.757e-23,0.0789960062264979,19,-2.0485010999681936,ENSG00000305322,ENSG00000305322,lncRNA,393317,11,0,0,0.0,-0.0,0,0.0,0,0
SCZ_LOC_15_91426560_rs4702,15,rs4702,91426560,1.757e-23,0.0789960062264979,20,-2.089244400323456,ENSG00000284946,ENSG00000284946,protein_coding,403994,13,0,0,0.0,-0.0,0,0.0,0,0
SCZ_LOC_15_91426560_rs4702,15,rs4702,91426560,1.757e-23,0.0789960062264979,20,-2.089244400323456,ENSG00000258384,RCCD1-AS1,lncRNA,471335,19,0,0,0.0,-0.0,0,0.0,0,0
SCZ_LOC_15_91426560_rs4702,15,rs4702,91426560,1.757e-23,0.0789960062264979,20,-2.089244400323456,ENSG00000299260,ENSG00000299260,lncRNA,427619,15,0,0,0.0,-0.0,0,0.0,0,0
SCZ_LOC_16_29993686_rs9925915,16,rs9925915,29993686,2.508e-14,0.0570039574677328,1,1.2791435497510404,ENSG00000149927,DOC2A,protein_coding,29584,6,0,0,0.0,-0.0,1,0.999992593930298,9,0
SCZ_LOC_16_29993686_rs9925915,16,rs9925915,29993686,2.508e-14,0.0570039574677328,2,0.7803579851551005,ENSG00000149929,HIRIP3,protein_coding,2388,2,0,0,0.0,-0.0,1,0.9999667481203196,2,0
SCZ_LOC_16_29993686_rs9925915,16,rs9925915,29993686,2.508e-14,0.0570039574677328,3,0.5020753190107845,ENSG00000149926,TLCD3B,protein_coding,59292,8,0,0,0.0,-0.0,1,0.9999985486861624,11,0
SCZ_LOC_16_29993686_rs9925915,16,rs9925915,29993686,2.508e-14,0.0570039574677328,4,0.21575399985791247,ENSG00000169592,INO80E,protein_coding,2029,1,1,1,0.3428731858730316,12.349963591417923,1,0.9998484688777892,2,1
SCZ_LOC_16_29993686_rs9925915,16,rs9925915,29993686,2.508e-14,0.0570039574677328,5,0.1121356094231704,ENSG00000149930,TAOK2,protein_coding,19818,3,0,0,0.0,-0.0,1,0.9999806201698858,2,0
SCZ_LOC_16_29993686_rs9925915,16,rs9925915,29993686,2.508e-14,0.0570039574677328,6,-0.035886192413025444,ENSG00000279583,ENSG00000279583,lncRNA,379963,68,0,1,1.101011037826538,4.9461072096237215,0,0.0,0,0
SCZ_LOC_16_29993686_rs9925915,16,rs9925915,29993686,2.508e-14,0.0570039574677328,7,-0.06855727489380194,ENSG00000167371,PRRT2,protein_coding,182304,33,0,0,0.0,-0.0,1,0.999998893972661,6,0
SCZ_LOC_16_29993686_rs9925915,16,rs9925915,29993686,2.508e-14,0.0570039574677328,8,-0.28378328098717187,ENSG00000185905,C16orf54,protein_coding,247696,52,0,0,0.0,-0.0,1,0.999997105330915,10,0
SCZ_LOC_16_29993686_rs9925915,16,rs9925915,29993686,2.508e-14,0.0570039574677328,9,-0.35997450942539544,ENSG00000149932,TMEM219,protein_coding,52801,7,0,1,0.127385675907135,5.499053620553657,1,0.9999948909578168,3,1
SCZ_LOC_16_29993686_rs9925915,16,rs9925915,29993686,2.508e-14,0.0570039574677328,10,-0.3893289311686176,ENSG00000174943,KCTD13,protein_coding,67450,11,0,1,0.2711023986339569,4.9533488718006,1,0.99999593215633,5,1
SCZ_LOC_16_29993686_rs9925915,16,rs9925915,29993686,2.508e-14,0.0570039574677328,11,-0.4336298882787914,ENSG00000149925,ALDOA,protein_coding,70478,12,0,0,0.0,-0.0,1,0.999978304479784,5,0
SCZ_LOC_16_29993686_rs9925915,16,rs9925915,29993686,2.508e-14,0.0570039574677328,12,-0.4983433030257608,ENSG00000149923,PPP4C,protein_coding,82292,14,0,1,0.8241261839866638,5.226124113273271,1,0.9999975959843368,5,1
SCZ_LOC_16_29993686_rs9925915,16,rs9925915,29993686,2.508e-14,0.0570039574677328,13,-0.5805874310038187,ENSG00000090238,YPEL3,protein_coding,103229,19,0,1,0.6301571726799011,10.163477579533264,1,0.9999976302476248,3,1
SCZ_LOC_16_29993686_rs9925915,16,rs9925915,29993686,2.508e-14,0.0570039574677328,14,-0.6002775485838125,ENSG00000180209,MYL11,protein_coding,377248,67,0,1,2.042884588241577,4.803599054773163,0,0.0,0,0
SCZ_LOC_16_29993686_rs9925915,16,rs9925915,29993686,2.508e-14,0.0570039574677328,15,-0.6159011437962572,ENSG00000280789,PAGR1,protein_coding,177534,31,0,1,0.7018445730209351,4.372405527083236,1,0.9999990402921826,5,1
SCZ_LOC_16_29993686_rs9925915,16,rs9925915,29993686,2.508e-14,0.0570039574677328,16,-0.6320829157321931,ENSG00000102879,CORO1A,protein_coding,189141,38,0,0,0.0,-0.0,1,0.9999954770542472,8,0
SCZ_LOC_16_29993686_rs9925915,16,rs9925915,29993686,2.508e-14,0.0570039574677328,17,-0.676194851308428,ENSG00000285043,ENSG00000285043,protein_coding,59437,9,0,1,1.0530271530151367,5.7041869822263935,0,0.0,0,0
SCZ_LOC_16_29993686_rs9925915,16,rs9925915,29993686,2.508e-14,0.0570039574677328,18,-0.7050988143029745,ENSG00000169221,TBC1D10B,protein_coding,376808,66,0,1,0.1179199144244194,4.825769735840593,1,0.9999999833590064,5,1
SCZ_LOC_16_29993686_rs9925915,16,rs9925915,29993686,2.508e-14,0.0570039574677328,19,-0.723375621423585,ENSG00000167194,C16orf92,protein_coding,29512,5,0,0,0.0,-0.0,0,0.0,0,0
SCZ_LOC_16_29993686_rs9925915,16,rs9925915,29993686,2.508e-14,0.0570039574677328,19,-0.723375621423585,ENSG00000305284,ENSG00000305284,lncRNA,20127,4,0,0,0.0,-0.0,0,0.0,0,0
SCZ_LOC_16_29993686_rs9925915,16,rs9925915,29993686,2.508e-14,0.0570039574677328,21,-0.748774140722773,ENSG00000179918,SEPHS2,protein_coding,452188,74,0,1,1.0559524297714233,7.851482024218903,1,0.999986617810608,3,1
SCZ_LOC_16_29993686_rs9925915,16,rs9925915,29993686,2.508e-14,0.0570039574677328,22,-0.7601032337136093,ENSG00000079616,KIF22,protein_coding,202959,43,0,0,0.0,-0.0,1,0.9999474980430038,2,0
SCZ_LOC_16_29993686_rs9925915,16,rs9925915,29993686,2.508e-14,0.0570039574677328,23,-0.7872701095215323,ENSG00000180035,ZNF48,protein_coding,384420,69,0,1,0.10431349277496338,4.186458962516968,1,0.9999826844763527,7,1
SCZ_LOC_16_29993686_rs9925915,16,rs9925915,29993686,2.508e-14,0.0570039574677328,24,-0.855167288645176,ENSG00000103485,QPRT,protein_coding,330407,59,0,1,0.7415065765380859,26.075326082538236,1,0.9999999975923488,17,1
SCZ_LOC_16_29993686_rs9925915,16,rs9925915,29993686,2.508e-14,0.0570039574677328,25,-0.8639791500758898,ENSG00000179958,DCTPP1,protein_coding,436344,73,0,0,0.0,-0.0,1,0.9999974532105124,7,0
SCZ_LOC_16_29993686_rs9925915,16,rs9925915,29993686,2.508e-14,0.0570039574677328,26,-0.8855405763234949,ENSG00000174939,ASPHD1,protein_coding,93311,15,0,0,0.0,-0.0,1,0.9999875572658112,3,0
SCZ_LOC_16_29993686_rs9925915,16,rs9925915,29993686,2.508e-14,0.0570039574677328,27,-0.8919211677190905,ENSG00000169217,CD2BP2,protein_coding,361622,64,0,1,0.2019595205783844,4.539205092077105,1,0.999998094729501,3,1
SCZ_LOC_16_29993686_rs9925915,16,rs9925915,29993686,2.508e-14,0.0570039574677328,28,-0.8950055139828391,ENSG00000174938,SEZ6L2,protein_coding,94136,16,0,0,0.0,-0.0,1,0.9999922481384894,3,0
SCZ_LOC_16_29993686_rs9925915,16,rs9925915,29993686,2.508e-14,0.0570039574677328,29,-0.9317363851486078,ENSG00000169203,NPIPB12,protein_coding,487278,78,0,1,0.9464685916900635,8.367965345778853,0,0.0,0,0
SCZ_LOC_16_29993686_rs9925915,16,rs9925915,29993686,2.508e-14,0.0570039574677328,30,-0.9524649398154639,ENSG00000180096,SEPTIN1,protein_coding,402305,71,0,1,1.3205562829971313,29.703035683689514,0,0.0,0,0
SCZ_LOC_16_29993686_rs9925915,16,rs9925915,29993686,2.508e-14,0.0570039574677328,31,-0.9866556060160723,ENSG00000149922,TBX6,protein_coding,98238,17,0,1,0.439129501581192,19.638117869665763,1,0.9999952574424686,3,1
SCZ_LOC_16_29993686_rs9925915,16,rs9925915,29993686,2.508e-14,0.0570039574677328,32,-1.0071013938617313,ENSG00000103502,CDIPT,protein_coding,130272,26,0,1,0.2850165069103241,8.99042015385114,1,0.9999745162678552,4,1
SCZ_LOC_16_29993686_rs9925915,16,rs9925915,29993686,2.508e-14,0.0570039574677328,33,-1.0524171583716346,ENSG00000102882,MAPK3,protein_coding,129820,24,0,1,0.7271443605422974,25.756296173550364,1,0.9999995992601796,4,1
SCZ_LOC_16_29993686_rs9925915,16,rs9925915,29993686,2.508e-14,0.0570039574677328,34,-1.1306572514494249,ENSG00000179965,ZNF771,protein_coding,413728,72,0,1,0.3777025043964386,4.224734835223872,1,0.9999995782416052,10,1
SCZ_LOC_16_29993686_rs9925915,16,rs9925915,29993686,2.508e-14,0.0570039574677328,35,-1.1380042136177595,ENSG00000103495,MAZ,protein_coding,187580,36,0,0,0.0,-0.0,1,0.9999231614345414,5,0
SCZ_LOC_16_29993686_rs9925915,16,rs9925915,29993686,2.508e-14,0.0570039574677328,36,-1.1420831239927274,ENSG00000102886,GDPD3,protein_coding,119851,23,0,1,0.7881518006324768,8.872165313468843,1,0.99999949170984,7,1
SCZ_LOC_16_29993686_rs9925915,16,rs9925915,29993686,2.508e-14,0.0570039574677328,37,-1.2394739147549538,ENSG00000275371,ENSG00000275371,lncRNA,117209,21,0,1,0.7856219410896301,9.619825153534654,0,0.0,0,0
SCZ_LOC_16_29993686_rs9925915,16,rs9925915,29993686,2.508e-14,0.0570039574677328,38,-1.2710837162563178,ENSG00000197471,SPN,protein_coding,330707,60,0,1,0.8799603581428528,4.753577609906827,0,0.0,0,0
SCZ_LOC_16_29993686_rs9925915,16,rs9925915,29993686,2.508e-14,0.0570039574677328,39,-1.2939707858331473,ENSG00000013364,MVP,protein_coding,173292,29,0,0,0.0,-0.0,1,0.9999999502380288,6,0
SCZ_LOC_16_29993686_rs9925915,16,rs9925915,29993686,2.508e-14,0.0570039574677328,40,-1.500086634896175,ENSG00000309168,ENSG00000309168,lncRNA,523932,80,0,0,0.0,-0.0,0,0.0,0,0
SCZ_LOC_16_29993686_rs9925915,16,rs9925915,29993686,2.508e-14,0.0570039574677328,41,-1.5757143016356003,ENSG00000261346,ENSG00000261346,lncRNA,496430,79,0,0,0.0,-0.0,0,0.0,0,0
SCZ_LOC_16_29993686_rs9925915,16,rs9925915,29993686,2.508e-14,0.0570039574677328,42,-1.792181465765523,ENSG00000247735,KCTD13-DT,lncRNA,66850,10,0,0,0.0,-0.0,0,0.0,0,0
SCZ_LOC_16_29993686_rs9925915,16,rs9925915,29993686,2.508e-14,0.0570039574677328,43,-1.885568789243076,ENSG00000169627,BOLA2B,protein_coding,200620,42,0,0,0.0,-0.0,0,0.0,0,0
SCZ_LOC_16_29993686_rs9925915,16,rs9925915,29993686,2.508e-14,0.0570039574677328,43,-1.885568789243076,ENSG00000213599,SLX1A-SULT1A3,lncRNA,200206,41,0,0,0.0,-0.0,0,0.0,0,0
SCZ_LOC_16_29993686_rs9925915,16,rs9925915,29993686,2.508e-14,0.0570039574677328,43,-1.885568789243076,ENSG00000261052,SULT1A3,protein_coding,205542,44,0,0,0.0,-0.0,0,0.0,0,0
SCZ_LOC_16_29993686_rs9925915,16,rs9925915,29993686,2.508e-14,0.0570039574677328,43,-1.885568789243076,ENSG00000261416,CORO1A-AS1,lncRNA,191271,39,0,0,0.0,-0.0,0,0.0,0,0
SCZ_LOC_16_29993686_rs9925915,16,rs9925915,29993686,2.508e-14,0.0570039574677328,43,-1.885568789243076,ENSG00000132207,SLX1A,protein_coding,200189,40,0,0,0.0,-0.0,0,0.0,0,0
SCZ_LOC_16_29993686_rs9925915,16,rs9925915,29993686,2.508e-14,0.0570039574677328,48,-1.8942848811460025,ENSG00000198064,NPIPB13,protein_coding,261582,55,0,0,0.0,-0.0,0,0.0,0,0
SCZ_LOC_16_29993686_rs9925915,16,rs9925915,29993686,2.508e-14,0.0570039574677328,49,-1.9349255520727804,ENSG00000291266,SMG1P5,lncRNA,341741,61,0,0,0.0,-0.0,0,0.0,0,0
SCZ_LOC_16_29993686_rs9925915,16,rs9925915,29993686,2.508e-14,0.0570039574677328,50,-1.945600623323249,ENSG00000274653,ENSG00000274653,lncRNA,366139,65,0,0,0.0,-0.0,0,0.0,0,0
SCZ_LOC_16_29993686_rs9925915,16,rs9925915,29993686,2.508e-14,0.0570039574677328,50,-1.945600623323249,ENSG00000260219,CD2BP2-DT,lncRNA,360979,63,0,0,0.0,-0.0,0,0.0,0,0
SCZ_LOC_16_29993686_rs9925915,16,rs9925915,29993686,2.508e-14,0.0570039574677328,50,-1.945600623323249,ENSG00000305172,ENSG00000305172,lncRNA,328891,58,0,0,0.0,-0.0,0,0.0,0,0
SCZ_LOC_16_29993686_rs9925915,16,rs9925915,29993686,2.508e-14,0.0570039574677328,50,-1.945600623323249,ENSG00000299933,ENSG00000299933,lncRNA,342565,62,0,0,0.0,-0.0,0,0.0,0,0
SCZ_LOC_16_29993686_rs9925915,16,rs9925915,29993686,2.508e-14,0.0570039574677328,54,-1.9461465047403361,ENSG00000260719,ENSG00000260719,lncRNA,248439,53,0,0,0.0,-0.0,0,0.0,0,0
SCZ_LOC_16_29993686_rs9925915,16,rs9925915,29993686,2.508e-14,0.0570039574677328,54,-1.9461465047403361,ENSG00000293832,ENSG00000293832,lncRNA,247453,51,0,0,0.0,-0.0,0,0.0,0,0
SCZ_LOC_16_29993686_rs9925915,16,rs9925915,29993686,2.508e-14,0.0570039574677328,54,-1.9461465047403361,ENSG00000289181,ENSG00000289181,lncRNA,284530,56,0,0,0.0,-0.0,0,0.0,0,0
SCZ_LOC_16_29993686_rs9925915,16,rs9925915,29993686,2.508e-14,0.0570039574677328,54,-1.9461465047403361,ENSG00000306882,ENSG00000306882,lncRNA,256762,54,0,0,0.0,-0.0,0,0.0,0,0
SCZ_LOC_16_29993686_rs9925915,16,rs9925915,29993686,2.508e-14,0.0570039574677328,54,-1.9461465047403361,ENSG00000291047,ENSG00000291047,lncRNA,286284,57,0,0,0.0,-0.0,0,0.0,0,0
SCZ_LOC_16_29993686_rs9925915,16,rs9925915,29993686,2.508e-14,0.0570039574677328,59,-1.95599624482107,ENSG00000278713,ENSG00000278713,lncRNA,130926,27,0,0,0.0,-0.0,0,0.0,0,0
SCZ_LOC_16_29993686_rs9925915,16,rs9925915,29993686,2.508e-14,0.0570039574677328,60,-1.960012754124598,ENSG00000275857,ENSG00000275857,lncRNA,188185,37,0,0,0.0,-0.0,0,0.0,0,0
SCZ_LOC_16_29993686_rs9925915,16,rs9925915,29993686,2.508e-14,0.0570039574677328,61,-1.9643629619545162,ENSG00000005844,ITGAL,protein_coding,478972,77,0,0,0.0,-0.0,0,0.0,0,0
SCZ_LOC_16_29993686_rs9925915,16,rs9925915,29993686,2.508e-14,0.0570039574677328,61,-1.9643629619545162,ENSG00000309183,ENSG00000309183,lncRNA,398836,70,0,0,0.0,-0.0,0,0.0,0,0
SCZ_LOC_16_29993686_rs9925915,16,rs9925915,29993686,2.508e-14,0.0570039574677328,61,-1.9643629619545162,ENSG00000309202,ENSG00000309202,lncRNA,462050,76,0,0,0.0,-0.0,0,0.0,0,0
SCZ_LOC_16_29993686_rs9925915,16,rs9925915,29993686,2.508e-14,0.0570039574677328,61,-1.9643629619545162,ENSG00000309225,ENSG00000309225,lncRNA,456281,75,0,0,0.0,-0.0,0,0.0,0,0
SCZ_LOC_16_29993686_rs9925915,16,rs9925915,29993686,2.508e-14,0.0570039574677328,65,-1.9771594778258377,ENSG00000174992,ZG16,protein_coding,215430,49,0,0,0.0,-0.0,0,0.0,0,0
SCZ_LOC_16_29993686_rs9925915,16,rs9925915,29993686,2.508e-14,0.0570039574677328,65,-1.9771594778258377,ENSG00000298198,ENSG00000298198,lncRNA,208307,45,0,0,0.0,-0.0,0,0.0,0,0
SCZ_LOC_16_29993686_rs9925915,16,rs9925915,29993686,2.508e-14,0.0570039574677328,65,-1.9771594778258377,ENSG00000298222,ENSG00000298222,lncRNA,208608,46,0,0,0.0,-0.0,0,0.0,0,0
SCZ_LOC_16_29993686_rs9925915,16,rs9925915,29993686,2.508e-14,0.0570039574677328,65,-1.9771594778258377,ENSG00000290692,ENSG00000290692,lncRNA,215385,48,0,0,0.0,-0.0,0,0.0,0,0
SCZ_LOC_16_29993686_rs9925915,16,rs9925915,29993686,2.508e-14,0.0570039574677328,65,-1.9771594778258377,ENSG00000290693,ENSG00000290693,lncRNA,211935,47,0,0,0.0,-0.0,0,0.0,0,0
SCZ_LOC_16_29993686_rs9925915,16,rs9925915,29993686,2.508e-14,0.0570039574677328,65,-1.9771594778258377,ENSG00000302389,ENSG00000302389,lncRNA,215463,50,0,0,0.0,-0.0,0,0.0,0,0
SCZ_LOC_16_29993686_rs9925915,16,rs9925915,29993686,2.508e-14,0.0570039574677328,71,-2.001663668545022,ENSG00000293487,CDIPTOSP,lncRNA,130138,25,0,0,0.0,-0.0,0,0.0,0,0
SCZ_LOC_16_29993686_rs9925915,16,rs9925915,29993686,2.508e-14,0.0570039574677328,71,-2.001663668545022,ENSG00000261367,ENSG00000261367,lncRNA,113989,20,0,0,0.0,-0.0,0,0.0,0,0
SCZ_LOC_16_29993686_rs9925915,16,rs9925915,29993686,2.508e-14,0.0570039574677328,71,-2.001663668545022,ENSG00000300821,ENSG00000300821,lncRNA,118615,22,0,0,0.0,-0.0,0,0.0,0,0
SCZ_LOC_16_29993686_rs9925915,16,rs9925915,29993686,2.508e-14,0.0570039574677328,74,-2.016771478715017,ENSG00000280607,ENSG00000280607,lncRNA,185007,34,0,0,0.0,-0.0,0,0.0,0,0
SCZ_LOC_16_29993686_rs9925915,16,rs9925915,29993686,2.508e-14,0.0570039574677328,74,-2.016771478715017,ENSG00000259952,ENSG00000259952,lncRNA,185954,35,0,0,0.0,-0.0,0,0.0,0,0
SCZ_LOC_16_29993686_rs9925915,16,rs9925915,29993686,2.508e-14,0.0570039574677328,76,-2.0258121141352095,ENSG00000274904,ENSG00000274904,lncRNA,71139,13,0,0,0.0,-0.0,0,0.0,0,0
SCZ_LOC_16_29993686_rs9925915,16,rs9925915,29993686,2.508e-14,0.0570039574677328,76,-2.0258121141352095,ENSG00000250616,YPEL3-DT,lncRNA,102677,18,0,0,0.0,-0.0,0,0.0,0,0
SCZ_LOC_16_29993686_rs9925915,16,rs9925915,29993686,2.508e-14,0.0570039574677328,78,-2.038410442441953,ENSG00000280893,ENSG00000280893,protein_coding,181425,32,0,0,0.0,-0.0,0,0.0,0,0
SCZ_LOC_16_29993686_rs9925915,16,rs9925915,29993686,2.508e-14,0.0570039574677328,78,-2.038410442441953,ENSG00000281348,ENSG00000281348,protein_coding,176447,30,0,0,0.0,-0.0,0,0.0,0,0
SCZ_LOC_16_29993686_rs9925915,16,rs9925915,29993686,2.508e-14,0.0570039574677328,78,-2.038410442441953,ENSG00000238045,MVP-DT,lncRNA,172434,28,0,0,0.0,-0.0,0,0.0,0,0
SCZ_LOC_16_4498486_rs8048039,16,rs8048039,4498486,1.979e-10,0.0511967897311259,1,1.401046068908006,ENSG00000153406,NMRAL1,protein_coding,2723,1,1,1,0.7794985175132751,26.29993415934125,1,0.9999975897868628,5,1
SCZ_LOC_16_4498486_rs8048039,16,rs8048039,4498486,1.979e-10,0.0511967897311259,2,0.783181582504347,ENSG00000103415,HMOX2,protein_coding,23796,2,0,0,0.0,-0.0,1,0.9999744529777188,4,0
SCZ_LOC_16_4498486_rs8048039,16,rs8048039,4498486,1.979e-10,0.0511967897311259,3,0.5114882686493213,ENSG00000168140,VASN,protein_coding,126638,14,0,0,0.0,-0.0,1,0.9999989825139582,27,0
SCZ_LOC_16_4498486_rs8048039,16,rs8048039,4498486,1.979e-10,0.0511967897311259,4,0.3421715477456085,ENSG00000126603,GLIS2,protein_coding,183725,19,0,0,0.0,-0.0,1,0.999996047950437,25,0
SCZ_LOC_16_4498486_rs8048039,16,rs8048039,4498486,1.979e-10,0.0511967897311259,5,0.14063903534668173,ENSG00000262686,GLIS2-AS1,lncRNA,169964,18,0,0,0.0,-0.0,1,0.9999993908889432,20,0
SCZ_LOC_16_4498486_rs8048039,16,rs8048039,4498486,1.979e-10,0.0511967897311259,6,0.10439910304479158,ENSG00000089486,CDIP1,protein_coding,40342,4,0,1,0.9345625638961792,17.94411803550055,1,0.9999695327524808,7,1
SCZ_LOC_16_4498486_rs8048039,16,rs8048039,4498486,1.979e-10,0.0511967897311259,7,-0.16979590796538596,ENSG00000103426,CORO7-PAM16,protein_coding,77992,11,0,0,0.0,-0.0,1,0.999990355558146,9,0
SCZ_LOC_16_4498486_rs8048039,16,rs8048039,4498486,1.979e-10,0.0511967897311259,8,-0.2098254342442754,ENSG00000090447,TFAP4,protein_coding,225411,22,0,1,0.9291210770606995,5.174442037848275,1,0.9999862582615868,11,1
SCZ_LOC_16_4498486_rs8048039,16,rs8048039,4498486,1.979e-10,0.0511967897311259,9,-0.40971746578175927,ENSG00000278434,ENSG00000278434,lncRNA,35184,3,0,1,3.7451231479644775,5.348825352092423,0,0.0,0,0
SCZ_LOC_16_4498486_rs8048039,16,rs8048039,4498486,1.979e-10,0.0511967897311259,10,-0.4259085834724935,ENSG00000262712,ENSG00000262712,lncRNA,160668,17,0,1,0.6933863759040833,4.773337294475179,0,0.0,0,0
SCZ_LOC_16_4498486_rs8048039,16,rs8048039,4498486,1.979e-10,0.0511967897311259,11,-0.5615783545432819,ENSG00000262246,CORO7,protein_coding,72781,10,0,1,1.071158766746521,27.885149128100345,1,0.999990355558146,9,1
SCZ_LOC_16_4498486_rs8048039,16,rs8048039,4498486,1.979e-10,0.0511967897311259,12,-0.5657964357369627,ENSG00000103199,ZNF500,protein_coding,269138,28,0,1,0.7720457315444946,15.782506414350415,1,0.9999970545086818,5,1
SCZ_LOC_16_4498486_rs8048039,16,rs8048039,4498486,1.979e-10,0.0511967897311259,13,-0.5961105117935264,ENSG00000103184,SEC14L5,protein_coding,459844,40,0,0,0.0,-0.0,1,0.999999404558823,8,0
SCZ_LOC_16_4498486_rs8048039,16,rs8048039,4498486,1.979e-10,0.0511967897311259,14,-0.6089426770501594,ENSG00000168101,NUDT16L1,protein_coding,195076,21,0,1,0.6893086433410645,4.999214742198741,1,0.9999590765381284,5,1
SCZ_LOC_16_4498486_rs8048039,16,rs8048039,4498486,1.979e-10,0.0511967897311259,15,-0.6610865649813363,ENSG00000162104,ADCY9,protein_coding,382044,39,0,0,0.0,-0.0,1,0.9999886753324044,6,0
SCZ_LOC_16_4498486_rs8048039,16,rs8048039,4498486,1.979e-10,0.0511967897311259,16,-0.8445980232931708,ENSG00000166246,DNAAF8,protein_coding,235858,23,0,1,2.4646263122558594,5.5945126731540675,1,0.9999759714750208,6,1
SCZ_LOC_16_4498486_rs8048039,16,rs8048039,4498486,1.979e-10,0.0511967897311259,17,-0.8795614205506911,ENSG00000261442,ENSG00000261442,lncRNA,142137,15,0,1,0.8290923237800598,5.485505543627325,0,0.0,0,0
SCZ_LOC_16_4498486_rs8048039,16,rs8048039,4498486,1.979e-10,0.0511967897311259,18,-0.8857122626474732,ENSG00000140632,GLYR1,protein_coding,348802,38,0,1,0.6827530860900879,11.499087990982142,1,0.9999848006537668,5,1
SCZ_LOC_16_4498486_rs8048039,16,rs8048039,4498486,1.979e-10,0.0511967897311259,19,-0.9428194465734795,ENSG00000067836,ROGDI,protein_coding,304394,33,0,1,0.7998079061508179,14.208547166686474,1,0.9999860932061924,5,1
SCZ_LOC_16_4498486_rs8048039,16,rs8048039,4498486,1.979e-10,0.0511967897311259,20,-0.9481883257486142,ENSG00000103423,DNAJA3,protein_coding,72681,9,0,0,0.0,-0.0,1,0.999940160374544,2,0
SCZ_LOC_16_4498486_rs8048039,16,rs8048039,4498486,1.979e-10,0.0511967897311259,21,-0.9496316428044635,ENSG00000217930,PAM16,protein_coding,142879,16,0,0,0.0,-0.0,1,0.9999932908486348,4,0
SCZ_LOC_16_4498486_rs8048039,16,rs8048039,4498486,1.979e-10,0.0511967897311259,22,-1.065953535181318,ENSG00000118898,PPL,protein_coding,462255,41,0,1,0.3594476282596588,10.124670963102414,1,0.9999921632323326,19,1
SCZ_LOC_16_4498486_rs8048039,16,rs8048039,4498486,1.979e-10,0.0511967897311259,23,-1.1219895068304797,ENSG00000168096,ANKS3,protein_coding,235892,24,0,1,0.7488528490066528,5.581237459879707,1,0.9999918431753752,6,1
SCZ_LOC_16_4498486_rs8048039,16,rs8048039,4498486,1.979e-10,0.0511967897311259,24,-1.135455691042949,ENSG00000262468,LINC01569,lncRNA,244631,25,0,1,1.868001103401184,9.885338786488097,1,0.999996836299468,5,1
SCZ_LOC_16_4498486_rs8048039,16,rs8048039,4498486,1.979e-10,0.0511967897311259,25,-1.1403814462940658,ENSG00000267795,SMIM22,protein_coding,289911,29,0,1,0.6934149265289307,22.296256133716135,1,0.9999974916123048,4,1
SCZ_LOC_16_4498486_rs8048039,16,rs8048039,4498486,1.979e-10,0.0511967897311259,26,-1.1701061554550438,ENSG00000102858,MGRN1,protein_coding,118007,13,0,1,0.7008367776870728,61.806226207380234,1,0.9999787488164908,4,1
SCZ_LOC_16_4498486_rs8048039,16,rs8048039,4498486,1.979e-10,0.0511967897311259,27,-1.233227681842056,ENSG00000140623,SEPTIN12,protein_coding,289912,30,0,1,1.2121939659118652,47.916866953258655,0,0.0,0,0
SCZ_LOC_16_4498486_rs8048039,16,rs8048039,4498486,1.979e-10,0.0511967897311259,28,-1.3115312529341023,ENSG00000118900,UBN1,protein_coding,348179,37,0,1,0.6148936748504639,6.182000177567221,1,0.9999936222587992,4,1
SCZ_LOC_16_4498486_rs8048039,16,rs8048039,4498486,1.979e-10,0.0511967897311259,29,-1.5104818997614429,ENSG00000153443,UBALD1,protein_coding,116541,12,0,0,0.0,-0.0,1,0.9999999923526702,5,0
SCZ_LOC_16_4498486_rs8048039,16,rs8048039,4498486,1.979e-10,0.0511967897311259,30,-1.5231844489904307,ENSG00000267077,ENSG00000267077,lncRNA,298046,31,0,1,1.3245419263839722,43.10693092565094,0,0.0,0,0
SCZ_LOC_16_4498486_rs8048039,16,rs8048039,4498486,1.979e-10,0.0511967897311259,31,-1.6600680329663602,ENSG00000205832,C16orf96,protein_coding,57854,5,0,0,0.0,-0.0,0,0.0,0,0
SCZ_LOC_16_4498486_rs8048039,16,rs8048039,4498486,1.979e-10,0.0511967897311259,32,-1.6826299639302331,ENSG00000277440,ENSG00000277440,lncRNA,67964,7,0,0,0.0,-0.0,0,0.0,0,0
SCZ_LOC_16_4498486_rs8048039,16,rs8048039,4498486,1.979e-10,0.0511967897311259,33,-1.7238668487958417,ENSG00000261789,ENSG00000261789,lncRNA,63176,6,0,0,0.0,-0.0,0,0.0,0,0
SCZ_LOC_16_4498486_rs8048039,16,rs8048039,4498486,1.979e-10,0.0511967897311259,34,-1.792181465765523,ENSG00000277170,ENSG00000277170,lncRNA,71584,8,0,0,0.0,-0.0,0,0.0,0,0
SCZ_LOC_16_4498486_rs8048039,16,rs8048039,4498486,1.979e-10,0.0511967897311259,35,-1.9477600684968392,ENSG00000266994,ENSG00000266994,lncRNA,254079,26,0,0,0.0,-0.0,0,0.0,0,0
SCZ_LOC_16_4498486_rs8048039,16,rs8048039,4498486,1.979e-10,0.0511967897311259,36,-1.9643629619545162,ENSG00000263159,ENSG00000263159,lncRNA,466474,42,0,0,0.0,-0.0,0,0.0,0,0
SCZ_LOC_16_4498486_rs8048039,16,rs8048039,4498486,1.979e-10,0.0511967897311259,36,-1.9643629619545162,ENSG00000310231,ENSG00000310231,lncRNA,472091,43,0,0,0.0,-0.0,0,0.0,0,0
SCZ_LOC_16_4498486_rs8048039,16,rs8048039,4498486,1.979e-10,0.0511967897311259,38,-1.9906063789324089,ENSG00000288935,ENSG00000288935,lncRNA,190842,20,0,0,0.0,-0.0,0,0.0,0,0
SCZ_LOC_16_4498486_rs8048039,16,rs8048039,4498486,1.979e-10,0.0511967897311259,39,-2.021984919617909,ENSG00000285952,ENSG00000285952,lncRNA,302937,32,0,0,0.0,-0.0,0,0.0,0,0
SCZ_LOC_16_4498486_rs8048039,16,rs8048039,4498486,1.979e-10,0.0511967897311259,40,-2.048843097965252,ENSG00000275056,ENSG00000275056,lncRNA,341848,36,0,0,0.0,-0.0,0,0.0,0,0
SCZ_LOC_16_4498486_rs8048039,16,rs8048039,4498486,1.979e-10,0.0511967897311259,40,-2.048843097965252,ENSG00000263105,ENSG00000263105,lncRNA,310510,34,0,0,0.0,-0.0,0,0.0,0,0
SCZ_LOC_16_4498486_rs8048039,16,rs8048039,4498486,1.979e-10,0.0511967897311259,40,-2.048843097965252,ENSG00000298290,ENSG00000298290,lncRNA,315130,35,0,0,0.0,-0.0,0,0.0,0,0
SCZ_LOC_16_4498486_rs8048039,16,rs8048039,4498486,1.979e-10,0.0511967897311259,43,-2.071027943109276,ENSG00000185739,SRL,protein_coding,256406,27,0,0,0.0,-0.0,0,0.0,0,0
SCZ_LOC_16_58665389_rs244908,16,rs244908,58665389,1.833e-08,0.0461963268897065,1,1.9604955533726562,ENSG00000103042,SLC38A7,protein_coding,19381,2,0,1,0.2572193443775177,7.878463388386393,1,0.999999731911927,7,1
SCZ_LOC_16_58665389_rs244908,16,rs244908,58665389,1.833e-08,0.0461963268897065,2,0.37961185066487063,ENSG00000125166,GOT2,protein_coding,68953,5,0,1,0.15442797541618347,6.608235969660024,1,0.9999762670896054,6,1
SCZ_LOC_16_58665389_rs244908,16,rs244908,58665389,1.833e-08,0.0461963268897065,3,-0.023829730306839197,ENSG00000103037,SETD6,protein_coding,149910,8,0,1,0.33559685945510864,11.33226098603168,1,0.9999898441306592,8,1
SCZ_LOC_16_58665389_rs244908,16,rs244908,58665389,1.833e-08,0.0461963268897065,4,-0.34307037315535055,ENSG00000103034,NDRG4,protein_coding,202543,12,0,1,0.5745005011558533,7.50570283675899,1,0.999996637645168,13,1
SCZ_LOC_16_58665389_rs244908,16,rs244908,58665389,1.833e-08,0.0461963268897065,5,-0.5341241295822811,ENSG00000305372,ENSG00000305372,lncRNA,19089,1,1,0,0.0,-0.0,0,0.0,0,0
SCZ_LOC_16_58665389_rs244908,16,rs244908,58665389,1.833e-08,0.0461963268897065,6,-0.59030288641554,ENSG00000181938,GINS3,protein_coding,370309,17,0,0,0.0,-0.0,1,0.9999826512860508,9,0
SCZ_LOC_16_58665389_rs244908,16,rs244908,58665389,1.833e-08,0.0461963268897065,7,-0.707302575980676,ENSG00000125107,CNOT1,protein_coding,35504,3,0,0,0.0,-0.0,1,0.999885116314256,3,0
SCZ_LOC_16_58665389_rs244908,16,rs244908,58665389,1.833e-08,0.0461963268897065,8,-0.744578510037208,ENSG00000103023,PRSS54,protein_coding,370342,18,0,1,0.7893467545509338,11.848455930060148,1,0.9999993476942018,15,1
SCZ_LOC_16_58665389_rs244908,16,rs244908,58665389,1.833e-08,0.0461963268897065,9,-0.8691216654837123,ENSG00000103021,CFAP263,protein_coding,434232,20,0,1,0.5304872989654541,16.016636980531086,1,0.999993314786861,6,1
SCZ_LOC_16_58665389_rs244908,16,rs244908,58665389,1.833e-08,0.0461963268897065,10,-0.9125535219976668,ENSG00000245768,ENSG00000245768,lncRNA,68474,4,0,1,2.2313804626464844,6.926579413839038,0,0.0,0,0
SCZ_LOC_16_58665389_rs244908,16,rs244908,58665389,1.833e-08,0.0461963268897065,11,-1.1398441098491925,ENSG00000070770,CSNK2A2,protein_coding,467283,21,0,0,0.0,-0.0,1,0.999973273258901,3,0
SCZ_LOC_16_58665389_rs244908,16,rs244908,58665389,1.833e-08,0.0461963268897065,12,-1.3935514176004087,ENSG00000289004,ENSG00000289004,lncRNA,149925,9,0,1,1.672705888748169,12.4143114195372,0,0.0,0,0
SCZ_LOC_16_58665389_rs244908,16,rs244908,58665389,1.833e-08,0.0461963268897065,13,-1.6584815183400454,ENSG00000305330,ENSG00000305330,lncRNA,145363,7,0,0,0.0,-0.0,0,0.0,0,0
SCZ_LOC_16_58665389_rs244908,16,rs244908,58665389,1.833e-08,0.0461963268897065,14,-1.740895715960929,ENSG00000276259,ENSG00000276259,lncRNA,142419,6,0,0,0.0,-0.0,0,0.0,0,0
SCZ_LOC_16_58665389_rs244908,16,rs244908,58665389,1.833e-08,0.0461963268897065,15,-1.8504472177962195,ENSG00000305389,ENSG00000305389,lncRNA,183292,10,0,0,0.0,-0.0,0,0.0,0,0
SCZ_LOC_16_58665389_rs244908,16,rs244908,58665389,1.833e-08,0.0461963268897065,16,-1.9477600684968392,ENSG00000260186,LINC02137,lncRNA,244117,14,0,0,0.0,-0.0,0,0.0,0,0
SCZ_LOC_16_58665389_rs244908,16,rs244908,58665389,1.833e-08,0.0461963268897065,17,-1.9498630785771462,ENSG00000294769,ENSG00000294769,lncRNA,200394,11,0,0,0.0,-0.0,0,0.0,0,0
SCZ_LOC_16_58665389_rs244908,16,rs244908,58665389,1.833e-08,0.0461963268897065,18,-2.071027943109276,ENSG00000276131,ENSG00000276131,lncRNA,272582,15,0,0,0.0,-0.0,0,0.0,0,0
SCZ_LOC_16_58665389_rs244908,16,rs244908,58665389,1.833e-08,0.0461963268897065,18,-2.071027943109276,ENSG00000261078,ENSG00000261078,lncRNA,273624,16,0,0,0.0,-0.0,0,0.0,0,0
SCZ_LOC_16_58665389_rs244908,16,rs244908,58665389,1.833e-08,0.0461963268897065,20,-2.0821970675151693,ENSG00000261638,ENSG00000261638,lncRNA,214973,13,0,0,0.0,-0.0,0,0.0,0,0
SCZ_LOC_16_58665389_rs244908,16,rs244908,58665389,1.833e-08,0.0461963268897065,21,-2.089244400323456,ENSG00000260867,ENSG00000260867,lncRNA,468415,22,0,0,0.0,-0.0,0,0.0,0,0
SCZ_LOC_16_58665389_rs244908,16,rs244908,58665389,1.833e-08,0.0461963268897065,21,-2.089244400323456,ENSG00000308969,ENSG00000308969,lncRNA,410096,19,0,0,0.0,-0.0,0,0.0,0,0
SCZ_LOC_16_68414975_rs11862968,16,rs11862968,68414975,4.715e-09,-0.0546040319940407,1,0.8432423241962871,ENSG00000103056,SMPD3,protein_coding,33533,2,0,1,0.4143829345703125,5.242075211005072,1,0.9999869631819888,6,1
SCZ_LOC_16_68414975_rs11862968,16,rs11862968,68414975,4.715e-09,-0.0546040319940407,2,0.25870428160020514,ENSG00000103064,SLC7A6,protein_coding,150459,10,0,0,0.0,-0.0,1,0.9999977391227431,5,0
SCZ_LOC_16_68414975_rs11862968,16,rs11862968,68414975,4.715e-09,-0.0546040319940407,3,-0.0341717651731286,ENSG00000062038,CDH3,protein_coding,221214,23,0,1,1.298499584197998,13.019336067419301,1,0.9999971356109484,20,1
SCZ_LOC_16_68414975_rs11862968,16,rs11862968,68414975,4.715e-09,-0.0546040319940407,4,-0.18728156441111593,ENSG00000308012,ENSG00000308012,lncRNA,3195,1,1,0,0.0,-0.0,0,0.0,0,0
SCZ_LOC_16_68414975_rs11862968,16,rs11862968,68414975,4.715e-09,-0.0546040319940407,5,-0.49781984324412926,ENSG00000205220,PSMB10,protein_coding,478111,40,0,1,0.5776509642601013,4.932821506401384,1,0.99999422143009,11,1
SCZ_LOC_16_68414975_rs11862968,16,rs11862968,68414975,4.715e-09,-0.0546040319940407,6,-0.5367530643071386,ENSG00000213398,LCAT,protein_coding,470844,39,0,0,0.0,-0.0,1,0.999999996186977,6,0
SCZ_LOC_16_68414975_rs11862968,16,rs11862968,68414975,4.715e-09,-0.0546040319940407,7,-0.5775422792806388,ENSG00000103066,PLA2G15,protein_coding,169671,12,0,1,0.5185131430625916,4.048807157982375,1,0.9999882613266572,7,1
SCZ_LOC_16_68414975_rs11862968,16,rs11862968,68414975,4.715e-09,-0.0546040319940407,8,-0.5976676508533344,ENSG00000103061,SLC7A6OS,protein_coding,104029,7,0,0,0.0,-0.0,1,0.9999794937070856,3,0
SCZ_LOC_16_68414975_rs11862968,16,rs11862968,68414975,4.715e-09,-0.0546040319940407,9,-0.6294999070459162,ENSG00000103067,ESRP2,protein_coding,176873,16,0,0,0.0,-0.0,1,0.9999999981134492,8,0
SCZ_LOC_16_68414975_rs11862968,16,rs11862968,68414975,4.715e-09,-0.0546040319940407,10,-0.6883167726565342,ENSG00000184939,ZFP90,protein_coding,115115,9,0,1,0.8889910578727722,11.85221466283727,1,0.999977090624326,9,1
SCZ_LOC_16_68414975_rs11862968,16,rs11862968,68414975,4.715e-09,-0.0546040319940407,11,-0.8150014081805751,ENSG00000132600,PRMT7,protein_coding,104024,6,0,1,0.7461848855018616,26.07874908370765,1,0.9999274673390274,3,1
SCZ_LOC_16_68414975_rs11862968,16,rs11862968,68414975,4.715e-09,-0.0546040319940407,12,-0.8233583618284891,ENSG00000103047,TANGO6,protein_coding,428556,35,0,0,0.0,-0.0,1,0.9999885426415552,12,0
SCZ_LOC_16_68414975_rs11862968,16,rs11862968,68414975,4.715e-09,-0.0546040319940407,13,-0.8276143616202026,ENSG00000159792,PSKH1,protein_coding,521721,43,0,0,0.0,-0.0,1,0.9999677322016756,4,0
SCZ_LOC_16_68414975_rs11862968,16,rs11862968,68414975,4.715e-09,-0.0546040319940407,14,-0.8326224411635025,ENSG00000039068,CDH1,protein_coding,322317,25,0,1,0.2593017816543579,6.772338099040315,1,0.9999800156331003,14,1
SCZ_LOC_16_68414975_rs11862968,16,rs11862968,68414975,4.715e-09,-0.0546040319940407,15,-0.9541656320772751,ENSG00000287760,ENSG00000287760,lncRNA,33858,3,0,0,0.0,-0.0,0,0.0,0,0
SCZ_LOC_16_68414975_rs11862968,16,rs11862968,68414975,4.715e-09,-0.0546040319940407,16,-0.9548562384009311,ENSG00000124067,SLC12A4,protein_coding,445374,38,0,1,0.8601250052452087,4.355912676866958,1,0.999999031374404,9,1
SCZ_LOC_16_68414975_rs11862968,16,rs11862968,68414975,4.715e-09,-0.0546040319940407,17,-0.9932226108493746,ENSG00000141086,CTRL,protein_coding,482610,42,0,0,0.0,-0.0,1,0.9999999982119638,11,0
SCZ_LOC_16_68414975_rs11862968,16,rs11862968,68414975,4.715e-09,-0.0546040319940407,18,-0.9987098378057522,ENSG00000167264,DUS2,protein_coding,427229,34,0,1,0.6288278102874756,13.127282754602053,1,0.9999982146811516,3,1
SCZ_LOC_16_68414975_rs11862968,16,rs11862968,68414975,4.715e-09,-0.0546040319940407,19,-1.0634893076297771,ENSG00000274698,ENSG00000274698,lncRNA,35308,4,0,0,0.0,-0.0,0,0.0,0,0
SCZ_LOC_16_68414975_rs11862968,16,rs11862968,68414975,4.715e-09,-0.0546040319940407,20,-1.1289460531170752,ENSG00000072736,NFATC3,protein_coding,330224,26,0,1,0.15873883664608002,4.554188278193636,1,0.9999724953941536,4,1
SCZ_LOC_16_68414975_rs11862968,16,rs11862968,68414975,4.715e-09,-0.0546040319940407,21,-1.2303802631927656,ENSG00000260084,ENSG00000260084,lncRNA,174537,14,0,1,0.6685745716094971,8.41287626484811,0,0.0,0,0
SCZ_LOC_16_68414975_rs11862968,16,rs11862968,68414975,4.715e-09,-0.0546040319940407,22,-1.6188311481007516,ENSG00000259797,ENSG00000259797,lncRNA,98174,5,0,0,0.0,-0.0,0,0.0,0,0
SCZ_LOC_16_68414975_rs11862968,16,rs11862968,68414975,4.715e-09,-0.0546040319940407,23,-1.7462922925758635,ENSG00000275383,ENSG00000275383,lncRNA,176407,15,0,1,0.6474213600158691,5.365609392230501,0,0.0,0,0
SCZ_LOC_16_68414975_rs11862968,16,rs11862968,68414975,4.715e-09,-0.0546040319940407,24,-1.7680330201753354,ENSG00000305762,ENSG00000305762,lncRNA,112861,8,0,0,0.0,-0.0,0,0.0,0,0
SCZ_LOC_16_68414975_rs11862968,16,rs11862968,68414975,4.715e-09,-0.0546040319940407,25,-1.9477600684968392,ENSG00000260577,CDH3-AS1,lncRNA,231193,24,0,0,0.0,-0.0,0,0.0,0,0
SCZ_LOC_16_68414975_rs11862968,16,rs11862968,68414975,4.715e-09,-0.0546040319940407,26,-1.9643629619545162,ENSG00000261884,ENSG00000261884,protein_coding,478958,41,0,0,0.0,-0.0,0,0.0,0,0
SCZ_LOC_16_68414975_rs11862968,16,rs11862968,68414975,4.715e-09,-0.0546040319940407,27,-1.9906063789324089,ENSG00000260891,ENSG00000260891,lncRNA,193304,21,0,0,0.0,-0.0,0,0.0,0,0
SCZ_LOC_16_68414975_rs11862968,16,rs11862968,68414975,4.715e-09,-0.0546040319940407,28,-1.9930892080957059,ENSG00000182810,DDX28,protein_coding,391743,29,0,1,0.43458983302116394,4.137873633796753,1,0.9999999977157809,11,1
SCZ_LOC_16_68414975_rs11862968,16,rs11862968,68414975,4.715e-09,-0.0546040319940407,29,-1.9976671420866914,ENSG00000260441,ENSG00000260441,lncRNA,150508,11,0,0,0.0,-0.0,0,0.0,0,0
SCZ_LOC_16_68414975_rs11862968,16,rs11862968,68414975,4.715e-09,-0.0546040319940407,30,-2.010846712006101,ENSG00000141096,DPEP3,protein_coding,434426,37,0,0,0.0,-0.0,0,0.0,0,0
SCZ_LOC_16_68414975_rs11862968,16,rs11862968,68414975,4.715e-09,-0.0546040319940407,31,-2.038410442441953,ENSG00000263276,ENSG00000263276,lncRNA,190262,20,0,0,0.0,-0.0,0,0.0,0,0
SCZ_LOC_16_68414975_rs11862968,16,rs11862968,68414975,4.715e-09,-0.0546040319940407,31,-2.038410442441953,ENSG00000262160,ENSG00000262160,lncRNA,185830,19,0,0,0.0,-0.0,0,0.0,0,0
SCZ_LOC_16_68414975_rs11862968,16,rs11862968,68414975,4.715e-09,-0.0546040319940407,31,-2.038410442441953,ENSG00000261469,ENSG00000261469,lncRNA,177308,17,0,0,0.0,-0.0,0,0.0,0,0
SCZ_LOC_16_68414975_rs11862968,16,rs11862968,68414975,4.715e-09,-0.0546040319940407,31,-2.038410442441953,ENSG00000305338,ENSG00000305338,lncRNA,178637,18,0,0,0.0,-0.0,0,0.0,0,0
SCZ_LOC_16_68414975_rs11862968,16,rs11862968,68414975,4.715e-09,-0.0546040319940407,31,-2.038410442441953,ENSG00000307195,ENSG00000307195,lncRNA,169842,13,0,0,0.0,-0.0,0,0.0,0,0
SCZ_LOC_16_68414975_rs11862968,16,rs11862968,68414975,4.715e-09,-0.0546040319940407,36,-2.0598069904417207,ENSG00000261864,ENSG00000261864,lncRNA,337635,27,0,0,0.0,-0.0,0,0.0,0,0
SCZ_LOC_16_68414975_rs11862968,16,rs11862968,68414975,4.715e-09,-0.0546040319940407,37,-2.0676054365965193,ENSG00000289991,ENSG00000289991,lncRNA,434382,36,0,0,0.0,-0.0,0,0.0,0,0
SCZ_LOC_16_68414975_rs11862968,16,rs11862968,68414975,4.715e-09,-0.0546040319940407,37,-2.0676054365965193,ENSG00000289618,ENSG00000289618,lncRNA,415935,33,0,0,0.0,-0.0,0,0.0,0,0
SCZ_LOC_16_68414975_rs11862968,16,rs11862968,68414975,4.715e-09,-0.0546040319940407,39,-2.070482061692189,ENSG00000309644,ENSG00000309644,lncRNA,369388,28,0,0,0.0,-0.0,0,0.0,0,0
SCZ_LOC_16_68414975_rs11862968,16,rs11862968,68414975,4.715e-09,-0.0546040319940407,40,-2.0821970675151693,ENSG00000262514,ENSG00000262514,lncRNA,215180,22,0,0,0.0,-0.0,0,0.0,0,0
SCZ_LOC_16_68414975_rs11862968,16,rs11862968,68414975,4.715e-09,-0.0546040319940407,41,-2.089244400323456,ENSG00000260798,ENSG00000260798,lncRNA,408551,31,0,0,0.0,-0.0,0,0.0,0,0
SCZ_LOC_16_68414975_rs11862968,16,rs11862968,68414975,4.715e-09,-0.0546040319940407,41,-2.089244400323456,ENSG00000167261,DPEP2,protein_coding,414389,32,0,0,0.0,-0.0,0,0.0,0,0
SCZ_LOC_16_68414975_rs11862968,16,rs11862968,68414975,4.715e-09,-0.0546040319940407,41,-2.089244400323456,ENSG00000263201,DPEP2NB,protein_coding,399064,30,0,0,0.0,-0.0,0,0.0,0,0
SCZ_LOC_16_89877975_rs11076631,16,rs11076631,89877975,1.329e-09,0.0505029821731068,1,2.2260951140623346,ENSG00000258839,MC1R,protein_coding,34144,3,0,1,1.4793037176132202,14.864988753737956,1,0.9999960462324876,16,1
SCZ_LOC_16_89877975_rs11076631,16,rs11076631,89877975,1.329e-09,0.0505029821731068,2,0.7314573818932654,ENSG00000258947,TUBB3,protein_coding,43417,5,0,0,0.0,-0.0,1,0.9999984967265791,10,0
SCZ_LOC_16_89877975_rs11076631,16,rs11076631,89877975,1.329e-09,0.0505029821731068,3,0.7168960923052791,ENSG00000141002,TCF25,protein_coding,4405,1,1,0,0.0,-0.0,1,0.9999176627974274,3,0
SCZ_LOC_16_89877975_rs11076631,16,rs11076631,89877975,1.329e-09,0.0505029821731068,4,0.5522122495923311,ENSG00000204991,SPIRE2,protein_coding,59796,7,0,1,0.6540490388870239,14.185076073776019,1,0.999988034545366,10,1
SCZ_LOC_16_89877975_rs11076631,16,rs11076631,89877975,1.329e-09,0.0505029821731068,5,0.1623605760050642,ENSG00000178773,CPNE7,protein_coding,302217,34,0,1,0.2393830120563507,5.68186742345359,1,0.9999999962538156,25,1
SCZ_LOC_16_89877975_rs11076631,16,rs11076631,89877975,1.329e-09,0.0505029821731068,6,-0.42630314098375827,ENSG00000158805,ZNF276,protein_coding,157575,16,0,1,0.6365471482276917,7.571061866164408,1,0.9999886894920618,7,1
SCZ_LOC_16_89877975_rs11076631,16,rs11076631,89877975,1.329e-09,0.0505029821731068,7,-0.5341241295822811,ENSG00000267048,ENSG00000267048,lncRNA,28182,2,0,0,0.0,-0.0,0,0.0,0,0
SCZ_LOC_16_89877975_rs11076631,16,rs11076631,89877975,1.329e-09,0.0505029821731068,8,-0.563336143784978,ENSG00000167526,RPL13,protein_coding,317298,36,0,1,0.8803589344024658,8.347434843336968,1,0.9999916040723864,3,1
SCZ_LOC_16_89877975_rs11076631,16,rs11076631,89877975,1.329e-09,0.0505029821731068,9,-0.6306034553460707,ENSG00000187741,FANCA,protein_coding,60998,8,0,1,0.5251510739326477,12.69209955005626,1,0.9999908355313606,5,1
SCZ_LOC_16_89877975_rs11076631,16,rs11076631,89877975,1.329e-09,0.0505029821731068,10,-0.7059025115755536,ENSG00000140995,DEF8,protein_coding,70722,9,0,1,0.8119469881057739,7.550200909686169,1,0.9999986904298668,7,1
SCZ_LOC_16_89877975_rs11076631,16,rs11076631,89877975,1.329e-09,0.0505029821731068,11,-0.716049911883914,ENSG00000167523,SPATA33,protein_coding,220235,25,0,1,1.1323577165603638,24.15616553356709,1,0.9999917087296888,7,1
SCZ_LOC_16_89877975_rs11076631,16,rs11076631,89877975,1.329e-09,0.0505029821731068,12,-0.7804666939929665,ENSG00000131165,CHMP1A,protein_coding,220237,26,0,1,0.4288087487220764,6.517622739550114,1,0.999967765430568,3,1
SCZ_LOC_16_89877975_rs11076631,16,rs11076631,89877975,1.329e-09,0.0505029821731068,13,-0.7825789787196525,ENSG00000158792,SPATA2L,protein_coding,176270,19,0,1,0.4086315333843231,5.3180628653297495,1,0.9999905636100824,7,1
SCZ_LOC_16_89877975_rs11076631,16,rs11076631,89877975,1.329e-09,0.0505029821731068,14,-0.9313072630871575,ENSG00000075399,VPS9D1,protein_coding,157077,15,0,1,0.632781982421875,22.05179937676882,1,0.9999885650881934,7,1
SCZ_LOC_16_89877975_rs11076631,16,rs11076631,89877975,1.329e-09,0.0505029821731068,15,-0.9360063696376273,ENSG00000141013,GAS8,protein_coding,141654,12,0,1,1.2023143768310547,22.62219036119651,1,0.999998561210136,8,1
SCZ_LOC_16_89877975_rs11076631,16,rs11076631,89877975,1.329e-09,0.0505029821731068,16,-1.1744558411695298,ENSG00000275734,ENSG00000275734,lncRNA,206407,22,0,1,0.47235405445098877,6.756306133847888,0,0.0,0,0
SCZ_LOC_16_89877975_rs11076631,16,rs11076631,89877975,1.329e-09,0.0505029821731068,17,-1.2069191082825232,ENSG00000185324,CDK10,protein_coding,197238,21,0,1,0.8370535373687744,25.250213274740176,1,0.9999697346030758,6,1
SCZ_LOC_16_89877975_rs11076631,16,rs11076631,89877975,1.329e-09,0.0505029821731068,18,-1.244865068471658,ENSG00000167522,ANKRD11,protein_coding,387414,40,0,0,0.0,-0.0,1,0.9999842954756472,4,0
SCZ_LOC_16_89877975_rs11076631,16,rs11076631,89877975,1.329e-09,0.0505029821731068,19,-1.2635657907723215,ENSG00000197912,SPG7,protein_coding,387256,39,0,1,0.6538450121879578,9.206245021023639,1,0.9999747632793382,4,1
SCZ_LOC_16_89877975_rs11076631,16,rs11076631,89877975,1.329e-09,0.0505029821731068,20,-1.2665831236591436,ENSG00000198211,ENSG00000198211,protein_coding,41190,4,0,0,0.0,-0.0,0,0.0,0,0
SCZ_LOC_16_89877975_rs11076631,16,rs11076631,89877975,1.329e-09,0.0505029821731068,21,-1.2763335531506723,ENSG00000261172,ENSG00000261172,lncRNA,290316,33,0,1,1.181937336921692,36.45827315402055,0,0.0,0,0
SCZ_LOC_16_89877975_rs11076631,16,rs11076631,89877975,1.329e-09,0.0505029821731068,22,-1.3303819394886247,ENSG00000259006,ENSG00000259006,lncRNA,44687,6,0,0,0.0,-0.0,0,0.0,0,0
SCZ_LOC_16_89877975_rs11076631,16,rs11076631,89877975,1.329e-09,0.0505029821731068,23,-1.3536092410548175,ENSG00000260259,LINC02166,lncRNA,191054,20,0,1,0.771946907043457,8.587230234213349,0,0.0,0,0
SCZ_LOC_16_89877975_rs11076631,16,rs11076631,89877975,1.329e-09,0.0505029821731068,24,-1.3828030173354153,ENSG00000003249,DBNDD1,protein_coding,141915,13,0,1,0.3086118698120117,8.21627206594642,1,0.9999999969545448,20,1
SCZ_LOC_16_89877975_rs11076631,16,rs11076631,89877975,1.329e-09,0.0505029821731068,25,-1.4094397436027695,ENSG00000221819,GAS8-AS1,lncRNA,151926,14,0,1,1.428905725479126,24.214426357873858,0,0.0,0,0
SCZ_LOC_16_89877975_rs11076631,16,rs11076631,89877975,1.329e-09,0.0505029821731068,26,-1.4569389643931667,ENSG00000260528,FAM157C,lncRNA,223059,27,0,1,1.0794411897659302,30.706312985298535,0,0.0,0,0
SCZ_LOC_16_89877975_rs11076631,16,rs11076631,89877975,1.329e-09,0.0505029821731068,27,-1.488214836855694,ENSG00000261373,VPS9D1-AS1,lncRNA,166119,17,0,1,1.6273194551467896,15.749918655111406,0,0.0,0,0
SCZ_LOC_16_89877975_rs11076631,16,rs11076631,89877975,1.329e-09,0.0505029821731068,28,-1.524962370236036,ENSG00000015413,DPEP1,protein_coding,264667,30,0,1,0.5021446943283081,5.70617974181006,0,0.0,0,0
SCZ_LOC_16_89877975_rs11076631,16,rs11076631,89877975,1.329e-09,0.0505029821731068,29,-1.792181465765523,ENSG00000293473,CENPBD1P,lncRNA,94559,10,0,0,0.0,-0.0,0,0.0,0,0
SCZ_LOC_16_89877975_rs11076631,16,rs11076631,89877975,1.329e-09,0.0505029821731068,30,-1.939401390055995,ENSG00000293510,AFG3L1P,lncRNA,94606,11,0,0,0.0,-0.0,0,0.0,0,0
SCZ_LOC_16_89877975_rs11076631,16,rs11076631,89877975,1.329e-09,0.0505029821731068,31,-1.945600623323249,ENSG00000261118,ENSG00000261118,lncRNA,369651,38,0,0,0.0,-0.0,0,0.0,0,0
SCZ_LOC_16_89877975_rs11076631,16,rs11076631,89877975,1.329e-09,0.0505029821731068,32,-1.9643629619545162,ENSG00000261692,ENSG00000261692,lncRNA,455749,42,0,0,0.0,-0.0,0,0.0,0,0
SCZ_LOC_16_89877975_rs11076631,16,rs11076631,89877975,1.329e-09,0.0505029821731068,32,-1.9643629619545162,ENSG00000287351,ENSG00000287351,lncRNA,446987,41,0,0,0.0,-0.0,0,0.0,0,0
SCZ_LOC_16_89877975_rs11076631,16,rs11076631,89877975,1.329e-09,0.0505029821731068,32,-1.9643629619545162,ENSG00000288715,ENSG00000288715,protein_coding,459683,43,0,0,0.0,-0.0,0,0.0,0,0
SCZ_LOC_16_89877975_rs11076631,16,rs11076631,89877975,1.329e-09,0.0505029821731068,35,-1.9920843733748341,ENSG00000308383,ENSG00000308383,lncRNA,332313,37,0,0,0.0,-0.0,0,0.0,0,0
SCZ_LOC_16_89877975_rs11076631,16,rs11076631,89877975,1.329e-09,0.0505029821731068,36,-2.038410442441953,ENSG00000290738,URAHP,lncRNA,169830,18,0,0,0.0,-0.0,0,0.0,0,0
SCZ_LOC_16_89877975_rs11076631,16,rs11076631,89877975,1.329e-09,0.0505029821731068,37,-2.048843097965252,ENSG00000304919,ENSG00000304919,lncRNA,312235,35,0,0,0.0,-0.0,0,0.0,0,0
SCZ_LOC_16_89877975_rs11076631,16,rs11076631,89877975,1.329e-09,0.0505029821731068,38,-2.071027943109276,ENSG00000300127,ENSG00000300127,lncRNA,279583,32,0,0,0.0,-0.0,0,0.0,0,0
SCZ_LOC_16_89877975_rs11076631,16,rs11076631,89877975,1.329e-09,0.0505029821731068,38,-2.071027943109276,ENSG00000300148,ENSG00000300148,lncRNA,272216,31,0,0,0.0,-0.0,0,0.0,0,0
SCZ_LOC_16_89877975_rs11076631,16,rs11076631,89877975,1.329e-09,0.0505029821731068,40,-2.0821970675151693,ENSG00000260507,ENSG00000260507,lncRNA,228341,29,0,0,0.0,-0.0,0,0.0,0,0
SCZ_LOC_16_89877975_rs11076631,16,rs11076631,89877975,1.329e-09,0.0505029821731068,40,-2.0821970675151693,ENSG00000126856,PRDM7,protein_coding,214097,23,0,0,0.0,-0.0,0,0.0,0,0
SCZ_LOC_16_89877975_rs11076631,16,rs11076631,89877975,1.329e-09,0.0505029821731068,40,-2.0821970675151693,ENSG00000290739,ENSG00000290739,lncRNA,215179,24,0,0,0.0,-0.0,0,0.0,0,0
SCZ_LOC_16_89877975_rs11076631,16,rs11076631,89877975,1.329e-09,0.0505029821731068,40,-2.0821970675151693,ENSG00000308408,ENSG00000308408,lncRNA,224428,28,0,0,0.0,-0.0,0,0.0,0,0
SCZ_LOC_17_19142226_rs959071,17,rs959071,19142226,4.048e-12,0.0754970069979959,1,0.6420286250252769,ENSG00000262319,ENSG00000262319,lncRNA,1463,1,1,0,0.0,-0.0,0,0.0,0,0
SCZ_LOC_17_19142226_rs959071,17,rs959071,19142226,4.048e-12,0.0754970069979959,2,0.3745133632452772,ENSG00000128482,RNF112,protein_coding,268899,23,0,0,0.0,-0.0,1,0.9999982860954956,15,0
SCZ_LOC_17_19142226_rs959071,17,rs959071,19142226,4.048e-12,0.0754970069979959,3,0.3715911637031107,ENSG00000189152,GRAPL,protein_coding,14691,3,0,0,0.0,-0.0,0,0.0,0,0
SCZ_LOC_17_19142226_rs959071,17,rs959071,19142226,4.048e-12,0.0754970069979959,4,0.16490369648157294,ENSG00000197665,GRAPL-AS1,lncRNA,21271,4,0,0,0.0,-0.0,0,0.0,0,0
SCZ_LOC_17_19142226_rs959071,17,rs959071,19142226,4.048e-12,0.0754970069979959,5,-0.18849314566406858,ENSG00000262202,ENSG00000262202,lncRNA,48019,6,0,0,0.0,-0.0,0,0.0,0,0
SCZ_LOC_17_19142226_rs959071,17,rs959071,19142226,4.048e-12,0.0754970069979959,6,-0.21278991753391754,ENSG00000188522,FAM83G,protein_coding,137462,14,0,0,0.0,-0.0,1,0.9999910863582968,10,0
SCZ_LOC_17_19142226_rs959071,17,rs959071,19142226,4.048e-12,0.0754970069979959,7,-0.2309189947835816,ENSG00000072134,EPN2,protein_coding,73389,11,0,1,0.5458329319953918,4.62733091076129,1,0.9999941822239647,20,1
SCZ_LOC_17_19142226_rs959071,17,rs959071,19142226,4.048e-12,0.0754970069979959,8,-0.294517883451127,ENSG00000266664,ENSG00000266664,lncRNA,8053,2,0,0,0.0,-0.0,0,0.0,0,0
SCZ_LOC_17_19142226_rs959071,17,rs959071,19142226,4.048e-12,0.0754970069979959,9,-0.5925421126694663,ENSG00000265478,ENSG00000265478,lncRNA,332270,32,0,1,1.0096570253372192,5.715711148144041,0,0.0,0,0
SCZ_LOC_17_19142226_rs959071,17,rs959071,19142226,4.048e-12,0.0754970069979959,10,-0.6368950523159469,ENSG00000141127,PRPSAP2,protein_coding,302141,29,0,1,0.5101220607757568,17.97242564172648,1,0.9999993797796076,4,1
SCZ_LOC_17_19142226_rs959071,17,rs959071,19142226,4.048e-12,0.0754970069979959,11,-0.703175687588483,ENSG00000142494,SLC47A1,protein_coding,353159,34,0,1,1.3198224306106567,4.5071461671694335,1,0.999999997458248,31,1
SCZ_LOC_17_19142226_rs959071,17,rs959071,19142226,4.048e-12,0.0754970069979959,12,-0.723375621423585,ENSG00000266311,ENSG00000266311,lncRNA,32254,5,0,0,0.0,-0.0,0,0.0,0,0
SCZ_LOC_17_19142226_rs959071,17,rs959071,19142226,4.048e-12,0.0754970069979959,13,-0.7514981833918348,ENSG00000171931,FBXW10,protein_coding,398200,36,0,1,0.8209840059280396,5.649397905465101,0,0.0,0,0
SCZ_LOC_17_19142226_rs959071,17,rs959071,19142226,4.048e-12,0.0754970069979959,14,-0.8268442762590675,ENSG00000108641,B9D1,protein_coding,235967,20,0,1,0.14734451472759247,4.616465024594566,1,0.9999957231043852,7,1
SCZ_LOC_17_19142226_rs959071,17,rs959071,19142226,4.048e-12,0.0754970069979959,15,-0.885982312718183,ENSG00000166482,MFAP4,protein_coding,244964,21,0,0,0.0,-0.0,1,0.9999999973146716,11,0
SCZ_LOC_17_19142226_rs959071,17,rs959071,19142226,4.048e-12,0.0754970069979959,16,-1.2066029077561917,ENSG00000171928,TVP23B,protein_coding,361115,35,0,1,0.6131547689437866,22.600768700814324,1,0.9999932924291012,2,1
SCZ_LOC_17_19142226_rs959071,17,rs959071,19142226,4.048e-12,0.0754970069979959,17,-1.2843073185369198,ENSG00000166484,MAPK7,protein_coding,235495,19,0,1,0.7056827545166016,4.426735839686269,1,0.99994495449772,3,1
SCZ_LOC_17_19142226_rs959071,17,rs959071,19142226,4.048e-12,0.0754970069979959,18,-1.3260886157110527,ENSG00000227078,LINC02094,lncRNA,276809,25,0,1,0.38766905665397644,6.3607735946926685,0,0.0,0,0
SCZ_LOC_17_19142226_rs959071,17,rs959071,19142226,4.048e-12,0.0754970069979959,19,-1.4146413136139604,ENSG00000189375,TBC1D28,protein_coding,497799,43,0,0,0.0,-0.0,0,0.0,0,0
SCZ_LOC_17_19142226_rs959071,17,rs959071,19142226,4.048e-12,0.0754970069979959,20,-1.500086634896175,ENSG00000262769,ENSG00000262769,lncRNA,504928,44,0,0,0.0,-0.0,0,0.0,0,0
SCZ_LOC_17_19142226_rs959071,17,rs959071,19142226,4.048e-12,0.0754970069979959,21,-1.5469128402837886,ENSG00000240445,FOXO3B,protein_coding,459912,39,0,1,0.5955547094345093,5.699017289951295,0,0.0,0,0
SCZ_LOC_17_19142226_rs959071,17,rs959071,19142226,4.048e-12,0.0754970069979959,22,-1.6200034143122828,ENSG00000228157,ENSG00000228157,lncRNA,53626,8,0,0,0.0,-0.0,0,0.0,0,0
SCZ_LOC_17_19142226_rs959071,17,rs959071,19142226,4.048e-12,0.0754970069979959,23,-1.7153415194705575,ENSG00000230197,ENSG00000230197,lncRNA,71657,10,0,0,0.0,-0.0,0,0.0,0,0
SCZ_LOC_17_19142226_rs959071,17,rs959071,19142226,4.048e-12,0.0754970069979959,24,-1.7238668487958417,ENSG00000263394,ENSG00000263394,lncRNA,50401,7,0,0,0.0,-0.0,0,0.0,0,0
SCZ_LOC_17_19142226_rs959071,17,rs959071,19142226,4.048e-12,0.0754970069979959,25,-1.7656290086180775,ENSG00000235979,ENSG00000235979,lncRNA,353001,33,0,1,0.9217432737350464,24.0347561094545,0,0.0,0,0
SCZ_LOC_17_19142226_rs959071,17,rs959071,19142226,4.048e-12,0.0754970069979959,26,-1.8334183506311317,ENSG00000236022,ENSG00000236022,lncRNA,54397,9,0,0,0.0,-0.0,0,0.0,0,0
SCZ_LOC_17_19142226_rs959071,17,rs959071,19142226,4.048e-12,0.0754970069979959,27,-1.939401390055995,ENSG00000281856,ENSG00000281856,lncRNA,76917,12,0,0,0.0,-0.0,0,0.0,0,0
SCZ_LOC_17_19142226_rs959071,17,rs959071,19142226,4.048e-12,0.0754970069979959,28,-1.95599624482107,ENSG00000154025,SLC5A10,protein_coding,191881,17,0,0,0.0,-0.0,0,0.0,0,0
SCZ_LOC_17_19142226_rs959071,17,rs959071,19142226,4.048e-12,0.0754970069979959,29,-1.9643629619545162,ENSG00000287058,ENSG00000287058,lncRNA,480276,41,0,0,0.0,-0.0,0,0.0,0,0
SCZ_LOC_17_19142226_rs959071,17,rs959071,19142226,4.048e-12,0.0754970069979959,29,-1.9643629619545162,ENSG00000290544,ENSG00000290544,lncRNA,487225,42,0,0,0.0,-0.0,0,0.0,0,0
SCZ_LOC_17_19142226_rs959071,17,rs959071,19142226,4.048e-12,0.0754970069979959,29,-1.9643629619545162,ENSG00000290687,ZNF286B,lncRNA,459998,40,0,0,0.0,-0.0,0,0.0,0,0
SCZ_LOC_17_19142226_rs959071,17,rs959071,19142226,4.048e-12,0.0754970069979959,29,-1.9643629619545162,ENSG00000291110,TRIM16L,lncRNA,444259,38,0,0,0.0,-0.0,0,0.0,0,0
SCZ_LOC_17_19142226_rs959071,17,rs959071,19142226,4.048e-12,0.0754970069979959,33,-2.010846712006101,ENSG00000290454,ENSG00000290454,lncRNA,437717,37,0,0,0.0,-0.0,0,0.0,0,0
SCZ_LOC_17_19142226_rs959071,17,rs959071,19142226,4.048e-12,0.0754970069979959,34,-2.021984919617909,ENSG00000304181,ENSG00000304181,lncRNA,306523,30,0,0,0.0,-0.0,0,0.0,0,0
SCZ_LOC_17_19142226_rs959071,17,rs959071,19142226,4.048e-12,0.0754970069979959,35,-2.0258121141352095,ENSG00000154016,GRAP,protein_coding,95215,13,0,0,0.0,-0.0,0,0.0,0,0
SCZ_LOC_17_19142226_rs959071,17,rs959071,19142226,4.048e-12,0.0754970069979959,36,-2.038410442441953,ENSG00000196893,ENSG00000196893,lncRNA,188077,16,0,0,0.0,-0.0,0,0.0,0,0
SCZ_LOC_17_19142226_rs959071,17,rs959071,19142226,4.048e-12,0.0754970069979959,36,-2.038410442441953,ENSG00000235397,EPN2-AS1,lncRNA,164035,15,0,0,0.0,-0.0,0,0.0,0,0
SCZ_LOC_17_19142226_rs959071,17,rs959071,19142226,4.048e-12,0.0754970069979959,38,-2.070482061692189,ENSG00000231477,ENSG00000231477,lncRNA,314854,31,0,0,0.0,-0.0,0,0.0,0,0
SCZ_LOC_17_19142226_rs959071,17,rs959071,19142226,4.048e-12,0.0754970069979959,39,-2.071027943109276,ENSG00000287196,ENSG00000287196,lncRNA,261646,22,0,0,0.0,-0.0,0,0.0,0,0
SCZ_LOC_17_19142226_rs959071,17,rs959071,19142226,4.048e-12,0.0754970069979959,39,-2.071027943109276,ENSG00000264273,ENSG00000264273,lncRNA,280760,26,0,0,0.0,-0.0,0,0.0,0,0
SCZ_LOC_17_19142226_rs959071,17,rs959071,19142226,4.048e-12,0.0754970069979959,39,-2.071027943109276,ENSG00000304681,ENSG00000304681,lncRNA,287675,28,0,0,0.0,-0.0,0,0.0,0,0
SCZ_LOC_17_19142226_rs959071,17,rs959071,19142226,4.048e-12,0.0754970069979959,39,-2.071027943109276,ENSG00000265126,ENSG00000265126,lncRNA,270918,24,0,0,0.0,-0.0,0,0.0,0,0
SCZ_LOC_17_19142226_rs959071,17,rs959071,19142226,4.048e-12,0.0754970069979959,39,-2.071027943109276,ENSG00000289213,ENSG00000289213,lncRNA,285990,27,0,0,0.0,-0.0,0,0.0,0,0
SCZ_LOC_17_19142226_rs959071,17,rs959071,19142226,4.048e-12,0.0754970069979959,44,-2.0821970675151693,ENSG00000286799,ENSG00000286799,lncRNA,220523,18,0,0,0.0,-0.0,0,0.0,0,0
SCZ_LOC_17_2157774_rs12943566,17,rs12943566,2157774,7.851e-10,-0.0486966685402845,1,1.0307582973718936,ENSG00000177374,HIC1,protein_coding,103620,8,0,0,0.0,-0.0,1,0.9999990038675466,25,0
SCZ_LOC_17_2157774_rs12943566,17,rs12943566,2157774,7.851e-10,-0.0486966685402845,2,0.7086073076539965,ENSG00000070366,SMG6,protein_coding,146011,19,0,1,0.31728431582450867,5.270479659857032,1,0.9999897815860128,6,1
SCZ_LOC_17_2157774_rs12943566,17,rs12943566,2157774,7.851e-10,-0.0486966685402845,3,0.14744711649618786,ENSG00000132383,RPA1,protein_coding,328072,32,0,1,0.6342488527297974,13.804360564450517,1,0.9999962281793434,7,1
SCZ_LOC_17_2157774_rs12943566,17,rs12943566,2157774,7.851e-10,-0.0486966685402845,4,0.06143734995722494,ENSG00000185924,RTN4RL1,protein_coding,132440,15,0,0,0.0,-0.0,1,0.9999978049574676,22,0
SCZ_LOC_17_2157774_rs12943566,17,rs12943566,2157774,7.851e-10,-0.0486966685402845,5,0.045680648280620996,ENSG00000132386,SERPINF1,protein_coding,395745,36,0,1,0.13079559803009033,4.911978358355196,1,0.9999990655884488,16,1
SCZ_LOC_17_2157774_rs12943566,17,rs12943566,2157774,7.851e-10,-0.0486966685402845,6,-0.28239337739730314,ENSG00000141258,SGSM2,protein_coding,179724,23,0,1,0.42799922823905945,8.413892445302599,1,0.999996505361106,11,1
SCZ_LOC_17_2157774_rs12943566,17,rs12943566,2157774,7.851e-10,-0.0486966685402845,7,-0.4184495574391338,ENSG00000186532,SMYD4,protein_coding,327140,31,0,1,0.48439088463783264,11.712360371192343,1,0.9999962171707042,7,1
SCZ_LOC_17_2157774_rs12943566,17,rs12943566,2157774,7.851e-10,-0.0486966685402845,8,-0.539893789143483,ENSG00000070444,MNT,protein_coding,243330,28,0,1,0.456086128950119,12.147520893914765,1,0.9999600673216252,9,1
SCZ_LOC_17_2157774_rs12943566,17,rs12943566,2157774,7.851e-10,-0.0486966685402845,9,-0.5532871990312224,ENSG00000306986,ENSG00000306986,lncRNA,34894,1,1,0,0.0,-0.0,0,0.0,0,0
SCZ_LOC_17_2157774_rs12943566,17,rs12943566,2157774,7.851e-10,-0.0486966685402845,10,-0.5539821299631896,ENSG00000108963,DPH1,protein_coding,127637,14,0,1,0.4059852957725525,22.55777955547565,1,0.999998984503478,6,1
SCZ_LOC_17_2157774_rs12943566,17,rs12943566,2157774,7.851e-10,-0.0486966685402845,11,-0.64527238520725,ENSG00000007168,PAFAH1B1,protein_coding,435409,39,0,0,0.0,-0.0,1,0.9999985950022112,4,0
SCZ_LOC_17_2157774_rs12943566,17,rs12943566,2157774,7.851e-10,-0.0486966685402845,12,-0.6475026413040702,ENSG00000167721,TSR1,protein_coding,178883,22,0,1,0.6408829689025879,4.667999003912906,1,0.9999878573882888,8,1
SCZ_LOC_17_2157774_rs12943566,17,rs12943566,2157774,7.851e-10,-0.0486966685402845,13,-0.7828316814414557,ENSG00000167720,SRR,protein_coding,145609,18,0,1,1.3617072105407715,43.31439413199215,1,0.9999901051545282,7,1
SCZ_LOC_17_2157774_rs12943566,17,rs12943566,2157774,7.851e-10,-0.0486966685402845,14,-0.8855066855459297,ENSG00000127804,METTL16,protein_coding,354117,33,0,1,0.24921710789203644,8.955738173012184,1,0.9999920862133164,2,1
SCZ_LOC_17_2157774_rs12943566,17,rs12943566,2157774,7.851e-10,-0.0486966685402845,15,-0.9563463902855626,ENSG00000167716,WDR81,protein_coding,441251,41,0,1,0.21560333669185638,5.284741999596254,1,0.999982837473428,6,1
SCZ_LOC_17_2157774_rs12943566,17,rs12943566,2157774,7.851e-10,-0.0486966685402845,16,-1.019090144361605,ENSG00000174231,PRPF8,protein_coding,472907,43,0,0,0.0,-0.0,1,0.9999709219365766,2,0
SCZ_LOC_17_2157774_rs12943566,17,rs12943566,2157774,7.851e-10,-0.0486966685402845,17,-1.0626581823580785,ENSG00000185561,TLCD2,protein_coding,447397,42,0,1,0.4006701111793518,13.082738303353137,1,0.999999524659422,6,1
SCZ_LOC_17_2157774_rs12943566,17,rs12943566,2157774,7.851e-10,-0.0486966685402845,18,-1.1834456784774372,ENSG00000263050,DPH1-AS1,lncRNA,106610,10,0,1,1.3588688373565674,5.479310889455922,0,0.0,0,0
SCZ_LOC_17_2157774_rs12943566,17,rs12943566,2157774,7.851e-10,-0.0486966685402845,19,-1.244865068471658,ENSG00000186594,MIR22HG,lncRNA,440600,40,0,0,0.0,-0.0,1,0.9999828299989352,4,0
SCZ_LOC_17_2157774_rs12943566,17,rs12943566,2157774,7.851e-10,-0.0486966685402845,20,-1.4369177181016364,ENSG00000262664,OVCA2,protein_coding,115752,12,0,0,0.0,-0.0,1,0.9999289105426052,4,0
SCZ_LOC_17_2157774_rs12943566,17,rs12943566,2157774,7.851e-10,-0.0486966685402845,21,-1.484779756299223,ENSG00000305438,ENSG00000305438,lncRNA,55907,2,0,0,0.0,-0.0,0,0.0,0,0
SCZ_LOC_17_2157774_rs12943566,17,rs12943566,2157774,7.851e-10,-0.0486966685402845,22,-1.541991201805786,ENSG00000262810,ENSG00000262810,lncRNA,68093,5,0,0,0.0,-0.0,0,0.0,0,0
SCZ_LOC_17_2157774_rs12943566,17,rs12943566,2157774,7.851e-10,-0.0486966685402845,23,-1.5647075725880255,ENSG00000236838,ENSG00000236838,lncRNA,55923,3,0,0,0.0,-0.0,0,0.0,0,0
SCZ_LOC_17_2157774_rs12943566,17,rs12943566,2157774,7.851e-10,-0.0486966685402845,24,-1.6600680329663602,ENSG00000236457,ENSG00000236457,lncRNA,58275,4,0,0,0.0,-0.0,0,0.0,0,0
SCZ_LOC_17_2157774_rs12943566,17,rs12943566,2157774,7.851e-10,-0.0486966685402845,25,-1.6677616825817092,ENSG00000167711,SERPINF2,protein_coding,414938,37,0,1,0.6682913899421692,17.97443880932634,0,0.0,0,0
SCZ_LOC_17_2157774_rs12943566,17,rs12943566,2157774,7.851e-10,-0.0486966685402845,26,-1.6826299639302331,ENSG00000294296,ENSG00000294296,lncRNA,86118,7,0,0,0.0,-0.0,0,0.0,0,0
SCZ_LOC_17_2157774_rs12943566,17,rs12943566,2157774,7.851e-10,-0.0486966685402845,26,-1.6826299639302331,ENSG00000225084,ENSG00000225084,lncRNA,74856,6,0,0,0.0,-0.0,0,0.0,0,0
SCZ_LOC_17_2157774_rs12943566,17,rs12943566,2157774,7.851e-10,-0.0486966685402845,28,-1.792181465765523,ENSG00000304643,ENSG00000304643,lncRNA,103866,9,0,0,0.0,-0.0,0,0.0,0,0
SCZ_LOC_17_2157774_rs12943566,17,rs12943566,2157774,7.851e-10,-0.0486966685402845,29,-1.9152529444658073,ENSG00000262533,ENSG00000262533,lncRNA,114349,11,0,0,0.0,-0.0,0,0.0,0,0
SCZ_LOC_17_2157774_rs12943566,17,rs12943566,2157774,7.851e-10,-0.0486966685402845,30,-1.9643629619545162,ENSG00000262791,ENSG00000262791,lncRNA,419189,38,0,0,0.0,-0.0,0,0.0,0,0
SCZ_LOC_17_2157774_rs12943566,17,rs12943566,2157774,7.851e-10,-0.0486966685402845,30,-1.9643629619545162,ENSG00000277597,ENSG00000277597,lncRNA,473359,44,0,0,0.0,-0.0,0,0.0,0,0
SCZ_LOC_17_2157774_rs12943566,17,rs12943566,2157774,7.851e-10,-0.0486966685402845,32,-1.983080023429122,ENSG00000262869,ENSG00000262869,lncRNA,134063,16,0,0,0.0,-0.0,0,0.0,0,0
SCZ_LOC_17_2157774_rs12943566,17,rs12943566,2157774,7.851e-10,-0.0486966685402845,33,-2.001663668545022,ENSG00000287553,ENSG00000287553,lncRNA,115842,13,0,0,0.0,-0.0,0,0.0,0,0
SCZ_LOC_17_2157774_rs12943566,17,rs12943566,2157774,7.851e-10,-0.0486966685402845,34,-2.038410442441953,ENSG00000262445,ENSG00000262445,lncRNA,162160,20,0,0,0.0,-0.0,0,0.0,0,0
SCZ_LOC_17_2157774_rs12943566,17,rs12943566,2157774,7.851e-10,-0.0486966685402845,34,-2.038410442441953,ENSG00000289388,ENSG00000289388,lncRNA,178738,21,0,0,0.0,-0.0,0,0.0,0,0
SCZ_LOC_17_2157774_rs12943566,17,rs12943566,2157774,7.851e-10,-0.0486966685402845,36,-2.048843097965252,ENSG00000299795,ENSG00000299795,lncRNA,354191,34,0,0,0.0,-0.0,0,0.0,0,0
SCZ_LOC_17_2157774_rs12943566,17,rs12943566,2157774,7.851e-10,-0.0486966685402845,37,-2.0676054365965193,ENSG00000295186,ENSG00000295186,lncRNA,382237,35,0,0,0.0,-0.0,0,0.0,0,0
SCZ_LOC_17_2157774_rs12943566,17,rs12943566,2157774,7.851e-10,-0.0486966685402845,38,-2.071027943109276,ENSG00000307840,ENSG00000307840,lncRNA,252747,30,0,0,0.0,-0.0,0,0.0,0,0
SCZ_LOC_17_2157774_rs12943566,17,rs12943566,2157774,7.851e-10,-0.0486966685402845,38,-2.071027943109276,ENSG00000308797,ENSG00000308797,lncRNA,244408,29,0,0,0.0,-0.0,0,0.0,0,0
SCZ_LOC_17_2157774_rs12943566,17,rs12943566,2157774,7.851e-10,-0.0486966685402845,40,-2.0821970675151693,ENSG00000274758,ENSG00000274758,lncRNA,209017,24,0,0,0.0,-0.0,0,0.0,0,0
SCZ_LOC_17_2157774_rs12943566,17,rs12943566,2157774,7.851e-10,-0.0486966685402845,40,-2.0821970675151693,ENSG00000263345,SGSM2-AS1,lncRNA,221532,25,0,0,0.0,-0.0,0,0.0,0,0
SCZ_LOC_17_2157774_rs12943566,17,rs12943566,2157774,7.851e-10,-0.0486966685402845,40,-2.0821970675151693,ENSG00000262456,ENSG00000262456,lncRNA,227073,26,0,0,0.0,-0.0,0,0.0,0,0
SCZ_LOC_17_2157774_rs12943566,17,rs12943566,2157774,7.851e-10,-0.0486966685402845,40,-2.0821970675151693,ENSG00000302763,ENSG00000302763,lncRNA,227324,27,0,0,0.0,-0.0,0,0.0,0,0
SCZ_LOC_17_2157774_rs12943566,17,rs12943566,2157774,7.851e-10,-0.0486966685402845,44,-2.382030979320586,ENSG00000228133,ENSG00000228133,lncRNA,140058,17,0,1,2.9522032737731934,17.063069388974544,0,0.0,0,0
SCZ_LOC_17_34896877_rs11263770,17,rs11263770,34896877,1.743e-08,0.0425996136188173,1,0.6316433744228688,ENSG00000181291,TMEM132E,protein_coding,317390,18,0,1,0.8556932806968689,23.610852537451326,1,0.9999950984985,28,1
SCZ_LOC_17_34896877_rs11263770,17,rs11263770,34896877,1.743e-08,0.0425996136188173,2,0.1211747486756091,ENSG00000185379,RAD51D,protein_coding,224645,11,0,0,0.0,-0.0,1,0.9999920116944536,8,0
SCZ_LOC_17_34896877_rs11263770,17,rs11263770,34896877,1.743e-08,0.0425996136188173,3,-0.1575085814385048,ENSG00000092871,RFFL,protein_coding,192442,9,0,1,0.22416938841342926,8.47069911980331,1,0.9999999956445208,10,1
SCZ_LOC_17_34896877_rs11263770,17,rs11263770,34896877,1.743e-08,0.0425996136188173,4,-0.17047330248456474,ENSG00000132141,CCT6B,protein_coding,84201,5,0,1,0.35190528631210327,18.26299425387733,1,0.9999989313704236,4,1
SCZ_LOC_17_34896877_rs11263770,17,rs11263770,34896877,1.743e-08,0.0425996136188173,5,-0.2451258486982638,ENSG00000005156,LIG3,protein_coding,83635,4,0,1,0.6956915855407715,35.81897075328351,1,0.9998860457910256,5,1
SCZ_LOC_17_34896877_rs11263770,17,rs11263770,34896877,1.743e-08,0.0425996136188173,6,-0.38938182670296073,ENSG00000198783,ZNF830,protein_coding,64663,3,0,1,0.5695388913154602,4.707643528895749,1,0.999998075083451,4,1
SCZ_LOC_17_34896877_rs11263770,17,rs11263770,34896877,1.743e-08,0.0425996136188173,7,-0.9698226492116618,ENSG00000264622,ENSG00000264622,lncRNA,37831,1,1,0,0.0,-0.0,0,0.0,0,0
SCZ_LOC_17_34896877_rs11263770,17,rs11263770,34896877,1.743e-08,0.0425996136188173,7,-0.9698226492116618,ENSG00000285559,ENSG00000285559,lncRNA,40429,2,0,0,0.0,-0.0,0,0.0,0,0
SCZ_LOC_17_34896877_rs11263770,17,rs11263770,34896877,1.743e-08,0.0425996136188173,9,-1.009366640603571,ENSG00000266947,ENSG00000266947,lncRNA,346134,22,0,1,0.623499870300293,5.074751837876582,0,0.0,0,0
SCZ_LOC_17_34896877_rs11263770,17,rs11263770,34896877,1.743e-08,0.0425996136188173,10,-1.0957875630600882,ENSG00000166750,SLFN5,protein_coding,346194,23,0,1,0.9595384001731873,16.468078080637817,1,0.9999929599584344,5,1
SCZ_LOC_17_34896877_rs11263770,17,rs11263770,34896877,1.743e-08,0.0425996136188173,11,-1.1362863075730163,ENSG00000073536,NLE1,protein_coding,245427,13,0,0,0.0,-0.0,1,0.9999863272438344,3,0
SCZ_LOC_17_34896877_rs11263770,17,rs11263770,34896877,1.743e-08,0.0425996136188173,12,-1.4006786160342035,ENSG00000172716,SLFN11,protein_coding,476824,27,0,1,0.6499176621437073,5.128848532994328,1,0.9999929976964336,5,1
SCZ_LOC_17_34896877_rs11263770,17,rs11263770,34896877,1.743e-08,0.0425996136188173,13,-1.401727897449376,ENSG00000305827,ENSG00000305827,lncRNA,507830,29,0,0,0.0,-0.0,0,0.0,0,0
SCZ_LOC_17_34896877_rs11263770,17,rs11263770,34896877,1.743e-08,0.0425996136188173,14,-1.6584815183400454,ENSG00000273687,ENSG00000273687,lncRNA,121783,6,0,0,0.0,-0.0,0,0.0,0,0
SCZ_LOC_17_34896877_rs11263770,17,rs11263770,34896877,1.743e-08,0.0425996136188173,15,-1.667145909591046,ENSG00000197322,TMEM132E-DT,lncRNA,317474,19,0,1,0.922377347946167,15.801246138007567,0,0.0,0,0
SCZ_LOC_17_34896877_rs11263770,17,rs11263770,34896877,1.743e-08,0.0425996136188173,16,-1.740895715960929,ENSG00000264174,ENSG00000264174,lncRNA,170707,7,0,0,0.0,-0.0,0,0.0,0,0
SCZ_LOC_17_34896877_rs11263770,17,rs11263770,34896877,1.743e-08,0.0425996136188173,17,-1.811819645248552,ENSG00000267618,ENSG00000267618,protein_coding,224616,10,0,0,0.0,-0.0,0,0.0,0,0
SCZ_LOC_17_34896877_rs11263770,17,rs11263770,34896877,1.743e-08,0.0425996136188173,18,-1.8504472177962195,ENSG00000267457,ENSG00000267457,lncRNA,177497,8,0,0,0.0,-0.0,0,0.0,0,0
SCZ_LOC_17_34896877_rs11263770,17,rs11263770,34896877,1.743e-08,0.0425996136188173,19,-2.0414537671599073,ENSG00000073598,FNDC8,protein_coding,224738,12,0,0,0.0,-0.0,0,0.0,0,0
SCZ_LOC_17_34896877_rs11263770,17,rs11263770,34896877,1.743e-08,0.0425996136188173,20,-2.070482061692189,ENSG00000289211,ENSG00000289211,lncRNA,344741,21,0,0,0.0,-0.0,0,0.0,0,0
SCZ_LOC_17_34896877_rs11263770,17,rs11263770,34896877,1.743e-08,0.0425996136188173,20,-2.070482061692189,ENSG00000303590,ENSG00000303590,lncRNA,328930,20,0,0,0.0,-0.0,0,0.0,0,0
SCZ_LOC_17_34896877_rs11263770,17,rs11263770,34896877,1.743e-08,0.0425996136188173,22,-2.071027943109276,ENSG00000141161,UNC45B,protein_coding,250940,14,0,0,0.0,-0.0,0,0.0,0,0
SCZ_LOC_17_34896877_rs11263770,17,rs11263770,34896877,1.743e-08,0.0425996136188173,22,-2.071027943109276,ENSG00000267782,ENSG00000267782,lncRNA,270135,15,0,0,0.0,-0.0,0,0.0,0,0
SCZ_LOC_17_34896877_rs11263770,17,rs11263770,34896877,1.743e-08,0.0425996136188173,22,-2.071027943109276,ENSG00000266981,ENSG00000266981,lncRNA,291645,16,0,0,0.0,-0.0,0,0.0,0,0
SCZ_LOC_17_34896877_rs11263770,17,rs11263770,34896877,1.743e-08,0.0425996136188173,22,-2.071027943109276,ENSG00000164729,SLC35G3,protein_coding,297516,17,0,0,0.0,-0.0,0,0.0,0,0
SCZ_LOC_17_34896877_rs11263770,17,rs11263770,34896877,1.743e-08,0.0425996136188173,26,-2.089244400323456,ENSG00000267364,ENSG00000267364,lncRNA,416565,24,0,0,0.0,-0.0,0,0.0,0,0
SCZ_LOC_17_34896877_rs11263770,17,rs11263770,34896877,1.743e-08,0.0425996136188173,26,-2.089244400323456,ENSG00000225582,ENSG00000225582,lncRNA,417605,25,0,0,0.0,-0.0,0,0.0,0,0
SCZ_LOC_17_34896877_rs11263770,17,rs11263770,34896877,1.743e-08,0.0425996136188173,26,-2.089244400323456,ENSG00000297644,ENSG00000297644,lncRNA,490150,28,0,0,0.0,-0.0,0,0.0,0,0
SCZ_LOC_17_34896877_rs11263770,17,rs11263770,34896877,1.743e-08,0.0425996136188173,26,-2.089244400323456,ENSG00000302034,ENSG00000302034,lncRNA,476253,26,0,0,0.0,-0.0,0,0.0,0,0
SCZ_LOC_17_44289832_rs2696466,17,rs2696466,44289832,1.014e-10,0.0522982892110339,1,0.5628572846411709,ENSG00000131096,PYY,protein_coding,285363,36,0,1,1.0546011924743652,4.689435534480155,0,0.0,0,0
SCZ_LOC_17_44289832_rs2696466,17,rs2696466,44289832,1.014e-10,0.0522982892110339,2,0.4941946266590728,ENSG00000125319,HROB,protein_coding,147926,22,0,0,0.0,-0.0,1,0.9999975037299356,5,0
SCZ_LOC_17_44289832_rs2696466,17,rs2696466,44289832,1.014e-10,0.0522982892110339,3,0.4451656705327735,ENSG00000108309,RUNDC3A,protein_coding,18581,2,0,0,0.0,-0.0,1,0.9999810980454044,11,0
SCZ_LOC_17_44289832_rs2696466,17,rs2696466,44289832,1.014e-10,0.0522982892110339,4,0.02773847655733022,ENSG00000161664,ASB16,protein_coding,119385,21,0,0,0.0,-0.0,1,0.9999977836056608,11,0
SCZ_LOC_17_44289832_rs2696466,17,rs2696466,44289832,1.014e-10,0.0522982892110339,5,-0.15284715920126898,ENSG00000108852,MPP2,protein_coding,380121,44,0,1,0.28436464071273804,4.943233479631476,1,0.9999963333024046,7,1
SCZ_LOC_17_44289832_rs2696466,17,rs2696466,44289832,1.014e-10,0.0522982892110339,6,-0.21524336647776116,ENSG00000013306,SLC25A39,protein_coding,35038,8,0,1,0.6474156975746155,18.930676442205186,1,0.999999312081974,11,1
SCZ_LOC_17_44289832_rs2696466,17,rs2696466,44289832,1.014e-10,0.0522982892110339,7,-0.26857414226858817,ENSG00000108312,UBTF,protein_coding,68206,12,0,0,0.0,-0.0,1,0.9999811401532706,10,0
SCZ_LOC_17_44289832_rs2696466,17,rs2696466,44289832,1.014e-10,0.0522982892110339,8,-0.294517883451127,ENSG00000285486,ENSG00000285486,lncRNA,8045,1,1,0,0.0,-0.0,0,0.0,0,0
SCZ_LOC_17_44289832_rs2696466,17,rs2696466,44289832,1.014e-10,0.0522982892110339,9,-0.29483575186399563,ENSG00000030582,GRN,protein_coding,55414,10,0,1,0.39966440200805664,15.995925039528906,1,0.9999950748211004,11,1
SCZ_LOC_17_44289832_rs2696466,17,rs2696466,44289832,1.014e-10,0.0522982892110339,10,-0.46457238632545944,ENSG00000186566,GPATCH8,protein_coding,213598,27,0,0,0.0,-0.0,1,0.9999595913361632,2,0
SCZ_LOC_17_44289832_rs2696466,17,rs2696466,44289832,1.014e-10,0.0522982892110339,11,-0.5072362282072093,ENSG00000180340,FZD2,protein_coding,267652,32,0,0,0.0,-0.0,1,0.9999962926784148,8,0
SCZ_LOC_17_44289832_rs2696466,17,rs2696466,44289832,1.014e-10,0.0522982892110339,12,-0.5564134620769441,ENSG00000091947,TMEM101,protein_coding,265886,31,0,0,0.0,-0.0,1,0.9999938335250288,8,0
SCZ_LOC_17_44289832_rs2696466,17,rs2696466,44289832,1.014e-10,0.0522982892110339,13,-0.5644463023992511,ENSG00000108840,HDAC5,protein_coding,166130,24,0,0,0.0,-0.0,1,0.9999948824144104,5,0
SCZ_LOC_17_44289832_rs2696466,17,rs2696466,44289832,1.014e-10,0.0522982892110339,14,-0.6024933037441291,ENSG00000288961,ENSG00000288961,lncRNA,34527,7,0,1,0.4558383524417877,6.782216747432297,0,0.0,0,0
SCZ_LOC_17_44289832_rs2696466,17,rs2696466,44289832,1.014e-10,0.0522982892110339,15,-0.6140519458710836,ENSG00000302132,ENSG00000302132,lncRNA,21467,3,0,0,0.0,-0.0,0,0.0,0,0
SCZ_LOC_17_44289832_rs2696466,17,rs2696466,44289832,1.014e-10,0.0522982892110339,16,-0.6900381308881182,ENSG00000267750,RUNDC3A-AS1,lncRNA,25683,6,0,0,0.0,-0.0,0,0.0,0,0
SCZ_LOC_17_44289832_rs2696466,17,rs2696466,44289832,1.014e-10,0.0522982892110339,17,-0.7196729920419151,ENSG00000073670,ADAM11,protein_coding,469156,52,0,0,0.0,-0.0,1,0.999997694200522,21,0
SCZ_LOC_17_44289832_rs2696466,17,rs2696466,44289832,1.014e-10,0.0522982892110339,18,-0.723375621423585,ENSG00000004939,SLC4A1,protein_coding,21691,4,0,0,0.0,-0.0,0,0.0,0,0
SCZ_LOC_17_44289832_rs2696466,17,rs2696466,44289832,1.014e-10,0.0522982892110339,18,-0.723375621423585,ENSG00000302447,ENSG00000302447,lncRNA,23188,5,0,0,0.0,-0.0,0,0.0,0,0
SCZ_LOC_17_44289832_rs2696466,17,rs2696466,44289832,1.014e-10,0.0522982892110339,20,-0.7508357046532125,ENSG00000161653,NAGS,protein_coding,285210,35,0,1,0.874177873134613,12.781539102389484,1,0.9999981347614268,15,1
SCZ_LOC_17_44289832_rs2696466,17,rs2696466,44289832,1.014e-10,0.0522982892110339,21,-0.8871837486393008,ENSG00000168591,TMUB2,protein_coding,102862,18,0,0,0.0,-0.0,1,0.99999714552493,4,0
SCZ_LOC_17_44289832_rs2696466,17,rs2696466,44289832,1.014e-10,0.0522982892110339,22,-0.9296107740587418,ENSG00000141349,G6PC3,protein_coding,219212,28,0,1,0.2829923629760742,9.601110687318329,1,0.999972652547406,4,1
SCZ_LOC_17_44289832_rs2696466,17,rs2696466,44289832,1.014e-10,0.0522982892110339,23,-1.0671760801054395,ENSG00000161649,CD300LG,protein_coding,442684,48,0,1,1.494893193244934,4.326353759863832,0,0.0,0,0
SCZ_LOC_17_44289832_rs2696466,17,rs2696466,44289832,1.014e-10,0.0522982892110339,24,-1.070742471284877,ENSG00000161647,MPP3,protein_coding,456662,50,0,1,0.8398940563201904,6.044570799037891,1,0.9999952137208856,2,1
SCZ_LOC_17_44289832_rs2696466,17,rs2696466,44289832,1.014e-10,0.0522982892110339,25,-1.1376967074210367,ENSG00000161682,FAM171A2,protein_coding,74021,13,0,1,0.5381575226783752,4.411240101097027,1,0.9999998721563256,19,1
SCZ_LOC_17_44289832_rs2696466,17,rs2696466,44289832,1.014e-10,0.0522982892110339,26,-1.339013646874535,ENSG00000267405,ENSG00000267405,lncRNA,508110,55,0,0,0.0,-0.0,0,0.0,0,0
SCZ_LOC_17_44289832_rs2696466,17,rs2696466,44289832,1.014e-10,0.0522982892110339,27,-1.3568065594820329,ENSG00000180329,CCDC43,protein_coding,399947,46,0,0,0.0,-0.0,1,0.9999965438205212,4,0
SCZ_LOC_17_44289832_rs2696466,17,rs2696466,44289832,1.014e-10,0.0522982892110339,28,-1.3966697855916281,ENSG00000261514,LINC01976,lncRNA,362987,39,0,1,2.0646250247955322,5.101562014385954,1,0.9999996123955004,9,1
SCZ_LOC_17_44289832_rs2696466,17,rs2696466,44289832,1.014e-10,0.0522982892110339,29,-1.4068557422602017,ENSG00000267211,ENSG00000267211,lncRNA,38781,9,0,0,0.0,-0.0,0,0.0,0,0
SCZ_LOC_17_44289832_rs2696466,17,rs2696466,44289832,1.014e-10,0.0522982892110339,30,-1.4146413136139604,ENSG00000267505,ENSG00000267505,lncRNA,492388,54,0,0,0.0,-0.0,0,0.0,0,0
SCZ_LOC_17_44289832_rs2696466,17,rs2696466,44289832,1.014e-10,0.0522982892110339,31,-1.4244049999039459,ENSG00000282199,ENSG00000282199,lncRNA,366831,42,0,1,1.0321044921875,18.67107195378548,0,0.0,0,0
SCZ_LOC_17_44289832_rs2696466,17,rs2696466,44289832,1.014e-10,0.0522982892110339,32,-1.442863008499519,ENSG00000161692,DBF4B,protein_coding,418776,47,0,1,1.2282392978668213,38.62448852254492,1,0.9999990878743972,6,1
SCZ_LOC_17_44289832_rs2696466,17,rs2696466,44289832,1.014e-10,0.0522982892110339,33,-1.4596229445993876,ENSG00000267080,ASB16-AS1,lncRNA,102652,17,0,1,0.8352574706077576,10.118614557947074,0,0.0,0,0
SCZ_LOC_17_44289832_rs2696466,17,rs2696466,44289832,1.014e-10,0.0522982892110339,34,-1.6051429400461361,ENSG00000267496,FAM215A,lncRNA,372638,43,0,1,0.7463759779930115,9.844585881595982,0,0.0,0,0
SCZ_LOC_17_44289832_rs2696466,17,rs2696466,44289832,1.014e-10,0.0522982892110339,35,-1.6401153882660664,ENSG00000087152,ATXN7L3,protein_coding,89719,14,0,0,0.0,-0.0,1,0.9999999972707614,13,0
SCZ_LOC_17_44289832_rs2696466,17,rs2696466,44289832,1.014e-10,0.0522982892110339,36,-1.8303560824262517,ENSG00000180336,MEIOC,protein_coding,366572,41,0,1,1.2839983701705933,8.855329118464198,1,0.9999999955918656,7,1
SCZ_LOC_17_44289832_rs2696466,17,rs2696466,44289832,1.014e-10,0.0522982892110339,37,-1.939401390055995,ENSG00000288877,ENSG00000288877,lncRNA,67675,11,0,0,0.0,-0.0,0,0.0,0,0
SCZ_LOC_17_44289832_rs2696466,17,rs2696466,44289832,1.014e-10,0.0522982892110339,38,-1.945600623323249,ENSG00000266979,LINC01180,lncRNA,365244,40,0,0,0.0,-0.0,0,0.0,0,0
SCZ_LOC_17_44289832_rs2696466,17,rs2696466,44289832,1.014e-10,0.0522982892110339,38,-1.945600623323249,ENSG00000296728,ENSG00000296728,lncRNA,361373,38,0,0,0.0,-0.0,0,0.0,0,0
SCZ_LOC_17_44289832_rs2696466,17,rs2696466,44289832,1.014e-10,0.0522982892110339,40,-1.9643629619545162,ENSG00000267160,ENSG00000267160,lncRNA,386425,45,0,0,0.0,-0.0,0,0.0,0,0
SCZ_LOC_17_44289832_rs2696466,17,rs2696466,44289832,1.014e-10,0.0522982892110339,40,-1.9643629619545162,ENSG00000302186,ENSG00000302186,lncRNA,456170,49,0,0,0.0,-0.0,0,0.0,0,0
SCZ_LOC_17_44289832_rs2696466,17,rs2696466,44289832,1.014e-10,0.0522982892110339,40,-1.9643629619545162,ENSG00000307700,ENSG00000307700,lncRNA,469669,53,0,0,0.0,-0.0,0,0.0,0,0
SCZ_LOC_17_44289832_rs2696466,17,rs2696466,44289832,1.014e-10,0.0522982892110339,40,-1.9643629619545162,ENSG00000307712,ENSG00000307712,lncRNA,468032,51,0,0,0.0,-0.0,0,0.0,0,0
SCZ_LOC_17_44289832_rs2696466,17,rs2696466,44289832,1.014e-10,0.0522982892110339,44,-1.9906063789324089,ENSG00000283045,ENSG00000283045,lncRNA,196983,26,0,0,0.0,-0.0,0,0.0,0,0
SCZ_LOC_17_44289832_rs2696466,17,rs2696466,44289832,1.014e-10,0.0522982892110339,45,-1.9920843733748341,ENSG00000108849,PPY,protein_coding,347356,37,0,0,0.0,-0.0,0,0.0,0,0
SCZ_LOC_17_44289832_rs2696466,17,rs2696466,44289832,1.014e-10,0.0522982892110339,46,-2.001663668545022,ENSG00000298482,ENSG00000298482,lncRNA,104567,19,0,0,0.0,-0.0,0,0.0,0,0
SCZ_LOC_17_44289832_rs2696466,17,rs2696466,44289832,1.014e-10,0.0522982892110339,46,-2.001663668545022,ENSG00000298495,ENSG00000298495,lncRNA,107985,20,0,0,0.0,-0.0,0,0.0,0,0
SCZ_LOC_17_44289832_rs2696466,17,rs2696466,44289832,1.014e-10,0.0522982892110339,48,-2.0258121141352095,ENSG00000005961,ITGA2B,protein_coding,99817,16,0,0,0.0,-0.0,0,0.0,0,0
SCZ_LOC_17_44289832_rs2696466,17,rs2696466,44289832,1.014e-10,0.0522982892110339,48,-2.0258121141352095,ENSG00000267394,ATXN7L3-AS1,lncRNA,91312,15,0,0,0.0,-0.0,0,0.0,0,0
SCZ_LOC_17_44289832_rs2696466,17,rs2696466,44289832,1.014e-10,0.0522982892110339,50,-2.038410442441953,ENSG00000267638,ENSG00000267638,lncRNA,173920,25,0,0,0.0,-0.0,0,0.0,0,0
SCZ_LOC_17_44289832_rs2696466,17,rs2696466,44289832,1.014e-10,0.0522982892110339,50,-2.038410442441953,ENSG00000300394,ENSG00000300394,lncRNA,166011,23,0,0,0.0,-0.0,0,0.0,0,0
SCZ_LOC_17_44289832_rs2696466,17,rs2696466,44289832,1.014e-10,0.0522982892110339,52,-2.049388979382339,ENSG00000305587,ENSG00000305587,lncRNA,279167,34,0,0,0.0,-0.0,0,0.0,0,0
SCZ_LOC_17_44289832_rs2696466,17,rs2696466,44289832,1.014e-10,0.0522982892110339,52,-2.049388979382339,ENSG00000305936,ENSG00000305936,lncRNA,275414,33,0,0,0.0,-0.0,0,0.0,0,0
SCZ_LOC_17_44289832_rs2696466,17,rs2696466,44289832,1.014e-10,0.0522982892110339,54,-2.071027943109276,ENSG00000306416,ENSG00000306416,lncRNA,246344,30,0,0,0.0,-0.0,0,0.0,0,0
SCZ_LOC_17_44289832_rs2696466,17,rs2696466,44289832,1.014e-10,0.0522982892110339,55,-2.0821970675151693,ENSG00000161654,LSM12,protein_coding,222213,29,0,0,0.0,-0.0,0,0.0,0,0
SCZ_LOC_17_61545779_rs6504163,17,rs6504163,61545779,1.234e-09,-0.0486021818392175,1,0.6064089543559364,ENSG00000187013,LINC02875,lncRNA,134028,8,0,0,0.0,-0.0,1,0.9999988591370588,12,0
SCZ_LOC_17_61545779_rs6504163,17,rs6504163,61545779,1.234e-09,-0.0486021818392175,2,0.5906443389878678,ENSG00000303225,ENSG00000303225,lncRNA,22768,1,1,0,0.0,-0.0,0,0.0,0,0
SCZ_LOC_17_61545779_rs6504163,17,rs6504163,61545779,1.234e-09,-0.0486021818392175,3,0.5369575266871133,ENSG00000121068,TBX2,protein_coding,145936,9,0,1,0.39888542890548706,12.356217256625477,1,0.9999997187777604,17,1
SCZ_LOC_17_61545779_rs6504163,17,rs6504163,61545779,1.234e-09,-0.0486021818392175,4,-0.443989103298999,ENSG00000141376,BCAS3,protein_coding,868326,18,0,0,0.0,-0.0,1,0.9999654756737392,2,0
SCZ_LOC_17_61545779_rs6504163,17,rs6504163,61545779,1.234e-09,-0.0486021818392175,5,-0.5323825794201122,ENSG00000108506,INTS2,protein_coding,382237,14,0,0,0.0,-0.0,1,0.9999982497261656,3,0
SCZ_LOC_17_61545779_rs6504163,17,rs6504163,61545779,1.234e-09,-0.0486021818392175,6,-0.7408576016623373,ENSG00000266934,ENSG00000266934,lncRNA,162994,11,0,1,1.4862351417541504,4.310511734123968,0,0.0,0,0
SCZ_LOC_17_61545779_rs6504163,17,rs6504163,61545779,1.234e-09,-0.0486021818392175,7,-0.8606243524112867,ENSG00000108510,MED13,protein_coding,519499,17,0,0,0.0,-0.0,1,0.9999999965435422,3,0
SCZ_LOC_17_61545779_rs6504163,17,rs6504163,61545779,1.234e-09,-0.0486021818392175,8,-1.2107449610380308,ENSG00000310374,ENSG00000310374,lncRNA,45405,2,0,0,0.0,-0.0,0,0.0,0,0
SCZ_LOC_17_61545779_rs6504163,17,rs6504163,61545779,1.234e-09,-0.0486021818392175,9,-1.2350430251457782,ENSG00000267280,TBX2-AS1,lncRNA,132474,7,0,1,0.5283695459365845,13.042098531901855,0,0.0,0,0
SCZ_LOC_17_61545779_rs6504163,17,rs6504163,61545779,1.234e-09,-0.0486021818392175,10,-1.26562725338656,ENSG00000253506,NACA2,protein_coding,45440,3,0,0,0.0,-0.0,0,0.0,0,0
SCZ_LOC_17_61545779_rs6504163,17,rs6504163,61545779,1.234e-09,-0.0486021818392175,11,-1.3144647970051093,ENSG00000136492,BRIP1,protein_coding,317780,13,0,1,0.5488380789756775,12.248496858562847,1,0.9999861700835296,3,1
SCZ_LOC_17_61545779_rs6504163,17,rs6504163,61545779,1.234e-09,-0.0486021818392175,12,-1.6188311481007516,ENSG00000267137,ENSG00000267137,lncRNA,82395,4,0,0,0.0,-0.0,0,0.0,0,0
SCZ_LOC_17_61545779_rs6504163,17,rs6504163,61545779,1.234e-09,-0.0486021818392175,12,-1.6188311481007516,ENSG00000303786,ENSG00000303786,lncRNA,83221,5,0,0,0.0,-0.0,0,0.0,0,0
SCZ_LOC_17_61545779_rs6504163,17,rs6504163,61545779,1.234e-09,-0.0486021818392175,14,-1.6826299639302331,ENSG00000121075,TBX4,protein_coding,93375,6,0,0,0.0,-0.0,0,0.0,0,0
SCZ_LOC_17_61545779_rs6504163,17,rs6504163,61545779,1.234e-09,-0.0486021818392175,15,-1.8504472177962195,ENSG00000289926,ENSG00000289926,lncRNA,148406,10,0,0,0.0,-0.0,0,0.0,0,0
SCZ_LOC_17_61545779_rs6504163,17,rs6504163,61545779,1.234e-09,-0.0486021818392175,16,-1.9498630785771462,ENSG00000273982,ENSG00000273982,lncRNA,190624,12,0,0,0.0,-0.0,0,0.0,0,0
SCZ_LOC_17_61545779_rs6504163,17,rs6504163,61545779,1.234e-09,-0.0486021818392175,17,-2.089244400323456,ENSG00000285879,ENSG00000285879,lncRNA,490165,16,0,0,0.0,-0.0,0,0.0,0,0
SCZ_LOC_17_61545779_rs6504163,17,rs6504163,61545779,1.234e-09,-0.0486021818392175,17,-2.089244400323456,ENSG00000267207,BCAS3-AS1,lncRNA,409652,15,0,0,0.0,-0.0,0,0.0,0,0
SCZ_LOC_18_77653508_rs55858161,18,rs55858161,77653508,7.552e-16,-0.0652961413926661,1,0.027491249577903262,ENSG00000166573,GALR1,protein_coding,403660,11,0,1,1.2608214616775513,5.13074440162697,1,0.999998595113065,71,1
SCZ_LOC_18_77653508_rs55858161,18,rs55858161,77653508,7.552e-16,-0.0652961413926661,2,-0.048338179909965695,ENSG00000286727,ENSG00000286727,lncRNA,2535,1,1,0,0.0,-0.0,0,0.0,0,0
SCZ_LOC_18_77653508_rs55858161,18,rs55858161,77653508,7.552e-16,-0.0652961413926661,3,-0.5341241295822811,ENSG00000264693,ENSG00000264693,lncRNA,30956,2,0,0,0.0,-0.0,0,0.0,0,0
SCZ_LOC_18_77653508_rs55858161,18,rs55858161,77653508,7.552e-16,-0.0652961413926661,4,-0.890871897454131,ENSG00000264015,ENSG00000264015,lncRNA,232007,5,0,0,0.0,-0.0,0,0.0,0,0
SCZ_LOC_18_77653508_rs55858161,18,rs55858161,77653508,7.552e-16,-0.0652961413926661,5,-1.5647075725880255,ENSG00000293804,ENSG00000293804,lncRNA,64330,3,0,0,0.0,-0.0,0,0.0,0,0
SCZ_LOC_18_77653508_rs55858161,18,rs55858161,77653508,7.552e-16,-0.0652961413926661,6,-1.6770969001314477,ENSG00000297856,ENSG00000297856,lncRNA,205065,4,0,0,0.0,-0.0,0,0.0,0,0
SCZ_LOC_18_77653508_rs55858161,18,rs55858161,77653508,7.552e-16,-0.0652961413926661,7,-1.7216515930339187,ENSG00000305981,ENSG00000305981,lncRNA,241707,6,0,0,0.0,-0.0,0,0.0,0,0
SCZ_LOC_18_77653508_rs55858161,18,rs55858161,77653508,7.552e-16,-0.0652961413926661,8,-1.7735132166282523,ENSG00000299770,ENSG00000299770,lncRNA,246766,7,0,0,0.0,-0.0,0,0.0,0,0
SCZ_LOC_18_77653508_rs55858161,18,rs55858161,77653508,7.552e-16,-0.0652961413926661,9,-1.871843765795987,ENSG00000265843,LINC01029,lncRNA,340251,8,0,0,0.0,-0.0,0,0.0,0,0
SCZ_LOC_18_77653508_rs55858161,18,rs55858161,77653508,7.552e-16,-0.0652961413926661,10,-1.8825188370464556,ENSG00000304352,ENSG00000304352,lncRNA,340313,9,0,0,0.0,-0.0,0,0.0,0,0
SCZ_LOC_18_77653508_rs55858161,18,rs55858161,77653508,7.552e-16,-0.0652961413926661,11,-1.9012811756777228,ENSG00000309801,ENSG00000309801,lncRNA,402499,10,0,0,0.0,-0.0,0,0.0,0,0
SCZ_LOC_18_77653508_rs55858161,18,rs55858161,77653508,7.552e-16,-0.0652961413926661,12,-2.0485010999681936,ENSG00000300249,ENSG00000300249,lncRNA,470731,12,0,0,0.0,-0.0,0,0.0,0,0
SCZ_LOC_18_77653508_rs55858161,18,rs55858161,77653508,7.552e-16,-0.0652961413926661,13,-2.089244400323456,ENSG00000266213,ENSG00000266213,lncRNA,483715,13,0,0,0.0,-0.0,0,0.0,0,0
SCZ_LOC_18_77653508_rs55858161,18,rs55858161,77653508,7.552e-16,-0.0652961413926661,13,-2.089244400323456,ENSG00000265844,ENSG00000265844,lncRNA,490925,15,0,0,0.0,-0.0,0,0.0,0,0
SCZ_LOC_18_77653508_rs55858161,18,rs55858161,77653508,7.552e-16,-0.0652961413926661,13,-2.089244400323456,ENSG00000309823,ENSG00000309823,lncRNA,484509,14,0,0,0.0,-0.0,0,0.0,0,0
SCZ_LOC_19_11399372_rs322124,19,rs322124,11399372,4.534e-09,-0.0521041493573948,1,2.3969760144457606,ENSG00000205517,RGL3,protein_coding,19956,2,0,1,0.3524433374404907,6.327963691066753,1,0.9999997677416916,13,1
SCZ_LOC_19_11399372_rs322124,19,rs322124,11399372,4.534e-09,-0.0521041493573948,2,1.7230968214629605,ENSG00000187266,EPOR,protein_coding,15030,1,1,1,0.4363618493080139,4.407049565769845,1,0.9999998377593304,8,1
SCZ_LOC_19_11399372_rs322124,19,rs322124,11399372,4.534e-09,-0.0521041493573948,3,0.4763637006236102,ENSG00000105520,PLPPR2,protein_coding,43986,7,0,0,0.0,-0.0,1,0.9999874462570948,7,0
SCZ_LOC_19_11399372_rs322124,19,rs322124,11399372,4.534e-09,-0.0521041493573948,4,0.4673650180487697,ENSG00000130164,LDLR,protein_coding,309954,30,0,0,0.0,-0.0,1,0.9999992366291228,15,0
SCZ_LOC_19_11399372_rs322124,19,rs322124,11399372,4.534e-09,-0.0521041493573948,5,0.45839097220429764,ENSG00000161914,ZNF653,protein_coding,106467,16,0,0,0.0,-0.0,1,0.99999775728058,10,0
SCZ_LOC_19_11399372_rs322124,19,rs322124,11399372,4.534e-09,-0.0521041493573948,6,0.3315723640611806,ENSG00000196361,ELAVL3,protein_coding,81674,13,0,0,0.0,-0.0,1,0.9999969485590168,10,0
SCZ_LOC_19_11399372_rs322124,19,rs322124,11399372,4.534e-09,-0.0521041493573948,7,0.21609049583711876,ENSG00000173928,SWSAP1,protein_coding,24706,4,0,0,0.0,-0.0,1,0.9999867743264288,7,0
SCZ_LOC_19_11399372_rs322124,19,rs322124,11399372,4.534e-09,-0.0521041493573948,8,-0.17567200875127753,ENSG00000130158,DOCK6,protein_coding,136848,18,0,1,0.17601700127124786,4.859161190336507,1,0.9999972739523724,9,1
SCZ_LOC_19_11399372_rs322124,19,rs322124,11399372,4.534e-09,-0.0521041493573948,9,-0.18450424629446718,ENSG00000177599,ZNF491,protein_coding,398295,36,0,1,0.7339010834693909,4.967255012949791,1,0.9999981872504928,5,1
SCZ_LOC_19_11399372_rs322124,19,rs322124,11399372,4.534e-09,-0.0521041493573948,10,-0.20642569090929033,ENSG00000130159,ECSIT,protein_coding,129800,17,0,0,0.0,-0.0,1,0.9999908349547282,7,0
SCZ_LOC_19_11399372_rs322124,19,rs322124,11399372,4.534e-09,-0.0521041493573948,11,-0.2437306562080034,ENSG00000130175,PRKCSH,protein_coding,35912,5,0,1,0.2575080990791321,5.200532292920258,1,0.9999859633581436,2,1
SCZ_LOC_19_11399372_rs322124,19,rs322124,11399372,4.534e-09,-0.0521041493573948,12,-0.3502942028603988,ENSG00000127616,SMARCA4,protein_coding,438440,39,0,1,0.19756510853767395,6.326163152540768,1,0.9999976089990062,28,1
SCZ_LOC_19_11399372_rs322124,19,rs322124,11399372,4.534e-09,-0.0521041493573948,13,-0.36494139360572275,ENSG00000105514,RAB3D,protein_coding,53102,9,0,1,0.9286946058273315,5.081606497361461,1,0.9999854049376816,5,1
SCZ_LOC_19_11399372_rs322124,19,rs322124,11399372,4.534e-09,-0.0521041493573948,14,-0.4430242401801041,ENSG00000130167,TSPAN16,protein_coding,103233,14,0,0,0.0,-0.0,1,0.9999965810105568,10,0
SCZ_LOC_19_11399372_rs322124,19,rs322124,11399372,4.534e-09,-0.0521041493573948,15,-0.47571120297095526,ENSG00000105518,TMEM205,protein_coding,52854,8,0,0,0.0,-0.0,1,0.9999572917788544,3,0
SCZ_LOC_19_11399372_rs322124,19,rs322124,11399372,4.534e-09,-0.0521041493573948,16,-0.6140519458710836,ENSG00000267277,ENSG00000267277,lncRNA,24426,3,0,0,0.0,-0.0,0,0.0,0,0
SCZ_LOC_19_11399372_rs322124,19,rs322124,11399372,4.534e-09,-0.0521041493573948,17,-0.6556515159402008,ENSG00000197933,ZNF823,protein_coding,339637,33,0,1,0.6415502429008484,4.971140473200556,1,0.9999992653587318,2,1
SCZ_LOC_19_11399372_rs322124,19,rs322124,11399372,4.534e-09,-0.0521041493573948,18,-0.8207046536498979,ENSG00000161888,SPC24,protein_coding,243565,27,0,1,0.6700568795204163,6.215493051961065,1,0.9999901383921984,9,1
SCZ_LOC_19_11399372_rs322124,19,rs322124,11399372,4.534e-09,-0.0521041493573948,19,-0.832433971835551,ENSG00000198003,ODAD3,protein_coding,36410,6,0,1,1.2769787311553955,7.696916309008313,1,0.999981299012368,3,1
SCZ_LOC_19_11399372_rs322124,19,rs322124,11399372,4.534e-09,-0.0521041493573948,20,-0.9471883071098869,ENSG00000130165,ELOF1,protein_coding,159858,20,0,1,0.5646176934242249,4.3728513180101745,1,0.999985473686844,2,1
SCZ_LOC_19_11399372_rs322124,19,rs322124,11399372,4.534e-09,-0.0521041493573948,21,-1.0149358841773979,ENSG00000197044,ZNF441,protein_coding,367628,34,0,1,0.22277620434761047,7.177373045880914,1,0.9999962037959644,4,1
SCZ_LOC_19_11399372_rs322124,19,rs322124,11399372,4.534e-09,-0.0521041493573948,22,-1.0259068533045466,ENSG00000183401,CCDC159,protein_coding,54688,10,0,1,0.17397469282150269,6.095250930715741,1,0.9999874469346752,4,1
SCZ_LOC_19_11399372_rs322124,19,rs322124,11399372,4.534e-09,-0.0521041493573948,23,-1.0274595163560727,ENSG00000130733,YIPF2,protein_coding,470691,44,0,0,0.0,-0.0,1,0.9999951405101138,5,0
SCZ_LOC_19_11399372_rs322124,19,rs322124,11399372,4.534e-09,-0.0521041493573948,23,-1.0274595163560727,ENSG00000142444,TIMM29,protein_coding,470561,43,0,0,0.0,-0.0,1,0.9999951376234512,5,0
SCZ_LOC_19_11399372_rs322124,19,rs322124,11399372,4.534e-09,-0.0521041493573948,25,-1.182851736011379,ENSG00000267174,ENSG00000267174,lncRNA,74931,11,0,1,0.5476620197296143,9.189659083675371,0,0.0,0,0
SCZ_LOC_19_11399372_rs322124,19,rs322124,11399372,4.534e-09,-0.0521041493573948,26,-1.2941702150973116,ENSG00000198429,ZNF69,protein_coding,488410,45,0,1,0.944164514541626,4.632887015390337,1,0.999998793734954,3,1
SCZ_LOC_19_11399372_rs322124,19,rs322124,11399372,4.534e-09,-0.0521041493573948,27,-1.321426577499066,ENSG00000142453,CARM1,protein_coding,527819,46,0,1,0.8066766858100891,7.22651173968358,1,0.9999869640265014,2,1
SCZ_LOC_19_11399372_rs322124,19,rs322124,11399372,4.534e-09,-0.0521041493573948,28,-1.3304569443873586,ENSG00000171291,ZNF439,protein_coding,449354,41,0,1,0.2897774279117584,4.6016919453078415,1,0.9999941963212728,2,1
SCZ_LOC_19_11399372_rs322124,19,rs322124,11399372,4.534e-09,-0.0521041493573948,29,-1.4122674209531798,ENSG00000171295,ZNF440,protein_coding,414901,38,0,1,0.281952828168869,5.658132560568751,1,0.9999949890317844,3,1
SCZ_LOC_19_11399372_rs322124,19,rs322124,11399372,4.534e-09,-0.0521041493573948,30,-1.4410911010332672,ENSG00000197256,KANK2,protein_coding,201581,24,0,1,0.44606953859329224,5.286751397519482,0,0.0,0,0
SCZ_LOC_19_11399372_rs322124,19,rs322124,11399372,4.534e-09,-0.0521041493573948,31,-1.5882778809533398,ENSG00000102575,ACP5,protein_coding,180621,23,0,1,0.6083348989486694,4.751043701457298,0,0.0,0,0
SCZ_LOC_19_11399372_rs322124,19,rs322124,11399372,4.534e-09,-0.0521041493573948,32,-1.6090215602114812,ENSG00000198551,ZNF627,protein_coding,160002,21,0,1,0.9419845938682556,9.894603502732705,1,0.9999983047646428,4,1
SCZ_LOC_19_11399372_rs322124,19,rs322124,11399372,4.534e-09,-0.0521041493573948,33,-1.939401390055995,ENSG00000267576,ENSG00000267576,lncRNA,77216,12,0,0,0.0,-0.0,0,0.0,0,0
SCZ_LOC_19_11399372_rs322124,19,rs322124,11399372,4.534e-09,-0.0521041493573948,34,-1.9477600684968392,ENSG00000197332,ZNF833P,lncRNA,235032,26,0,0,0.0,-0.0,0,0.0,0,0
SCZ_LOC_19_11399372_rs322124,19,rs322124,11399372,4.534e-09,-0.0521041493573948,35,-1.9643629619545162,ENSG00000267089,ENSG00000267089,lncRNA,443067,40,0,0,0.0,-0.0,0,0.0,0,0
SCZ_LOC_19_11399372_rs322124,19,rs322124,11399372,4.534e-09,-0.0521041493573948,35,-1.9643629619545162,ENSG00000307309,ENSG00000307309,lncRNA,449823,42,0,0,0.0,-0.0,0,0.0,0,0
SCZ_LOC_19_11399372_rs322124,19,rs322124,11399372,4.534e-09,-0.0521041493573948,37,-2.001663668545022,ENSG00000267477,ENSG00000267477,protein_coding,106326,15,0,0,0.0,-0.0,0,0.0,0,0
SCZ_LOC_19_11399372_rs322124,19,rs322124,11399372,4.534e-09,-0.0521041493573948,38,-2.010846712006101,ENSG00000267646,ENSG00000267646,lncRNA,399226,37,0,0,0.0,-0.0,0,0.0,0,0
SCZ_LOC_19_11399372_rs322124,19,rs322124,11399372,4.534e-09,-0.0521041493573948,39,-2.038410442441953,ENSG00000130176,CNN1,protein_coding,139395,19,0,0,0.0,-0.0,0,0.0,0,0
SCZ_LOC_19_11399372_rs322124,19,rs322124,11399372,4.534e-09,-0.0521041493573948,39,-2.038410442441953,ENSG00000130173,ANGPTL8,protein_coding,161870,22,0,0,0.0,-0.0,0,0.0,0,0
SCZ_LOC_19_11399372_rs322124,19,rs322124,11399372,4.534e-09,-0.0521041493573948,39,-2.038410442441953,ENSG00000267082,DOCK6-AS1,lncRNA,201754,25,0,0,0.0,-0.0,0,0.0,0,0
SCZ_LOC_19_11399372_rs322124,19,rs322124,11399372,4.534e-09,-0.0521041493573948,42,-2.0676054365965193,ENSG00000266936,ENSG00000266936,lncRNA,383361,35,0,0,0.0,-0.0,0,0.0,0,0
SCZ_LOC_19_11399372_rs322124,19,rs322124,11399372,4.534e-09,-0.0521041493573948,43,-2.070482061692189,ENSG00000266922,ENSG00000266922,lncRNA,331411,32,0,0,0.0,-0.0,0,0.0,0,0
SCZ_LOC_19_11399372_rs322124,19,rs322124,11399372,4.534e-09,-0.0521041493573948,43,-2.070482061692189,ENSG00000303379,ENSG00000303379,lncRNA,309014,29,0,0,0.0,-0.0,0,0.0,0,0
SCZ_LOC_19_11399372_rs322124,19,rs322124,11399372,4.534e-09,-0.0521041493573948,43,-2.070482061692189,ENSG00000307752,ENSG00000307752,lncRNA,310075,31,0,0,0.0,-0.0,0,0.0,0,0
SCZ_LOC_19_11399372_rs322124,19,rs322124,11399372,4.534e-09,-0.0521041493573948,46,-2.071027943109276,ENSG00000289985,ENSG00000289985,lncRNA,295641,28,0,0,0.0,-0.0,0,0.0,0,0
SCZ_LOC_19_19476984_rs8101499,19,rs8101499,19476984,1.773e-14,0.0592024345167419,1,1.3258438823709462,ENSG00000178093,TSSK6,protein_coding,38564,1,1,0,0.0,-0.0,1,0.999999995445026,15,0
SCZ_LOC_19_19476984_rs8101499,19,rs8101499,19476984,1.773e-14,0.0592024345167419,2,0.9738764424597978,ENSG00000213996,TM6SF2,protein_coding,203593,19,0,1,1.4677250385284424,4.36438669177,1,0.9999952142740464,16,1
SCZ_LOC_19_19476984_rs8101499,19,rs8101499,19476984,1.773e-14,0.0592024345167419,3,0.8366035948849017,ENSG00000160161,CILP2,protein_coding,61264,5,0,0,0.0,-0.0,1,0.9999999978314984,18,0
SCZ_LOC_19_19476984_rs8101499,19,rs8101499,19476984,1.773e-14,0.0592024345167419,4,0.6380988678927532,ENSG00000186010,NDUFA13,protein_coding,38752,2,0,1,0.4552079439163208,4.56146890014055,1,0.9999971371923309,7,1
SCZ_LOC_19_19476984_rs8101499,19,rs8101499,19476984,1.773e-14,0.0592024345167419,5,0.37574744814160665,ENSG00000250067,YJEFN3,protein_coding,51877,4,0,1,0.2577812075614929,6.540977248229206,1,0.9999779963992608,6,1
SCZ_LOC_19_19476984_rs8101499,19,rs8101499,19476984,1.773e-14,0.0592024345167419,6,0.1529131014762931,ENSG00000105717,PBX4,protein_coding,141709,10,0,1,0.5004792809486389,5.11732284078483,1,0.9999917522978392,5,1
SCZ_LOC_19_19476984_rs8101499,19,rs8101499,19476984,1.773e-14,0.0592024345167419,7,-0.014651986404350881,ENSG00000187664,HAPLN4,protein_coding,214180,21,0,1,0.45269855856895447,8.464064446770083,1,0.9999999974364724,29,1
SCZ_LOC_19_19476984_rs8101499,19,rs8101499,19476984,1.773e-14,0.0592024345167419,8,-0.04099393688205831,ENSG00000064607,SUGP2,protein_coding,442961,42,0,1,0.33015987277030945,4.548081369166465,1,0.9999599308246304,4,1
SCZ_LOC_19_19476984_rs8101499,19,rs8101499,19476984,1.773e-14,0.0592024345167419,9,-0.04398498348264467,ENSG00000167491,GATAD2A,protein_coding,91158,8,0,1,0.23260538280010223,13.55869871459835,1,0.9999242588999602,3,1
SCZ_LOC_19_19476984_rs8101499,19,rs8101499,19476984,1.773e-14,0.0592024345167419,10,-0.09220060772268256,ENSG00000213999,MEF2B,protein_coding,284853,29,0,1,0.2769683301448822,4.613551865207844,1,0.9999988893784462,11,1
SCZ_LOC_19_19476984_rs8101499,19,rs8101499,19476984,1.773e-14,0.0592024345167419,11,-0.15784278175284783,ENSG00000130287,NCAN,protein_coding,265026,23,0,0,0.0,-0.0,1,0.9999992130982106,21,0
SCZ_LOC_19_19476984_rs8101499,19,rs8101499,19476984,1.773e-14,0.0592024345167419,12,-0.213399630329049,ENSG00000184162,NR2C2AP,protein_coding,273570,24,0,0,0.0,-0.0,1,0.9999993583671694,6,0
SCZ_LOC_19_19476984_rs8101499,19,rs8101499,19476984,1.773e-14,0.0592024345167419,13,-0.5202407328588006,ENSG00000267565,ENSG00000267565,lncRNA,418863,40,0,1,0.9498604536056519,4.660906712255963,0,0.0,0,0
SCZ_LOC_19_19476984_rs8101499,19,rs8101499,19476984,1.773e-14,0.0592024345167419,14,-0.6017278938723242,ENSG00000105676,ARMC6,protein_coding,443409,43,0,0,0.0,-0.0,1,0.9999604872772032,4,0
SCZ_LOC_19_19476984_rs8101499,19,rs8101499,19476984,1.773e-14,0.0592024345167419,15,-0.6096353819814948,ENSG00000064545,TMEM161A,protein_coding,338471,33,0,1,0.4504687488079071,6.681964469713289,1,0.9999986908861638,6,1
SCZ_LOC_19_19476984_rs8101499,19,rs8101499,19476984,1.773e-14,0.0592024345167419,16,-0.6355441488741285,ENSG00000105705,SUGP1,protein_coding,156475,14,0,0,0.0,-0.0,1,0.9999803720935274,5,0
SCZ_LOC_19_19476984_rs8101499,19,rs8101499,19476984,1.773e-14,0.0592024345167419,17,-0.6501862555506058,ENSG00000064547,LPAR2,protein_coding,151946,12,0,1,0.6505919098854065,4.459096764181158,1,0.9999958790815328,12,1
SCZ_LOC_19_19476984_rs8101499,19,rs8101499,19476984,1.773e-14,0.0592024345167419,18,-0.8095530114835202,ENSG00000254901,BORCS8,protein_coding,284393,26,0,1,0.42885899543762207,19.04727630896781,1,0.9999713518317006,2,1
SCZ_LOC_19_19476984_rs8101499,19,rs8101499,19476984,1.773e-14,0.0592024345167419,19,-0.8730250249047733,ENSG00000181035,SLC25A42,protein_coding,412990,39,0,0,0.0,-0.0,1,0.9999894336368093,2,0
SCZ_LOC_19_19476984_rs8101499,19,rs8101499,19476984,1.773e-14,0.0592024345167419,20,-0.9106469086929138,ENSG00000089639,GMIP,protein_coding,166673,15,0,1,0.4644041955471039,4.638700151071149,1,0.9999942065215608,11,1
SCZ_LOC_19_19476984_rs8101499,19,rs8101499,19476984,1.773e-14,0.0592024345167419,21,-0.9690157518366791,ENSG00000266904,LINC00663,lncRNA,299450,31,0,1,1.2321299314498901,17.047368250150754,1,0.999989427336271,2,1
SCZ_LOC_19_19476984_rs8101499,19,rs8101499,19476984,1.773e-14,0.0592024345167419,22,-1.0053725968505172,ENSG00000081665,ZNF506,protein_coding,344767,34,0,1,0.43175819516181946,12.710897936064757,1,0.9999821378333084,2,1
SCZ_LOC_19_19476984_rs8101499,19,rs8101499,19476984,1.773e-14,0.0592024345167419,23,-1.049750465500465,ENSG00000258674,ENSG00000258674,protein_coding,39243,3,0,0,0.0,-0.0,0,0.0,0,0
SCZ_LOC_19_19476984_rs8101499,19,rs8101499,19476984,1.773e-14,0.0592024345167419,24,-1.0621637676211308,ENSG00000129933,MAU2,protein_coding,156155,13,0,1,0.2681143581867218,6.3355736453412925,1,0.9999293521460864,3,1
SCZ_LOC_19_19476984_rs8101499,19,rs8101499,19476984,1.773e-14,0.0592024345167419,25,-1.0779867078247534,ENSG00000105726,ATP13A1,protein_coding,186692,16,0,1,0.8642330169677734,5.057824761303703,1,0.999992585227556,3,1
SCZ_LOC_19_19476984_rs8101499,19,rs8101499,19476984,1.773e-14,0.0592024345167419,26,-1.1065982282250542,ENSG00000064489,BORCS8-MEF2B,protein_coding,284826,28,0,0,0.0,-0.0,1,0.9999713518317006,2,0
SCZ_LOC_19_19476984_rs8101499,19,rs8101499,19476984,1.773e-14,0.0592024345167419,27,-1.1339548921047993,ENSG00000256771,ZNF253,protein_coding,388898,36,0,1,0.47947120666503906,12.338407805643778,1,0.999984036397023,3,1
SCZ_LOC_19_19476984_rs8101499,19,rs8101499,19476984,1.773e-14,0.0592024345167419,28,-1.1854816348014967,ENSG00000105708,ZNF14,protein_coding,256128,22,0,0,0.0,-0.0,1,0.9999914600483232,2,0
SCZ_LOC_19_19476984_rs8101499,19,rs8101499,19476984,1.773e-14,0.0592024345167419,29,-1.3793004770393997,ENSG00000184635,ZNF93,protein_coding,423929,41,0,1,0.8846557140350342,6.372625096221366,1,0.9999943803417002,4,1
SCZ_LOC_19_19476984_rs8101499,19,rs8101499,19476984,1.773e-14,0.0592024345167419,30,-1.5561737697640605,ENSG00000267481,ENSG00000267481,lncRNA,313547,32,0,1,0.2907969653606415,4.590493512451282,0,0.0,0,0
SCZ_LOC_19_19476984_rs8101499,19,rs8101499,19476984,1.773e-14,0.0592024345167419,31,-1.6478094224312687,ENSG00000064490,RFXANK,protein_coding,284755,27,0,1,0.5027299523353577,5.130946639643559,1,0.99987165491971,2,1
SCZ_LOC_19_19476984_rs8101499,19,rs8101499,19476984,1.773e-14,0.0592024345167419,32,-1.6826299639302331,ENSG00000267234,ENSG00000267234,lncRNA,74381,6,0,0,0.0,-0.0,0,0.0,0,0
SCZ_LOC_19_19476984_rs8101499,19,rs8101499,19476984,1.773e-14,0.0592024345167419,32,-1.6826299639302331,ENSG00000294647,ENSG00000294647,lncRNA,91071,7,0,0,0.0,-0.0,0,0.0,0,0
SCZ_LOC_19_19476984_rs8101499,19,rs8101499,19476984,1.773e-14,0.0592024345167419,34,-1.7680330201753354,ENSG00000259242,ENSG00000259242,lncRNA,129366,9,0,0,0.0,-0.0,0,0.0,0,0
SCZ_LOC_19_19476984_rs8101499,19,rs8101499,19476984,1.773e-14,0.0592024345167419,35,-1.7900536081547287,ENSG00000181896,ZNF101,protein_coding,191812,18,0,1,1.0184235572814941,15.542793415117012,1,0.9999989313170272,2,1
SCZ_LOC_19_19476984_rs8101499,19,rs8101499,19476984,1.773e-14,0.0592024345167419,36,-1.9643629619545162,ENSG00000296554,ENSG00000296554,lncRNA,400941,38,0,0,0.0,-0.0,0,0.0,0,0
SCZ_LOC_19_19476984_rs8101499,19,rs8101499,19476984,1.773e-14,0.0592024345167419,37,-1.9906063789324089,ENSG00000267629,ENSG00000267629,lncRNA,203615,20,0,0,0.0,-0.0,0,0.0,0,0
SCZ_LOC_19_19476984_rs8101499,19,rs8101499,19476984,1.773e-14,0.0592024345167419,38,-1.9920843733748341,ENSG00000296159,ENSG00000296159,lncRNA,389778,37,0,0,0.0,-0.0,0,0.0,0,0
SCZ_LOC_19_19476984_rs8101499,19,rs8101499,19476984,1.773e-14,0.0592024345167419,39,-1.9976671420866914,ENSG00000309629,ENSG00000309629,lncRNA,141934,11,0,0,0.0,-0.0,0,0.0,0,0
SCZ_LOC_19_19476984_rs8101499,19,rs8101499,19476984,1.773e-14,0.0592024345167419,40,-2.038410442441953,ENSG00000295487,ENSG00000295487,lncRNA,186731,17,0,0,0.0,-0.0,0,0.0,0,0
SCZ_LOC_19_19476984_rs8101499,19,rs8101499,19476984,1.773e-14,0.0592024345167419,41,-2.048843097965252,ENSG00000288837,ENSG00000288837,lncRNA,371255,35,0,0,0.0,-0.0,0,0.0,0,0
SCZ_LOC_19_19476984_rs8101499,19,rs8101499,19476984,1.773e-14,0.0592024345167419,42,-2.071027943109276,ENSG00000287533,ENSG00000287533,lncRNA,280967,25,0,0,0.0,-0.0,0,0.0,0,0
SCZ_LOC_19_19476984_rs8101499,19,rs8101499,19476984,1.773e-14,0.0592024345167419,42,-2.071027943109276,ENSG00000291177,ZNF56P,lncRNA,299016,30,0,0,0.0,-0.0,0,0.0,0,0
SCZ_LOC_19_2155136_rs144821294,19,rs144821294,2155136,9.802e-09,-0.13480076937097,1,0.9815048710610677,ENSG00000104885,DOT1L,protein_coding,8797,1,1,1,0.3919823169708252,5.112568144818846,1,0.9999970159087624,5,1
SCZ_LOC_19_2155136_rs144821294,19,rs144821294,2155136,9.802e-09,-0.13480076937097,2,0.8868245642607907,ENSG00000065000,AP3D1,protein_coding,9332,2,0,1,0.1884571760892868,7.550709160141528,1,0.9999596641651196,2,1
SCZ_LOC_19_2155136_rs144821294,19,rs144821294,2155136,9.802e-09,-0.13480076937097,3,0.2933551738265489,ENSG00000267201,LINC01775,lncRNA,307049,39,0,0,0.0,-0.0,1,0.9999990583924658,18,0
SCZ_LOC_19_2155136_rs144821294,19,rs144821294,2155136,9.802e-09,-0.13480076937097,4,0.206110658894916,ENSG00000099875,MKNK2,protein_coding,103892,10,0,0,0.0,-0.0,1,0.999995076177762,11,0
SCZ_LOC_19_2155136_rs144821294,19,rs144821294,2155136,9.802e-09,-0.13480076937097,5,0.17286718076216534,ENSG00000099860,GADD45B,protein_coding,320986,41,0,0,0.0,-0.0,1,0.9999971676780712,13,0
SCZ_LOC_19_2155136_rs144821294,19,rs144821294,2155136,9.802e-09,-0.13480076937097,6,-0.08131001191939388,ENSG00000172081,MOB3A,protein_coding,58463,3,0,1,0.6951167583465576,5.342224073757483,1,0.9999796639728824,5,1
SCZ_LOC_19_2155136_rs144821294,19,rs144821294,2155136,9.802e-09,-0.13480076937097,7,-0.08297358237392022,ENSG00000220008,LINGO3,protein_coding,153018,17,0,1,0.7930296063423157,5.429315060218037,1,0.99999874123605,18,1
SCZ_LOC_19_2155136_rs144821294,19,rs144821294,2155136,9.802e-09,-0.13480076937097,8,-0.1323492816904521,ENSG00000129968,ABHD17A,protein_coding,269640,29,0,0,0.0,-0.0,1,0.9999991302976478,6,0
SCZ_LOC_19_2155136_rs144821294,19,rs144821294,2155136,9.802e-09,-0.13480076937097,9,-0.22708653340982224,ENSG00000133275,CSNK1G2,protein_coding,213964,25,0,0,0.0,-0.0,1,0.999987787054496,7,0
SCZ_LOC_19_2155136_rs144821294,19,rs144821294,2155136,9.802e-09,-0.13480076937097,10,-0.24110611529974044,ENSG00000130332,LSM7,protein_coding,173475,20,0,1,0.4763365387916565,28.416708319542536,1,0.999997080341928,4,1
SCZ_LOC_19_2155136_rs144821294,19,rs144821294,2155136,9.802e-09,-0.13480076937097,11,-0.2858251572317338,ENSG00000176533,GNG7,protein_coding,547558,56,0,1,0.2238694578409195,9.641098112509793,1,0.9999973116187048,11,1
SCZ_LOC_19_2155136_rs144821294,19,rs144821294,2155136,9.802e-09,-0.13480076937097,12,-0.3327495741500556,ENSG00000104904,OAZ1,protein_coding,114373,11,0,1,0.337152361869812,14.58145336092888,1,0.999993890978875,6,1
SCZ_LOC_19_2155136_rs144821294,19,rs144821294,2155136,9.802e-09,-0.13480076937097,13,-0.3334978957493281,ENSG00000133243,BTBD2,protein_coding,120255,14,0,0,0.0,-0.0,1,0.9999912060008092,13,0
SCZ_LOC_19_2155136_rs144821294,19,rs144821294,2155136,9.802e-09,-0.13480076937097,14,-0.36629900647746166,ENSG00000005206,SPPL2B,protein_coding,173479,21,0,1,0.15578380227088928,5.181791243699799,1,0.9999996357616496,6,1
SCZ_LOC_19_2155136_rs144821294,19,rs144821294,2155136,9.802e-09,-0.13480076937097,15,-0.3958792712536636,ENSG00000129911,KLF16,protein_coding,291557,34,0,1,0.12674099206924438,5.245650685326806,1,0.9999858755420916,7,1
SCZ_LOC_19_2155136_rs144821294,19,rs144821294,2155136,9.802e-09,-0.13480076937097,16,-0.42541324383456686,ENSG00000205922,ONECUT3,protein_coding,401630,48,0,0,0.0,-0.0,1,0.9999953076042885,14,0
SCZ_LOC_19_2155136_rs144821294,19,rs144821294,2155136,9.802e-09,-0.13480076937097,17,-0.5695037288261092,ENSG00000099840,IZUMO4,protein_coding,58707,4,0,0,0.0,-0.0,1,0.9999694553490858,4,0
SCZ_LOC_19_2155136_rs144821294,19,rs144821294,2155136,9.802e-09,-0.13480076937097,18,-0.6726023228254402,ENSG00000130270,ATP8B3,protein_coding,342860,46,0,0,0.0,-0.0,1,0.9999860964940308,7,0
SCZ_LOC_19_2155136_rs144821294,19,rs144821294,2155136,9.802e-09,-0.13480076937097,19,-0.766990409545345,ENSG00000188305,PEAK3,protein_coding,127039,15,0,1,0.46194103360176086,5.36314817385396,1,0.9999933648655374,12,1
SCZ_LOC_19_2155136_rs144821294,19,rs144821294,2155136,9.802e-09,-0.13480076937097,20,-0.808671355004682,ENSG00000104899,AMH,protein_coding,94173,9,0,1,1.5402283668518066,57.38493936843196,1,0.9999999976385452,11,1
SCZ_LOC_19_2155136_rs144821294,19,rs144821294,2155136,9.802e-09,-0.13480076937097,21,-0.8396371258589641,ENSG00000104897,SF3A2,protein_coding,81688,6,0,1,0.27272647619247437,5.204347410310448,1,0.9999375685193974,2,1
SCZ_LOC_19_2155136_rs144821294,19,rs144821294,2155136,9.802e-09,-0.13480076937097,22,-0.9154909802286852,ENSG00000079313,REXO1,protein_coding,306653,38,0,1,0.6387428045272827,6.2809388689541725,1,0.9999893983098104,8,1
SCZ_LOC_19_2155136_rs144821294,19,rs144821294,2155136,9.802e-09,-0.13480076937097,23,-0.9212419152725747,ENSG00000176619,LMNB2,protein_coding,301823,36,0,0,0.0,-0.0,1,0.999987813715318,3,0
SCZ_LOC_19_2155136_rs144821294,19,rs144821294,2155136,9.802e-09,-0.13480076937097,24,-1.10377201648124,ENSG00000267244,ENSG00000267244,lncRNA,333047,42,0,1,0.2945356070995331,6.469959293923651,0,0.0,0,0
SCZ_LOC_19_2155136_rs144821294,19,rs144821294,2155136,9.802e-09,-0.13480076937097,25,-1.142333937929948,ENSG00000288156,ENSG00000288156,lncRNA,138037,16,0,1,1.3364328145980835,6.383332365612215,0,0.0,0,0
SCZ_LOC_19_2155136_rs144821294,19,rs144821294,2155136,9.802e-09,-0.13480076937097,26,-1.2537363709095575,ENSG00000099800,TIMM13,protein_coding,272450,30,0,1,0.44121459126472473,32.54528210386451,1,0.9999336663317524,3,1
SCZ_LOC_19_2155136_rs144821294,19,rs144821294,2155136,9.802e-09,-0.13480076937097,27,-1.2996106405171284,ENSG00000104886,PLEKHJ1,protein_coding,82568,7,0,0,0.0,-0.0,1,0.9999338209576772,2,0
SCZ_LOC_19_2155136_rs144821294,19,rs144821294,2155136,9.802e-09,-0.13480076937097,28,-1.3439919595662002,ENSG00000267283,ENSG00000267283,lncRNA,165735,19,0,1,0.9157131910324097,7.011426717342577,0,0.0,0,0
SCZ_LOC_19_2155136_rs144821294,19,rs144821294,2155136,9.802e-09,-0.13480076937097,29,-1.3952083139188713,ENSG00000178297,TMPRSS9,protein_coding,205102,23,0,1,0.3352753520011902,5.915120336864479,0,0.0,0,0
SCZ_LOC_19_2155136_rs144821294,19,rs144821294,2155136,9.802e-09,-0.13480076937097,30,-1.5149118117906202,ENSG00000227500,SCAMP4,protein_coding,249922,28,0,0,0.0,-0.0,1,0.9999169835621158,2,0
SCZ_LOC_19_2155136_rs144821294,19,rs144821294,2155136,9.802e-09,-0.13480076937097,31,-1.5863180628087246,ENSG00000213638,ADAT3,protein_coding,249737,27,0,0,0.0,-0.0,1,0.9999169835621158,2,0
SCZ_LOC_19_2155136_rs144821294,19,rs144821294,2155136,9.802e-09,-0.13480076937097,32,-1.6600680329663602,ENSG00000267122,ENSG00000267122,lncRNA,60429,5,0,0,0.0,-0.0,0,0.0,0,0
SCZ_LOC_19_2155136_rs144821294,19,rs144821294,2155136,9.802e-09,-0.13480076937097,33,-1.792181465765523,ENSG00000300005,ENSG00000300005,lncRNA,93445,8,0,0,0.0,-0.0,0,0.0,0,0
SCZ_LOC_19_2155136_rs144821294,19,rs144821294,2155136,9.802e-09,-0.13480076937097,34,-1.9152529444658073,ENSG00000273734,ENSG00000273734,protein_coding,114389,12,0,0,0.0,-0.0,0,0.0,0,0
SCZ_LOC_19_2155136_rs144821294,19,rs144821294,2155136,9.802e-09,-0.13480076937097,35,-1.9435872313005533,ENSG00000267125,ENSG00000267125,lncRNA,302754,37,0,0,0.0,-0.0,0,0.0,0,0
SCZ_LOC_19_2155136_rs144821294,19,rs144821294,2155136,9.802e-09,-0.13480076937097,36,-1.945600623323249,ENSG00000267007,ENSG00000267007,lncRNA,339887,45,0,0,0.0,-0.0,0,0.0,0,0
SCZ_LOC_19_2155136_rs144821294,19,rs144821294,2155136,9.802e-09,-0.13480076937097,36,-1.945600623323249,ENSG00000301105,ENSG00000301105,lncRNA,339703,43,0,0,0.0,-0.0,0,0.0,0,0
SCZ_LOC_19_2155136_rs144821294,19,rs144821294,2155136,9.802e-09,-0.13480076937097,36,-1.945600623323249,ENSG00000304012,ENSG00000304012,lncRNA,315160,40,0,0,0.0,-0.0,0,0.0,0,0
SCZ_LOC_19_2155136_rs144821294,19,rs144821294,2155136,9.802e-09,-0.13480076937097,36,-1.945600623323249,ENSG00000305662,ENSG00000305662,lncRNA,339736,44,0,0,0.0,-0.0,0,0.0,0,0
SCZ_LOC_19_2155136_rs144821294,19,rs144821294,2155136,9.802e-09,-0.13480076937097,40,-1.9643629619545162,ENSG00000267412,ENSG00000267412,lncRNA,456726,53,0,0,0.0,-0.0,0,0.0,0,0
SCZ_LOC_19_2155136_rs144821294,19,rs144821294,2155136,9.802e-09,-0.13480076937097,40,-1.9643629619545162,ENSG00000267749,ENSG00000267749,lncRNA,488717,55,0,0,0.0,-0.0,0,0.0,0,0
SCZ_LOC_19_2155136_rs144821294,19,rs144821294,2155136,9.802e-09,-0.13480076937097,40,-1.9643629619545162,ENSG00000267214,ENSG00000267214,lncRNA,476818,54,0,0,0.0,-0.0,0,0.0,0,0
SCZ_LOC_19_2155136_rs144821294,19,rs144821294,2155136,9.802e-09,-0.13480076937097,40,-1.9643629619545162,ENSG00000307793,ENSG00000307793,lncRNA,444048,51,0,0,0.0,-0.0,0,0.0,0,0
SCZ_LOC_19_2155136_rs144821294,19,rs144821294,2155136,9.802e-09,-0.13480076937097,40,-1.9643629619545162,ENSG00000307809,ENSG00000307809,lncRNA,447974,52,0,0,0.0,-0.0,0,0.0,0,0
SCZ_LOC_19_2155136_rs144821294,19,rs144821294,2155136,9.802e-09,-0.13480076937097,40,-1.9643629619545162,ENSG00000307830,ENSG00000307830,lncRNA,388558,47,0,0,0.0,-0.0,0,0.0,0,0
SCZ_LOC_19_2155136_rs144821294,19,rs144821294,2155136,9.802e-09,-0.13480076937097,40,-1.9643629619545162,ENSG00000309855,ENSG00000309855,lncRNA,407913,49,0,0,0.0,-0.0,0,0.0,0,0
SCZ_LOC_19_2155136_rs144821294,19,rs144821294,2155136,9.802e-09,-0.13480076937097,40,-1.9643629619545162,ENSG00000267073,ENSG00000267073,lncRNA,410055,50,0,0,0.0,-0.0,0,0.0,0,0
SCZ_LOC_19_2155136_rs144821294,19,rs144821294,2155136,9.802e-09,-0.13480076937097,48,-1.9906063789324089,ENSG00000180846,CSNK1G2-AS1,lncRNA,200550,22,0,0,0.0,-0.0,0,0.0,0,0
SCZ_LOC_19_2155136_rs144821294,19,rs144821294,2155136,9.802e-09,-0.13480076937097,49,-2.001663668545022,ENSG00000167476,JSRP1,protein_coding,114623,13,0,0,0.0,-0.0,0,0.0,0,0
SCZ_LOC_19_2155136_rs144821294,19,rs144821294,2155136,9.802e-09,-0.13480076937097,50,-2.038410442441953,ENSG00000286880,ENSG00000286880,lncRNA,161739,18,0,0,0.0,-0.0,0,0.0,0,0
SCZ_LOC_19_2155136_rs144821294,19,rs144821294,2155136,9.802e-09,-0.13480076937097,51,-2.049388979382339,ENSG00000267141,ENSG00000267141,lncRNA,294886,35,0,0,0.0,-0.0,0,0.0,0,0
SCZ_LOC_19_2155136_rs144821294,19,rs144821294,2155136,9.802e-09,-0.13480076937097,51,-2.049388979382339,ENSG00000302738,ENSG00000302738,lncRNA,290959,33,0,0,0.0,-0.0,0,0.0,0,0
SCZ_LOC_19_2155136_rs144821294,19,rs144821294,2155136,9.802e-09,-0.13480076937097,53,-2.071027943109276,ENSG00000267232,ENSG00000267232,lncRNA,280120,32,0,0,0.0,-0.0,0,0.0,0,0
SCZ_LOC_19_2155136_rs144821294,19,rs144821294,2155136,9.802e-09,-0.13480076937097,53,-2.071027943109276,ENSG00000261526,ENSG00000261526,lncRNA,278897,31,0,0,0.0,-0.0,0,0.0,0,0
SCZ_LOC_19_2155136_rs144821294,19,rs144821294,2155136,9.802e-09,-0.13480076937097,55,-2.0821970675151693,ENSG00000303713,ENSG00000303713,lncRNA,213035,24,0,0,0.0,-0.0,0,0.0,0,0
SCZ_LOC_19_2155136_rs144821294,19,rs144821294,2155136,9.802e-09,-0.13480076937097,55,-2.0821970675151693,ENSG00000303728,ENSG00000303728,lncRNA,214329,26,0,0,0.0,-0.0,0,0.0,0,0
SCZ_LOC_19_36530562_rs3810450,19,rs3810450,36530562,1.374e-08,0.089200645458302,1,0.8772755777428605,ENSG00000186020,ZNF529,protein_coding,74714,7,0,0,0.0,-0.0,1,0.9999931757028844,3,0
SCZ_LOC_19_36530562_rs3810450,19,rs3810450,36530562,1.374e-08,0.089200645458302,2,0.7024018313827056,ENSG00000254004,ZNF260,protein_coding,2291,2,0,1,0.6242824196815491,6.9119579471590065,1,0.999976552868169,2,1
SCZ_LOC_19_36530562_rs3810450,19,rs3810450,36530562,1.374e-08,0.089200645458302,3,0.6420286250252769,ENSG00000228629,ENSG00000228629,lncRNA,2244,1,1,0,0.0,-0.0,0,0.0,0,0
SCZ_LOC_19_36530562_rs3810450,19,rs3810450,36530562,1.374e-08,0.089200645458302,4,0.17220834594993759,ENSG00000161298,ZNF382,protein_coding,74255,6,0,1,0.14453494548797607,4.522082185975902,1,0.9999904684943576,3,1
SCZ_LOC_19_36530562_rs3810450,19,rs3810450,36530562,1.374e-08,0.089200645458302,5,0.08164904949753368,ENSG00000267309,ZNF566-AS1,lncRNA,40941,4,0,1,0.9226124882698059,7.274977617935884,0,0.0,0,0
SCZ_LOC_19_36530562_rs3810450,19,rs3810450,36530562,1.374e-08,0.089200645458302,6,-0.04548329322305134,ENSG00000126247,CAPNS1,protein_coding,390609,38,0,1,0.4497803747653961,10.925969172460208,1,0.9999973866405736,6,1
SCZ_LOC_19_36530562_rs3810450,19,rs3810450,36530562,1.374e-08,0.089200645458302,7,-0.21420343076941956,ENSG00000161277,THAP8,protein_coding,475823,42,0,1,0.8301777839660645,5.101980261252876,1,0.9999519443355332,2,1
SCZ_LOC_19_36530562_rs3810450,19,rs3810450,36530562,1.374e-08,0.089200645458302,8,-0.31045933829789946,ENSG00000232677,LINC00665,lncRNA,198792,18,0,1,1.13284170627594,25.639373137810153,1,0.9999954932575644,2,1
SCZ_LOC_19_36530562_rs3810450,19,rs3810450,36530562,1.374e-08,0.089200645458302,9,-0.4212092821644572,ENSG00000186017,ZNF566,protein_coding,40660,3,0,0,0.0,-0.0,1,0.9999938032972074,3,0
SCZ_LOC_19_36530562_rs3810450,19,rs3810450,36530562,1.374e-08,0.089200645458302,10,-0.4563422856325493,ENSG00000167635,ZNF146,protein_coding,315960,27,0,1,0.3427829444408417,6.241406075858669,1,0.999961996965002,2,1
SCZ_LOC_19_36530562_rs3810450,19,rs3810450,36530562,1.374e-08,0.089200645458302,11,-0.5675574582423376,ENSG00000105254,TBCB,protein_coding,416273,40,0,0,0.0,-0.0,1,0.9999550340826384,3,0
SCZ_LOC_19_36530562_rs3810450,19,rs3810450,36530562,1.374e-08,0.089200645458302,12,-0.5681703663615919,ENSG00000197808,ZNF461,protein_coding,136291,10,0,0,0.0,-0.0,1,0.9999963029762864,2,0
SCZ_LOC_19_36530562_rs3810450,19,rs3810450,36530562,1.374e-08,0.089200645458302,13,-0.5782631622926462,ENSG00000251247,ZNF345,protein_coding,319799,28,0,1,0.22153444588184357,4.3769069879344205,1,0.9999763793143072,2,1
SCZ_LOC_19_36530562_rs3810450,19,rs3810450,36530562,1.374e-08,0.089200645458302,14,-0.5802992765162566,ENSG00000181007,ZFP82,protein_coding,111918,9,0,0,0.0,-0.0,1,0.999994118142974,4,0
SCZ_LOC_19_36530562_rs3810450,19,rs3810450,36530562,1.374e-08,0.089200645458302,15,-0.6405400627150925,ENSG00000233527,ZNF529-AS1,lncRNA,42508,5,0,1,1.0602694749832153,36.427622336987746,0,0.0,0,0
SCZ_LOC_19_36530562_rs3810450,19,rs3810450,36530562,1.374e-08,0.089200645458302,16,-0.7390042402853406,ENSG00000267041,ZNF850,protein_coding,242263,19,0,0,0.0,-0.0,1,0.9999865232113312,5,0
SCZ_LOC_19_36530562_rs3810450,19,rs3810450,36530562,1.374e-08,0.089200645458302,17,-0.8493895447484113,ENSG00000197863,ZNF790,protein_coding,320225,29,0,0,0.0,-0.0,1,0.9999965365239734,3,0
SCZ_LOC_19_36530562_rs3810450,19,rs3810450,36530562,1.374e-08,0.089200645458302,18,-0.8539538281429547,ENSG00000161281,COX7A1,protein_coding,378113,32,0,1,1.705407738685608,16.011107432269462,1,0.9999968247057854,8,1
SCZ_LOC_19_36530562_rs3810450,19,rs3810450,36530562,1.374e-08,0.089200645458302,19,-0.8805200636815311,ENSG00000189042,ZNF567,protein_coding,157050,17,0,0,0.0,-0.0,1,0.9999922387080776,3,0
SCZ_LOC_19_36530562_rs3810450,19,rs3810450,36530562,1.374e-08,0.089200645458302,20,-0.8873993438413466,ENSG00000196357,ZNF565,protein_coding,284305,25,0,1,0.512814462184906,13.913676099218714,1,0.9999708513289663,2,1
SCZ_LOC_19_36530562_rs3810450,19,rs3810450,36530562,1.374e-08,0.089200645458302,21,-0.9608160852477918,ENSG00000225975,ZNF567-DT,lncRNA,157016,16,0,1,0.7047618627548218,4.743211145063341,1,0.9999922428691392,3,1
SCZ_LOC_19_36530562_rs3810450,19,rs3810450,36530562,1.374e-08,0.089200645458302,22,-0.9729849711468684,ENSG00000105270,CLIP3,protein_coding,497219,46,0,1,0.37819230556488037,4.357900727151956,1,0.999987879085558,5,1
SCZ_LOC_19_36530562_rs3810450,19,rs3810450,36530562,1.374e-08,0.089200645458302,23,-1.0720100066453375,ENSG00000185869,ZNF829,protein_coding,385729,35,0,1,0.3750603497028351,4.157646291074196,1,0.9999893471658214,3,1
SCZ_LOC_19_36530562_rs3810450,19,rs3810450,36530562,1.374e-08,0.089200645458302,24,-1.1001992301737207,ENSG00000142065,ZFP14,protein_coding,151361,14,0,0,0.0,-0.0,1,0.9999742847478348,2,0
SCZ_LOC_19_36530562_rs3810450,19,rs3810450,36530562,1.374e-08,0.089200645458302,25,-1.103508202479247,ENSG00000197050,ZNF420,protein_coding,477295,44,0,0,0.0,-0.0,1,0.999992688117361,3,0
SCZ_LOC_19_36530562_rs3810450,19,rs3810450,36530562,1.374e-08,0.089200645458302,26,-1.195306246921262,ENSG00000075702,WDR62,protein_coding,475913,43,0,1,0.4289732277393341,10.70978152257752,1,0.9999378040466532,2,1
SCZ_LOC_19_36530562_rs3810450,19,rs3810450,36530562,1.374e-08,0.089200645458302,27,-1.2415878771783333,ENSG00000276071,ENSG00000276071,lncRNA,137540,12,0,1,1.3321709632873535,4.313013019045969,0,0.0,0,0
SCZ_LOC_19_36530562_rs3810450,19,rs3810450,36530562,1.374e-08,0.089200645458302,28,-1.2589172161007556,ENSG00000105258,POLR2I,protein_coding,415349,39,0,1,0.5437094569206238,13.933698673202658,1,0.9999854242622892,4,1
SCZ_LOC_19_36530562_rs3810450,19,rs3810450,36530562,1.374e-08,0.089200645458302,29,-1.2747483116867777,ENSG00000267254,ZNF790-AS1,lncRNA,245518,22,0,1,1.5062199831008911,7.169416712537601,0,0.0,0,0
SCZ_LOC_19_36530562_rs3810450,19,rs3810450,36530562,1.374e-08,0.089200645458302,30,-1.458363417307878,ENSG00000198453,ZNF568,protein_coding,385754,36,0,1,0.664298415184021,11.464232048476559,1,0.9999861654595956,3,1
SCZ_LOC_19_36530562_rs3810450,19,rs3810450,36530562,1.374e-08,0.089200645458302,31,-1.4802274205400223,ENSG00000267053,ENSG00000267053,lncRNA,272954,24,0,1,0.8411996364593506,14.023236883967636,0,0.0,0,0
SCZ_LOC_19_36530562_rs3810450,19,rs3810450,36530562,1.374e-08,0.089200645458302,32,-1.500086634896175,ENSG00000267698,ENSG00000267698,lncRNA,516069,47,0,0,0.0,-0.0,0,0.0,0,0
SCZ_LOC_19_36530562_rs3810450,19,rs3810450,36530562,1.374e-08,0.089200645458302,33,-1.5407301951065198,ENSG00000267260,ENSG00000267260,lncRNA,242538,20,0,1,0.5804452300071716,10.72510108748366,0,0.0,0,0
SCZ_LOC_19_36530562_rs3810450,19,rs3810450,36530562,1.374e-08,0.089200645458302,34,-1.7397624839437589,ENSG00000105261,OVOL3,protein_coding,419419,41,0,0,0.0,-0.0,1,0.9999999977596576,9,0
SCZ_LOC_19_36530562_rs3810450,19,rs3810450,36530562,1.374e-08,0.089200645458302,35,-1.7680330201753354,ENSG00000299561,ENSG00000299561,lncRNA,106574,8,0,0,0.0,-0.0,0,0.0,0,0
SCZ_LOC_19_36530562_rs3810450,19,rs3810450,36530562,1.374e-08,0.089200645458302,36,-1.9643629619545162,ENSG00000300522,ENSG00000300522,lncRNA,479523,45,0,0,0.0,-0.0,0,0.0,0,0
SCZ_LOC_19_36530562_rs3810450,19,rs3810450,36530562,1.374e-08,0.089200645458302,37,-1.9976671420866914,ENSG00000301128,ENSG00000301128,lncRNA,136313,11,0,0,0.0,-0.0,0,0.0,0,0
SCZ_LOC_19_36530562_rs3810450,19,rs3810450,36530562,1.374e-08,0.089200645458302,38,-2.010846712006101,ENSG00000307989,ENSG00000307989,lncRNA,390046,37,0,0,0.0,-0.0,0,0.0,0,0
SCZ_LOC_19_36530562_rs3810450,19,rs3810450,36530562,1.374e-08,0.089200645458302,39,-2.021984919617909,ENSG00000307498,ENSG00000307498,lncRNA,307886,26,0,0,0.0,-0.0,0,0.0,0,0
SCZ_LOC_19_36530562_rs3810450,19,rs3810450,36530562,1.374e-08,0.089200645458302,40,-2.038410442441953,ENSG00000266973,ENSG00000266973,lncRNA,152534,15,0,0,0.0,-0.0,0,0.0,0,0
SCZ_LOC_19_36530562_rs3810450,19,rs3810450,36530562,1.374e-08,0.089200645458302,40,-2.038410442441953,ENSG00000267363,ENSG00000267363,lncRNA,149650,13,0,0,0.0,-0.0,0,0.0,0,0
SCZ_LOC_19_36530562_rs3810450,19,rs3810450,36530562,1.374e-08,0.089200645458302,42,-2.048843097965252,ENSG00000294115,ENSG00000294115,lncRNA,379077,33,0,0,0.0,-0.0,0,0.0,0,0
SCZ_LOC_19_36530562_rs3810450,19,rs3810450,36530562,1.374e-08,0.089200645458302,43,-2.0676054365965193,ENSG00000270760,ENSG00000270760,lncRNA,382214,34,0,0,0.0,-0.0,0,0.0,0,0
SCZ_LOC_19_36530562_rs3810450,19,rs3810450,36530562,1.374e-08,0.089200645458302,44,-2.070482061692189,ENSG00000291239,ENSG00000291239,protein_coding,320296,30,0,0,0.0,-0.0,0,0.0,0,0
SCZ_LOC_19_36530562_rs3810450,19,rs3810450,36530562,1.374e-08,0.089200645458302,44,-2.070482061692189,ENSG00000294128,ENSG00000294128,lncRNA,356961,31,0,0,0.0,-0.0,0,0.0,0,0
SCZ_LOC_19_36530562_rs3810450,19,rs3810450,36530562,1.374e-08,0.089200645458302,46,-2.071027943109276,ENSG00000267353,ENSG00000267353,lncRNA,245346,21,0,0,0.0,-0.0,0,0.0,0,0
SCZ_LOC_19_36530562_rs3810450,19,rs3810450,36530562,1.374e-08,0.089200645458302,46,-2.071027943109276,ENSG00000307475,ENSG00000307475,lncRNA,262038,23,0,0,0.0,-0.0,0,0.0,0,0
SCZ_LOC_19_50162909_rs7251,19,rs7251,50162909,3.793e-13,0.0582028682075395,1,0.6420286250252769,ENSG00000161652,IZUMO2,protein_coding,372,1,1,0,0.0,-0.0,0,0.0,0,0
SCZ_LOC_19_50162909_rs7251,19,rs7251,50162909,3.793e-13,0.0582028682075395,2,0.5381494903195438,ENSG00000105357,MYH14,protein_coding,25277,3,0,1,0.44717881083488464,5.216631284127501,1,0.9999921539576536,5,1
SCZ_LOC_19_50162909_rs7251,19,rs7251,50162909,3.793e-13,0.0582028682075395,3,0.12116958026026467,ENSG00000287001,ENSG00000287001,lncRNA,14605,2,0,1,1.466464877128601,6.963012977335828,0,0.0,0,0
SCZ_LOC_19_50162909_rs7251,19,rs7251,50162909,3.793e-13,0.0582028682075395,4,-0.06819699959632577,ENSG00000131409,LRRC4B,protein_coding,405526,52,0,0,0.0,-0.0,1,0.9999962231468514,24,0
SCZ_LOC_19_50162909_rs7251,19,rs7251,50162909,3.793e-13,0.0582028682075395,5,-0.07748831323584525,ENSG00000213024,NUP62,protein_coding,233145,22,0,1,0.4974827766418457,5.510566209792996,1,0.9999513421102908,2,1
SCZ_LOC_19_50162909_rs7251,19,rs7251,50162909,3.793e-13,0.0582028682075395,6,-0.17343388810829002,ENSG00000104946,TBC1D17,protein_coding,285243,30,0,1,1.3878647089004517,5.284073268402124,1,0.9999489953321422,4,1
SCZ_LOC_19_50162909_rs7251,19,rs7251,50162909,3.793e-13,0.0582028682075395,7,-0.22795008780840426,ENSG00000131398,KCNC3,protein_coding,170606,13,0,0,0.0,-0.0,1,0.9999946825149428,7,0
SCZ_LOC_19_50162909_rs7251,19,rs7251,50162909,3.793e-13,0.0582028682075395,8,-0.3968373672409855,ENSG00000142530,GARIN5A,protein_coding,313939,36,0,1,0.8617256879806519,4.906377501474889,1,0.999981525913502,5,1
SCZ_LOC_19_50162909_rs7251,19,rs7251,50162909,3.793e-13,0.0582028682075395,9,-0.5433012657084509,ENSG00000039650,PNKP,protein_coding,284558,29,0,1,0.5054430365562439,27.815726150449922,1,0.999970800563048,4,1
SCZ_LOC_19_50162909_rs7251,19,rs7251,50162909,3.793e-13,0.0582028682075395,10,-0.6047774636544361,ENSG00000301778,ENSG00000301778,lncRNA,41091,4,0,0,0.0,-0.0,0,0.0,0,0
SCZ_LOC_19_50162909_rs7251,19,rs7251,50162909,3.793e-13,0.0582028682075395,11,-0.7017166437266664,ENSG00000235034,C19orf81,protein_coding,486536,59,0,1,2.012287139892578,4.902406668638428,1,0.9999944172345496,10,1
SCZ_LOC_19_50162909_rs7251,19,rs7251,50162909,3.793e-13,0.0582028682075395,12,-0.781728026169663,ENSG00000204653,ASPDH,protein_coding,351781,43,0,1,0.6014007925987244,25.310464900531436,1,0.9999990464682416,13,1
SCZ_LOC_19_50162909_rs7251,19,rs7251,50162909,3.793e-13,0.0582028682075395,13,-0.8536827615941982,ENSG00000204666,ZNF473CR,lncRNA,112320,7,0,1,1.478731393814087,4.823215889064951,0,0.0,0,0
SCZ_LOC_19_50162909_rs7251,19,rs7251,50162909,3.793e-13,0.0582028682075395,14,-0.8761822730525587,ENSG00000161643,SIGLEC16,protein_coding,193309,16,0,1,1.2235517501831055,11.050198504049831,0,0.0,0,0
SCZ_LOC_19_50162909_rs7251,19,rs7251,50162909,3.793e-13,0.0582028682075395,15,-0.8851770008539411,ENSG00000104973,MED25,protein_coding,344627,39,0,1,0.27405425906181335,13.307308969614342,1,0.9999718798916296,4,1
SCZ_LOC_19_50162909_rs7251,19,rs7251,50162909,3.793e-13,0.0582028682075395,16,-0.9183775786547271,ENSG00000161671,EMC10,protein_coding,313491,35,0,0,0.0,-0.0,1,0.9999887536559724,3,0
SCZ_LOC_19_50162909_rs7251,19,rs7251,50162909,3.793e-13,0.0582028682075395,17,-0.9240553647307044,ENSG00000142528,ZNF473,protein_coding,137195,10,0,1,1.5171306133270264,6.746157106009508,1,0.9999707545833374,2,1
SCZ_LOC_19_50162909_rs7251,19,rs7251,50162909,3.793e-13,0.0582028682075395,18,-0.9476351191313729,ENSG00000010361,FUZ,protein_coding,345533,41,0,1,0.5845121145248413,7.474434512515281,1,0.9999869200902962,7,1
SCZ_LOC_19_50162909_rs7251,19,rs7251,50162909,3.793e-13,0.0582028682075395,19,-0.9902281901596302,ENSG00000126467,TSKS,protein_coding,399603,51,0,1,0.858829915523529,5.496443915753122,0,0.0,0,0
SCZ_LOC_19_50162909_rs7251,19,rs7251,50162909,3.793e-13,0.0582028682075395,20,-0.9948816838283202,ENSG00000062822,POLD1,protein_coding,221295,21,0,0,0.0,-0.0,1,0.9999921187013292,3,0
SCZ_LOC_19_50162909_rs7251,19,rs7251,50162909,3.793e-13,0.0582028682075395,21,-1.0428910440946109,ENSG00000105053,VRK3,protein_coding,136963,9,0,1,1.0500160455703735,6.726040989224873,1,0.9999675284477336,2,1
SCZ_LOC_19_50162909_rs7251,19,rs7251,50162909,3.793e-13,0.0582028682075395,22,-1.0765509769247128,ENSG00000213023,SYT3,protein_coding,476972,58,0,1,0.34488779306411743,12.489850353318888,1,0.9999978057940742,11,1
SCZ_LOC_19_50162909_rs7251,19,rs7251,50162909,3.793e-13,0.0582028682075395,23,-1.0791520269278727,ENSG00000269194,ENSG00000269194,lncRNA,354008,44,0,1,1.3211287260055542,5.128215404154801,0,0.0,0,0
SCZ_LOC_19_50162909_rs7251,19,rs7251,50162909,3.793e-13,0.0582028682075395,24,-1.0838413037290102,ENSG00000169169,CPT1C,protein_coding,472011,55,0,1,0.5841500759124756,11.04965129024496,1,0.999998748009596,5,1
SCZ_LOC_19_50162909_rs7251,19,rs7251,50162909,3.793e-13,0.0582028682075395,25,-1.0932713935210232,ENSG00000196961,AP2A1,protein_coding,395908,48,0,0,0.0,-0.0,1,0.9999788924412544,2,0
SCZ_LOC_19_50162909_rs7251,19,rs7251,50162909,3.793e-13,0.0582028682075395,26,-1.154955927306557,ENSG00000086967,MYBPC2,protein_coding,269983,27,0,1,0.6762902736663818,13.267087738377,1,0.9999999981122992,4,1
SCZ_LOC_19_50162909_rs7251,19,rs7251,50162909,3.793e-13,0.0582028682075395,27,-1.192143319607096,ENSG00000104951,IL4I1,protein_coding,233370,23,0,0,0.0,-0.0,1,0.9999849582187256,3,0
SCZ_LOC_19_50162909_rs7251,19,rs7251,50162909,3.793e-13,0.0582028682075395,28,-1.254358635606005,ENSG00000126456,IRF3,protein_coding,497034,61,0,1,0.584831953048706,9.994648676725816,1,0.9999940037437036,4,1
SCZ_LOC_19_50162909_rs7251,19,rs7251,50162909,3.793e-13,0.0582028682075395,29,-1.2683475729111453,ENSG00000161677,JOSD2,protein_coding,348311,42,0,1,0.49224168062210083,5.286037085761888,1,0.9999958773139136,3,1
SCZ_LOC_19_50162909_rs7251,19,rs7251,50162909,3.793e-13,0.0582028682075395,30,-1.3105659039374655,ENSG00000269091,ENSG00000269091,lncRNA,111847,6,0,1,1.9111874103546143,7.0961163388909485,0,0.0,0,0
SCZ_LOC_19_50162909_rs7251,19,rs7251,50162909,3.793e-13,0.0582028682075395,31,-1.359060770393539,ENSG00000161640,SIGLEC11,protein_coding,201737,17,0,1,1.3889535665512085,11.81321301810207,0,0.0,0,0
SCZ_LOC_19_50162909_rs7251,19,rs7251,50162909,3.793e-13,0.0582028682075395,32,-1.367544901489344,ENSG00000126457,PRMT1,protein_coding,487123,60,0,1,0.6969616413116455,11.74604993714561,1,0.999898486418332,3,1
SCZ_LOC_19_50162909_rs7251,19,rs7251,50162909,3.793e-13,0.0582028682075395,33,-1.4935117447210127,ENSG00000269352,PTOV1-AS2,lncRNA,303620,31,0,1,0.8044930696487427,5.4764906082275395,0,0.0,0,0
SCZ_LOC_19_50162909_rs7251,19,rs7251,50162909,3.793e-13,0.0582028682075395,34,-1.5193319157225202,ENSG00000131408,NR1H2,protein_coding,166744,12,0,0,0.0,-0.0,1,0.9998883393799476,2,0
SCZ_LOC_19_50162909_rs7251,19,rs7251,50162909,3.793e-13,0.0582028682075395,35,-1.5534581464142319,ENSG00000104960,PTOV1,protein_coding,312174,34,0,0,0.0,-0.0,1,0.999880562970658,4,0
SCZ_LOC_19_50162909_rs7251,19,rs7251,50162909,3.793e-13,0.0582028682075395,36,-1.6188311481007516,ENSG00000267890,ENSG00000267890,lncRNA,87786,5,0,0,0.0,-0.0,0,0.0,0,0
SCZ_LOC_19_50162909_rs7251,19,rs7251,50162909,3.793e-13,0.0582028682075395,37,-1.670476081166174,ENSG00000161681,SHANK1,protein_coding,556893,63,0,1,1.1115524768829346,6.23950850805121,1,0.9999999976520432,16,1
SCZ_LOC_19_50162909_rs7251,19,rs7251,50162909,3.793e-13,0.0582028682075395,38,-1.6890958888119945,ENSG00000169136,ATF5,protein_coding,234207,24,0,1,2.184086799621582,11.797435866755421,1,0.9999999976633644,10,1
SCZ_LOC_19_50162909_rs7251,19,rs7251,50162909,3.793e-13,0.0582028682075395,39,-1.6988393847981889,ENSG00000224420,ADM5,protein_coding,473315,57,0,1,0.3462273180484772,4.760562914712773,1,0.9999999978618144,6,1
SCZ_LOC_19_50162909_rs7251,19,rs7251,50162909,3.793e-13,0.0582028682075395,40,-1.7680330201753354,ENSG00000298681,ENSG00000298681,lncRNA,120434,8,0,0,0.0,-0.0,0,0.0,0,0
SCZ_LOC_19_50162909_rs7251,19,rs7251,50162909,3.793e-13,0.0582028682075395,41,-1.911287728317583,ENSG00000204673,AKT1S1,protein_coding,284450,28,0,0,0.0,-0.0,1,0.999844766091872,4,0
SCZ_LOC_19_50162909_rs7251,19,rs7251,50162909,3.793e-13,0.0582028682075395,42,-1.9390906577401175,ENSG00000126453,BCL2L12,protein_coding,497767,62,0,0,0.0,-0.0,1,0.9999999971466678,9,0
SCZ_LOC_19_50162909_rs7251,19,rs7251,50162909,3.793e-13,0.0582028682075395,43,-1.945600623323249,ENSG00000295248,ENSG00000295248,lncRNA,345291,40,0,0,0.0,-0.0,0,0.0,0,0
SCZ_LOC_19_50162909_rs7251,19,rs7251,50162909,3.793e-13,0.0582028682075395,43,-1.945600623323249,ENSG00000297022,ENSG00000297022,lncRNA,360472,45,0,0,0.0,-0.0,0,0.0,0,0
SCZ_LOC_19_50162909_rs7251,19,rs7251,50162909,3.793e-13,0.0582028682075395,43,-1.945600623323249,ENSG00000268518,MYREM,lncRNA,339105,38,0,0,0.0,-0.0,0,0.0,0,0
SCZ_LOC_19_50162909_rs7251,19,rs7251,50162909,3.793e-13,0.0582028682075395,46,-1.9643629619545162,ENSG00000268231,ENSG00000268231,lncRNA,395060,47,0,0,0.0,-0.0,0,0.0,0,0
SCZ_LOC_19_50162909_rs7251,19,rs7251,50162909,3.793e-13,0.0582028682075395,46,-1.9643629619545162,ENSG00000268677,ENSG00000268677,lncRNA,472336,56,0,0,0.0,-0.0,0,0.0,0,0
SCZ_LOC_19_50162909_rs7251,19,rs7251,50162909,3.793e-13,0.0582028682075395,46,-1.9643629619545162,ENSG00000295494,ENSG00000295494,lncRNA,445154,54,0,0,0.0,-0.0,0,0.0,0,0
SCZ_LOC_19_50162909_rs7251,19,rs7251,50162909,3.793e-13,0.0582028682075395,46,-1.9643629619545162,ENSG00000298650,ENSG00000298650,lncRNA,441496,53,0,0,0.0,-0.0,0,0.0,0,0
SCZ_LOC_19_50162909_rs7251,19,rs7251,50162909,3.793e-13,0.0582028682075395,46,-1.9643629619545162,ENSG00000299174,ENSG00000299174,lncRNA,388985,46,0,0,0.0,-0.0,0,0.0,0,0
SCZ_LOC_19_50162909_rs7251,19,rs7251,50162909,3.793e-13,0.0582028682075395,46,-1.9643629619545162,ENSG00000309631,ENSG00000309631,lncRNA,399542,50,0,0,0.0,-0.0,0,0.0,0,0
SCZ_LOC_19_50162909_rs7251,19,rs7251,50162909,3.793e-13,0.0582028682075395,46,-1.9643629619545162,ENSG00000309651,ENSG00000309651,lncRNA,396399,49,0,0,0.0,-0.0,0,0.0,0,0
SCZ_LOC_19_50162909_rs7251,19,rs7251,50162909,3.793e-13,0.0582028682075395,53,-1.9906063789324089,ENSG00000269179,ENSG00000269179,protein_coding,204518,19,0,0,0.0,-0.0,0,0.0,0,0
SCZ_LOC_19_50162909_rs7251,19,rs7251,50162909,3.793e-13,0.0582028682075395,53,-1.9906063789324089,ENSG00000131400,NAPSA,protein_coding,202921,18,0,0,0.0,-0.0,0,0.0,0,0
SCZ_LOC_19_50162909_rs7251,19,rs7251,50162909,3.793e-13,0.0582028682075395,53,-1.9906063789324089,ENSG00000301908,ENSG00000301908,lncRNA,190408,15,0,0,0.0,-0.0,0,0.0,0,0
SCZ_LOC_19_50162909_rs7251,19,rs7251,50162909,3.793e-13,0.0582028682075395,53,-1.9906063789324089,ENSG00000269392,ENSG00000269392,lncRNA,206422,20,0,0,0.0,-0.0,0,0.0,0,0
SCZ_LOC_19_50162909_rs7251,19,rs7251,50162909,3.793e-13,0.0582028682075395,57,-1.9920843733748341,ENSG00000268854,ENSG00000268854,lncRNA,320442,37,0,0,0.0,-0.0,0,0.0,0,0
SCZ_LOC_19_50162909_rs7251,19,rs7251,50162909,3.793e-13,0.0582028682075395,58,-1.9976671420866914,ENSG00000267815,ENSG00000267815,lncRNA,147630,11,0,0,0.0,-0.0,0,0.0,0,0
SCZ_LOC_19_50162909_rs7251,19,rs7251,50162909,3.793e-13,0.0582028682075395,59,-2.021984919617909,ENSG00000268047,ENSG00000268047,lncRNA,307923,32,0,0,0.0,-0.0,0,0.0,0,0
SCZ_LOC_19_50162909_rs7251,19,rs7251,50162909,3.793e-13,0.0582028682075395,60,-2.038410442441953,ENSG00000291230,NAPSB,lncRNA,181897,14,0,0,0.0,-0.0,0,0.0,0,0
SCZ_LOC_19_50162909_rs7251,19,rs7251,50162909,3.793e-13,0.0582028682075395,61,-2.048843097965252,ENSG00000268006,PTOV1-AS1,lncRNA,311222,33,0,0,0.0,-0.0,0,0.0,0,0
SCZ_LOC_19_50162909_rs7251,19,rs7251,50162909,3.793e-13,0.0582028682075395,62,-2.071027943109276,ENSG00000142539,ENSG00000142539,protein_coding,252890,25,0,0,0.0,-0.0,0,0.0,0,0
SCZ_LOC_19_50162909_rs7251,19,rs7251,50162909,3.793e-13,0.0582028682075395,62,-2.071027943109276,ENSG00000269404,SPIB,protein_coding,256029,26,0,0,0.0,-0.0,0,0.0,0,0
SCZ_LOC_1_150139579_rs1824848,1,rs1824848,150139579,1.704e-09,-0.0657018642254792,1,1.036712896571202,ENSG00000023902,PLEKHO1,protein_coding,9604,1,1,0,0.0,-0.0,1,0.9999934052231462,11,0
SCZ_LOC_1_150139579_rs1824848,1,rs1824848,150139579,1.704e-09,-0.0657018642254792,2,0.6516737051292484,ENSG00000143401,ANP32E,protein_coding,96577,7,0,0,0.0,-0.0,1,0.999998381952435,6,0
SCZ_LOC_1_150139579_rs1824848,1,rs1824848,150139579,1.704e-09,-0.0657018642254792,3,0.4552739896338331,ENSG00000159164,SV2A,protein_coding,221735,23,0,0,0.0,-0.0,1,0.9999998283911256,6,0
SCZ_LOC_1_150139579_rs1824848,1,rs1824848,150139579,1.704e-09,-0.0657018642254792,4,0.4048409123135536,ENSG00000136631,VPS45,protein_coding,72300,5,0,1,0.5014111399650574,7.680541011510278,1,0.9999739217089826,5,1
SCZ_LOC_1_150139579_rs1824848,1,rs1824848,150139579,1.704e-09,-0.0657018642254792,5,0.35316169054227575,ENSG00000118298,CA14,protein_coding,117672,8,0,1,0.38941502571105957,4.748166918427614,1,0.9999997221313108,9,1
SCZ_LOC_1_150139579_rs1824848,1,rs1824848,150139579,1.704e-09,-0.0657018642254792,6,0.016939663153021953,ENSG00000264522,OTUD7B,protein_coding,128853,11,0,0,0.0,-0.0,1,0.9999995023995834,7,0
SCZ_LOC_1_150139579_rs1824848,1,rs1824848,150139579,1.704e-09,-0.0657018642254792,7,-0.27994765182584536,ENSG00000203814,H2BC18,protein_coding,327206,41,0,0,0.0,-0.0,1,0.9999992541320196,5,0
SCZ_LOC_1_150139579_rs1824848,1,rs1824848,150139579,1.704e-09,-0.0657018642254792,8,-0.3427953798655472,ENSG00000117362,APH1A,protein_coding,130001,12,0,1,0.4710906445980072,4.889564451456153,1,0.9999680777070408,2,1
SCZ_LOC_1_150139579_rs1824848,1,rs1824848,150139579,1.704e-09,-0.0657018642254792,9,-0.44509704304226233,ENSG00000184260,H2AC20,protein_coding,252661,29,0,0,0.0,-0.0,1,0.9999925527106788,5,0
SCZ_LOC_1_150139579_rs1824848,1,rs1824848,150139579,1.704e-09,-0.0657018642254792,10,-0.5341241295822811,ENSG00000285554,LINC02988,lncRNA,21147,2,0,0,0.0,-0.0,0,0.0,0,0
SCZ_LOC_1_150139579_rs1824848,1,rs1824848,150139579,1.704e-09,-0.0657018642254792,11,-0.5678772971276989,ENSG00000143382,ADAMTSL4,protein_coding,409790,51,0,0,0.0,-0.0,1,0.9999976521801236,10,0
SCZ_LOC_1_150139579_rs1824848,1,rs1824848,150139579,1.704e-09,-0.0657018642254792,12,-0.5927718816635494,ENSG00000014914,MTMR11,protein_coding,202700,20,0,1,0.8505857586860657,6.07218361936656,1,0.9999999972408796,14,1
SCZ_LOC_1_150139579_rs1824848,1,rs1824848,150139579,1.704e-09,-0.0657018642254792,13,-0.6958054336441539,ENSG00000143420,ENSA,protein_coding,490033,57,0,1,0.664667546749115,4.574137059592266,1,0.9999407932562197,2,1
SCZ_LOC_1_150139579_rs1824848,1,rs1824848,150139579,1.704e-09,-0.0657018642254792,14,-0.8167101829432358,ENSG00000310465,ENSG00000310465,lncRNA,74078,6,0,0,0.0,-0.0,0,0.0,0,0
SCZ_LOC_1_150139579_rs1824848,1,rs1824848,150139579,1.704e-09,-0.0657018642254792,15,-0.8200766411051302,ENSG00000143369,ECM1,protein_coding,368483,47,0,1,0.7167254090309143,6.639735436512106,1,0.9999991823420826,7,1
SCZ_LOC_1_150139579_rs1824848,1,rs1824848,150139579,1.704e-09,-0.0657018642254792,16,-0.8324946841497244,ENSG00000159208,CIART,protein_coding,142964,14,0,0,0.0,-0.0,1,0.9999908526654814,3,0
SCZ_LOC_1_150139579_rs1824848,1,rs1824848,150139579,1.704e-09,-0.0657018642254792,17,-0.8538576421359466,ENSG00000289041,ENSG00000289041,lncRNA,142810,13,0,1,0.5704500675201416,4.558116752705215,0,0.0,0,0
SCZ_LOC_1_150139579_rs1824848,1,rs1824848,150139579,1.704e-09,-0.0657018642254792,18,-0.8688642283202793,ENSG00000163125,RPRD2,protein_coding,223512,24,0,1,0.3090966045856476,7.874745073276198,1,0.999973288929501,3,1
SCZ_LOC_1_150139579_rs1824848,1,rs1824848,150139579,1.704e-09,-0.0657018642254792,19,-0.8690346846215377,ENSG00000143384,MCL1,protein_coding,440159,56,0,0,0.0,-0.0,1,0.999978918265295,8,0
SCZ_LOC_1_150139579_rs1824848,1,rs1824848,150139579,1.704e-09,-0.0657018642254792,20,-0.9678231362765022,ENSG00000117360,PRPF3,protein_coding,181900,18,0,0,0.0,-0.0,1,0.9999968703099124,2,0
SCZ_LOC_1_150139579_rs1824848,1,rs1824848,150139579,1.704e-09,-0.0657018642254792,21,-1.030128585233604,ENSG00000143374,TARS2,protein_coding,347835,45,0,1,0.860549807548523,9.584722467888321,1,0.9999968996251964,3,1
SCZ_LOC_1_150139579_rs1824848,1,rs1824848,150139579,1.704e-09,-0.0657018642254792,22,-1.0663888096508882,ENSG00000184270,H2AC21,protein_coding,251614,27,0,0,0.0,-0.0,1,0.9999936339482488,4,0
SCZ_LOC_1_150139579_rs1824848,1,rs1824848,150139579,1.704e-09,-0.0657018642254792,23,-1.090243033849295,ENSG00000118292,C1orf54,protein_coding,128621,10,0,1,0.8916200399398804,7.864248307579194,0,0.0,0,0
SCZ_LOC_1_150139579_rs1824848,1,rs1824848,150139579,1.704e-09,-0.0657018642254792,24,-1.1071465267586844,ENSG00000203804,ADAMTSL4-AS1,lncRNA,422536,54,0,0,0.0,-0.0,1,0.9999999975957036,7,0
SCZ_LOC_1_150139579_rs1824848,1,rs1824848,150139579,1.704e-09,-0.0657018642254792,25,-1.2608035278439258,ENSG00000184678,H2BC21,protein_coding,252897,30,0,1,0.786923885345459,4.597420255778732,1,0.9999924220809838,4,1
SCZ_LOC_1_150139579_rs1824848,1,rs1824848,150139579,1.704e-09,-0.0657018642254792,26,-1.2662400131786966,ENSG00000178096,BOLA1,protein_coding,251689,28,0,1,0.863380491733551,4.444967786268804,1,0.999981411935903,3,1
SCZ_LOC_1_150139579_rs1824848,1,rs1824848,150139579,1.704e-09,-0.0657018642254792,27,-1.2727884568032535,ENSG00000266472,MRPS21,protein_coding,154282,16,0,1,0.8319784998893738,14.197234763469531,1,0.9999964651607024,2,1
SCZ_LOC_1_150139579_rs1824848,1,rs1824848,150139579,1.704e-09,-0.0657018642254792,28,-1.5624191295850889,ENSG00000291158,LINC00869,lncRNA,581364,60,0,0,0.0,-0.0,0,0.0,0,0
SCZ_LOC_1_150139579_rs1824848,1,rs1824848,150139579,1.704e-09,-0.0657018642254792,29,-1.5647075725880255,ENSG00000310475,ENSG00000310475,lncRNA,47356,3,0,0,0.0,-0.0,0,0.0,0,0
SCZ_LOC_1_150139579_rs1824848,1,rs1824848,150139579,1.704e-09,-0.0657018642254792,30,-1.5664742141291164,ENSG00000143368,SF3B4,protein_coding,211776,22,0,0,0.0,-0.0,1,0.9999186856640624,2,0
SCZ_LOC_1_150139579_rs1824848,1,rs1824848,150139579,1.704e-09,-0.0657018642254792,31,-1.5757143016356003,ENSG00000294655,ENSG00000294655,lncRNA,492606,59,0,0,0.0,-0.0,0,0.0,0,0
SCZ_LOC_1_150139579_rs1824848,1,rs1824848,150139579,1.704e-09,-0.0657018642254792,32,-1.611090081870858,ENSG00000228126,FALEC,lncRNA,376088,48,0,1,0.7620559930801392,6.791365315081474,1,0.9999966163381194,4,1
SCZ_LOC_1_150139579_rs1824848,1,rs1824848,150139579,1.704e-09,-0.0657018642254792,33,-1.7680330201753354,ENSG00000276110,ENSG00000276110,lncRNA,120354,9,0,0,0.0,-0.0,0,0.0,0,0
SCZ_LOC_1_150139579_rs1824848,1,rs1824848,150139579,1.704e-09,-0.0657018642254792,34,-1.8626737596371556,ENSG00000285184,ENSG00000285184,lncRNA,71822,4,0,1,2.1321964263916016,10.481055096508921,0,0.0,0,0
SCZ_LOC_1_150139579_rs1824848,1,rs1824848,150139579,1.704e-09,-0.0657018642254792,35,-1.8971034812489682,ENSG00000270882,H4C14,protein_coding,306922,39,0,0,0.0,-0.0,0,0.0,0,0
SCZ_LOC_1_150139579_rs1824848,1,rs1824848,150139579,1.704e-09,-0.0657018642254792,36,-1.945600623323249,ENSG00000233030,ENSG00000233030,lncRNA,346559,44,0,0,0.0,-0.0,0,0.0,0,0
SCZ_LOC_1_150139579_rs1824848,1,rs1824848,150139579,1.704e-09,-0.0657018642254792,36,-1.945600623323249,ENSG00000183598,H3C13,protein_coding,325886,40,0,0,0.0,-0.0,0,0.0,0,0
SCZ_LOC_1_150139579_rs1824848,1,rs1824848,150139579,1.704e-09,-0.0657018642254792,36,-1.945600623323249,ENSG00000150337,FCGR1A,protein_coding,356908,46,0,0,0.0,-0.0,0,0.0,0,0
SCZ_LOC_1_150139579_rs1824848,1,rs1824848,150139579,1.704e-09,-0.0657018642254792,36,-1.945600623323249,ENSG00000299205,ENSG00000299205,lncRNA,339574,42,0,0,0.0,-0.0,0,0.0,0,0
SCZ_LOC_1_150139579_rs1824848,1,rs1824848,150139579,1.704e-09,-0.0657018642254792,36,-1.945600623323249,ENSG00000301450,ENSG00000301450,lncRNA,346504,43,0,0,0.0,-0.0,0,0.0,0,0
SCZ_LOC_1_150139579_rs1824848,1,rs1824848,150139579,1.704e-09,-0.0657018642254792,36,-1.945600623323249,ENSG00000307101,ENSG00000307101,lncRNA,396319,50,0,0,0.0,-0.0,0,0.0,0,0
SCZ_LOC_1_150139579_rs1824848,1,rs1824848,150139579,1.704e-09,-0.0657018642254792,42,-1.9461465047403361,ENSG00000203811,H3C14,protein_coding,298371,38,0,0,0.0,-0.0,0,0.0,0,0
SCZ_LOC_1_150139579_rs1824848,1,rs1824848,150139579,1.704e-09,-0.0657018642254792,43,-1.9643629619545162,ENSG00000237781,ADAMTSL4-AS2,lncRNA,418145,52,0,0,0.0,-0.0,0,0.0,0,0
SCZ_LOC_1_150139579_rs1824848,1,rs1824848,150139579,1.704e-09,-0.0657018642254792,43,-1.9643629619545162,ENSG00000288880,ENSG00000288880,lncRNA,490232,58,0,0,0.0,-0.0,0,0.0,0,0
SCZ_LOC_1_150139579_rs1824848,1,rs1824848,150139579,1.704e-09,-0.0657018642254792,43,-1.9643629619545162,ENSG00000290790,ENSG00000290790,lncRNA,391677,49,0,0,0.0,-0.0,0,0.0,0,0
SCZ_LOC_1_150139579_rs1824848,1,rs1824848,150139579,1.704e-09,-0.0657018642254792,43,-1.9643629619545162,ENSG00000290074,ENSG00000290074,lncRNA,439726,55,0,0,0.0,-0.0,0,0.0,0,0
SCZ_LOC_1_150139579_rs1824848,1,rs1824848,150139579,1.704e-09,-0.0657018642254792,43,-1.9643629619545162,ENSG00000289457,ENSG00000289457,lncRNA,421532,53,0,0,0.0,-0.0,0,0.0,0,0
SCZ_LOC_1_150139579_rs1824848,1,rs1824848,150139579,1.704e-09,-0.0657018642254792,48,-1.9906063789324089,ENSG00000303850,ENSG00000303850,lncRNA,202009,19,0,0,0.0,-0.0,0,0.0,0,0
SCZ_LOC_1_150139579_rs1824848,1,rs1824848,150139579,1.704e-09,-0.0657018642254792,49,-1.9926302547919212,ENSG00000290791,ENSG00000290791,lncRNA,297421,37,0,0,0.0,-0.0,0,0.0,0,0
SCZ_LOC_1_150139579_rs1824848,1,rs1824848,150139579,1.704e-09,-0.0657018642254792,50,-2.038410442441953,ENSG00000306339,ENSG00000306339,lncRNA,170203,17,0,0,0.0,-0.0,0,0.0,0,0
SCZ_LOC_1_150139579_rs1824848,1,rs1824848,150139579,1.704e-09,-0.0657018642254792,50,-2.038410442441953,ENSG00000306355,ENSG00000306355,lncRNA,154224,15,0,0,0.0,-0.0,0,0.0,0,0
SCZ_LOC_1_150139579_rs1824848,1,rs1824848,150139579,1.704e-09,-0.0657018642254792,52,-2.049388979382339,ENSG00000203852,H3C15,protein_coding,286971,33,0,0,0.0,-0.0,0,0.0,0,0
SCZ_LOC_1_150139579_rs1824848,1,rs1824848,150139579,1.704e-09,-0.0657018642254792,52,-2.049388979382339,ENSG00000288859,H2AC19,protein_coding,288518,34,0,0,0.0,-0.0,0,0.0,0,0
SCZ_LOC_1_150139579_rs1824848,1,rs1824848,150139579,1.704e-09,-0.0657018642254792,52,-2.049388979382339,ENSG00000288825,H2AC18,protein_coding,296829,36,0,0,0.0,-0.0,0,0.0,0,0
SCZ_LOC_1_150139579_rs1824848,1,rs1824848,150139579,1.704e-09,-0.0657018642254792,52,-2.049388979382339,ENSG00000290792,ENSG00000290792,lncRNA,288642,35,0,0,0.0,-0.0,0,0.0,0,0
SCZ_LOC_1_150139579_rs1824848,1,rs1824848,150139579,1.704e-09,-0.0657018642254792,56,-2.071027943109276,ENSG00000264207,ENSG00000264207,lncRNA,278308,31,0,0,0.0,-0.0,0,0.0,0,0
SCZ_LOC_1_150139579_rs1824848,1,rs1824848,150139579,1.704e-09,-0.0657018642254792,56,-2.071027943109276,ENSG00000270276,H4C15,protein_coding,278420,32,0,0,0.0,-0.0,0,0.0,0,0
SCZ_LOC_1_150139579_rs1824848,1,rs1824848,150139579,1.704e-09,-0.0657018642254792,56,-2.071027943109276,ENSG00000301517,ENSG00000301517,lncRNA,240079,25,0,0,0.0,-0.0,0,0.0,0,0
SCZ_LOC_1_150139579_rs1824848,1,rs1824848,150139579,1.704e-09,-0.0657018642254792,56,-2.071027943109276,ENSG00000301610,ENSG00000301610,lncRNA,251368,26,0,0,0.0,-0.0,0,0.0,0,0
SCZ_LOC_1_150139579_rs1824848,1,rs1824848,150139579,1.704e-09,-0.0657018642254792,60,-2.0821970675151693,ENSG00000305630,ENSG00000305630,lncRNA,211721,21,0,0,0.0,-0.0,0,0.0,0,0
SCZ_LOC_1_153920564_rs10559,1,rs10559,153920564,4.024e-08,-0.0440981887217984,1,0.8823100385543708,ENSG00000143614,GATAD2B,protein_coding,2796,2,0,0,0.0,-0.0,1,0.9999779778358489,4,0
SCZ_LOC_1_153920564_rs10559,1,rs10559,153920564,4.024e-08,-0.0440981887217984,2,0.2998578222760666,ENSG00000198837,DENND4B,protein_coding,26154,5,0,1,0.4371735453605652,12.764297772074794,1,0.9999983687231604,5,1
SCZ_LOC_1_153920564_rs10559,1,rs10559,153920564,4.024e-08,-0.0440981887217984,3,0.07911235940941512,ENSG00000169418,NPR1,protein_coding,241876,24,0,0,0.0,-0.0,1,0.9999989001215204,7,0
SCZ_LOC_1_153920564_rs10559,1,rs10559,153920564,4.024e-08,-0.0440981887217984,4,-0.048338179909965695,ENSG00000284738,ENSG00000284738,lncRNA,2616,1,1,0,0.0,-0.0,0,0.0,0,0
SCZ_LOC_1_153920564_rs10559,1,rs10559,153920564,4.024e-08,-0.0440981887217984,5,-0.11806539452678026,ENSG00000160712,IL6R,protein_coding,484629,55,0,0,0.0,-0.0,1,0.9999999950746146,16,0
SCZ_LOC_1_153920564_rs10559,1,rs10559,153920564,4.024e-08,-0.0440981887217984,6,-0.20948806750313564,ENSG00000160741,CRTC2,protein_coding,38051,6,0,0,0.0,-0.0,1,0.9999931993594856,2,0
SCZ_LOC_1_153920564_rs10559,1,rs10559,153920564,4.024e-08,-0.0440981887217984,7,-0.35511152201200197,ENSG00000188643,S100A16,protein_coding,307419,37,0,1,0.10987475514411926,8.150137428147943,1,0.9999981984711098,7,1
SCZ_LOC_1_153920564_rs10559,1,rs10559,153920564,4.024e-08,-0.0440981887217984,8,-0.4023918671819519,ENSG00000143575,HAX1,protein_coding,351791,40,0,1,0.5311259627342224,9.521085256445229,1,0.9999632269395824,2,1
SCZ_LOC_1_153920564_rs10559,1,rs10559,153920564,4.024e-08,-0.0440981887217984,9,-0.446190851401905,ENSG00000143578,CREB3L4,protein_coding,46970,9,0,1,0.16436585783958435,5.099751109015798,1,0.9999863407568516,2,1
SCZ_LOC_1_153920564_rs10559,1,rs10559,153920564,4.024e-08,-0.0440981887217984,10,-0.4472854212138592,ENSG00000143543,JTB,protein_coding,57110,12,0,0,0.0,-0.0,1,0.9999606205897922,2,0
SCZ_LOC_1_153920564_rs10559,1,rs10559,153920564,4.024e-08,-0.0440981887217984,11,-0.5460217664279222,ENSG00000197956,S100A6,protein_coding,384320,48,0,1,0.23891448974609375,4.257739288149766,1,0.9999998844500604,11,1
SCZ_LOC_1_153920564_rs10559,1,rs10559,153920564,4.024e-08,-0.0440981887217984,12,-0.6140519458710836,ENSG00000308776,ENSG00000308776,lncRNA,24749,3,0,0,0.0,-0.0,0,0.0,0,0
SCZ_LOC_1_153920564_rs10559,1,rs10559,153920564,4.024e-08,-0.0440981887217984,13,-0.7105314646250025,ENSG00000143553,SNAPIN,protein_coding,261861,28,0,1,0.2991124093532562,5.324035606446265,1,0.9999482220738888,3,1
SCZ_LOC_1_153920564_rs10559,1,rs10559,153920564,4.024e-08,-0.0440981887217984,14,-0.723375621423585,ENSG00000289935,ENSG00000289935,lncRNA,25625,4,0,0,0.0,-0.0,0,0.0,0,0
SCZ_LOC_1_153920564_rs10559,1,rs10559,153920564,4.024e-08,-0.0440981887217984,15,-0.7495235105813803,ENSG00000143570,SLC39A1,protein_coding,47620,10,0,0,0.0,-0.0,1,0.9999964032202524,2,0
SCZ_LOC_1_153920564_rs10559,1,rs10559,153920564,4.024e-08,-0.0440981887217984,16,-0.7812811055790271,ENSG00000143545,RAB13,protein_coding,65794,15,0,0,0.0,-0.0,1,0.9999990730045274,3,0
SCZ_LOC_1_153920564_rs10559,1,rs10559,153920564,4.024e-08,-0.0440981887217984,17,-0.852828911323822,ENSG00000143612,C1orf43,protein_coding,300073,35,0,1,0.2846677005290985,8.833342316657307,1,0.999982088265552,2,1
SCZ_LOC_1_153920564_rs10559,1,rs10559,153920564,4.024e-08,-0.0440981887217984,18,-0.9675192916824784,ENSG00000143549,TPM3,protein_coding,274084,29,0,0,0.0,-0.0,1,0.9999997677600344,2,0
SCZ_LOC_1_153920564_rs10559,1,rs10559,153920564,4.024e-08,-0.0440981887217984,19,-0.9783356408321936,ENSG00000160679,CHTOP,protein_coding,286582,32,0,0,0.0,-0.0,1,0.999942825576557,2,0
SCZ_LOC_1_153920564_rs10559,1,rs10559,153920564,4.024e-08,-0.0440981887217984,20,-1.0118901732184509,ENSG00000143621,ILF2,protein_coding,249536,25,0,0,0.0,-0.0,1,0.9999737390156604,2,0
SCZ_LOC_1_153920564_rs10559,1,rs10559,153920564,4.024e-08,-0.0440981887217984,21,-1.0341450705285093,ENSG00000189171,S100A13,protein_coding,286152,31,0,1,0.4410814046859741,39.731465637094736,1,0.9999726022280332,1,1
SCZ_LOC_1_153920564_rs10559,1,rs10559,153920564,4.024e-08,-0.0440981887217984,22,-1.094096333440018,ENSG00000143569,UBAP2L,protein_coding,299615,34,0,0,0.0,-0.0,1,0.999987962501267,2,0
SCZ_LOC_1_153920564_rs10559,1,rs10559,153920564,4.024e-08,-0.0440981887217984,23,-1.1481491888530788,ENSG00000160678,S100A1,protein_coding,292638,33,0,1,1.5855964422225952,5.026451702177871,1,0.9999675311404006,1,1
SCZ_LOC_1_153920564_rs10559,1,rs10559,153920564,4.024e-08,-0.0440981887217984,24,-1.1796110816267897,ENSG00000143515,ATP8B2,protein_coding,404961,51,0,1,0.8531955480575562,6.095047567201458,1,0.9999999980120032,16,1
SCZ_LOC_1_153920564_rs10559,1,rs10559,153920564,4.024e-08,-0.0440981887217984,25,-1.1973254634240786,ENSG00000177954,RPS27,protein_coding,70198,16,0,1,0.8658193349838257,5.197055627792142,1,0.9999936779271892,2,1
SCZ_LOC_1_153920564_rs10559,1,rs10559,153920564,4.024e-08,-0.0440981887217984,26,-1.2928047338203934,ENSG00000189334,S100A14,protein_coding,303578,36,0,1,0.29709064960479736,4.402513530935638,0,0.0,0,0
SCZ_LOC_1_153920564_rs10559,1,rs10559,153920564,4.024e-08,-0.0440981887217984,27,-1.339013646874535,ENSG00000184330,S100A7A,protein_coding,504044,57,0,0,0.0,-0.0,0,0.0,0,0
SCZ_LOC_1_153920564_rs10559,1,rs10559,153920564,4.024e-08,-0.0440981887217984,28,-1.3982842959839756,ENSG00000285867,ENSG00000285867,lncRNA,314281,38,0,1,1.5150423049926758,6.415119563181809,0,0.0,0,0
SCZ_LOC_1_153920564_rs10559,1,rs10559,153920564,4.024e-08,-0.0440981887217984,29,-1.4387497447685431,ENSG00000282386,ENSG00000282386,lncRNA,43797,7,0,0,0.0,-0.0,0,0.0,0,0
SCZ_LOC_1_153920564_rs10559,1,rs10559,153920564,4.024e-08,-0.0440981887217984,30,-1.6200034143122828,ENSG00000273026,ENSG00000273026,lncRNA,45952,8,0,0,0.0,-0.0,0,0.0,0,0
SCZ_LOC_1_153920564_rs10559,1,rs10559,153920564,4.024e-08,-0.0440981887217984,31,-1.6650668913845612,ENSG00000143624,INTS3,protein_coding,192514,22,0,1,0.4957015812397003,4.747303721499553,1,0.9999366249831966,2,1
SCZ_LOC_1_153920564_rs10559,1,rs10559,153920564,4.024e-08,-0.0440981887217984,32,-1.7286083918369946,ENSG00000143554,SLC27A3,protein_coding,146210,18,0,1,1.1123173236846924,8.600878769993978,1,0.9999999979257734,5,1
SCZ_LOC_1_153920564_rs10559,1,rs10559,153920564,4.024e-08,-0.0440981887217984,33,-1.8566975733074826,ENSG00000285779,ENSG00000285779,protein_coding,55323,11,0,0,0.0,-0.0,0,0.0,0,0
SCZ_LOC_1_153920564_rs10559,1,rs10559,153920564,4.024e-08,-0.0440981887217984,34,-1.8653458708759552,ENSG00000143552,NUP210L,protein_coding,234552,23,0,0,0.0,-0.0,0,0.0,0,0
SCZ_LOC_1_153920564_rs10559,1,rs10559,153920564,4.024e-08,-0.0440981887217984,35,-1.945600623323249,ENSG00000196154,S100A4,protein_coding,370428,44,0,0,0.0,-0.0,0,0.0,0,0
SCZ_LOC_1_153920564_rs10559,1,rs10559,153920564,4.024e-08,-0.0440981887217984,35,-1.945600623323249,ENSG00000188015,S100A3,protein_coding,371306,45,0,0,0.0,-0.0,0,0.0,0,0
SCZ_LOC_1_153920564_rs10559,1,rs10559,153920564,4.024e-08,-0.0440981887217984,35,-1.945600623323249,ENSG00000196754,S100A2,protein_coding,352674,41,0,0,0.0,-0.0,0,0.0,0,0
SCZ_LOC_1_153920564_rs10559,1,rs10559,153920564,4.024e-08,-0.0440981887217984,35,-1.945600623323249,ENSG00000306517,ENSG00000306517,lncRNA,374823,46,0,0,0.0,-0.0,0,0.0,0,0
SCZ_LOC_1_153920564_rs10559,1,rs10559,153920564,4.024e-08,-0.0440981887217984,35,-1.945600623323249,ENSG00000305696,ENSG00000305696,lncRNA,367131,43,0,0,0.0,-0.0,0,0.0,0,0
SCZ_LOC_1_153920564_rs10559,1,rs10559,153920564,4.024e-08,-0.0440981887217984,35,-1.945600623323249,ENSG00000297700,ENSG00000297700,lncRNA,353993,42,0,0,0.0,-0.0,0,0.0,0,0
SCZ_LOC_1_153920564_rs10559,1,rs10559,153920564,4.024e-08,-0.0440981887217984,35,-1.945600623323249,ENSG00000297685,ENSG00000297685,lncRNA,337951,39,0,0,0.0,-0.0,0,0.0,0,0
SCZ_LOC_1_153920564_rs10559,1,rs10559,153920564,4.024e-08,-0.0440981887217984,42,-1.9643629619545162,ENSG00000196420,S100A5,protein_coding,378799,47,0,0,0.0,-0.0,0,0.0,0,0
SCZ_LOC_1_153920564_rs10559,1,rs10559,153920564,4.024e-08,-0.0440981887217984,42,-1.9643629619545162,ENSG00000143595,AQP10,protein_coding,400526,50,0,0,0.0,-0.0,0,0.0,0,0
SCZ_LOC_1_153920564_rs10559,1,rs10559,153920564,4.024e-08,-0.0440981887217984,42,-1.9643629619545162,ENSG00000143556,S100A7,protein_coding,459913,53,0,0,0.0,-0.0,0,0.0,0,0
SCZ_LOC_1_153920564_rs10559,1,rs10559,153920564,4.024e-08,-0.0440981887217984,42,-1.9643629619545162,ENSG00000297143,ENSG00000297143,lncRNA,481348,54,0,0,0.0,-0.0,0,0.0,0,0
SCZ_LOC_1_153920564_rs10559,1,rs10559,153920564,4.024e-08,-0.0440981887217984,42,-1.9643629619545162,ENSG00000228013,IL6R-AS1,lncRNA,486000,56,0,0,0.0,-0.0,0,0.0,0,0
SCZ_LOC_1_153920564_rs10559,1,rs10559,153920564,4.024e-08,-0.0440981887217984,42,-1.9643629619545162,ENSG00000305636,ENSG00000305636,lncRNA,408755,52,0,0,0.0,-0.0,0,0.0,0,0
SCZ_LOC_1_153920564_rs10559,1,rs10559,153920564,4.024e-08,-0.0440981887217984,42,-1.9643629619545162,ENSG00000238279,ENSG00000238279,lncRNA,387244,49,0,0,0.0,-0.0,0,0.0,0,0
SCZ_LOC_1_153920564_rs10559,1,rs10559,153920564,4.024e-08,-0.0440981887217984,49,-2.001663668545022,ENSG00000291199,ENSG00000291199,lncRNA,127001,17,0,0,0.0,-0.0,0,0.0,0,0
SCZ_LOC_1_153920564_rs10559,1,rs10559,153920564,4.024e-08,-0.0440981887217984,50,-2.0258121141352095,ENSG00000285641,ENSG00000285641,protein_coding,65682,14,0,0,0.0,-0.0,0,0.0,0,0
SCZ_LOC_1_153920564_rs10559,1,rs10559,153920564,4.024e-08,-0.0440981887217984,50,-2.0258121141352095,ENSG00000272654,JTB-DT,lncRNA,57119,13,0,0,0.0,-0.0,0,0.0,0,0
SCZ_LOC_1_153920564_rs10559,1,rs10559,153920564,4.024e-08,-0.0440981887217984,52,-2.038410442441953,ENSG00000243613,ENSG00000243613,lncRNA,169337,21,0,0,0.0,-0.0,0,0.0,0,0
SCZ_LOC_1_153920564_rs10559,1,rs10559,153920564,4.024e-08,-0.0440981887217984,52,-2.038410442441953,ENSG00000233222,ENSG00000233222,lncRNA,168388,20,0,0,0.0,-0.0,0,0.0,0,0
SCZ_LOC_1_153920564_rs10559,1,rs10559,153920564,4.024e-08,-0.0440981887217984,52,-2.038410442441953,ENSG00000300617,ENSG00000300617,lncRNA,162566,19,0,0,0.0,-0.0,0,0.0,0,0
SCZ_LOC_1_153920564_rs10559,1,rs10559,153920564,4.024e-08,-0.0440981887217984,55,-2.071027943109276,ENSG00000163263,CFAP141,protein_coding,285769,30,0,0,0.0,-0.0,0,0.0,0,0
SCZ_LOC_1_153920564_rs10559,1,rs10559,153920564,4.024e-08,-0.0440981887217984,55,-2.071027943109276,ENSG00000300122,ENSG00000300122,lncRNA,260554,26,0,0,0.0,-0.0,0,0.0,0,0
SCZ_LOC_1_153920564_rs10559,1,rs10559,153920564,4.024e-08,-0.0440981887217984,55,-2.071027943109276,ENSG00000301541,ENSG00000301541,lncRNA,261669,27,0,0,0.0,-0.0,0,0.0,0,0
SCZ_LOC_1_173580303_rs61828917,1,rs61828917,173580303,5.198e-10,0.0674997573466154,1,0.999655490236376,ENSG00000162753,SLC9C2,protein_coding,22769,1,1,1,1.316274642944336,22.34029268593751,0,0.0,0,0
SCZ_LOC_1_173580303_rs61828917,1,rs61828917,173580303,5.198e-10,0.0674997573466154,2,0.5429001689752532,ENSG00000238272,ENSG00000238272,lncRNA,25052,2,0,0,0.0,-0.0,0,0.0,0,0
SCZ_LOC_1_173580303_rs61828917,1,rs61828917,173580303,5.198e-10,0.0674997573466154,3,-0.0851216668545115,ENSG00000117586,TNFSF4,protein_coding,102720,10,0,1,1.30134117603302,6.626340282586249,1,0.999995757463742,6,1
SCZ_LOC_1_173580303_rs61828917,1,rs61828917,173580303,5.198e-10,0.0674997573466154,4,-0.6122893060806934,ENSG00000203739,PRDX6-AS1,lncRNA,90896,9,0,1,1.4328581094741821,5.366431574732351,0,0.0,0,0
SCZ_LOC_1_173580303_rs61828917,1,rs61828917,173580303,5.198e-10,0.0674997573466154,5,-0.6228451399411943,ENSG00000234741,GAS5,lncRNA,288637,19,0,1,1.4716588258743286,8.154973971221523,1,0.9999708985774798,3,1
SCZ_LOC_1_173580303_rs61828917,1,rs61828917,173580303,5.198e-10,0.0674997573466154,6,-0.7706941001213277,ENSG00000117601,SERPINC1,protein_coding,337024,21,0,1,1.061719298362732,15.597103481239206,0,0.0,0,0
SCZ_LOC_1_173580303_rs61828917,1,rs61828917,173580303,5.198e-10,0.0674997573466154,7,-0.851804108758343,ENSG00000185278,ZBTB37,protein_coding,287779,18,0,0,0.0,-0.0,1,0.9999970924344264,3,0
SCZ_LOC_1_173580303_rs61828917,1,rs61828917,173580303,5.198e-10,0.0674997573466154,8,-0.9044913067330373,ENSG00000285777,ENSG00000285777,protein_coding,89534,7,0,0,0.0,-0.0,0,0.0,0,0
SCZ_LOC_1_173580303_rs61828917,1,rs61828917,173580303,5.198e-10,0.0674997573466154,9,-0.9143356339514366,ENSG00000076321,KLHL20,protein_coding,134638,12,0,0,0.0,-0.0,1,0.9999936146774984,3,0
SCZ_LOC_1_173580303_rs61828917,1,rs61828917,173580303,5.198e-10,0.0674997573466154,10,-1.03214788806969,ENSG00000183831,ANKRD45,protein_coding,89548,8,0,1,0.9369436502456665,21.501895192127783,1,0.9999949502845984,4,1
SCZ_LOC_1_173580303_rs61828917,1,rs61828917,173580303,5.198e-10,0.0674997573466154,11,-1.1065982282250542,ENSG00000120334,CENPL,protein_coding,244580,16,0,0,0.0,-0.0,1,0.9999701359604424,2,0
SCZ_LOC_1_173580303_rs61828917,1,rs61828917,173580303,5.198e-10,0.0674997573466154,12,-1.3473405472832432,ENSG00000117593,DARS2,protein_coding,244350,15,0,1,1.3371350765228271,16.415380927717397,1,0.9999055762520116,2,1
SCZ_LOC_1_173580303_rs61828917,1,rs61828917,173580303,5.198e-10,0.0674997573466154,13,-1.5647075725880255,ENSG00000232113,TEX50,protein_coding,55035,3,0,0,0.0,-0.0,0,0.0,0,0
SCZ_LOC_1_173580303_rs61828917,1,rs61828917,173580303,5.198e-10,0.0674997573466154,14,-1.6188311481007516,ENSG00000301478,ENSG00000301478,lncRNA,84870,5,0,0,0.0,-0.0,0,0.0,0,0
SCZ_LOC_1_173580303_rs61828917,1,rs61828917,173580303,5.198e-10,0.0674997573466154,15,-1.6249680732651162,ENSG00000301437,ENSG00000301437,lncRNA,506355,27,0,0,0.0,-0.0,0,0.0,0,0
SCZ_LOC_1_173580303_rs61828917,1,rs61828917,173580303,5.198e-10,0.0674997573466154,16,-1.6600680329663602,ENSG00000289426,ENSG00000289426,lncRNA,57390,4,0,0,0.0,-0.0,0,0.0,0,0
SCZ_LOC_1_173580303_rs61828917,1,rs61828917,173580303,5.198e-10,0.0674997573466154,17,-1.6826299639302331,ENSG00000301502,ENSG00000301502,lncRNA,84979,6,0,0,0.0,-0.0,0,0.0,0,0
SCZ_LOC_1_173580303_rs61828917,1,rs61828917,173580303,5.198e-10,0.0674997573466154,18,-1.7902791822255688,ENSG00000117592,PRDX6,protein_coding,102973,11,0,0,0.0,-0.0,1,0.9999160693644004,2,0
SCZ_LOC_1_173580303_rs61828917,1,rs61828917,173580303,5.198e-10,0.0674997573466154,19,-1.95599624482107,ENSG00000296616,ENSG00000296616,lncRNA,134910,13,0,0,0.0,-0.0,0,0.0,0,0
SCZ_LOC_1_173580303_rs61828917,1,rs61828917,173580303,5.198e-10,0.0674997573466154,20,-2.038410442441953,ENSG00000301462,ENSG00000301462,lncRNA,164605,14,0,0,0.0,-0.0,0,0.0,0,0
SCZ_LOC_1_173580303_rs61828917,1,rs61828917,173580303,5.198e-10,0.0674997573466154,21,-2.070482061692189,ENSG00000135870,RC3H1,protein_coding,442054,26,0,0,0.0,-0.0,0,0.0,0,0
SCZ_LOC_1_173580303_rs61828917,1,rs61828917,173580303,5.198e-10,0.0674997573466154,21,-2.070482061692189,ENSG00000305649,ENSG00000305649,lncRNA,336520,20,0,0,0.0,-0.0,0,0.0,0,0
SCZ_LOC_1_173580303_rs61828917,1,rs61828917,173580303,5.198e-10,0.0674997573466154,23,-2.071027943109276,ENSG00000270084,GAS5-AS1,lncRNA,282170,17,0,0,0.0,-0.0,0,0.0,0,0
SCZ_LOC_1_173580303_rs61828917,1,rs61828917,173580303,5.198e-10,0.0674997573466154,24,-2.089244400323456,ENSG00000236535,RC3H1-IT1,lncRNA,435903,23,0,0,0.0,-0.0,0,0.0,0,0
SCZ_LOC_1_173580303_rs61828917,1,rs61828917,173580303,5.198e-10,0.0674997573466154,24,-2.089244400323456,ENSG00000293562,ENSG00000293562,protein_coding,441995,25,0,0,0.0,-0.0,0,0.0,0,0
SCZ_LOC_1_173580303_rs61828917,1,rs61828917,173580303,5.198e-10,0.0674997573466154,24,-2.089244400323456,ENSG00000226375,ENSG00000226375,lncRNA,404800,22,0,0,0.0,-0.0,0,0.0,0,0
SCZ_LOC_1_173580303_rs61828917,1,rs61828917,173580303,5.198e-10,0.0674997573466154,24,-2.089244400323456,ENSG00000224977,RC3H1-DT,lncRNA,441378,24,0,0,0.0,-0.0,0,0.0,0,0
SCZ_LOC_1_200963825_rs12126806,1,rs12126806,200963825,6.912e-09,0.0497991787524836,1,1.537515854675421,ENSG00000116852,KIF21B,protein_coding,59889,2,0,1,0.2734358012676239,13.55373870563809,1,0.9999896071351396,28,1
SCZ_LOC_1_200963825_rs12126806,1,rs12126806,200963825,6.912e-09,0.0497991787524836,2,0.807119113168752,ENSG00000163362,INAVA,protein_coding,72777,4,0,1,0.24274373054504395,5.745826861411907,1,0.999994382779941,28,1
SCZ_LOC_1_200963825_rs12126806,1,rs12126806,200963825,6.912e-09,0.0497991787524836,3,0.785413948505797,ENSG00000170128,GPR25,protein_coding,90844,6,0,0,0.0,-0.0,1,0.9999874859485448,28,0
SCZ_LOC_1_200963825_rs12126806,1,rs12126806,200963825,6.912e-09,0.0497991787524836,4,0.6826362083824031,ENSG00000232237,ASCL5,protein_coding,163359,9,0,0,0.0,-0.0,1,0.9999999971866282,26,0
SCZ_LOC_1_200963825_rs12126806,1,rs12126806,200963825,6.912e-09,0.0497991787524836,5,0.4746327372343732,ENSG00000118194,TNNT2,protein_coding,413939,19,0,1,2.560518264770508,7.783246609835494,1,0.9999999953788612,32,1
SCZ_LOC_1_200963825_rs12126806,1,rs12126806,200963825,6.912e-09,0.0497991787524836,6,0.4162281169201346,ENSG00000293444,ENSG00000293444,lncRNA,47852,1,1,0,0.0,-0.0,0,0.0,0,0
SCZ_LOC_1_200963825_rs12126806,1,rs12126806,200963825,6.912e-09,0.0497991787524836,7,0.05371164850658586,ENSG00000159166,LAD1,protein_coding,436090,22,0,0,0.0,-0.0,1,0.9999989912447452,26,0
SCZ_LOC_1_200963825_rs12126806,1,rs12126806,200963825,6.912e-09,0.0497991787524836,8,-0.3978106894292517,ENSG00000081277,PKP1,protein_coding,319627,16,0,1,0.6897769570350647,8.794427752604443,1,0.999998425309156,23,1
SCZ_LOC_1_200963825_rs12126806,1,rs12126806,200963825,6.912e-09,0.0497991787524836,9,-0.5759654306891083,ENSG00000116857,TMEM9,protein_coding,207749,10,0,1,0.6123666763305664,10.423913562864712,1,0.9999983626876204,3,1
SCZ_LOC_1_200963825_rs12126806,1,rs12126806,200963825,6.912e-09,0.0497991787524836,10,-0.8409853543526993,ENSG00000118197,DDX59,protein_coding,293918,14,0,1,1.0033107995986938,21.48005506512335,1,0.999969817234056,2,1
SCZ_LOC_1_200963825_rs12126806,1,rs12126806,200963825,6.912e-09,0.0497991787524836,11,-0.8998512512446328,ENSG00000118200,CAMSAP2,protein_coding,224932,11,0,0,0.0,-0.0,1,0.999993721376326,4,0
SCZ_LOC_1_200963825_rs12126806,1,rs12126806,200963825,6.912e-09,0.0497991787524836,12,-1.2342997642833213,ENSG00000118193,KIF14,protein_coding,343074,17,0,0,0.0,-0.0,1,0.9999957147734309,4,0
SCZ_LOC_1_200963825_rs12126806,1,rs12126806,200963825,6.912e-09,0.0497991787524836,13,-1.366462872522563,ENSG00000260088,DDX59-AS1,lncRNA,294336,15,0,1,1.0832244157791138,52.8652979792785,0,0.0,0,0
SCZ_LOC_1_200963825_rs12126806,1,rs12126806,200963825,6.912e-09,0.0497991787524836,14,-1.5647075725880255,ENSG00000234132,ENSG00000234132,lncRNA,60044,3,0,0,0.0,-0.0,0,0.0,0,0
SCZ_LOC_1_200963825_rs12126806,1,rs12126806,200963825,6.912e-09,0.0497991787524836,15,-1.6188311481007516,ENSG00000304314,ENSG00000304314,lncRNA,75330,5,0,0,0.0,-0.0,0,0.0,0,0
SCZ_LOC_1_200963825_rs12126806,1,rs12126806,200963825,6.912e-09,0.0497991787524836,16,-1.6855652969480974,ENSG00000309774,ENSG00000309774,lncRNA,131896,7,0,0,0.0,-0.0,0,0.0,0,0
SCZ_LOC_1_200963825_rs12126806,1,rs12126806,200963825,6.912e-09,0.0497991787524836,17,-1.68730056795403,ENSG00000230623,ENSG00000230623,lncRNA,630632,26,0,0,0.0,-0.0,0,0.0,0,0
SCZ_LOC_1_200963825_rs12126806,1,rs12126806,200963825,6.912e-09,0.0497991787524836,18,-1.7680330201753354,ENSG00000081248,CACNA1S,protein_coding,148626,8,0,0,0.0,-0.0,0,0.0,0,0
SCZ_LOC_1_200963825_rs12126806,1,rs12126806,200963825,6.912e-09,0.0497991787524836,19,-1.7767356477758083,ENSG00000159173,TNNI1,protein_coding,466041,23,0,1,2.1416053771972656,4.461940921955358,0,0.0,0,0
SCZ_LOC_1_200963825_rs12126806,1,rs12126806,200963825,6.912e-09,0.0497991787524836,20,-2.0414537671599073,ENSG00000163395,IGFN1,protein_coding,226999,12,0,0,0.0,-0.0,0,0.0,0,0
SCZ_LOC_1_200963825_rs12126806,1,rs12126806,200963825,6.912e-09,0.0497991787524836,21,-2.071027943109276,ENSG00000229821,ENSG00000229821,lncRNA,259298,13,0,0,0.0,-0.0,0,0.0,0,0
SCZ_LOC_1_200963825_rs12126806,1,rs12126806,200963825,6.912e-09,0.0497991787524836,22,-2.089244400323456,ENSG00000286600,ENSG00000286600,lncRNA,421959,20,0,0,0.0,-0.0,0,0.0,0,0
SCZ_LOC_1_200963825_rs12126806,1,rs12126806,200963825,6.912e-09,0.0497991787524836,22,-2.089244400323456,ENSG00000282221,ENSG00000282221,lncRNA,435808,21,0,0,0.0,-0.0,0,0.0,0,0
SCZ_LOC_1_200963825_rs12126806,1,rs12126806,200963825,6.912e-09,0.0497991787524836,22,-2.089244400323456,ENSG00000306072,ENSG00000306072,lncRNA,392553,18,0,0,0.0,-0.0,0,0.0,0,0
SCZ_LOC_1_200963825_rs12126806,1,rs12126806,200963825,6.912e-09,0.0497991787524836,22,-2.089244400323456,ENSG00000282849,ENSG00000282849,lncRNA,480221,24,0,0,0.0,-0.0,0,0.0,0,0
SCZ_LOC_1_200963825_rs12126806,1,rs12126806,200963825,6.912e-09,0.0497991787524836,22,-2.089244400323456,ENSG00000306690,ENSG00000306690,lncRNA,484473,25,0,0,0.0,-0.0,0,0.0,0,0
SCZ_LOC_1_29032580_rs61786047,1,rs61786047,29032580,3.753e-09,0.0782010127941653,1,2.108922361040048,ENSG00000159023,EPB41,protein_coding,145489,5,0,1,0.1912640929222107,4.727170067189645,1,0.9999975938578975,13,1
SCZ_LOC_1_29032580_rs61786047,1,rs61786047,29032580,3.753e-09,0.0782010127941653,2,0.5914028656604664,ENSG00000060656,PTPRU,protein_coding,203936,10,0,1,0.3060395121574402,6.656401235294999,1,0.9999980686448406,14,1
SCZ_LOC_1_29032580_rs61786047,1,rs61786047,29032580,3.753e-09,0.0782010127941653,3,0.5619715479257923,ENSG00000116329,OPRD1,protein_coding,220410,11,0,0,0.0,-0.0,1,0.9999944340154714,15,0
SCZ_LOC_1_29032580_rs61786047,1,rs61786047,29032580,3.753e-09,0.0782010127941653,4,0.5386280184491313,ENSG00000253304,TMEM200B,protein_coding,91323,2,0,1,0.3381430506706238,5.6117098935034395,1,0.9999999963493996,16,1
SCZ_LOC_1_29032580_rs61786047,1,rs61786047,29032580,3.753e-09,0.0782010127941653,5,-0.4218889732910049,ENSG00000162419,GMEB1,protein_coding,363802,16,0,0,0.0,-0.0,1,0.9999993585602018,7,0
SCZ_LOC_1_29032580_rs61786047,1,rs61786047,29032580,3.753e-09,0.0782010127941653,6,-0.5108369033048924,ENSG00000180198,RCC1,protein_coding,526637,25,0,1,1.257533073425293,7.160049739414644,1,0.9999945339978624,4,1
SCZ_LOC_1_29032580_rs61786047,1,rs61786047,29032580,3.753e-09,0.0782010127941653,7,-0.5964270494474281,ENSG00000116353,MECR,protein_coding,198362,9,0,1,0.432791143655777,11.424210516159665,1,0.9999985979483144,4,1
SCZ_LOC_1_29032580_rs61786047,1,rs61786047,29032580,3.753e-09,0.0782010127941653,8,-0.5976407006928757,ENSG00000198492,YTHDF2,protein_coding,295959,14,0,0,0.0,-0.0,1,0.999965955202404,3,0
SCZ_LOC_1_29032580_rs61786047,1,rs61786047,29032580,3.753e-09,0.0782010127941653,9,-0.7721099151660054,ENSG00000116350,SRSF4,protein_coding,149320,6,0,0,0.0,-0.0,1,0.999996747694315,4,0
SCZ_LOC_1_29032580_rs61786047,1,rs61786047,29032580,3.753e-09,0.0782010127941653,10,-0.7919258932496678,ENSG00000180098,TRNAU1AP,protein_coding,479495,24,0,0,0.0,-0.0,1,0.9999882007743482,5,0
SCZ_LOC_1_29032580_rs61786047,1,rs61786047,29032580,3.753e-09,0.0782010127941653,11,-1.0383676834133764,ENSG00000229388,TAF12-DT,lncRNA,389421,19,0,1,1.2414402961730957,5.237478395176985,0,0.0,0,0
SCZ_LOC_1_29032580_rs61786047,1,rs61786047,29032580,3.753e-09,0.0782010127941653,12,-1.2795659453041777,ENSG00000120656,TAF12,protein_coding,384289,18,0,0,0.0,-0.0,1,0.99999588249973,4,0
SCZ_LOC_1_29032580_rs61786047,1,rs61786047,29032580,3.753e-09,0.0782010127941653,13,-1.307759262764787,ENSG00000289291,ENSG00000289291,lncRNA,294910,13,0,1,0.5585544109344482,10.514418163171753,0,0.0,0,0
SCZ_LOC_1_29032580_rs61786047,1,rs61786047,29032580,3.753e-09,0.0782010127941653,14,-1.4091591949665938,ENSG00000188060,RAB42,protein_coding,440380,22,0,1,0.8621180653572083,4.331312902057456,1,0.9999999963967858,6,1
SCZ_LOC_1_29032580_rs61786047,1,rs61786047,29032580,3.753e-09,0.0782010127941653,15,-1.4435428714336145,ENSG00000300997,ENSG00000300997,lncRNA,89864,1,1,0,0.0,-0.0,0,0.0,0,0
SCZ_LOC_1_29032580_rs61786047,1,rs61786047,29032580,3.753e-09,0.0782010127941653,16,-1.523470687722417,ENSG00000305828,ENSG00000305828,lncRNA,101234,3,0,0,0.0,-0.0,0,0.0,0,0
SCZ_LOC_1_29032580_rs61786047,1,rs61786047,29032580,3.753e-09,0.0782010127941653,17,-1.5946827025105639,ENSG00000225750,ENSG00000225750,lncRNA,114414,4,0,0,0.0,-0.0,0,0.0,0,0
SCZ_LOC_1_29032580_rs61786047,1,rs61786047,29032580,3.753e-09,0.0782010127941653,18,-1.740895715960929,ENSG00000233427,ENSG00000233427,lncRNA,155244,7,0,0,0.0,-0.0,0,0.0,0,0
SCZ_LOC_1_29032580_rs61786047,1,rs61786047,29032580,3.753e-09,0.0782010127941653,19,-1.8026431542866743,ENSG00000237934,ENSG00000237934,lncRNA,191353,8,0,0,0.0,-0.0,0,0.0,0,0
SCZ_LOC_1_29032580_rs61786047,1,rs61786047,29032580,3.753e-09,0.0782010127941653,20,-1.9070167681415766,ENSG00000305996,ENSG00000305996,lncRNA,236223,12,0,0,0.0,-0.0,0,0.0,0,0
SCZ_LOC_1_29032580_rs61786047,1,rs61786047,29032580,3.753e-09,0.0782010127941653,21,-2.0598069904417207,ENSG00000230523,LINC01756,lncRNA,317534,15,0,0,0.0,-0.0,0,0.0,0,0
SCZ_LOC_1_29032580_rs61786047,1,rs61786047,29032580,3.753e-09,0.0782010127941653,22,-2.089244400323456,ENSG00000270103,ENSG00000270103,lncRNA,383980,17,0,0,0.0,-0.0,0,0.0,0,0
SCZ_LOC_1_29032580_rs61786047,1,rs61786047,29032580,3.753e-09,0.0782010127941653,22,-2.089244400323456,ENSG00000300547,ENSG00000300547,lncRNA,410349,20,0,0,0.0,-0.0,0,0.0,0,0
SCZ_LOC_1_29032580_rs61786047,1,rs61786047,29032580,3.753e-09,0.0782010127941653,22,-2.089244400323456,ENSG00000300593,ENSG00000300593,lncRNA,416883,21,0,0,0.0,-0.0,0,0.0,0,0
SCZ_LOC_1_29032580_rs61786047,1,rs61786047,29032580,3.753e-09,0.0782010127941653,22,-2.089244400323456,ENSG00000197989,SNHG12,lncRNA,449448,23,0,0,0.0,-0.0,0,0.0,0,0
SCZ_LOC_1_36373823_rs645383,1,rs645383,36373823,4.61e-10,0.0720043324830851,1,2.287961603395218,ENSG00000196182,STK40,protein_coding,12101,1,1,0,0.0,-0.0,1,0.999990438751503,13,0
SCZ_LOC_1_36373823_rs645383,1,rs645383,36373823,4.61e-10,0.0720043324830851,2,0.3828751667549778,ENSG00000214193,SH3D21,protein_coding,67455,8,0,0,0.0,-0.0,1,0.9999933754015916,9,0
SCZ_LOC_1_36373823_rs645383,1,rs645383,36373823,4.61e-10,0.0720043324830851,3,0.2663498455193766,ENSG00000142694,EVA1B,protein_coding,49669,7,0,0,0.0,-0.0,1,0.999999996149902,22,0
SCZ_LOC_1_36373823_rs645383,1,rs645383,36373823,4.61e-10,0.0720043324830851,4,0.14528604869512637,ENSG00000163873,GRIK3,protein_coding,660692,32,0,0,0.0,-0.0,1,0.9999922238487856,54,0
SCZ_LOC_1_36373823_rs645383,1,rs645383,36373823,4.61e-10,0.0720043324830851,5,-0.1456502655773523,ENSG00000092850,TEKT2,protein_coding,289729,20,0,0,0.0,-0.0,1,0.9999997597243666,5,0
SCZ_LOC_1_36373823_rs645383,1,rs645383,36373823,4.61e-10,0.0720043324830851,6,-0.28983691785882937,ENSG00000181817,LSM10,protein_coding,24085,4,0,1,0.851076066493988,19.124669318437938,1,0.9999963013938872,5,1
SCZ_LOC_1_36373823_rs645383,1,rs645383,36373823,4.61e-10,0.0720043324830851,7,-0.294517883451127,ENSG00000300693,ENSG00000300693,lncRNA,12137,2,0,0,0.0,-0.0,0,0.0,0,0
SCZ_LOC_1_36373823_rs645383,1,rs645383,36373823,4.61e-10,0.0720043324830851,8,-0.3338022245643948,ENSG00000300712,ENSG00000300712,lncRNA,12780,3,0,0,0.0,-0.0,0,0.0,0,0
SCZ_LOC_1_36373823_rs645383,1,rs645383,36373823,4.61e-10,0.0720043324830851,9,-0.3340197417625964,ENSG00000171812,COL8A2,protein_coding,248601,17,0,1,0.9186207056045532,7.086216240457206,1,0.9999956173147092,19,1
SCZ_LOC_1_36373823_rs645383,1,rs645383,36373823,4.61e-10,0.0720043324830851,10,-0.45159360335244064,ENSG00000116871,MAP7D1,protein_coding,218244,16,0,0,0.0,-0.0,1,0.9999959662305676,13,0
SCZ_LOC_1_36373823_rs645383,1,rs645383,36373823,4.61e-10,0.0720043324830851,11,-0.4570444639344164,ENSG00000116885,OSCP1,protein_coding,76628,9,0,1,0.3525792062282562,15.061549896225598,1,0.999993971591812,3,1
SCZ_LOC_1_36373823_rs645383,1,rs645383,36373823,4.61e-10,0.0720043324830851,12,-0.5976407006928757,ENSG00000054116,TRAPPC3,protein_coding,217770,15,0,0,0.0,-0.0,1,0.9999619258199188,4,0
SCZ_LOC_1_36373823_rs645383,1,rs645383,36373823,4.61e-10,0.0720043324830851,13,-0.6132889165028327,ENSG00000116863,ADPRS,protein_coding,284931,19,0,0,0.0,-0.0,1,0.9999996258387176,4,0
SCZ_LOC_1_36373823_rs645383,1,rs645383,36373823,4.61e-10,0.0720043324830851,14,-0.723375621423585,ENSG00000297367,ENSG00000297367,lncRNA,27440,5,0,0,0.0,-0.0,0,0.0,0,0
SCZ_LOC_1_36373823_rs645383,1,rs645383,36373823,4.61e-10,0.0720043324830851,15,-0.7248284762039031,ENSG00000116898,MRPS15,protein_coding,90561,10,0,1,0.8972203135490417,5.5681458554842145,1,0.999998817645208,2,1
SCZ_LOC_1_36373823_rs645383,1,rs645383,36373823,4.61e-10,0.0720043324830851,16,-0.7938150230648531,ENSG00000126070,AGO3,protein_coding,443105,28,0,0,0.0,-0.0,1,0.9999968598104504,4,0
SCZ_LOC_1_36373823_rs645383,1,rs645383,36373823,4.61e-10,0.0720043324830851,17,-0.9870828460914531,ENSG00000054118,THRAP3,protein_coding,149391,12,0,1,0.5436181426048279,4.418613694697318,1,0.999952888565916,3,1
SCZ_LOC_1_36373823_rs645383,1,rs645383,36373823,4.61e-10,0.0720043324830851,18,-0.9986202270170512,ENSG00000092847,AGO1,protein_coding,504015,31,0,0,0.0,-0.0,1,0.9999898227788836,4,0
SCZ_LOC_1_36373823_rs645383,1,rs645383,36373823,4.61e-10,0.0720043324830851,19,-1.3303819394886247,ENSG00000286379,ENSG00000286379,lncRNA,44193,6,0,0,0.0,-0.0,0,0.0,0,0
SCZ_LOC_1_36373823_rs645383,1,rs645383,36373823,4.61e-10,0.0720043324830851,20,-1.6817282639287754,ENSG00000284705,ENSG00000284705,lncRNA,330105,23,0,1,0.7226719856262207,6.760252926470105,0,0.0,0,0
SCZ_LOC_1_36373823_rs645383,1,rs645383,36373823,4.61e-10,0.0720043324830851,21,-1.9152529444658073,ENSG00000119535,CSF3R,protein_coding,109455,11,0,0,0.0,-0.0,0,0.0,0,0
SCZ_LOC_1_36373823_rs645383,1,rs645383,36373823,4.61e-10,0.0720043324830851,22,-2.038410442441953,ENSG00000297386,ENSG00000297386,lncRNA,198814,14,0,0,0.0,-0.0,0,0.0,0,0
SCZ_LOC_1_36373823_rs645383,1,rs645383,36373823,4.61e-10,0.0720043324830851,22,-2.038410442441953,ENSG00000301551,ENSG00000301551,lncRNA,169330,13,0,0,0.0,-0.0,0,0.0,0,0
SCZ_LOC_1_36373823_rs645383,1,rs645383,36373823,4.61e-10,0.0720043324830851,24,-2.070482061692189,ENSG00000234481,ENSG00000234481,lncRNA,354495,25,0,0,0.0,-0.0,0,0.0,0,0
SCZ_LOC_1_36373823_rs645383,1,rs645383,36373823,4.61e-10,0.0720043324830851,24,-2.070482061692189,ENSG00000295088,ENSG00000295088,lncRNA,330488,24,0,0,0.0,-0.0,0,0.0,0,0
SCZ_LOC_1_36373823_rs645383,1,rs645383,36373823,4.61e-10,0.0720043324830851,24,-2.070482061692189,ENSG00000271554,ENSG00000271554,lncRNA,360193,26,0,0,0.0,-0.0,0,0.0,0,0
SCZ_LOC_1_36373823_rs645383,1,rs645383,36373823,4.61e-10,0.0720043324830851,24,-2.070482061692189,ENSG00000304879,ENSG00000304879,lncRNA,321136,22,0,0,0.0,-0.0,0,0.0,0,0
SCZ_LOC_1_36373823_rs645383,1,rs645383,36373823,4.61e-10,0.0720043324830851,28,-2.071027943109276,ENSG00000294271,ENSG00000294271,lncRNA,251990,18,0,0,0.0,-0.0,0,0.0,0,0
SCZ_LOC_1_36373823_rs645383,1,rs645383,36373823,4.61e-10,0.0720043324830851,28,-2.071027943109276,ENSG00000293245,ENSG00000293245,lncRNA,289781,21,0,0,0.0,-0.0,0,0.0,0,0
SCZ_LOC_1_36373823_rs645383,1,rs645383,36373823,4.61e-10,0.0720043324830851,30,-2.089244400323456,ENSG00000286899,ENSG00000286899,lncRNA,462951,30,0,0,0.0,-0.0,0,0.0,0,0
SCZ_LOC_1_36373823_rs645383,1,rs645383,36373823,4.61e-10,0.0720043324830851,30,-2.089244400323456,ENSG00000271914,ENSG00000271914,lncRNA,443708,29,0,0,0.0,-0.0,0,0.0,0,0
SCZ_LOC_1_36373823_rs645383,1,rs645383,36373823,4.61e-10,0.0720043324830851,30,-2.089244400323456,ENSG00000284720,ENSG00000284720,lncRNA,396437,27,0,0,0.0,-0.0,0,0.0,0,0
SCZ_LOC_1_44097530_rs2970610,1,rs2970610,44097530,2.507e-16,0.0639039448366128,1,1.1345425565818585,ENSG00000196517,SLC6A9,protein_coding,66063,6,0,0,0.0,-0.0,1,0.9999999971588048,25,0
SCZ_LOC_1_44097530_rs2970610,1,rs2970610,44097530,2.507e-16,0.0639039448366128,2,0.5208507033340896,ENSG00000187147,RNF220,protein_coding,307664,21,0,0,0.0,-0.0,1,0.9999985703494152,20,0
SCZ_LOC_1_44097530_rs2970610,1,rs2970610,44097530,2.507e-16,0.0639039448366128,3,0.025457185310092244,ENSG00000117411,B4GALT2,protein_coding,118587,10,0,1,0.12959173321723938,5.664677328140529,1,0.9999999975197966,10,1
SCZ_LOC_1_44097530_rs2970610,1,rs2970610,44097530,2.507e-16,0.0639039448366128,4,-0.1695898277475253,ENSG00000117408,IPO13,protein_coding,150580,16,0,0,0.0,-0.0,1,0.9999948599529846,6,0
SCZ_LOC_1_44097530_rs2970610,1,rs2970610,44097530,2.507e-16,0.0639039448366128,5,-0.305723593084453,ENSG00000230615,ENSG00000230615,lncRNA,67116,7,0,0,0.0,-0.0,0,0.0,0,0
SCZ_LOC_1_44097530_rs2970610,1,rs2970610,44097530,2.507e-16,0.0639039448366128,6,-0.4254551997426889,ENSG00000178028,DMAP1,protein_coding,115925,9,0,1,0.9777860641479492,6.392649842494694,1,0.999984956319224,5,1
SCZ_LOC_1_44097530_rs2970610,1,rs2970610,44097530,2.507e-16,0.0639039448366128,7,-0.46679894011238776,ENSG00000117419,ERI3,protein_coding,257730,20,0,0,0.0,-0.0,1,0.9999925535791137,6,0
SCZ_LOC_1_44097530_rs2970610,1,rs2970610,44097530,2.507e-16,0.0639039448366128,8,-0.5238445961327527,ENSG00000142949,PTPRF,protein_coding,572343,28,0,0,0.0,-0.0,1,0.9999944475169302,23,0
SCZ_LOC_1_44097530_rs2970610,1,rs2970610,44097530,2.507e-16,0.0639039448366128,9,-0.5341241295822811,ENSG00000171872,KLF17,protein_coding,21291,2,0,0,0.0,-0.0,0,0.0,0,0
SCZ_LOC_1_44097530_rs2970610,1,rs2970610,44097530,2.507e-16,0.0639039448366128,9,-0.5341241295822811,ENSG00000306803,ENSG00000306803,lncRNA,21245,1,1,0,0.0,-0.0,0,0.0,0,0
SCZ_LOC_1_44097530_rs2970610,1,rs2970610,44097530,2.507e-16,0.0639039448366128,11,-0.5924931687939314,ENSG00000159214,CCDC24,protein_coding,106171,8,0,0,0.0,-0.0,1,0.9999998786494608,15,0
SCZ_LOC_1_44097530_rs2970610,1,rs2970610,44097530,2.507e-16,0.0639039448366128,12,-0.7463658445189796,ENSG00000117407,ARTN,protein_coding,164210,18,0,1,0.9276245832443237,12.392065971465756,1,0.9999999980520412,21,1
SCZ_LOC_1_44097530_rs2970610,1,rs2970610,44097530,2.507e-16,0.0639039448366128,13,-1.0406870423778687,ENSG00000117410,ATP6V0B,protein_coding,123043,12,0,1,1.3959687948226929,12.658546267926086,1,0.9999940281637884,4,1
SCZ_LOC_1_44097530_rs2970610,1,rs2970610,44097530,2.507e-16,0.0639039448366128,14,-1.1031867443826124,ENSG00000126091,ST3GAL3,protein_coding,391706,24,0,1,0.13378092646598816,4.584299420621067,1,0.999996386165141,4,1
SCZ_LOC_1_44097530_rs2970610,1,rs2970610,44097530,2.507e-16,0.0639039448366128,15,-1.1572594481066418,ENSG00000283039,KLF18,protein_coding,44101,3,0,0,0.0,-0.0,0,0.0,0,0
SCZ_LOC_1_44097530_rs2970610,1,rs2970610,44097530,2.507e-16,0.0639039448366128,16,-1.176081326266883,ENSG00000132768,DPH2,protein_coding,127530,14,0,0,0.0,-0.0,1,0.9999857263019696,3,0
SCZ_LOC_1_44097530_rs2970610,1,rs2970610,44097530,2.507e-16,0.0639039448366128,17,-1.5217093088030451,ENSG00000237950,LINC02918,lncRNA,150871,17,0,1,0.7576178312301636,19.091511966024385,0,0.0,0,0
SCZ_LOC_1_44097530_rs2970610,1,rs2970610,44097530,2.507e-16,0.0639039448366128,18,-1.6445393958501957,ENSG00000066135,KDM4A,protein_coding,447381,25,0,0,0.0,-0.0,1,0.999917572101,2,0
SCZ_LOC_1_44097530_rs2970610,1,rs2970610,44097530,2.507e-16,0.0639039448366128,19,-1.6600680329663602,ENSG00000308838,ENSG00000308838,lncRNA,53710,4,0,0,0.0,-0.0,0,0.0,0,0
SCZ_LOC_1_44097530_rs2970610,1,rs2970610,44097530,2.507e-16,0.0639039448366128,19,-1.6600680329663602,ENSG00000308853,ENSG00000308853,lncRNA,61593,5,0,0,0.0,-0.0,0,0.0,0,0
SCZ_LOC_1_44097530_rs2970610,1,rs2970610,44097530,2.507e-16,0.0639039448366128,21,-1.9152529444658073,ENSG00000285649,ENSG00000285649,lncRNA,122698,11,0,0,0.0,-0.0,0,0.0,0,0
SCZ_LOC_1_44097530_rs2970610,1,rs2970610,44097530,2.507e-16,0.0639039448366128,22,-1.9365391158292835,ENSG00000284989,ENSG00000284989,protein_coding,447381,25,0,0,0.0,-0.0,0,0.0,0,0
SCZ_LOC_1_44097530_rs2970610,1,rs2970610,44097530,2.507e-16,0.0639039448366128,23,-1.9906063789324089,ENSG00000306755,ENSG00000306755,lncRNA,194842,19,0,0,0.0,-0.0,0,0.0,0,0
SCZ_LOC_1_44097530_rs2970610,1,rs2970610,44097530,2.507e-16,0.0639039448366128,24,-2.001663668545022,ENSG00000302536,ENSG00000302536,lncRNA,123076,13,0,0,0.0,-0.0,0,0.0,0,0
SCZ_LOC_1_44097530_rs2970610,1,rs2970610,44097530,2.507e-16,0.0639039448366128,25,-2.038410442441953,ENSG00000233602,ERI3-IT1,lncRNA,146743,15,0,0,0.0,-0.0,0,0.0,0,0
SCZ_LOC_1_44097530_rs2970610,1,rs2970610,44097530,2.507e-16,0.0639039448366128,26,-2.070482061692189,ENSG00000229444,ST3GAL3-AS1,lncRNA,370187,22,0,0,0.0,-0.0,0,0.0,0,0
SCZ_LOC_1_44097530_rs2970610,1,rs2970610,44097530,2.507e-16,0.0639039448366128,27,-2.089244400323456,ENSG00000236200,KDM4A-AS1,lncRNA,389392,23,0,0,0.0,-0.0,0,0.0,0,0
SCZ_LOC_1_44097530_rs2970610,1,rs2970610,44097530,2.507e-16,0.0639039448366128,27,-2.089244400323456,ENSG00000308471,ENSG00000308471,lncRNA,449991,27,0,0,0.0,-0.0,0,0.0,0,0
SCZ_LOC_1_8422676_rs2252865,1,rs2252865,8422676,2.756e-10,0.0528960093534967,1,1.0691075320098107,ENSG00000162426,SLC45A1,protein_coding,104562,2,0,0,0.0,-0.0,1,0.9999995734608488,20,0
SCZ_LOC_1_8422676_rs2252865,1,rs2252865,8422676,2.756e-10,0.0528960093534967,2,0.913942766239099,ENSG00000142599,RERE,protein_coding,426245,15,0,1,0.32884812355041504,14.402056388975412,1,0.9999960674786998,13,1
SCZ_LOC_1_8422676_rs2252865,1,rs2252865,8422676,2.756e-10,0.0528960093534967,3,0.17636019200023645,ENSG00000116285,ERRFI1,protein_coding,396367,13,0,0,0.0,-0.0,1,0.9999982653981576,6,0
SCZ_LOC_1_8422676_rs2252865,1,rs2252865,8422676,2.756e-10,0.0528960093534967,4,-0.048338179909965695,ENSG00000232912,RERE-AS1,lncRNA,1969,1,1,0,0.0,-0.0,0,0.0,0,0
SCZ_LOC_1_8422676_rs2252865,1,rs2252865,8422676,2.756e-10,0.0528960093534967,5,-0.23857171366294633,ENSG00000116288,PARK7,protein_coding,468385,20,0,1,0.11703240126371384,4.806156797711924,1,0.9999629406648266,3,1
SCZ_LOC_1_8422676_rs2252865,1,rs2252865,8422676,2.756e-10,0.0528960093534967,6,-0.5548619716456887,ENSG00000074800,ENO1,protein_coding,456514,18,0,1,0.5195467472076416,5.016188763252672,1,0.9999783954919192,2,1
SCZ_LOC_1_8422676_rs2252865,1,rs2252865,8422676,2.756e-10,0.0528960093534967,7,-0.7794423287551469,ENSG00000238290,ERRFI1-DT,lncRNA,396263,12,0,1,0.631648600101471,15.518411135749098,0,0.0,0,0
SCZ_LOC_1_8422676_rs2252865,1,rs2252865,8422676,2.756e-10,0.0528960093534967,8,-1.581736439753113,ENSG00000301025,ENSG00000301025,lncRNA,162432,3,0,0,0.0,-0.0,0,0.0,0,0
SCZ_LOC_1_8422676_rs2252865,1,rs2252865,8422676,2.756e-10,0.0528960093534967,9,-1.5946827025105639,ENSG00000301006,ENSG00000301006,lncRNA,165319,4,0,0,0.0,-0.0,0,0.0,0,0
SCZ_LOC_1_8422676_rs2252865,1,rs2252865,8422676,2.756e-10,0.0528960093534967,10,-1.6249680732651162,ENSG00000310107,ENSG00000310107,lncRNA,504209,22,0,0,0.0,-0.0,0,0.0,0,0
SCZ_LOC_1_8422676_rs2252865,1,rs2252865,8422676,2.756e-10,0.0528960093534967,11,-1.6470768034990524,ENSG00000284747,ENSG00000284747,lncRNA,431542,16,0,1,2.0311026573181152,7.705941981166548,0,0.0,0,0
SCZ_LOC_1_8422676_rs2252865,1,rs2252865,8422676,2.756e-10,0.0528960093534967,12,-1.6770969001314477,ENSG00000298156,ENSG00000298156,lncRNA,182675,5,0,0,0.0,-0.0,0,0.0,0,0
SCZ_LOC_1_8422676_rs2252865,1,rs2252865,8422676,2.756e-10,0.0528960093534967,13,-1.693091652451384,ENSG00000233645,ENSG00000233645,lncRNA,202147,6,0,0,0.0,-0.0,0,0.0,0,0
SCZ_LOC_1_8422676_rs2252865,1,rs2252865,8422676,2.756e-10,0.0528960093534967,14,-1.7597968438511047,ENSG00000227634,LINC01714,lncRNA,263981,8,0,0,0.0,-0.0,0,0.0,0,0
SCZ_LOC_1_8422676_rs2252865,1,rs2252865,8422676,2.756e-10,0.0528960093534967,15,-1.784682341034146,ENSG00000301344,ENSG00000301344,lncRNA,219511,7,0,0,0.0,-0.0,0,0.0,0,0
SCZ_LOC_1_8422676_rs2252865,1,rs2252865,8422676,2.756e-10,0.0528960093534967,16,-1.8825188370464556,ENSG00000303676,ENSG00000303676,lncRNA,366901,10,0,0,0.0,-0.0,0,0.0,0,0
SCZ_LOC_1_8422676_rs2252865,1,rs2252865,8422676,2.756e-10,0.0528960093534967,16,-1.8825188370464556,ENSG00000301325,ENSG00000301325,lncRNA,309272,9,0,0,0.0,-0.0,0,0.0,0,0
SCZ_LOC_1_8422676_rs2252865,1,rs2252865,8422676,2.756e-10,0.0528960093534967,18,-2.0485010999681936,ENSG00000228423,ENSG00000228423,lncRNA,384375,11,0,0,0.0,-0.0,0,0.0,0,0
SCZ_LOC_1_8422676_rs2252865,1,rs2252865,8422676,2.756e-10,0.0528960093534967,19,-2.089244400323456,ENSG00000049249,TNFRSF9,protein_coding,479511,21,0,0,0.0,-0.0,0,0.0,0,0
SCZ_LOC_1_8422676_rs2252865,1,rs2252865,8422676,2.756e-10,0.0528960093534967,19,-2.089244400323456,ENSG00000284716,ENSG00000284716,lncRNA,422742,14,0,0,0.0,-0.0,0,0.0,0,0
SCZ_LOC_1_8422676_rs2252865,1,rs2252865,8422676,2.756e-10,0.0528960093534967,19,-2.089244400323456,ENSG00000230679,ENO1-AS1,lncRNA,455788,17,0,0,0.0,-0.0,0,0.0,0,0
SCZ_LOC_1_8422676_rs2252865,1,rs2252865,8422676,2.756e-10,0.0528960093534967,19,-2.089244400323456,ENSG00000299004,ENSG00000299004,lncRNA,461150,19,0,0,0.0,-0.0,0,0.0,0,0
SCZ_LOC_1_97819667_rs11165846,1,rs11165846,97819667,6.452e-11,-0.0544033888793865,1,2.0264457674522243,ENSG00000188641,DPYD,protein_coding,175333,4,0,0,0.0,-0.0,1,0.9999938254572488,13,0
SCZ_LOC_1_97819667_rs11165846,1,rs11165846,97819667,6.452e-11,-0.0544033888793865,2,0.6752953530548806,ENSG00000225206,MIR137HG,lncRNA,235050,7,0,1,0.5731067061424255,7.65990263717539,1,0.9999985058152646,16,1
SCZ_LOC_1_97819667_rs11165846,1,rs11165846,97819667,6.452e-11,-0.0544033888793865,3,-0.5341241295822811,ENSG00000235777,DPYD-AS2,lncRNA,22746,1,1,0,0.0,-0.0,0,0.0,0,0
SCZ_LOC_1_97819667_rs11165846,1,rs11165846,97819667,6.452e-11,-0.0544033888793865,4,-1.4193944258434268,ENSG00000300799,ENSG00000300799,lncRNA,109462,2,0,0,0.0,-0.0,0,0.0,0,0
SCZ_LOC_1_97819667_rs11165846,1,rs11165846,97819667,6.452e-11,-0.0544033888793865,5,-1.4968088219418492,ENSG00000232878,DPYD-AS1,lncRNA,723744,11,0,0,0.0,-0.0,0,0.0,0,0
SCZ_LOC_1_97819667_rs11165846,1,rs11165846,97819667,6.452e-11,-0.0544033888793865,6,-1.581736439753113,ENSG00000259946,ENSG00000259946,lncRNA,149147,3,0,0,0.0,-0.0,0,0.0,0,0
SCZ_LOC_1_97819667_rs11165846,1,rs11165846,97819667,6.452e-11,-0.0544033888793865,7,-1.6502453420158143,ENSG00000297419,ENSG00000297419,lncRNA,234712,6,0,0,0.0,-0.0,0,0.0,0,0
SCZ_LOC_1_97819667_rs11165846,1,rs11165846,97819667,6.452e-11,-0.0544033888793865,8,-1.7208835252046644,ENSG00000297473,ENSG00000297473,lncRNA,224615,5,0,0,0.0,-0.0,0,0.0,0,0
SCZ_LOC_1_97819667_rs11165846,1,rs11165846,97819667,6.452e-11,-0.0544033888793865,9,-1.8830647184635427,ENSG00000297459,ENSG00000297459,lncRNA,261649,8,0,0,0.0,-0.0,0,0.0,0,0
SCZ_LOC_1_97819667_rs11165846,1,rs11165846,97819667,6.452e-11,-0.0544033888793865,10,-1.9012811756777228,ENSG00000232542,DPYD-IT1,lncRNA,399526,10,0,0,0.0,-0.0,0,0.0,0,0
SCZ_LOC_1_97819667_rs11165846,1,rs11165846,97819667,6.452e-11,-0.0544033888793865,10,-1.9012811756777228,ENSG00000226053,LINC01776,lncRNA,390768,9,0,0,0.0,-0.0,0,0.0,0,0
SCZ_LOC_20_37458009_rs1006945,20,rs1006945,37458009,3.3e-16,-0.0601003842529617,1,1.3460855384411725,ENSG00000053438,NNAT,protein_coding,63197,4,0,1,0.32071012258529663,4.299155637786661,1,0.9999970137723078,29,1
SCZ_LOC_20_37458009_rs1006945,20,rs1006945,37458009,3.3e-16,-0.0601003842529617,2,0.2528229623927147,ENSG00000166619,BLCAP,protein_coding,69922,6,0,1,0.20562905073165894,4.30432257249959,1,0.9999948187057512,3,1
SCZ_LOC_20_37458009_rs1006945,20,rs1006945,37458009,3.3e-16,-0.0601003842529617,3,-0.39542826985930934,ENSG00000101353,MROH8,protein_coding,278421,20,0,1,0.9394850134849548,11.458296108559937,1,0.999987696112742,10,1
SCZ_LOC_20_37458009_rs1006945,20,rs1006945,37458009,3.3e-16,-0.0601003842529617,4,-0.5245429471389774,ENSG00000132792,CTNNBL1,protein_coding,236021,19,0,1,0.7395297288894653,7.567796382989712,1,0.999999083116316,7,1
SCZ_LOC_20_37458009_rs1006945,20,rs1006945,37458009,3.3e-16,-0.0601003842529617,5,-0.5934675149054339,ENSG00000132821,VSTM2L,protein_coding,445102,24,0,1,0.1870894879102707,7.908421682575288,1,0.999997366025862,36,1
SCZ_LOC_20_37458009_rs1006945,20,rs1006945,37458009,3.3e-16,-0.0601003842529617,6,-0.8549459011868222,ENSG00000101363,MANBAL,protein_coding,168360,12,0,1,0.4794721305370331,16.779338823194887,1,0.9999944100974858,3,1
SCZ_LOC_20_37458009_rs1006945,20,rs1006945,37458009,3.3e-16,-0.0601003842529617,7,-0.9420993510361085,ENSG00000080839,RBL1,protein_coding,362012,22,0,0,0.0,-0.0,1,0.9999929241712524,3,0
SCZ_LOC_20_37458009_rs1006945,20,rs1006945,37458009,3.3e-16,-0.0601003842529617,8,-1.077331631817839,ENSG00000305458,ENSG00000305458,lncRNA,45618,2,0,0,0.0,-0.0,0,0.0,0,0
SCZ_LOC_20_37458009_rs1006945,20,rs1006945,37458009,3.3e-16,-0.0601003842529617,9,-1.1144797730575335,ENSG00000118705,RPN2,protein_coding,279599,21,0,0,0.0,-0.0,1,0.9999250534583572,5,0
SCZ_LOC_20_37458009_rs1006945,20,rs1006945,37458009,3.3e-16,-0.0601003842529617,10,-1.2107449610380308,ENSG00000305480,ENSG00000305480,lncRNA,45314,1,1,0,0.0,-0.0,0,0.0,0,0
SCZ_LOC_20_37458009_rs1006945,20,rs1006945,37458009,3.3e-16,-0.0601003842529617,11,-1.2906727773268332,ENSG00000305494,ENSG00000305494,lncRNA,46230,3,0,0,0.0,-0.0,0,0.0,0,0
SCZ_LOC_20_37458009_rs1006945,20,rs1006945,37458009,3.3e-16,-0.0601003842529617,12,-1.6188311481007516,ENSG00000276603,ENSG00000276603,lncRNA,69051,5,0,0,0.0,-0.0,0,0.0,0,0
SCZ_LOC_20_37458009_rs1006945,20,rs1006945,37458009,3.3e-16,-0.0601003842529617,13,-1.6584815183400454,ENSG00000274469,LINC01746,lncRNA,113086,7,0,0,0.0,-0.0,0,0.0,0,0
SCZ_LOC_20_37458009_rs1006945,20,rs1006945,37458009,3.3e-16,-0.0601003842529617,14,-1.6911930738803698,ENSG00000197122,SRC,protein_coding,113324,8,0,0,0.0,-0.0,0,0.0,0,0
SCZ_LOC_20_37458009_rs1006945,20,rs1006945,37458009,3.3e-16,-0.0601003842529617,15,-1.7680330201753354,ENSG00000286240,ENSG00000286240,lncRNA,113900,9,0,0,0.0,-0.0,0,0.0,0,0
SCZ_LOC_20_37458009_rs1006945,20,rs1006945,37458009,3.3e-16,-0.0601003842529617,16,-1.8504472177962195,ENSG00000300746,ENSG00000300746,lncRNA,145523,10,0,0,0.0,-0.0,0,0.0,0,0
SCZ_LOC_20_37458009_rs1006945,20,rs1006945,37458009,3.3e-16,-0.0601003842529617,17,-1.9906063789324089,ENSG00000118702,GHRH,protein_coding,196190,14,0,0,0.0,-0.0,0,0.0,0,0
SCZ_LOC_20_37458009_rs1006945,20,rs1006945,37458009,3.3e-16,-0.0601003842529617,18,-1.9976671420866914,ENSG00000225759,LINC00489,lncRNA,165110,11,0,0,0.0,-0.0,0,0.0,0,0
SCZ_LOC_20_37458009_rs1006945,20,rs1006945,37458009,3.3e-16,-0.0601003842529617,19,-2.038410442441953,ENSG00000300726,ENSG00000300726,lncRNA,168394,13,0,0,0.0,-0.0,0,0.0,0,0
SCZ_LOC_20_37458009_rs1006945,20,rs1006945,37458009,3.3e-16,-0.0601003842529617,20,-2.070482061692189,ENSG00000269846,ENSG00000269846,lncRNA,362259,23,0,0,0.0,-0.0,0,0.0,0,0
SCZ_LOC_20_37458009_rs1006945,20,rs1006945,37458009,3.3e-16,-0.0601003842529617,21,-2.0821970675151693,ENSG00000295358,ENSG00000295358,lncRNA,212348,16,0,0,0.0,-0.0,0,0.0,0,0
SCZ_LOC_20_37458009_rs1006945,20,rs1006945,37458009,3.3e-16,-0.0601003842529617,21,-2.0821970675151693,ENSG00000305018,ENSG00000305018,lncRNA,213868,17,0,0,0.0,-0.0,0,0.0,0,0
SCZ_LOC_20_37458009_rs1006945,20,rs1006945,37458009,3.3e-16,-0.0601003842529617,21,-2.0821970675151693,ENSG00000204117,ENSG00000204117,lncRNA,218877,18,0,0,0.0,-0.0,0,0.0,0,0
SCZ_LOC_20_37458009_rs1006945,20,rs1006945,37458009,3.3e-16,-0.0601003842529617,21,-2.0821970675151693,ENSG00000310099,ENSG00000310099,lncRNA,209974,15,0,0,0.0,-0.0,0,0.0,0,0
SCZ_LOC_20_37458009_rs1006945,20,rs1006945,37458009,3.3e-16,-0.0601003842529617,25,-2.089244400323456,ENSG00000305049,ENSG00000305049,lncRNA,457903,25,0,0,0.0,-0.0,0,0.0,0,0
SCZ_LOC_22_40051166_rs732381,22,rs732381,40051166,1.171e-13,-0.0657979805904322,1,1.9920886432545228,ENSG00000100354,TNRC6B,protein_coding,6349,1,1,1,0.2786579728126526,4.788086337116932,1,0.9999954842324552,6,1
SCZ_LOC_22_40051166_rs732381,22,rs732381,40051166,1.171e-13,-0.0657979805904322,2,1.6283102968009118,ENSG00000133477,FAM83F,protein_coding,56212,4,0,0,0.0,-0.0,1,0.9999975080564736,15,0
SCZ_LOC_22_40051166_rs732381,22,rs732381,40051166,1.171e-13,-0.0657979805904322,3,0.5542311558238835,ENSG00000100359,SGSM3,protein_coding,319425,12,0,0,0.0,-0.0,1,0.9999981909333162,5,0
SCZ_LOC_22_40051166_rs732381,22,rs732381,40051166,1.171e-13,-0.0657979805904322,4,0.4320860249201461,ENSG00000261202,TNRC6B-DT,lncRNA,6580,2,0,1,1.4565447568893433,5.404360315807542,0,0.0,0,0
SCZ_LOC_22_40051166_rs732381,22,rs732381,40051166,1.171e-13,-0.0657979805904322,5,-0.12494446554458993,ENSG00000239900,ADSL,protein_coding,295295,10,0,1,0.4702795147895813,9.382431767251235,1,0.9999968543057492,8,1
SCZ_LOC_22_40051166_rs732381,22,rs732381,40051166,1.171e-13,-0.0657979805904322,6,-0.3338022245643948,ENSG00000309925,ENSG00000309925,lncRNA,6847,3,0,0,0.0,-0.0,0,0.0,0,0
SCZ_LOC_22_40051166_rs732381,22,rs732381,40051166,1.171e-13,-0.0657979805904322,7,-0.638666542828512,ENSG00000100351,GRAP2,protein_coding,150082,6,0,0,0.0,-0.0,1,0.9999925723669534,3,0
SCZ_LOC_22_40051166_rs732381,22,rs732381,40051166,1.171e-13,-0.0657979805904322,8,-1.0854303477152258,ENSG00000196588,MRTFA,protein_coding,585553,19,0,1,0.14724436402320862,4.695595730462812,1,0.9999826076997208,3,1
SCZ_LOC_22_40051166_rs732381,22,rs732381,40051166,1.171e-13,-0.0657979805904322,9,-1.2022304316471482,ENSG00000100346,CACNA1I,protein_coding,480413,17,0,1,0.14565221965312958,6.365348067328872,0,0.0,0,0
SCZ_LOC_22_40051166_rs732381,22,rs732381,40051166,1.171e-13,-0.0657979805904322,10,-1.4108346131741807,ENSG00000272834,ENSG00000272834,lncRNA,363837,15,0,1,1.5685697793960571,4.9968180437303875,0,0.0,0,0
SCZ_LOC_22_40051166_rs732381,22,rs732381,40051166,1.171e-13,-0.0657979805904322,11,-1.4773555641888014,ENSG00000303612,ENSG00000303612,lncRNA,493556,18,0,0,0.0,-0.0,0,0.0,0,0
SCZ_LOC_22_40051166_rs732381,22,rs732381,40051166,1.171e-13,-0.0657979805904322,12,-1.6188311481007516,ENSG00000225528,TMA7B,protein_coding,90769,5,0,0,0.0,-0.0,0,0.0,0,0
SCZ_LOC_22_40051166_rs732381,22,rs732381,40051166,1.171e-13,-0.0657979805904322,13,-1.740895715960929,ENSG00000176177,ENTHD1,protein_coding,157302,7,0,0,0.0,-0.0,0,0.0,0,0
SCZ_LOC_22_40051166_rs732381,22,rs732381,40051166,1.171e-13,-0.0657979805904322,14,-1.8504472177962195,ENSG00000296191,ENSG00000296191,lncRNA,157346,8,0,0,0.0,-0.0,0,0.0,0,0
SCZ_LOC_22_40051166_rs732381,22,rs732381,40051166,1.171e-13,-0.0657979805904322,15,-1.894233842869436,ENSG00000309895,ENSG00000309895,lncRNA,225527,9,0,0,0.0,-0.0,0,0.0,0,0
SCZ_LOC_22_40051166_rs732381,22,rs732381,40051166,1.171e-13,-0.0657979805904322,16,-2.030284642754014,ENSG00000284431,ENSG00000284431,protein_coding,295363,11,0,0,0.0,-0.0,0,0.0,0,0
SCZ_LOC_22_40051166_rs732381,22,rs732381,40051166,1.171e-13,-0.0657979805904322,17,-2.070482061692189,ENSG00000229999,SGSM3-AS1,lncRNA,337124,14,0,0,0.0,-0.0,0,0.0,0,0
SCZ_LOC_22_40051166_rs732381,22,rs732381,40051166,1.171e-13,-0.0657979805904322,17,-2.070482061692189,ENSG00000301075,ENSG00000301075,lncRNA,327224,13,0,0,0.0,-0.0,0,0.0,0,0
SCZ_LOC_22_40051166_rs732381,22,rs732381,40051166,1.171e-13,-0.0657979805904322,19,-2.089244400323456,ENSG00000232564,MRTFA-AS1,lncRNA,470634,16,0,0,0.0,-0.0,0,0.0,0,0
SCZ_LOC_22_41359786_rs2413631,22,rs2413631,41359786,4.247e-08,-0.0532952970582236,1,1.646339496506522,ENSG00000100403,ZC3H7B,protein_coding,58261,4,0,1,0.8237606287002563,11.612460015801595,1,0.9999892147037432,18,1
SCZ_LOC_22_41359786_rs2413631,22,rs2413631,41359786,4.247e-08,-0.0532952970582236,2,0.6914252146074481,ENSG00000167074,TEF,protein_coding,7547,1,1,0,0.0,-0.0,1,0.999980402203342,12,0
SCZ_LOC_22_41359786_rs2413631,22,rs2413631,41359786,4.247e-08,-0.0532952970582236,3,0.385179264394224,ENSG00000100412,ACO2,protein_coding,88044,10,0,0,0.0,-0.0,1,0.9999555082607918,8,0
SCZ_LOC_22_41359786_rs2413631,22,rs2413631,41359786,4.247e-08,-0.0532952970582236,4,0.3108511339987031,ENSG00000183864,TOB2,protein_coding,87015,8,0,0,0.0,-0.0,1,0.9999841107130146,9,0
SCZ_LOC_22_41359786_rs2413631,22,rs2413631,41359786,4.247e-08,-0.0532952970582236,5,-0.0050599115767517595,ENSG00000100138,SNU13,protein_coding,330718,27,0,1,0.667573094367981,4.831317725301658,1,0.9999985966608652,8,1
SCZ_LOC_22_41359786_rs2413631,22,rs2413631,41359786,4.247e-08,-0.0532952970582236,6,-0.24642974572629478,ENSG00000100399,CHADL,protein_coding,118855,13,0,1,0.8710816502571106,5.6010908758312565,1,0.9999986991896044,10,1
SCZ_LOC_22_41359786_rs2413631,22,rs2413631,41359786,4.247e-08,-0.0532952970582236,7,-0.2612714477833574,ENSG00000298609,ENSG00000298609,lncRNA,21495,2,0,0,0.0,-0.0,0,0.0,0,0
SCZ_LOC_22_41359786_rs2413631,22,rs2413631,41359786,4.247e-08,-0.0532952970582236,8,-0.28565164013506844,ENSG00000235513,L3MBTL2-AS1,lncRNA,131286,14,0,1,1.4300525188446045,4.728996256401027,0,0.0,0,0
SCZ_LOC_22_41359786_rs2413631,22,rs2413631,41359786,4.247e-08,-0.0532952970582236,9,-0.3770842827396835,ENSG00000100410,PHF5A,protein_coding,108906,12,0,1,2.249769926071167,4.912782359070278,1,0.9999332450772472,4,1
SCZ_LOC_22_41359786_rs2413631,22,rs2413631,41359786,4.247e-08,-0.0532952970582236,10,-0.3920707824004523,ENSG00000172346,CSDC2,protein_coding,201224,20,0,1,1.321641206741333,38.56212315249915,1,0.9999987746831148,17,1
SCZ_LOC_22_41359786_rs2413631,22,rs2413631,41359786,4.247e-08,-0.0532952970582236,11,-0.5511870575232656,ENSG00000100401,RANGAP1,protein_coding,73599,7,0,1,0.30442702770233154,5.10447786671803,1,0.9999679447126288,3,1
SCZ_LOC_22_41359786_rs2413631,22,rs2413631,41359786,4.247e-08,-0.0532952970582236,12,-0.5616154835199529,ENSG00000184068,SREBF2-AS1,lncRNA,474879,33,0,1,0.5192998051643372,4.545104393580164,0,0.0,0,0
SCZ_LOC_22_41359786_rs2413631,22,rs2413631,41359786,4.247e-08,-0.0532952970582236,13,-0.5869191944054571,ENSG00000167077,MEI1,protein_coding,339717,29,0,1,0.8597111105918884,12.63109474777827,1,0.9999983386816322,6,1
SCZ_LOC_22_41359786_rs2413631,22,rs2413631,41359786,4.247e-08,-0.0532952970582236,14,-0.7285429315726254,ENSG00000100395,L3MBTL2,protein_coding,154504,15,0,1,0.3259633183479309,13.294332205727514,1,0.9999687166749806,3,1
SCZ_LOC_22_41359786_rs2413631,22,rs2413631,41359786,4.247e-08,-0.0532952970582236,15,-0.7326906147247955,ENSG00000286491,ENSG00000286491,lncRNA,201223,19,0,1,0.8570914268493652,8.014680233679655,0,0.0,0,0
SCZ_LOC_22_41359786_rs2413631,22,rs2413631,41359786,4.247e-08,-0.0532952970582236,16,-0.8013669431454972,ENSG00000100147,CCDC134,protein_coding,440893,31,0,1,1.1069438457489014,4.548869115595071,1,0.9999973266039056,4,1
SCZ_LOC_22_41359786_rs2413631,22,rs2413631,41359786,4.247e-08,-0.0532952970582236,17,-0.843603460083998,ENSG00000100413,POLR3H,protein_coding,184820,17,0,1,1.015223741531372,32.347268903019085,1,0.9999685312615196,4,1
SCZ_LOC_22_41359786_rs2413631,22,rs2413631,41359786,4.247e-08,-0.0532952970582236,18,-0.8719514168144876,ENSG00000100418,DESI1,protein_coding,261257,22,0,1,1.1064695119857788,8.998254709514521,1,0.9999798826431586,3,1
SCZ_LOC_22_41359786_rs2413631,22,rs2413631,41359786,4.247e-08,-0.0532952970582236,19,-0.9046589501441046,ENSG00000198911,SREBF2,protein_coding,473319,32,0,1,1.5249241590499878,6.162572423769233,1,0.9999688169311254,3,1
SCZ_LOC_22_41359786_rs2413631,22,rs2413631,41359786,4.247e-08,-0.0532952970582236,20,-0.9615953920718273,ENSG00000196236,XPNPEP3,protein_coding,502709,35,0,1,0.4838303327560425,7.609889193722632,1,0.9999253546265224,2,1
SCZ_LOC_22_41359786_rs2413631,22,rs2413631,41359786,4.247e-08,-0.0532952970582236,21,-1.0507386958624,ENSG00000196419,XRCC6,protein_coding,261377,23,0,0,0.0,-0.0,1,0.999992579728793,3,0
SCZ_LOC_22_41359786_rs2413631,22,rs2413631,41359786,4.247e-08,-0.0532952970582236,22,-1.0577196232044543,ENSG00000100393,EP300,protein_coding,267276,25,0,1,0.9042917490005493,6.343687069716193,1,0.9999985631060524,5,1
SCZ_LOC_22_41359786_rs2413631,22,rs2413631,41359786,4.247e-08,-0.0532952970582236,23,-1.1419172635260015,ENSG00000100417,PMM1,protein_coding,230085,21,0,1,0.8883489966392517,5.465016081838564,1,0.9999285170237536,2,1
SCZ_LOC_22_41359786_rs2413631,22,rs2413631,41359786,4.247e-08,-0.0532952970582236,24,-1.4557166004618645,ENSG00000172404,DNAJB7,protein_coding,497673,34,0,0,0.0,-0.0,0,0.0,0,0
SCZ_LOC_22_41359786_rs2413631,22,rs2413631,41359786,4.247e-08,-0.0532952970582236,25,-1.4994729884567997,ENSG00000273424,ENSG00000273424,lncRNA,71148,5,0,1,1.528038740158081,4.224044738290845,0,0.0,0,0
SCZ_LOC_22_41359786_rs2413631,22,rs2413631,41359786,4.247e-08,-0.0532952970582236,26,-1.5647075725880255,ENSG00000301754,ENSG00000301754,lncRNA,54256,3,0,0,0.0,-0.0,0,0.0,0,0
SCZ_LOC_22_41359786_rs2413631,22,rs2413631,41359786,4.247e-08,-0.0532952970582236,27,-1.6445393958501957,ENSG00000100387,RBX1,protein_coding,408439,30,0,0,0.0,-0.0,1,0.9999085638729508,3,0
SCZ_LOC_22_41359786_rs2413631,22,rs2413631,41359786,4.247e-08,-0.0532952970582236,28,-1.6826299639302331,ENSG00000304876,ENSG00000304876,lncRNA,73358,6,0,0,0.0,-0.0,0,0.0,0,0
SCZ_LOC_22_41359786_rs2413631,22,rs2413631,41359786,4.247e-08,-0.0532952970582236,29,-1.792181465765523,ENSG00000289841,ENSG00000289841,lncRNA,87149,9,0,0,0.0,-0.0,0,0.0,0,0
SCZ_LOC_22_41359786_rs2413631,22,rs2413631,41359786,4.247e-08,-0.0532952970582236,30,-1.939401390055995,ENSG00000301767,ENSG00000301767,lncRNA,88784,11,0,0,0.0,-0.0,0,0.0,0,0
SCZ_LOC_22_41359786_rs2413631,22,rs2413631,41359786,4.247e-08,-0.0532952970582236,31,-1.9906063789324089,ENSG00000297861,ENSG00000297861,lncRNA,196063,18,0,0,0.0,-0.0,0,0.0,0,0
SCZ_LOC_22_41359786_rs2413631,22,rs2413631,41359786,4.247e-08,-0.0532952970582236,32,-2.038410442441953,ENSG00000231993,EP300-AS1,lncRNA,162266,16,0,0,0.0,-0.0,0,0.0,0,0
SCZ_LOC_22_41359786_rs2413631,22,rs2413631,41359786,4.247e-08,-0.0532952970582236,33,-2.070482061692189,ENSG00000293428,C22orf46P,lncRNA,329091,26,0,0,0.0,-0.0,0,0.0,0,0
SCZ_LOC_22_41359786_rs2413631,22,rs2413631,41359786,4.247e-08,-0.0532952970582236,33,-2.070482061692189,ENSG00000304944,ENSG00000304944,lncRNA,337828,28,0,0,0.0,-0.0,0,0.0,0,0
SCZ_LOC_22_41359786_rs2413631,22,rs2413631,41359786,4.247e-08,-0.0532952970582236,35,-2.071027943109276,ENSG00000296654,ENSG00000296654,lncRNA,266939,24,0,0,0.0,-0.0,0,0.0,0,0
SCZ_LOC_22_42370991_rs5751191,22,rs5751191,42370991,6.922e-12,-0.053200374867981,1,2.365682145737561,ENSG00000229891,LINC01315,lncRNA,1691,1,1,1,0.6279580593109131,5.070072626338703,1,0.999994708633854,20,1
SCZ_LOC_22_42370991_rs5751191,22,rs5751191,42370991,6.922e-12,-0.053200374867981,2,1.891537141331483,ENSG00000235568,NFAM1,protein_coding,61412,3,0,0,0.0,-0.0,1,0.9999993266587756,41,0
SCZ_LOC_22_42370991_rs5751191,22,rs5751191,42370991,6.922e-12,-0.053200374867981,3,1.4589144517674721,ENSG00000100207,TCF20,protein_coding,27375,2,0,0,0.0,-0.0,1,0.9999946095825492,43,0
SCZ_LOC_22_42370991_rs5751191,22,rs5751191,42370991,6.922e-12,-0.053200374867981,4,0.7584940957892229,ENSG00000184983,NDUFA6,protein_coding,280107,26,0,1,1.3753622770309448,36.71096590309913,1,0.9999819187364968,3,1
SCZ_LOC_22_42370991_rs5751191,22,rs5751191,42370991,6.922e-12,-0.053200374867981,5,0.7124417848381831,ENSG00000182057,OGFRP1,lncRNA,101288,6,0,0,0.0,-0.0,1,0.9999999974834392,37,0
SCZ_LOC_22_42370991_rs5751191,22,rs5751191,42370991,6.922e-12,-0.053200374867981,6,-0.11749401261944968,ENSG00000234965,SHISA8,protein_coding,455917,46,0,0,0.0,-0.0,1,0.99999999713154,14,0
SCZ_LOC_22_42370991_rs5751191,22,rs5751191,42370991,6.922e-12,-0.053200374867981,7,-0.314637527805268,ENSG00000100167,SEPTIN3,protein_coding,401548,40,0,0,0.0,-0.0,1,0.9999960546873272,16,0
SCZ_LOC_22_42370991_rs5751191,22,rs5751191,42370991,6.922e-12,-0.053200374867981,8,-0.4457297840841685,ENSG00000159958,TNFRSF13C,protein_coding,444185,45,0,1,1.0477039813995361,10.29123932821898,1,0.9999998192409504,16,1
SCZ_LOC_22_42370991_rs5751191,22,rs5751191,42370991,6.922e-12,-0.053200374867981,9,-0.4641267378014463,ENSG00000237037,NDUFA6-DT,lncRNA,280060,25,0,1,0.2674161195755005,6.069755500084088,1,0.99999779119904,3,1
SCZ_LOC_22_42370991_rs5751191,22,rs5751191,42370991,6.922e-12,-0.053200374867981,10,-0.5458724221449626,ENSG00000198911,SREBF2,protein_coding,537886,50,0,1,1.5249241590499878,6.162572423769233,1,0.9999688169311254,3,1
SCZ_LOC_22_42370991_rs5751191,22,rs5751191,42370991,6.922e-12,-0.053200374867981,11,-0.7246433472493263,ENSG00000100162,CENPM,protein_coding,423839,44,0,1,1.317417860031128,18.957858150588667,1,0.9999892077067492,5,1
SCZ_LOC_22_42370991_rs5751191,22,rs5751191,42370991,6.922e-12,-0.053200374867981,12,-0.8856876474244794,ENSG00000183066,WBP2NL,protein_coding,372266,36,0,1,1.3493813276290894,15.41514834337516,1,0.9999966879356236,5,1
SCZ_LOC_22_42370991_rs5751191,22,rs5751191,42370991,6.922e-12,-0.053200374867981,13,-0.8949674900704363,ENSG00000183172,SMDT1,protein_coding,291300,29,0,1,0.4946795701980591,15.886742851726739,1,0.9999812956072632,2,1
SCZ_LOC_22_42370991_rs5751191,22,rs5751191,42370991,6.922e-12,-0.053200374867981,14,-0.9667265579574148,ENSG00000128274,A4GALT,protein_coding,350307,34,0,1,0.8322295546531677,11.161956590753993,0,0.0,0,0
SCZ_LOC_22_42370991_rs5751191,22,rs5751191,42370991,6.922e-12,-0.053200374867981,15,-0.9741283468589397,ENSG00000286659,ENSG00000286659,lncRNA,300042,31,0,1,0.48215213418006897,6.829259763918385,0,0.0,0,0
SCZ_LOC_22_42370991_rs5751191,22,rs5751191,42370991,6.922e-12,-0.053200374867981,16,-1.0349360183096947,ENSG00000198951,NAGA,protein_coding,300149,32,0,1,0.6018983125686646,25.285732140024457,1,0.9999942004267448,2,1
SCZ_LOC_22_42370991_rs5751191,22,rs5751191,42370991,6.922e-12,-0.053200374867981,17,-1.1382140164869394,ENSG00000100197,CYP2D6,protein_coding,240126,19,0,1,1.001724362373352,41.93764191854648,0,0.0,0,0
SCZ_LOC_22_42370991_rs5751191,22,rs5751191,42370991,6.922e-12,-0.053200374867981,18,-1.1517317360852228,ENSG00000100266,PACSIN2,protein_coding,644158,51,0,1,0.534660279750824,13.281567826298867,0,0.0,0,0
SCZ_LOC_22_42370991_rs5751191,22,rs5751191,42370991,6.922e-12,-0.053200374867981,19,-1.1995347846022861,ENSG00000270083,ENSG00000270083,lncRNA,280963,27,0,1,1.4111489057540894,9.048032380716899,0,0.0,0,0
SCZ_LOC_22_42370991_rs5751191,22,rs5751191,42370991,6.922e-12,-0.053200374867981,20,-1.205476683938285,ENSG00000242247,ARFGAP3,protein_coding,487115,49,0,1,0.3181484043598175,15.481734174979566,1,0.999993530972034,5,1
SCZ_LOC_22_42370991_rs5751191,22,rs5751191,42370991,6.922e-12,-0.053200374867981,21,-1.2578958084506848,ENSG00000205704,SMIM45,protein_coding,423797,43,0,1,0.7674709558486938,15.166018755264133,0,0.0,0,0
SCZ_LOC_22_42370991_rs5751191,22,rs5751191,42370991,6.922e-12,-0.053200374867981,22,-1.267821904963302,ENSG00000100227,POLDIP3,protein_coding,243971,22,0,1,0.1728564351797104,5.262999490455447,1,0.999936094317931,2,1
SCZ_LOC_22_42370991_rs5751191,22,rs5751191,42370991,6.922e-12,-0.053200374867981,23,-1.3480919837284442,ENSG00000281538,ENSG00000281538,lncRNA,232931,18,0,1,0.5462879538536072,12.66769036372416,0,0.0,0,0
SCZ_LOC_22_42370991_rs5751191,22,rs5751191,42370991,6.922e-12,-0.053200374867981,24,-1.5818334467933366,ENSG00000232710,ENSG00000232710,lncRNA,231064,17,0,1,0.7339047789573669,6.4140789676068914,0,0.0,0,0
SCZ_LOC_22_42370991_rs5751191,22,rs5751191,42370991,6.922e-12,-0.053200374867981,25,-1.6188311481007516,ENSG00000230107,ENSG00000230107,lncRNA,66719,4,0,0,0.0,-0.0,0,0.0,0,0
SCZ_LOC_22_42370991_rs5751191,22,rs5751191,42370991,6.922e-12,-0.053200374867981,25,-1.6188311481007516,ENSG00000299904,ENSG00000299904,lncRNA,66993,5,0,0,0.0,-0.0,0,0.0,0,0
SCZ_LOC_22_42370991_rs5751191,22,rs5751191,42370991,6.922e-12,-0.053200374867981,27,-1.6190748332923468,ENSG00000183569,SERHL2,protein_coding,182626,12,0,1,2.026906967163086,12.876974305732373,1,0.9999983837353714,7,1
SCZ_LOC_22_42370991_rs5751191,22,rs5751191,42370991,6.922e-12,-0.053200374867981,28,-1.6584815183400454,ENSG00000293485,SERHL,lncRNA,129263,7,0,0,0.0,-0.0,0,0.0,0,0
SCZ_LOC_22_42370991_rs5751191,22,rs5751191,42370991,6.922e-12,-0.053200374867981,29,-1.7680330201753354,ENSG00000295474,ENSG00000295474,lncRNA,132356,8,0,0,0.0,-0.0,0,0.0,0,0
SCZ_LOC_22_42370991_rs5751191,22,rs5751191,42370991,6.922e-12,-0.053200374867981,30,-1.7810008480184591,ENSG00000100243,CYB5R3,protein_coding,349879,33,0,1,0.47191324830055237,16.94075778922927,1,0.999999997843906,14,1
SCZ_LOC_22_42370991_rs5751191,22,rs5751191,42370991,6.922e-12,-0.053200374867981,31,-1.7861237204930127,ENSG00000205702,CYP2D7,protein_coding,221491,16,0,1,0.8590404391288757,16.2282985104082,0,0.0,0,0
SCZ_LOC_22_42370991_rs5751191,22,rs5751191,42370991,6.922e-12,-0.053200374867981,32,-1.8504472177962195,ENSG00000295412,ENSG00000295412,lncRNA,148312,9,0,0,0.0,-0.0,0,0.0,0,0
SCZ_LOC_22_42370991_rs5751191,22,rs5751191,42370991,6.922e-12,-0.053200374867981,33,-1.945600623323249,ENSG00000303951,ENSG00000303951,lncRNA,373796,38,0,0,0.0,-0.0,0,0.0,0,0
SCZ_LOC_22_42370991_rs5751191,22,rs5751191,42370991,6.922e-12,-0.053200374867981,34,-1.9477600684968392,ENSG00000289517,ENSG00000289517,protein_coding,256697,23,0,0,0.0,-0.0,0,0.0,0,0
SCZ_LOC_22_42370991_rs5751191,22,rs5751191,42370991,6.922e-12,-0.053200374867981,35,-1.9506357567975374,ENSG00000177096,PHETA2,protein_coding,296743,30,0,1,1.1530102491378784,10.399793551216085,1,0.9999999978585176,3,1
SCZ_LOC_22_42370991_rs5751191,22,rs5751191,42370991,6.922e-12,-0.053200374867981,36,-1.9643629619545162,ENSG00000224883,ENSG00000224883,lncRNA,388774,39,0,0,0.0,-0.0,0,0.0,0,0
SCZ_LOC_22_42370991_rs5751191,22,rs5751191,42370991,6.922e-12,-0.053200374867981,36,-1.9643629619545162,ENSG00000304470,ENSG00000304470,lncRNA,457501,47,0,0,0.0,-0.0,0,0.0,0,0
SCZ_LOC_22_42370991_rs5751191,22,rs5751191,42370991,6.922e-12,-0.053200374867981,36,-1.9643629619545162,ENSG00000307798,ENSG00000307798,lncRNA,486036,48,0,0,0.0,-0.0,0,0.0,0,0
SCZ_LOC_22_42370991_rs5751191,22,rs5751191,42370991,6.922e-12,-0.053200374867981,36,-1.9643629619545162,ENSG00000307847,ENSG00000307847,lncRNA,420157,42,0,0,0.0,-0.0,0,0.0,0,0
SCZ_LOC_22_42370991_rs5751191,22,rs5751191,42370991,6.922e-12,-0.053200374867981,36,-1.9643629619545162,ENSG00000307819,ENSG00000307819,lncRNA,414239,41,0,0,0.0,-0.0,0,0.0,0,0
SCZ_LOC_22_42370991_rs5751191,22,rs5751191,42370991,6.922e-12,-0.053200374867981,41,-1.9920843733748341,ENSG00000301540,ENSG00000301540,lncRNA,372307,37,0,0,0.0,-0.0,0,0.0,0,0
SCZ_LOC_22_42370991_rs5751191,22,rs5751191,42370991,6.922e-12,-0.053200374867981,42,-1.9976671420866914,ENSG00000288719,ENSG00000288719,lncRNA,163391,11,0,0,0.0,-0.0,0,0.0,0,0
SCZ_LOC_22_42370991_rs5751191,22,rs5751191,42370991,6.922e-12,-0.053200374867981,43,-2.0191663195149436,ENSG00000295434,ENSG00000295434,lncRNA,241671,20,0,0,0.0,-0.0,0,0.0,0,0
SCZ_LOC_22_42370991_rs5751191,22,rs5751191,42370991,6.922e-12,-0.053200374867981,44,-2.048843097965252,ENSG00000293202,ENSG00000293202,lncRNA,369000,35,0,0,0.0,-0.0,0,0.0,0,0
SCZ_LOC_22_42370991_rs5751191,22,rs5751191,42370991,6.922e-12,-0.053200374867981,45,-2.071027943109276,ENSG00000249222,ATP5MGL,protein_coding,269610,24,0,0,0.0,-0.0,0,0.0,0,0
SCZ_LOC_22_42370991_rs5751191,22,rs5751191,42370991,6.922e-12,-0.053200374867981,45,-2.071027943109276,ENSG00000270022,ENSG00000270022,lncRNA,243645,21,0,0,0.0,-0.0,0,0.0,0,0
SCZ_LOC_22_42370991_rs5751191,22,rs5751191,42370991,6.922e-12,-0.053200374867981,45,-2.071027943109276,ENSG00000309045,ENSG00000309045,lncRNA,291041,28,0,0,0.0,-0.0,0,0.0,0,0
SCZ_LOC_22_42370991_rs5751191,22,rs5751191,42370991,6.922e-12,-0.053200374867981,48,-2.0821970675151693,ENSG00000291035,RRP7BP,lncRNA,211048,14,0,0,0.0,-0.0,0,0.0,0,0
SCZ_LOC_22_42370991_rs5751191,22,rs5751191,42370991,6.922e-12,-0.053200374867981,48,-2.0821970675151693,ENSG00000295452,ENSG00000295452,lncRNA,210092,13,0,0,0.0,-0.0,0,0.0,0,0
SCZ_LOC_22_42370991_rs5751191,22,rs5751191,42370991,6.922e-12,-0.053200374867981,48,-2.0821970675151693,ENSG00000303069,ENSG00000303069,lncRNA,218490,15,0,0,0.0,-0.0,0,0.0,0,0
SCZ_LOC_22_42370991_rs5751191,22,rs5751191,42370991,6.922e-12,-0.053200374867981,51,-3.2236188337486773,ENSG00000189306,RRP7A,protein_coding,148809,10,0,1,1.8251087665557861,11.47661014053589,1,0.9999999886266978,4,1
SCZ_LOC_22_51103091_rs6010045,22,rs6010045,51103091,1.603e-08,-0.0458031298018141,1,0.3640545348210398,ENSG00000251322,SHANK3,protein_coding,428683,8,0,1,0.11867788434028625,4.563344821604612,1,0.9999923677263024,27,1
SCZ_LOC_22_51103091_rs6010045,22,rs6010045,51103091,1.603e-08,-0.0458031298018141,2,0.029592489666843698,ENSG00000100299,ARSA,protein_coding,474918,12,0,1,0.6590980291366577,8.943957469975636,1,0.9999976119293044,9,1
SCZ_LOC_22_51103091_rs6010045,22,rs6010045,51103091,1.603e-08,-0.0458031298018141,3,-0.044129250008306274,ENSG00000079974,RABL2B,protein_coding,319424,2,0,1,0.6430374383926392,7.421471438342129,1,0.9999999949989662,8,1
SCZ_LOC_22_51103091_rs6010045,22,rs6010045,51103091,1.603e-08,-0.0458031298018141,4,-0.3072373462049626,ENSG00000008735,MAPK8IP2,protein_coding,502298,13,0,0,0.0,-0.0,1,0.9999939056014934,14,0
SCZ_LOC_22_51103091_rs6010045,22,rs6010045,51103091,1.603e-08,-0.0458031298018141,5,-0.534405729039226,ENSG00000286508,ENSG00000286508,lncRNA,430377,9,0,1,1.1296100616455078,4.484106408828633,0,0.0,0,0
SCZ_LOC_22_51103091_rs6010045,22,rs6010045,51103091,1.603e-08,-0.0458031298018141,6,-0.6901030918085018,ENSG00000100312,ACR,protein_coding,364895,5,0,1,0.3494608402252197,4.964482917516671,0,0.0,0,0
SCZ_LOC_22_51103091_rs6010045,22,rs6010045,51103091,1.603e-08,-0.0458031298018141,7,-0.7959837962827263,ENSG00000289244,ENSG00000289244,lncRNA,474848,11,0,1,1.0220180749893188,7.754127407471093,0,0.0,0,0
SCZ_LOC_22_51103091_rs6010045,22,rs6010045,51103091,1.603e-08,-0.0458031298018141,8,-1.4853831006402658,ENSG00000307555,ENSG00000307555,lncRNA,304100,1,1,0,0.0,-0.0,0,0.0,0,0
SCZ_LOC_22_51103091_rs6010045,22,rs6010045,51103091,1.603e-08,-0.0458031298018141,9,-1.6031329877528806,ENSG00000291064,ENSG00000291064,lncRNA,346260,3,0,0,0.0,-0.0,0,0.0,0,0
SCZ_LOC_22_51103091_rs6010045,22,rs6010045,51103091,1.603e-08,-0.0458031298018141,10,-1.709168519381684,ENSG00000254499,ENSG00000254499,lncRNA,359571,4,0,0,0.0,-0.0,0,0.0,0,0
SCZ_LOC_22_51103091_rs6010045,22,rs6010045,51103091,1.603e-08,-0.0458031298018141,11,-1.7729673352111652,ENSG00000225929,ENSG00000225929,lncRNA,364918,6,0,0,0.0,-0.0,0,0.0,0,0
SCZ_LOC_22_51103091_rs6010045,22,rs6010045,51103091,1.603e-08,-0.0458031298018141,12,-1.7917296738424324,ENSG00000301328,ENSG00000301328,lncRNA,428235,7,0,0,0.0,-0.0,0,0.0,0,0
SCZ_LOC_22_51103091_rs6010045,22,rs6010045,51103091,1.603e-08,-0.0458031298018141,13,-1.9012811756777228,ENSG00000308444,ENSG00000308444,lncRNA,461113,10,0,0,0.0,-0.0,0,0.0,0,0
SCZ_LOC_2_198314568_rs2914983,2,rs2914983,198314568,9.726e-14,0.0584009748744768,1,1.5407293581164303,ENSG00000115896,PLCL1,protein_coding,509975,6,0,1,0.5395804047584534,4.369993878412447,1,0.9999925034022756,7,1
SCZ_LOC_2_198314568_rs2914983,2,rs2914983,198314568,9.726e-14,0.0584009748744768,2,1.2420939086282534,ENSG00000236653,LINC01923,lncRNA,60922,1,1,1,1.0803457498550415,8.32108730457441,1,0.9999890101331576,21,1
SCZ_LOC_2_198314568_rs2914983,2,rs2914983,198314568,9.726e-14,0.0584009748744768,3,-1.4193944258434268,ENSG00000237035,ENSG00000237035,lncRNA,123047,2,0,0,0.0,-0.0,0,0.0,0,0
SCZ_LOC_2_198314568_rs2914983,2,rs2914983,198314568,9.726e-14,0.0584009748744768,4,-1.5752255735187772,ENSG00000225421,ENSG00000225421,lncRNA,457788,4,0,0,0.0,-0.0,0,0.0,0,0
SCZ_LOC_2_198314568_rs2914983,2,rs2914983,198314568,9.726e-14,0.0584009748744768,5,-1.62552306482633,ENSG00000305132,ENSG00000305132,lncRNA,228556,3,0,0,0.0,-0.0,0,0.0,0,0
SCZ_LOC_2_198314568_rs2914983,2,rs2914983,198314568,9.726e-14,0.0584009748744768,6,-1.727930858012951,ENSG00000286020,ENSG00000286020,lncRNA,478205,5,0,0,0.0,-0.0,0,0.0,0,0
SCZ_LOC_2_200810957_rs11680723,2,rs11680723,200810957,1.052e-16,-0.0842950694954015,1,0.8473257447272029,ENSG00000082153,BZW1,protein_coding,363,1,1,0,0.0,-0.0,1,0.999979635323621,3,0
SCZ_LOC_2_200810957_rs11680723,2,rs11680723,200810957,1.052e-16,-0.0842950694954015,2,0.6420286250252769,ENSG00000305286,ENSG00000305286,lncRNA,420,2,0,0,0.0,-0.0,0,0.0,0,0
SCZ_LOC_2_200810957_rs11680723,2,rs11680723,200810957,1.052e-16,-0.0842950694954015,3,0.3715911637031107,ENSG00000230408,BZW1-AS1,lncRNA,1281,3,0,0,0.0,-0.0,0,0.0,0,0
SCZ_LOC_2_200810957_rs11680723,2,rs11680723,200810957,1.052e-16,-0.0842950694954015,4,0.3342237182288457,ENSG00000237166,LINC01792,lncRNA,59039,6,0,1,0.62125563621521,7.029902098740888,1,0.9999985945719913,7,1
SCZ_LOC_2_200810957_rs11680723,2,rs11680723,200810957,1.052e-16,-0.0842950694954015,5,-0.21626383812441383,ENSG00000138356,AOX1,protein_coding,224943,14,0,0,0.0,-0.0,1,0.9999996336185498,13,0
SCZ_LOC_2_200810957_rs11680723,2,rs11680723,200810957,1.052e-16,-0.0842950694954015,6,-0.3028236454756082,ENSG00000240344,PPIL3,protein_coding,78346,7,0,1,1.4245457649230957,55.18616276170333,1,0.9999950244894829,3,1
SCZ_LOC_2_200810957_rs11680723,2,rs11680723,200810957,1.052e-16,-0.0842950694954015,7,-0.36377355735641576,ENSG00000003402,CFLAR,protein_coding,305197,21,0,0,0.0,-0.0,1,0.9999957501307511,11,0
SCZ_LOC_2_200810957_rs11680723,2,rs11680723,200810957,1.052e-16,-0.0842950694954015,8,-0.5583829155397402,ENSG00000013441,CLK1,protein_coding,53734,5,0,0,0.0,-0.0,1,0.9999719752640642,3,0
SCZ_LOC_2_200810957_rs11680723,2,rs11680723,200810957,1.052e-16,-0.0842950694954015,9,-0.5732631024921409,ENSG00000155729,KCTD18,protein_coding,291173,18,0,0,0.0,-0.0,1,0.9999952996737906,5,0
SCZ_LOC_2_200810957_rs11680723,2,rs11680723,200810957,1.052e-16,-0.0842950694954015,10,-0.6833950313972065,ENSG00000196290,NIF3L1,protein_coding,78370,8,0,1,0.3923819065093994,4.390873607088538,1,0.999945860985922,2,1
SCZ_LOC_2_200810957_rs11680723,2,rs11680723,200810957,1.052e-16,-0.0842950694954015,11,-0.7437357584359434,ENSG00000196141,SPATS2L,protein_coding,505076,32,0,0,0.0,-0.0,1,0.9999935380214702,10,0
SCZ_LOC_2_200810957_rs11680723,2,rs11680723,200810957,1.052e-16,-0.0842950694954015,12,-0.8057933513600245,ENSG00000119013,NDUFB3,protein_coding,260476,15,0,1,0.3364606201648712,6.648146800018831,1,0.9999811545021182,2,1
SCZ_LOC_2_200810957_rs11680723,2,rs11680723,200810957,1.052e-16,-0.0842950694954015,13,-0.8406924909035557,ENSG00000290906,ENSG00000290906,lncRNA,48649,4,0,0,0.0,-0.0,0,0.0,0,0
SCZ_LOC_2_200810957_rs11680723,2,rs11680723,200810957,1.052e-16,-0.0842950694954015,14,-0.9075106588735722,ENSG00000163535,SGO2,protein_coding,300949,19,0,0,0.0,-0.0,1,0.9999948167049912,3,0
SCZ_LOC_2_200810957_rs11680723,2,rs11680723,200810957,1.052e-16,-0.0842950694954015,15,-0.9592978250961863,ENSG00000115942,ORC2,protein_coding,152723,13,0,0,0.0,-0.0,1,0.999976775188162,2,0
SCZ_LOC_2_200810957_rs11680723,2,rs11680723,200810957,1.052e-16,-0.0842950694954015,16,-1.1725378027136426,ENSG00000155744,HYCC2,protein_coding,260714,16,0,0,0.0,-0.0,1,0.999995541795506,4,0
SCZ_LOC_2_200810957_rs11680723,2,rs11680723,200810957,1.052e-16,-0.0842950694954015,17,-1.1908478098351216,ENSG00000003400,CASP10,protein_coding,371915,28,0,1,0.257898211479187,4.365472405184549,0,0.0,0,0
SCZ_LOC_2_200810957_rs11680723,2,rs11680723,200810957,1.052e-16,-0.0842950694954015,18,-1.4019057944381446,ENSG00000155749,FLACC1,protein_coding,546441,33,0,1,0.8618974089622498,30.532124125209588,1,0.999999669643534,2,1
SCZ_LOC_2_200810957_rs11680723,2,rs11680723,200810957,1.052e-16,-0.0842950694954015,19,-1.4659754104608786,ENSG00000064012,CASP8,protein_coding,422486,29,0,1,1.4353708028793335,36.14046683719067,0,0.0,0,0
SCZ_LOC_2_200810957_rs11680723,2,rs11680723,200810957,1.052e-16,-0.0842950694954015,20,-1.792181465765523,ENSG00000302340,ENSG00000302340,lncRNA,97650,9,0,0,0.0,-0.0,0,0.0,0,0
SCZ_LOC_2_200810957_rs11680723,2,rs11680723,200810957,1.052e-16,-0.0842950694954015,20,-1.792181465765523,ENSG00000308129,ENSG00000308129,lncRNA,101054,10,0,0,0.0,-0.0,0,0.0,0,0
SCZ_LOC_2_200810957_rs11680723,2,rs11680723,200810957,1.052e-16,-0.0842950694954015,22,-1.838412998170842,ENSG00000284084,AOX3P-AOX2P,lncRNA,115234,11,0,0,0.0,-0.0,0,0.0,0,0
SCZ_LOC_2_200810957_rs11680723,2,rs11680723,200810957,1.052e-16,-0.0842950694954015,23,-1.9976671420866914,ENSG00000183308,ENSG00000183308,lncRNA,152088,12,0,0,0.0,-0.0,0,0.0,0,0
SCZ_LOC_2_200810957_rs11680723,2,rs11680723,200810957,1.052e-16,-0.0842950694954015,24,-2.021984919617909,ENSG00000299436,ENSG00000299436,lncRNA,307629,22,0,0,0.0,-0.0,0,0.0,0,0
SCZ_LOC_2_200810957_rs11680723,2,rs11680723,200810957,1.052e-16,-0.0842950694954015,24,-2.021984919617909,ENSG00000308192,ENSG00000308192,lncRNA,304077,20,0,0,0.0,-0.0,0,0.0,0,0
SCZ_LOC_2_200810957_rs11680723,2,rs11680723,200810957,1.052e-16,-0.0842950694954015,26,-2.070482061692189,ENSG00000287299,ENSG00000287299,lncRNA,332939,25,0,0,0.0,-0.0,0,0.0,0,0
SCZ_LOC_2_200810957_rs11680723,2,rs11680723,200810957,1.052e-16,-0.0842950694954015,26,-2.070482061692189,ENSG00000226312,CFLAR-AS1,lncRNA,346866,26,0,0,0.0,-0.0,0,0.0,0,0
SCZ_LOC_2_200810957_rs11680723,2,rs11680723,200810957,1.052e-16,-0.0842950694954015,26,-2.070482061692189,ENSG00000234431,ENSG00000234431,lncRNA,356008,27,0,0,0.0,-0.0,0,0.0,0,0
SCZ_LOC_2_200810957_rs11680723,2,rs11680723,200810957,1.052e-16,-0.0842950694954015,26,-2.070482061692189,ENSG00000299419,ENSG00000299419,lncRNA,316862,24,0,0,0.0,-0.0,0,0.0,0,0
SCZ_LOC_2_200810957_rs11680723,2,rs11680723,200810957,1.052e-16,-0.0842950694954015,26,-2.070482061692189,ENSG00000299459,ENSG00000299459,lncRNA,314871,23,0,0,0.0,-0.0,0,0.0,0,0
SCZ_LOC_2_200810957_rs11680723,2,rs11680723,200810957,1.052e-16,-0.0842950694954015,31,-2.071027943109276,ENSG00000232719,ENSG00000232719,lncRNA,290425,17,0,0,0.0,-0.0,0,0.0,0,0
SCZ_LOC_2_200810957_rs11680723,2,rs11680723,200810957,1.052e-16,-0.0842950694954015,32,-2.089244400323456,ENSG00000289698,ENSG00000289698,lncRNA,462096,31,0,0,0.0,-0.0,0,0.0,0,0
SCZ_LOC_2_200810957_rs11680723,2,rs11680723,200810957,1.052e-16,-0.0842950694954015,32,-2.089244400323456,ENSG00000301257,ENSG00000301257,lncRNA,449516,30,0,0,0.0,-0.0,0,0.0,0,0
SCZ_LOC_2_28019856_rs34181670,2,rs34181670,28019856,1.128e-08,0.0485996698360624,1,1.8029502985236567,ENSG00000158019,BABAM2,protein_coding,129915,2,0,0,0.0,-0.0,1,0.9999948514074224,5,0
SCZ_LOC_2_28019856_rs34181670,2,rs34181670,28019856,1.128e-08,0.0485996698360624,2,0.9393386707870607,ENSG00000243147,MRPL33,protein_coding,248139,3,0,0,0.0,-0.0,1,0.999990096820712,7,0
SCZ_LOC_2_28019856_rs34181670,2,rs34181670,28019856,1.128e-08,0.0485996698360624,3,0.10531130274093252,ENSG00000205334,LINC01460,lncRNA,302598,8,0,1,1.9360181093215942,4.870604589703083,1,0.9999969502753666,16,1
SCZ_LOC_2_28019856_rs34181670,2,rs34181670,28019856,1.128e-08,0.0485996698360624,4,-0.4369383725263935,ENSG00000171174,RBKS,protein_coding,129175,1,1,1,1.0686317682266235,5.16741181145838,1,0.9999920209928326,3,1
SCZ_LOC_2_28019856_rs34181670,2,rs34181670,28019856,1.128e-08,0.0485996698360624,5,-0.48307375386877466,ENSG00000075426,FOSL2,protein_coding,372592,15,0,0,0.0,-0.0,1,0.9999929588992292,8,0
SCZ_LOC_2_28019856_rs34181670,2,rs34181670,28019856,1.128e-08,0.0485996698360624,6,-0.8074434860989568,ENSG00000163798,SLC4A1AP,protein_coding,356430,12,0,1,0.4093712866306305,10.080523939274608,1,0.9999773645561923,2,1
SCZ_LOC_2_28019856_rs34181670,2,rs34181670,28019856,1.128e-08,0.0485996698360624,7,-0.8347311361814935,ENSG00000163803,PLB1,protein_coding,437289,26,0,1,1.1516609191894531,9.867712189553597,0,0.0,0,0
SCZ_LOC_2_28019856_rs34181670,2,rs34181670,28019856,1.128e-08,0.0485996698360624,8,-0.8753705596145576,ENSG00000119760,SUPT7L,protein_coding,356016,11,0,0,0.0,-0.0,1,0.9999944941585824,2,0
SCZ_LOC_2_28019856_rs34181670,2,rs34181670,28019856,1.128e-08,0.0485996698360624,9,-0.8842988246513603,ENSG00000198522,GPN1,protein_coding,391609,19,0,1,0.20217576622962952,8.235893770306014,1,0.9999854374240388,2,1
SCZ_LOC_2_28019856_rs34181670,2,rs34181670,28019856,1.128e-08,0.0485996698360624,10,-1.066799972687335,ENSG00000084734,GCKR,protein_coding,523017,28,0,1,1.2082399129867554,4.729406957567341,1,0.9999999976337774,1,1
SCZ_LOC_2_28019856_rs34181670,2,rs34181670,28019856,1.128e-08,0.0485996698360624,11,-1.2253892012312346,ENSG00000176714,CCDC121,protein_coding,390844,18,0,0,0.0,-0.0,1,0.9999848703341594,2,0
SCZ_LOC_2_28019856_rs34181670,2,rs34181670,28019856,1.128e-08,0.0485996698360624,12,-1.3277075514287633,ENSG00000270210,ENSG00000270210,lncRNA,406089,20,0,1,0.37079617381095886,7.916023835530417,0,0.0,0,0
SCZ_LOC_2_28019856_rs34181670,2,rs34181670,28019856,1.128e-08,0.0485996698360624,13,-1.709714400798771,ENSG00000305902,ENSG00000305902,lncRNA,253414,5,0,0,0.0,-0.0,0,0.0,0,0
SCZ_LOC_2_28019856_rs34181670,2,rs34181670,28019856,1.128e-08,0.0485996698360624,13,-1.709714400798771,ENSG00000305917,ENSG00000305917,lncRNA,249743,4,0,0,0.0,-0.0,0,0.0,0,0
SCZ_LOC_2_28019856_rs34181670,2,rs34181670,28019856,1.128e-08,0.0485996698360624,15,-1.7735132166282523,ENSG00000223522,ENSG00000223522,lncRNA,290704,7,0,0,0.0,-0.0,0,0.0,0,0
SCZ_LOC_2_28019856_rs34181670,2,rs34181670,28019856,1.128e-08,0.0485996698360624,15,-1.7735132166282523,ENSG00000305937,ENSG00000305937,lncRNA,253536,6,0,0,0.0,-0.0,0,0.0,0,0
SCZ_LOC_2_28019856_rs34181670,2,rs34181670,28019856,1.128e-08,0.0485996698360624,17,-1.8340216949721748,ENSG00000289326,ENSG00000289326,lncRNA,304027,9,0,0,0.0,-0.0,0,0.0,0,0
SCZ_LOC_2_28019856_rs34181670,2,rs34181670,28019856,1.128e-08,0.0485996698360624,18,-1.8825188370464556,ENSG00000295655,ENSG00000295655,lncRNA,332447,10,0,0,0.0,-0.0,0,0.0,0,0
SCZ_LOC_2_28019856_rs34181670,2,rs34181670,28019856,1.128e-08,0.0485996698360624,19,-2.070482061692189,ENSG00000229951,FOSL2-AS1,lncRNA,374849,16,0,0,0.0,-0.0,0,0.0,0,0
SCZ_LOC_2_28019856_rs34181670,2,rs34181670,28019856,1.128e-08,0.0485996698360624,19,-2.070482061692189,ENSG00000298043,ENSG00000298043,lncRNA,360576,13,0,0,0.0,-0.0,0,0.0,0,0
SCZ_LOC_2_28019856_rs34181670,2,rs34181670,28019856,1.128e-08,0.0485996698360624,19,-2.070482061692189,ENSG00000298060,ENSG00000298060,lncRNA,370597,14,0,0,0.0,-0.0,0,0.0,0,0
SCZ_LOC_2_28019856_rs34181670,2,rs34181670,28019856,1.128e-08,0.0485996698360624,22,-2.089244400323456,ENSG00000259080,ENSG00000259080,lncRNA,436810,24,0,0,0.0,-0.0,0,0.0,0,0
SCZ_LOC_2_28019856_rs34181670,2,rs34181670,28019856,1.128e-08,0.0485996698360624,22,-2.089244400323456,ENSG00000270640,ENSG00000270640,lncRNA,376959,17,0,0,0.0,-0.0,0,0.0,0,0
SCZ_LOC_2_28019856_rs34181670,2,rs34181670,28019856,1.128e-08,0.0485996698360624,22,-2.089244400323456,ENSG00000221843,SPATA31H1,protein_coding,482470,27,0,0,0.0,-0.0,0,0.0,0,0
SCZ_LOC_2_28019856_rs34181670,2,rs34181670,28019856,1.128e-08,0.0485996698360624,22,-2.089244400323456,ENSG00000227938,ENSG00000227938,lncRNA,430358,23,0,0,0.0,-0.0,0,0.0,0,0
SCZ_LOC_2_28019856_rs34181670,2,rs34181670,28019856,1.128e-08,0.0485996698360624,22,-2.089244400323456,ENSG00000300175,ENSG00000300175,lncRNA,417729,22,0,0,0.0,-0.0,0,0.0,0,0
SCZ_LOC_2_28019856_rs34181670,2,rs34181670,28019856,1.128e-08,0.0485996698360624,22,-2.089244400323456,ENSG00000300586,ENSG00000300586,lncRNA,411110,21,0,0,0.0,-0.0,0,0.0,0,0
SCZ_LOC_2_28019856_rs34181670,2,rs34181670,28019856,1.128e-08,0.0485996698360624,28,-2.286345571823404,ENSG00000243943,ZNF512,protein_coding,436887,25,0,0,0.0,-0.0,1,0.9999999860813732,2,0
SCZ_LOC_2_37576136_rs3770752,2,rs3770752,37576136,1.741e-12,0.0592966816705476,1,0.6334564715061592,ENSG00000115828,QPCT,protein_coding,233309,11,0,1,0.6986525654792786,17.286823516183826,1,0.999999757154891,27,1
SCZ_LOC_2_37576136_rs3770752,2,rs3770752,37576136,1.741e-12,0.0592966816705476,2,0.17732986104694454,ENSG00000236213,CDC42EP3-AS1,lncRNA,150502,3,0,0,0.0,-0.0,0,0.0,0,0
SCZ_LOC_2_37576136_rs3770752,2,rs3770752,37576136,1.741e-12,0.0592966816705476,3,0.0746356821656219,ENSG00000163171,CDC42EP3,protein_coding,162332,4,0,1,0.30124905705451965,5.9160132010782585,1,0.9999864280982096,20,1
SCZ_LOC_2_37576136_rs3770752,2,rs3770752,37576136,1.741e-12,0.0592966816705476,4,-0.06435779372833772,ENSG00000138061,CYP1B1,protein_coding,533766,27,0,0,0.0,-0.0,1,0.9999991861754624,15,0
SCZ_LOC_2_37576136_rs3770752,2,rs3770752,37576136,1.741e-12,0.0592966816705476,5,-0.41387391248629773,ENSG00000003509,NDUFAF7,protein_coding,344505,16,0,1,0.3450939655303955,7.428214785003391,1,0.9999974816700624,3,1
SCZ_LOC_2_37576136_rs3770752,2,rs3770752,37576136,1.741e-12,0.0592966816705476,6,-0.5048875377570297,ENSG00000218739,CEBPZOS,protein_coding,379648,21,0,1,0.5076356530189514,11.616010202486546,1,0.9999988554061312,4,1
SCZ_LOC_2_37576136_rs3770752,2,rs3770752,37576136,1.741e-12,0.0592966816705476,7,-0.8908570236206319,ENSG00000055332,EIF2AK2,protein_coding,418614,22,0,0,0.0,-0.0,1,0.9999988311631368,4,0
SCZ_LOC_2_37576136_rs3770752,2,rs3770752,37576136,1.741e-12,0.0592966816705476,8,-0.9698226492116618,ENSG00000298040,ENSG00000298040,lncRNA,39768,1,1,0,0.0,-0.0,0,0.0,0,0
SCZ_LOC_2_37576136_rs3770752,2,rs3770752,37576136,1.741e-12,0.0592966816705476,9,-1.0835506342096994,ENSG00000232973,CYP1B1-AS1,lncRNA,497311,26,0,1,0.41866353154182434,8.374695116181048,0,0.0,0,0
SCZ_LOC_2_37576136_rs3770752,2,rs3770752,37576136,1.741e-12,0.0592966816705476,10,-1.1026863850517903,ENSG00000152133,GPATCH11,protein_coding,491618,24,0,1,0.34697529673576355,4.612368898178442,1,0.9999864777284873,2,1
SCZ_LOC_2_37576136_rs3770752,2,rs3770752,37576136,1.741e-12,0.0592966816705476,11,-1.1941886164017466,ENSG00000008869,HEATR5B,protein_coding,491764,25,0,1,0.9542429447174072,5.208876024274536,1,0.9999865325990658,2,1
SCZ_LOC_2_37576136_rs3770752,2,rs3770752,37576136,1.741e-12,0.0592966816705476,12,-1.2109429406753973,ENSG00000115816,CEBPZ,protein_coding,344540,17,0,1,0.797825813293457,7.294362161163277,1,0.9999968557108392,3,1
SCZ_LOC_2_37576136_rs3770752,2,rs3770752,37576136,1.741e-12,0.0592966816705476,13,-1.2161983417819036,ENSG00000115825,PRKD3,protein_coding,251303,13,0,1,0.48987165093421936,5.472686195819621,0,0.0,0,0
SCZ_LOC_2_37576136_rs3770752,2,rs3770752,37576136,1.741e-12,0.0592966816705476,14,-1.4435428714336145,ENSG00000298063,ENSG00000298063,lncRNA,67824,2,0,0,0.0,-0.0,0,0.0,0,0
SCZ_LOC_2_37576136_rs3770752,2,rs3770752,37576136,1.741e-12,0.0592966816705476,15,-1.5241817327716836,ENSG00000272054,ENSG00000272054,lncRNA,367261,19,0,1,0.30179035663604736,4.822319943923126,0,0.0,0,0
SCZ_LOC_2_37576136_rs3770752,2,rs3770752,37576136,1.741e-12,0.0592966816705476,16,-1.6770969001314477,ENSG00000236572,ENSG00000236572,lncRNA,168197,5,0,0,0.0,-0.0,0,0.0,0,0
SCZ_LOC_2_37576136_rs3770752,2,rs3770752,37576136,1.741e-12,0.0592966816705476,17,-1.693091652451384,ENSG00000296467,ENSG00000296467,lncRNA,191690,7,0,0,0.0,-0.0,0,0.0,0,0
SCZ_LOC_2_37576136_rs3770752,2,rs3770752,37576136,1.741e-12,0.0592966816705476,18,-1.740895715960929,ENSG00000297981,ENSG00000297981,lncRNA,186193,6,0,0,0.0,-0.0,0,0.0,0,0
SCZ_LOC_2_37576136_rs3770752,2,rs3770752,37576136,1.741e-12,0.0592966816705476,19,-1.7597968438511047,ENSG00000285925,ENSG00000285925,lncRNA,232340,10,0,0,0.0,-0.0,0,0.0,0,0
SCZ_LOC_2_37576136_rs3770752,2,rs3770752,37576136,1.741e-12,0.0592966816705476,20,-1.8026431542866743,ENSG00000298085,ENSG00000298085,lncRNA,194997,8,0,0,0.0,-0.0,0,0.0,0,0
SCZ_LOC_2_37576136_rs3770752,2,rs3770752,37576136,1.741e-12,0.0592966816705476,21,-1.894233842869436,ENSG00000298011,ENSG00000298011,lncRNA,222697,9,0,0,0.0,-0.0,0,0.0,0,0
SCZ_LOC_2_37576136_rs3770752,2,rs3770752,37576136,1.741e-12,0.0592966816705476,22,-1.9365391158292835,ENSG00000237803,PIRAT1,lncRNA,340403,15,0,0,0.0,-0.0,0,0.0,0,0
SCZ_LOC_2_37576136_rs3770752,2,rs3770752,37576136,1.741e-12,0.0592966816705476,23,-2.030284642754014,ENSG00000232028,PRKD3-DT,lncRNA,251240,12,0,0,0.0,-0.0,0,0.0,0,0
SCZ_LOC_2_37576136_rs3770752,2,rs3770752,37576136,1.741e-12,0.0592966816705476,24,-2.070482061692189,ENSG00000115841,RMDN2,protein_coding,347051,18,0,0,0.0,-0.0,0,0.0,0,0
SCZ_LOC_2_37576136_rs3770752,2,rs3770752,37576136,1.741e-12,0.0592966816705476,24,-2.070482061692189,ENSG00000235848,RMDN2-AS1,lncRNA,490905,23,0,0,0.0,-0.0,0,0.0,0,0
SCZ_LOC_2_37576136_rs3770752,2,rs3770752,37576136,1.741e-12,0.0592966816705476,26,-2.071027943109276,ENSG00000298106,ENSG00000298106,lncRNA,280081,14,0,0,0.0,-0.0,0,0.0,0,0
SCZ_LOC_2_37576136_rs3770752,2,rs3770752,37576136,1.741e-12,0.0592966816705476,27,-2.089244400323456,ENSG00000138068,SULT6B1,protein_coding,379538,20,0,0,0.0,-0.0,0,0.0,0,0
SCZ_LOC_2_73837955_rs6546857,2,rs6546857,73837955,8.702e-09,-0.0542027860143161,1,1.5204509785586926,ENSG00000124356,STAMBP,protein_coding,9039,2,0,1,0.7568718194961548,6.2163056965882735,1,0.9999911938448238,4,1
SCZ_LOC_2_73837955_rs6546857,2,rs6546857,73837955,8.702e-09,-0.0542027860143161,2,0.33168494584303176,ENSG00000187605,TET3,protein_coding,146955,13,0,0,0.0,-0.0,1,0.999999997619558,29,0
SCZ_LOC_2_73837955_rs6546857,2,rs6546857,73837955,8.702e-09,-0.0542027860143161,3,0.3202068776657016,ENSG00000293671,ENSG00000293671,lncRNA,19002,3,0,0,0.0,-0.0,0,0.0,0,0
SCZ_LOC_2_73837955_rs6546857,2,rs6546857,73837955,8.702e-09,-0.0542027860143161,4,0.21088320211320025,ENSG00000286244,ENSG00000286244,lncRNA,19078,4,0,0,0.0,-0.0,0,0.0,0,0
SCZ_LOC_2_73837955_rs6546857,2,rs6546857,73837955,8.702e-09,-0.0542027860143161,5,-0.06587060908422332,ENSG00000287250,ENSG00000287250,lncRNA,9004,1,1,1,0.46409571170806885,4.930917597482531,0,0.0,0,0
SCZ_LOC_2_73837955_rs6546857,2,rs6546857,73837955,8.702e-09,-0.0542027860143161,6,-0.4646433323573531,ENSG00000114956,DGUOK,protein_coding,88871,9,0,1,0.6280784606933594,4.718423884434705,1,0.9999963394944604,4,1
SCZ_LOC_2_73837955_rs6546857,2,rs6546857,73837955,8.702e-09,-0.0542027860143161,7,-0.6084465927784226,ENSG00000144048,DUSP11,protein_coding,57782,7,0,0,0.0,-0.0,1,0.9999956664617264,2,0
SCZ_LOC_2_73837955_rs6546857,2,rs6546857,73837955,8.702e-09,-0.0542027860143161,8,-0.7217237467417368,ENSG00000114978,MOB1A,protein_coding,340943,22,0,1,0.336610347032547,5.147258112856891,1,0.9999967837130564,3,1
SCZ_LOC_2_73837955_rs6546857,2,rs6546857,73837955,8.702e-09,-0.0542027860143161,9,-0.7838524706528243,ENSG00000116127,ALMS1,protein_coding,452197,28,0,1,0.2584896385669708,6.643810825925858,1,0.9999716826208076,3,1
SCZ_LOC_2_73837955_rs6546857,2,rs6546857,73837955,8.702e-09,-0.0542027860143161,10,-0.8500476734787029,ENSG00000187833,C2orf78,protein_coding,53772,5,0,0,0.0,-0.0,0,0.0,0,0
SCZ_LOC_2_73837955_rs6546857,2,rs6546857,73837955,8.702e-09,-0.0542027860143161,11,-0.897631713794935,ENSG00000144035,NAT8,protein_coding,195533,16,0,1,1.2763575315475464,6.528480035790456,0,0.0,0,0
SCZ_LOC_2_73837955_rs6546857,2,rs6546857,73837955,8.702e-09,-0.0542027860143161,12,-0.9552057009368023,ENSG00000065911,MTHFD2,protein_coding,348217,23,0,0,0.0,-0.0,1,0.9999931432334292,3,0
SCZ_LOC_2_73837955_rs6546857,2,rs6546857,73837955,8.702e-09,-0.0542027860143161,13,-1.0306215909252634,ENSG00000144034,TPRKB,protein_coding,100555,10,0,1,0.43804827332496643,4.920884082410135,1,0.9999865705442912,2,1
SCZ_LOC_2_73837955_rs6546857,2,rs6546857,73837955,8.702e-09,-0.0542027860143161,14,-1.086411748658666,ENSG00000163170,BOLA3,protein_coding,309957,21,0,1,0.3653656840324402,14.93267909495591,1,0.9999346607618632,4,1
SCZ_LOC_2_73837955_rs6546857,2,rs6546857,73837955,8.702e-09,-0.0542027860143161,15,-1.1545915946398577,ENSG00000188687,SLC4A5,protein_coding,505461,30,0,1,0.9146795868873596,7.313372138239268,0,0.0,0,0
SCZ_LOC_2_73837955_rs6546857,2,rs6546857,73837955,8.702e-09,-0.0542027860143161,16,-1.1816097072134613,ENSG00000217702,ENSG00000217702,lncRNA,286010,19,0,1,1.5898189544677734,53.98886682290967,0,0.0,0,0
SCZ_LOC_2_73837955_rs6546857,2,rs6546857,73837955,8.702e-09,-0.0542027860143161,17,-1.261303517091641,ENSG00000225439,BOLA3-DT,lncRNA,309089,20,0,1,0.5064306259155273,28.653040881104,0,0.0,0,0
SCZ_LOC_2_73837955_rs6546857,2,rs6546857,73837955,8.702e-09,-0.0542027860143161,18,-1.526531487723398,ENSG00000237883,DGUOK-AS1,lncRNA,148705,15,0,1,0.4715001583099365,5.638667434552963,0,0.0,0,0
SCZ_LOC_2_73837955_rs6546857,2,rs6546857,73837955,8.702e-09,-0.0542027860143161,19,-1.655529931150838,ENSG00000264324,ENSG00000264324,protein_coding,525422,31,0,0,0.0,-0.0,0,0.0,0,0
SCZ_LOC_2_73837955_rs6546857,2,rs6546857,73837955,8.702e-09,-0.0542027860143161,20,-1.68730056795403,ENSG00000310032,ENSG00000310032,lncRNA,569074,32,0,0,0.0,-0.0,0,0.0,0,0
SCZ_LOC_2_73837955_rs6546857,2,rs6546857,73837955,8.702e-09,-0.0542027860143161,21,-1.7238668487958417,ENSG00000163017,ACTG2,protein_coding,54359,6,0,0,0.0,-0.0,0,0.0,0,0
SCZ_LOC_2_73837955_rs6546857,2,rs6546857,73837955,8.702e-09,-0.0542027860143161,22,-1.7670391003505421,ENSG00000273245,ENSG00000273245,lncRNA,87169,8,0,1,0.3648071885108948,4.5026221461199665,0,0.0,0,0
SCZ_LOC_2_73837955_rs6546857,2,rs6546857,73837955,8.702e-09,-0.0542027860143161,23,-1.95599624482107,ENSG00000290727,ALMS1P1,lncRNA,197232,17,0,0,0.0,-0.0,0,0.0,0,0
SCZ_LOC_2_73837955_rs6546857,2,rs6546857,73837955,8.702e-09,-0.0542027860143161,24,-1.9976671420866914,ENSG00000204872,NAT8B,protein_coding,136615,11,0,0,0.0,-0.0,0,0.0,0,0
SCZ_LOC_2_73837955_rs6546857,2,rs6546857,73837955,8.702e-09,-0.0542027860143161,24,-1.9976671420866914,ENSG00000304628,ENSG00000304628,lncRNA,145741,12,0,0,0.0,-0.0,0,0.0,0,0
SCZ_LOC_2_73837955_rs6546857,2,rs6546857,73837955,8.702e-09,-0.0542027860143161,26,-2.038410442441953,ENSG00000235499,ENSG00000235499,lncRNA,147177,14,0,0,0.0,-0.0,0,0.0,0,0
SCZ_LOC_2_73837955_rs6546857,2,rs6546857,73837955,8.702e-09,-0.0542027860143161,27,-2.070482061692189,ENSG00000284902,ENSG00000284902,lncRNA,368430,25,0,0,0.0,-0.0,0,0.0,0,0
SCZ_LOC_2_73837955_rs6546857,2,rs6546857,73837955,8.702e-09,-0.0542027860143161,27,-2.070482061692189,ENSG00000279070,ENSG00000279070,lncRNA,360605,24,0,0,0.0,-0.0,0,0.0,0,0
SCZ_LOC_2_73837955_rs6546857,2,rs6546857,73837955,8.702e-09,-0.0542027860143161,29,-2.071027943109276,ENSG00000294996,ENSG00000294996,lncRNA,282386,18,0,0,0.0,-0.0,0,0.0,0,0
SCZ_LOC_2_73837955_rs6546857,2,rs6546857,73837955,8.702e-09,-0.0542027860143161,30,-2.089244400323456,ENSG00000230002,ALMS1-IT1,lncRNA,381191,26,0,0,0.0,-0.0,0,0.0,0,0
SCZ_LOC_2_73837955_rs6546857,2,rs6546857,73837955,8.702e-09,-0.0542027860143161,30,-2.089244400323456,ENSG00000285068,ENSG00000285068,lncRNA,452264,29,0,0,0.0,-0.0,0,0.0,0,0
SCZ_LOC_2_73837955_rs6546857,2,rs6546857,73837955,8.702e-09,-0.0542027860143161,30,-2.089244400323456,ENSG00000295621,ENSG00000295621,lncRNA,387531,27,0,0,0.0,-0.0,0,0.0,0,0
SCZ_LOC_2_97746526_rs7575796,2,rs7575796,97746526,5.307e-09,0.0988040690585806,1,0.915109606891405,ENSG00000115085,ZAP70,protein_coding,32950,1,1,1,0.6820744872093201,14.020299107325593,0,0.0,0,0
SCZ_LOC_2_97746526_rs7575796,2,rs7575796,97746526,5.307e-09,0.0988040690585806,2,-0.21647400428714159,ENSG00000075568,TMEM131,protein_coding,249422,7,0,1,1.281153678894043,4.396850793997215,1,0.9999614674840428,3,1
SCZ_LOC_2_97746526_rs7575796,2,rs7575796,97746526,5.307e-09,0.0988040690585806,3,-0.2772970202319363,ENSG00000168658,VWA3B,protein_coding,340590,10,0,1,1.061643362045288,4.632118450671849,1,0.99999697628739,25,1
SCZ_LOC_2_97746526_rs7575796,2,rs7575796,97746526,5.307e-09,0.0988040690585806,4,-0.5078363585516091,ENSG00000228486,C2orf92,protein_coding,82309,2,0,1,1.1693508625030518,7.258013364694913,0,0.0,0,0
SCZ_LOC_2_97746526_rs7575796,2,rs7575796,97746526,5.307e-09,0.0988040690585806,5,-0.5510436487060105,ENSG00000115073,ACTR1B,protein_coding,82482,3,0,1,0.5368325114250183,11.062950954061241,1,0.9999925669586354,4,1
SCZ_LOC_2_97746526_rs7575796,2,rs7575796,97746526,5.307e-09,0.0988040690585806,6,-0.5674907991383241,ENSG00000135976,ANKRD36,protein_coding,633373,19,0,1,1.2332686185836792,10.967224770499199,1,0.9999972834938872,8,1
SCZ_LOC_2_97746526_rs7575796,2,rs7575796,97746526,5.307e-09,0.0988040690585806,7,-0.6817940592974691,ENSG00000230606,APPAT,lncRNA,309129,8,0,1,1.4637956619262695,63.07222185340146,0,0.0,0,0
SCZ_LOC_2_97746526_rs7575796,2,rs7575796,97746526,5.307e-09,0.0988040690585806,8,-0.968339212790376,ENSG00000196912,ANKRD36B,protein_coding,156649,6,0,1,1.1956530809402466,20.366908006764287,1,0.9999971157525916,3,1
SCZ_LOC_2_97746526_rs7575796,2,rs7575796,97746526,5.307e-09,0.0988040690585806,9,-1.0651499598217062,ENSG00000135940,COX5B,protein_coding,100464,4,0,1,0.6821441054344177,7.496857335769546,1,0.999986077018298,2,1
SCZ_LOC_2_97746526_rs7575796,2,rs7575796,97746526,5.307e-09,0.0988040690585806,10,-1.46406039213829,ENSG00000222000,ENSG00000222000,lncRNA,609479,18,0,0,0.0,-0.0,0,0.0,0,0
SCZ_LOC_2_97746526_rs7575796,2,rs7575796,97746526,5.307e-09,0.0988040690585806,11,-1.5946827025105639,ENSG00000286036,ENSG00000286036,lncRNA,127888,5,0,0,0.0,-0.0,0,0.0,0,0
SCZ_LOC_2_97746526_rs7575796,2,rs7575796,97746526,5.307e-09,0.0988040690585806,12,-1.871843765795987,ENSG00000296263,ENSG00000296263,lncRNA,313965,9,0,0,0.0,-0.0,0,0.0,0,0
SCZ_LOC_2_97746526_rs7575796,2,rs7575796,97746526,5.307e-09,0.0988040690585806,13,-2.029738761336927,ENSG00000301791,ENSG00000301791,lncRNA,354062,12,0,0,0.0,-0.0,0,0.0,0,0
SCZ_LOC_2_97746526_rs7575796,2,rs7575796,97746526,5.307e-09,0.0988040690585806,13,-2.029738761336927,ENSG00000278766,ENSG00000278766,lncRNA,341116,11,0,0,0.0,-0.0,0,0.0,0,0
SCZ_LOC_2_97746526_rs7575796,2,rs7575796,97746526,5.307e-09,0.0988040690585806,15,-2.089244400323456,ENSG00000237837,ENSG00000237837,lncRNA,444797,15,0,0,0.0,-0.0,0,0.0,0,0
SCZ_LOC_2_97746526_rs7575796,2,rs7575796,97746526,5.307e-09,0.0988040690585806,15,-2.089244400323456,ENSG00000300949,ENSG00000300949,lncRNA,444898,16,0,0,0.0,-0.0,0,0.0,0,0
SCZ_LOC_2_97746526_rs7575796,2,rs7575796,97746526,5.307e-09,0.0988040690585806,15,-2.089244400323456,ENSG00000277701,ENSG00000277701,lncRNA,470057,17,0,0,0.0,-0.0,0,0.0,0,0
SCZ_LOC_2_97746526_rs7575796,2,rs7575796,97746526,5.307e-09,0.0988040690585806,15,-2.089244400323456,ENSG00000305674,ENSG00000305674,lncRNA,429767,14,0,0,0.0,-0.0,0,0.0,0,0
SCZ_LOC_2_97746526_rs7575796,2,rs7575796,97746526,5.307e-09,0.0988040690585806,15,-2.089244400323456,ENSG00000309695,ENSG00000309695,lncRNA,403007,13,0,0,0.0,-0.0,0,0.0,0,0
SCZ_LOC_3_107284595_rs709530,3,rs709530,107284595,2.289e-08,0.0509972505709038,1,1.2596340056377722,ENSG00000243701,DUBR,lncRNA,63851,3,0,1,0.935725212097168,8.934052222341805,1,0.9999988141993597,7,1
SCZ_LOC_3_107284595_rs709530,3,rs709530,107284595,2.289e-08,0.0509972505709038,2,0.6977365972886661,ENSG00000114439,BBX,protein_coding,238341,8,0,0,0.0,-0.0,1,0.9999983165306712,5,0
SCZ_LOC_3_107284595_rs709530,3,rs709530,107284595,2.289e-08,0.0509972505709038,3,0.49704038506010406,ENSG00000273125,LINC01990,lncRNA,110106,5,0,1,0.5520500540733337,9.709382022959398,1,0.9999982596141564,9,1
SCZ_LOC_3_107284595_rs709530,3,rs709530,107284595,2.289e-08,0.0509972505709038,4,0.48880560066643114,ENSG00000242759,LINC00882,lncRNA,43924,1,1,0,0.0,-0.0,1,0.9999966781942644,7,0
SCZ_LOC_3_107284595_rs709530,3,rs709530,107284595,2.289e-08,0.0509972505709038,5,-0.007542976189595405,ENSG00000239828,CCDC54-AS1,lncRNA,136761,6,0,1,0.5342350006103516,5.6547003298817256,0,0.0,0,0
SCZ_LOC_3_107284595_rs709530,3,rs709530,107284595,2.289e-08,0.0509972505709038,6,-0.5573425324497362,ENSG00000272597,ENSG00000272597,lncRNA,44835,2,0,1,0.9831527471542358,5.841493773815753,0,0.0,0,0
SCZ_LOC_3_107284595_rs709530,3,rs709530,107284595,2.289e-08,0.0509972505709038,7,-1.6188311481007516,ENSG00000138483,CCDC54,protein_coding,92844,4,0,0,0.0,-0.0,0,0.0,0,0
SCZ_LOC_3_107284595_rs709530,3,rs709530,107284595,2.289e-08,0.0509972505709038,8,-1.740895715960929,ENSG00000298670,ENSG00000298670,lncRNA,146170,7,0,0,0.0,-0.0,0,0.0,0,0
SCZ_LOC_3_107284595_rs709530,3,rs709530,107284595,2.289e-08,0.0509972505709038,9,-1.7597968438511047,ENSG00000286956,ENSG00000286956,lncRNA,238569,9,0,0,0.0,-0.0,0,0.0,0,0
SCZ_LOC_3_107284595_rs709530,3,rs709530,107284595,2.289e-08,0.0509972505709038,10,-1.9012811756777228,ENSG00000294889,ENSG00000294889,lncRNA,413629,10,0,0,0.0,-0.0,0,0.0,0,0
SCZ_LOC_3_136153468_rs10935184,3,rs10935184,136153468,7.934e-15,0.0608975257512388,1,1.7799388466927306,ENSG00000174579,MSL2,protein_coding,43773,1,1,1,0.6139005422592163,4.085780564203932,1,0.9999999931477436,4,1
SCZ_LOC_3_136153468_rs10935184,3,rs10935184,136153468,7.934e-15,0.0608975257512388,2,0.8231812459731105,ENSG00000073711,PPP2R3A,protein_coding,187740,4,0,1,0.3300265371799469,4.814646674351218,1,0.9999970453513104,6,1
SCZ_LOC_3_136153468_rs10935184,3,rs10935184,136153468,7.934e-15,0.0608975257512388,3,0.30190599855101224,ENSG00000118007,STAG1,protein_coding,598935,8,0,0,0.0,-0.0,1,0.9999940590103832,7,0
SCZ_LOC_3_136153468_rs10935184,3,rs10935184,136153468,7.934e-15,0.0608975257512388,4,-0.6604806594160774,ENSG00000273455,ENSG00000273455,lncRNA,65555,2,0,1,1.7663681507110596,4.440141337587618,0,0.0,0,0
SCZ_LOC_3_136153468_rs10935184,3,rs10935184,136153468,7.934e-15,0.0608975257512388,5,-0.7624025484195329,ENSG00000114054,PCCB,protein_coding,96872,3,0,1,0.9872938394546509,18.305653495856788,1,0.9999734423391876,4,1
SCZ_LOC_3_136153468_rs10935184,3,rs10935184,136153468,7.934e-15,0.0608975257512388,6,-1.5354493601382264,ENSG00000302799,ENSG00000302799,lncRNA,494865,7,0,0,0.0,-0.0,0,0.0,0,0
SCZ_LOC_3_136153468_rs10935184,3,rs10935184,136153468,7.934e-15,0.0608975257512388,7,-1.709168519381684,ENSG00000304443,ENSG00000304443,lncRNA,312822,5,0,0,0.0,-0.0,0,0.0,0,0
SCZ_LOC_3_136153468_rs10935184,3,rs10935184,136153468,7.934e-15,0.0608975257512388,8,-1.7917296738424324,ENSG00000306357,ENSG00000306357,lncRNA,401294,6,0,0,0.0,-0.0,0,0.0,0,0
SCZ_LOC_3_16868616_rs1866862,3,rs1866862,16868616,8.498e-11,-0.0499047851286405,1,0.4162281169201346,ENSG00000154822,PLCL2,protein_coding,65965,2,0,0,0.0,-0.0,0,0.0,0,0
SCZ_LOC_3_16868616_rs1866862,3,rs1866862,16868616,8.498e-11,-0.0499047851286405,1,0.4162281169201346,ENSG00000299166,ENSG00000299166,lncRNA,65436,1,1,0,0.0,-0.0,0,0.0,0,0
SCZ_LOC_3_16868616_rs1866862,3,rs1866862,16868616,8.498e-11,-0.0499047851286405,3,0.005990444193597073,ENSG00000131378,RFTN1,protein_coding,354590,12,0,0,0.0,-0.0,1,0.9999999976333352,36,0
SCZ_LOC_3_16868616_rs1866862,3,rs1866862,16868616,8.498e-11,-0.0499047851286405,4,-0.4999912327451767,ENSG00000131374,TBC1D5,protein_coding,1576201,16,0,1,0.5506687164306641,5.065983959980193,1,0.9999684439774248,2,1
SCZ_LOC_3_16868616_rs1866862,3,rs1866862,16868616,8.498e-11,-0.0499047851286405,5,-0.7679268634930843,ENSG00000288050,ENSG00000288050,lncRNA,424076,14,0,1,0.9849962592124939,6.828095399136948,0,0.0,0,0
SCZ_LOC_3_16868616_rs1866862,3,rs1866862,16868616,8.498e-11,-0.0499047851286405,6,-1.401727897449376,ENSG00000287377,ENSG00000287377,lncRNA,507268,15,0,0,0.0,-0.0,0,0.0,0,0
SCZ_LOC_3_16868616_rs1866862,3,rs1866862,16868616,8.498e-11,-0.0499047851286405,7,-1.523470687722417,ENSG00000303350,ENSG00000303350,lncRNA,103840,3,0,0,0.0,-0.0,0,0.0,0,0
SCZ_LOC_3_16868616_rs1866862,3,rs1866862,16868616,8.498e-11,-0.0499047851286405,8,-1.6770969001314477,ENSG00000226441,PLCL2-AS1,lncRNA,187529,5,0,0,0.0,-0.0,0,0.0,0,0
SCZ_LOC_3_16868616_rs1866862,3,rs1866862,16868616,8.498e-11,-0.0499047851286405,8,-1.6770969001314477,ENSG00000229271,ENSG00000229271,lncRNA,163973,4,0,0,0.0,-0.0,0,0.0,0,0
SCZ_LOC_3_16868616_rs1866862,3,rs1866862,16868616,8.498e-11,-0.0499047851286405,10,-1.693091652451384,ENSG00000092345,DAZL,protein_coding,198310,6,0,0,0.0,-0.0,0,0.0,0,0
SCZ_LOC_3_16868616_rs1866862,3,rs1866862,16868616,8.498e-11,-0.0499047851286405,11,-1.7735132166282523,ENSG00000305017,ENSG00000305017,lncRNA,246522,7,0,0,0.0,-0.0,0,0.0,0,0
SCZ_LOC_3_16868616_rs1866862,3,rs1866862,16868616,8.498e-11,-0.0499047851286405,12,-1.8825188370464556,ENSG00000233570,LINC00690,lncRNA,343845,10,0,0,0.0,-0.0,0,0.0,0,0
SCZ_LOC_3_16868616_rs1866862,3,rs1866862,16868616,8.498e-11,-0.0499047851286405,13,-1.8830647184635427,ENSG00000294551,ENSG00000294551,lncRNA,261877,8,0,0,0.0,-0.0,0,0.0,0,0
SCZ_LOC_3_16868616_rs1866862,3,rs1866862,16868616,8.498e-11,-0.0499047851286405,13,-1.8830647184635427,ENSG00000285731,ENSG00000285731,lncRNA,272234,9,0,0,0.0,-0.0,0,0.0,0,0
SCZ_LOC_3_16868616_rs1866862,3,rs1866862,16868616,8.498e-11,-0.0499047851286405,15,-2.029738761336927,ENSG00000293841,ENSG00000293841,lncRNA,345611,11,0,0,0.0,-0.0,0,0.0,0,0
SCZ_LOC_3_16868616_rs1866862,3,rs1866862,16868616,8.498e-11,-0.0499047851286405,16,-2.089244400323456,ENSG00000297918,ENSG00000297918,lncRNA,395916,13,0,0,0.0,-0.0,0,0.0,0,0
SCZ_LOC_3_36844522_rs4678552,3,rs4678552,36844522,3.192e-10,-0.0538017009683557,1,1.8447983191297719,ENSG00000168016,TRANK1,protein_coding,100535,4,0,1,0.6165340542793274,6.10751626898896,1,0.9999996866747828,10,1
SCZ_LOC_3_36844522_rs4678552,3,rs4678552,36844522,3.192e-10,-0.0538017009683557,2,-0.2195874435514127,ENSG00000093167,LRRFIP2,protein_coding,339167,10,0,1,0.6480016708374023,8.876500007190248,1,0.9999544029198276,3,1
SCZ_LOC_3_36844522_rs4678552,3,rs4678552,36844522,3.192e-10,-0.0538017009683557,3,-0.5341241295822811,ENSG00000279727,LINC02033,lncRNA,22024,1,1,0,0.0,-0.0,0,0.0,0,0
SCZ_LOC_3_36844522_rs4678552,3,rs4678552,36844522,3.192e-10,-0.0538017009683557,4,-0.6677640721433907,ENSG00000178567,EPM2AIP1,protein_coding,148609,6,0,1,0.5978215336799622,5.540922530677848,1,0.9999910507629,2,1
SCZ_LOC_3_36844522_rs4678552,3,rs4678552,36844522,3.192e-10,-0.0538017009683557,5,-0.7269210613482047,ENSG00000292977,ENSG00000292977,lncRNA,32164,2,0,0,0.0,-0.0,0,0.0,0,0
SCZ_LOC_3_36844522_rs4678552,3,rs4678552,36844522,3.192e-10,-0.0538017009683557,6,-0.8090501538317033,ENSG00000144681,STAC,protein_coding,464019,16,0,0,0.0,-0.0,1,0.9999770147239868,6,0
SCZ_LOC_3_36844522_rs4678552,3,rs4678552,36844522,3.192e-10,-0.0538017009683557,7,-0.949861746194124,ENSG00000163673,DCLK3,protein_coding,79969,3,0,1,0.1824401468038559,4.797546231183994,0,0.0,0,0
SCZ_LOC_3_36844522_rs4678552,3,rs4678552,36844522,3.192e-10,-0.0538017009683557,8,-1.0229715803232504,ENSG00000270194,GOLGA4-AS1,lncRNA,399680,15,0,1,1.2220615148544312,7.258982445764634,0,0.0,0,0
SCZ_LOC_3_36844522_rs4678552,3,rs4678552,36844522,3.192e-10,-0.0538017009683557,9,-1.0684856652666268,ENSG00000144674,GOLGA4,protein_coding,398669,14,0,1,0.25286978483200073,5.683291006912178,1,0.9999861572997594,5,1
SCZ_LOC_3_36844522_rs4678552,3,rs4678552,36844522,3.192e-10,-0.0538017009683557,10,-1.5225738279504741,ENSG00000076242,MLH1,protein_coding,148704,7,0,0,0.0,-0.0,1,0.9997980470738508,2,0
SCZ_LOC_3_36844522_rs4678552,3,rs4678552,36844522,3.192e-10,-0.0538017009683557,11,-1.5946827025105639,ENSG00000272334,ENSG00000272334,lncRNA,129150,5,0,0,0.0,-0.0,0,0.0,0,0
SCZ_LOC_3_36844522_rs4678552,3,rs4678552,36844522,3.192e-10,-0.0538017009683557,12,-1.6676326049065229,ENSG00000271993,ENSG00000271993,lncRNA,337585,9,0,1,1.4882761240005493,6.073359000671671,0,0.0,0,0
SCZ_LOC_3_36844522_rs4678552,3,rs4678552,36844522,3.192e-10,-0.0538017009683557,13,-1.8825188370464556,ENSG00000290046,ENSG00000290046,lncRNA,331841,8,0,0,0.0,-0.0,0,0.0,0,0
SCZ_LOC_3_36844522_rs4678552,3,rs4678552,36844522,3.192e-10,-0.0538017009683557,14,-2.029738761336927,ENSG00000271653,ENSG00000271653,lncRNA,372257,11,0,0,0.0,-0.0,0,0.0,0,0
SCZ_LOC_3_36844522_rs4678552,3,rs4678552,36844522,3.192e-10,-0.0538017009683557,15,-2.0485010999681936,ENSG00000298013,ENSG00000298013,lncRNA,389328,12,0,0,0.0,-0.0,0,0.0,0,0
SCZ_LOC_3_36844522_rs4678552,3,rs4678552,36844522,3.192e-10,-0.0538017009683557,16,-2.089244400323456,ENSG00000303138,ENSG00000303138,lncRNA,391163,13,0,0,0.0,-0.0,0,0.0,0,0
SCZ_LOC_3_50505395_rs2236989,3,rs2236989,50505395,4.028e-09,0.0518996105407571,1,2.2752559767657288,ENSG00000007402,CACNA2D2,protein_coding,1151,1,1,1,1.1454098224639893,5.281276164162274,1,0.999997853352396,27,1
SCZ_LOC_3_50505395_rs2236989,3,rs2236989,50505395,4.028e-09,0.0518996105407571,2,0.8265395189894431,ENSG00000114738,MAPKAPK3,protein_coding,106125,8,0,0,0.0,-0.0,1,0.9999926768073492,12,0
SCZ_LOC_3_50505395_rs2236989,3,rs2236989,50505395,4.028e-09,0.0518996105407571,3,0.6854614520821107,ENSG00000188338,SLC38A3,protein_coding,300149,37,0,1,1.0057989358901978,5.622562777808896,1,0.9999961992771926,31,1
SCZ_LOC_3_50505395_rs2236989,3,rs2236989,50505395,4.028e-09,0.0518996105407571,4,0.3520566250207125,ENSG00000088538,DOCK3,protein_coding,169532,22,0,0,0.0,-0.0,1,0.9999975856328503,11,0
SCZ_LOC_3_50505395_rs2236989,3,rs2236989,50505395,4.028e-09,0.0518996105407571,5,0.10330715232829327,ENSG00000088543,C3orf18,protein_coding,65632,6,0,1,0.5599223971366882,7.8250306697928895,1,0.9999990869079304,6,1
SCZ_LOC_3_50505395_rs2236989,3,rs2236989,50505395,4.028e-09,0.0518996105407571,6,0.039708929005113774,ENSG00000012171,SEMA3B,protein_coding,237837,32,0,0,0.0,-0.0,1,0.9999987312250376,20,0
SCZ_LOC_3_50505395_rs2236989,3,rs2236989,50505395,4.028e-09,0.0518996105407571,7,0.02959083495708364,ENSG00000114737,CISH,protein_coding,106379,9,0,1,0.8667305707931519,3.856483073605499,1,0.9999934328414848,9,1
SCZ_LOC_3_50505395_rs2236989,3,rs2236989,50505395,4.028e-09,0.0518996105407571,8,-0.10222986601771752,ENSG00000114353,GNAI2,protein_coding,279103,36,0,0,0.0,-0.0,1,0.999993008974144,15,0
SCZ_LOC_3_50505395_rs2236989,3,rs2236989,50505395,4.028e-09,0.0518996105407571,9,-0.21012076159610565,ENSG00000001617,SEMA3F,protein_coding,350350,40,0,1,0.43610572814941406,9.462421890167018,1,0.999995349933905,26,1
SCZ_LOC_3_50505395_rs2236989,3,rs2236989,50505395,4.028e-09,0.0518996105407571,10,-0.24469331462730196,ENSG00000114349,GNAT1,protein_coding,313785,38,0,0,0.0,-0.0,1,0.9999999982030272,34,0
SCZ_LOC_3_50505395_rs2236989,3,rs2236989,50505395,4.028e-09,0.0518996105407571,11,-0.28114799429921045,ENSG00000114383,TUSC2,protein_coding,177144,23,0,0,0.0,-0.0,1,0.9999895023966506,6,0
SCZ_LOC_3_50505395_rs2236989,3,rs2236989,50505395,4.028e-09,0.0518996105407571,12,-0.3459021694885363,ENSG00000307085,ENSG00000307085,lncRNA,25341,2,0,0,0.0,-0.0,0,0.0,0,0
SCZ_LOC_3_50505395_rs2236989,3,rs2236989,50505395,4.028e-09,0.0518996105407571,13,-0.4147136017796941,ENSG00000243477,NAA80,protein_coding,205979,26,0,1,0.6216896772384644,22.651673774308144,1,0.999963321230984,2,1
SCZ_LOC_3_50505395_rs2236989,3,rs2236989,50505395,4.028e-09,0.0518996105407571,14,-0.42702024262719873,ENSG00000179564,LSMEM2,protein_coding,226308,30,0,0,0.0,-0.0,1,0.9999961504906154,12,0
SCZ_LOC_3_50505395_rs2236989,3,rs2236989,50505395,4.028e-09,0.0518996105407571,15,-0.4346276952429487,ENSG00000004838,ZMYND10,protein_coding,159663,17,0,1,0.6395964622497559,3.8067463363686946,1,0.9999996266582252,8,1
SCZ_LOC_3_50505395_rs2236989,3,rs2236989,50505395,4.028e-09,0.0518996105407571,16,-0.5436649547369555,ENSG00000068028,RASSF1,protein_coding,164415,19,0,0,0.0,-0.0,1,0.9999999979448956,8,0
SCZ_LOC_3_50505395_rs2236989,3,rs2236989,50505395,4.028e-09,0.0518996105407571,17,-0.5976407006928757,ENSG00000214706,IFRD2,protein_coding,212477,29,0,0,0.0,-0.0,1,0.9999661527256568,3,0
SCZ_LOC_3_50505395_rs2236989,3,rs2236989,50505395,4.028e-09,0.0518996105407571,18,-0.7463932302848152,ENSG00000126062,TMEM115,protein_coding,145874,12,0,0,0.0,-0.0,1,0.9999898244162534,4,0
SCZ_LOC_3_50505395_rs2236989,3,rs2236989,50505395,4.028e-09,0.0518996105407571,19,-0.800787630428495,ENSG00000186792,HYAL3,protein_coding,205990,27,0,1,0.5870697498321533,48.488109647156485,1,0.9999984705529916,3,1
SCZ_LOC_3_50505395_rs2236989,3,rs2236989,50505395,4.028e-09,0.0518996105407571,20,-0.9292320973907622,ENSG00000114735,HEMK1,protein_coding,63757,5,0,1,0.8932804465293884,11.975669814663004,1,0.9999848356646708,5,1
SCZ_LOC_3_50505395_rs2236989,3,rs2236989,50505395,4.028e-09,0.0518996105407571,21,-1.1623593043259093,ENSG00000114388,NPRL2,protein_coding,154569,16,0,0,0.0,-0.0,1,0.9999397157758892,2,0
SCZ_LOC_3_50505395_rs2236989,3,rs2236989,50505395,4.028e-09,0.0518996105407571,22,-1.2906727773268332,ENSG00000302250,ENSG00000302250,lncRNA,46304,3,0,0,0.0,-0.0,0,0.0,0,0
SCZ_LOC_3_50505395_rs2236989,3,rs2236989,50505395,4.028e-09,0.0518996105407571,23,-1.298136381947924,ENSG00000004534,RBM6,protein_coding,565388,43,0,1,0.6131192445755005,52.36995490912698,1,0.9999704326041202,2,1
SCZ_LOC_3_50505395_rs2236989,3,rs2236989,50505395,4.028e-09,0.0518996105407571,24,-1.313939795726121,ENSG00000232352,SEMA3B-AS1,lncRNA,229343,31,0,1,1.4110827445983887,12.33184073822755,0,0.0,0,0
SCZ_LOC_3_50505395_rs2236989,3,rs2236989,50505395,4.028e-09,0.0518996105407571,25,-1.3494657094497167,ENSG00000114378,HYAL1,protein_coding,193014,25,0,1,0.4868870675563812,5.962571120485491,0,0.0,0,0
SCZ_LOC_3_50505395_rs2236989,3,rs2236989,50505395,4.028e-09,0.0518996105407571,26,-1.3685357988042501,ENSG00000003756,RBM5,protein_coding,416476,42,0,0,0.0,-0.0,1,0.9999956469957236,3,0
SCZ_LOC_3_50505395_rs2236989,3,rs2236989,50505395,4.028e-09,0.0518996105407571,27,-1.5600752160777829,ENSG00000114395,CYB561D2,protein_coding,154550,15,0,0,0.0,-0.0,1,0.9999227340766472,3,0
SCZ_LOC_3_50505395_rs2236989,3,rs2236989,50505395,4.028e-09,0.0518996105407571,28,-1.6600680329663602,ENSG00000307431,ENSG00000307431,lncRNA,51259,4,0,0,0.0,-0.0,0,0.0,0,0
SCZ_LOC_3_50505395_rs2236989,3,rs2236989,50505395,4.028e-09,0.0518996105407571,29,-1.6826299639302331,ENSG00000280382,ENSG00000280382,lncRNA,95802,7,0,0,0.0,-0.0,0,0.0,0,0
SCZ_LOC_3_50505395_rs2236989,3,rs2236989,50505395,4.028e-09,0.0518996105407571,30,-1.7680330201753354,ENSG00000303671,ENSG00000303671,lncRNA,134519,10,0,0,0.0,-0.0,0,0.0,0,0
SCZ_LOC_3_50505395_rs2236989,3,rs2236989,50505395,4.028e-09,0.0518996105407571,31,-1.8427915519696825,ENSG00000068001,HYAL2,protein_coding,182613,24,0,0,0.0,-0.0,1,0.9999999975845452,9,0
SCZ_LOC_3_50505395_rs2236989,3,rs2236989,50505395,4.028e-09,0.0518996105407571,32,-1.8981005781720404,ENSG00000230454,ENSG00000230454,lncRNA,245146,33,0,1,1.567073941230774,3.9329537261271925,0,0.0,0,0
SCZ_LOC_3_50505395_rs2236989,3,rs2236989,50505395,4.028e-09,0.0518996105407571,33,-1.945600623323249,ENSG00000235016,SEMA3F-AS1,lncRNA,349310,39,0,0,0.0,-0.0,0,0.0,0,0
SCZ_LOC_3_50505395_rs2236989,3,rs2236989,50505395,4.028e-09,0.0518996105407571,34,-1.9643629619545162,ENSG00000281691,RBM5-AS1,lncRNA,404407,41,0,0,0.0,-0.0,0,0.0,0,0
SCZ_LOC_3_50505395_rs2236989,3,rs2236989,50505395,4.028e-09,0.0518996105407571,35,-1.9906063789324089,ENSG00000295204,ENSG00000295204,lncRNA,206426,28,0,0,0.0,-0.0,0,0.0,0,0
SCZ_LOC_3_50505395_rs2236989,3,rs2236989,50505395,4.028e-09,0.0518996105407571,36,-1.9976671420866914,ENSG00000271858,ENSG00000271858,lncRNA,140061,11,0,0,0.0,-0.0,0,0.0,0,0
SCZ_LOC_3_50505395_rs2236989,3,rs2236989,50505395,4.028e-09,0.0518996105407571,37,-2.038410442441953,ENSG00000235058,ZMYND10-AS1,lncRNA,164289,18,0,0,0.0,-0.0,0,0.0,0,0
SCZ_LOC_3_50505395_rs2236989,3,rs2236989,50505395,4.028e-09,0.0518996105407571,37,-2.038410442441953,ENSG00000272104,ENSG00000272104,protein_coding,154503,14,0,0,0.0,-0.0,0,0.0,0,0
SCZ_LOC_3_50505395_rs2236989,3,rs2236989,50505395,4.028e-09,0.0518996105407571,37,-2.038410442441953,ENSG00000289504,ENSG00000289504,lncRNA,145884,13,0,0,0.0,-0.0,0,0.0,0,0
SCZ_LOC_3_50505395_rs2236989,3,rs2236989,50505395,4.028e-09,0.0518996105407571,37,-2.038410442441953,ENSG00000281358,RASSF1-AS1,lncRNA,167970,21,0,0,0.0,-0.0,0,0.0,0,0
SCZ_LOC_3_50505395_rs2236989,3,rs2236989,50505395,4.028e-09,0.0518996105407571,41,-2.049388979382339,ENSG00000213600,ENSG00000213600,lncRNA,265777,35,0,0,0.0,-0.0,0,0.0,0,0
SCZ_LOC_3_50505395_rs2236989,3,rs2236989,50505395,4.028e-09,0.0518996105407571,41,-2.049388979382339,ENSG00000302205,ENSG00000302205,lncRNA,245240,34,0,0,0.0,-0.0,0,0.0,0,0
SCZ_LOC_3_50505395_rs2236989,3,rs2236989,50505395,4.028e-09,0.0518996105407571,43,-2.057607132311954,ENSG00000273356,LINC02019,lncRNA,164594,20,0,1,0.3408583104610443,3.863474562117913,0,0.0,0,0
SCZ_LOC_3_52815905_rs2710323,3,rs2710323,52815905,3.175e-22,0.0716972114610293,1,0.7279705981952953,ENSG00000055955,ITIH4,protein_coding,14783,2,0,1,0.8830369114875793,32.01859481203235,0,0.0,0,0
SCZ_LOC_3_52815905_rs2710323,3,rs2710323,52815905,3.175e-22,0.0716972114610293,2,0.34367168900868406,ENSG00000114854,TNNC1,protein_coding,361864,29,0,0,0.0,-0.0,1,0.999999997968756,15,0
SCZ_LOC_3_52815905_rs2710323,3,rs2710323,52815905,3.175e-22,0.0716972114610293,3,0.2760762420636965,ENSG00000010327,STAB1,protein_coding,320567,25,0,1,0.27848246693611145,4.2939461584839345,1,0.9999983263592074,19,1
SCZ_LOC_3_52815905_rs2710323,3,rs2710323,52815905,3.175e-22,0.0716972114610293,4,0.16490369648157294,ENSG00000243696,ENSG00000243696,protein_coding,19824,4,0,0,0.0,-0.0,0,0.0,0,0
SCZ_LOC_3_52815905_rs2710323,3,rs2710323,52815905,3.175e-22,0.0716972114610293,5,-0.06927779520035979,ENSG00000114841,DNAH1,protein_coding,499586,37,0,1,0.5807207822799683,23.108175967613185,1,0.9999986340857666,30,1
SCZ_LOC_3_52815905_rs2710323,3,rs2710323,52815905,3.175e-22,0.0716972114610293,6,-0.142038797299422,ENSG00000272573,MUSTN1,protein_coding,19114,3,0,0,0.0,-0.0,1,0.9999999973941084,3,0
SCZ_LOC_3_52815905_rs2710323,3,rs2710323,52815905,3.175e-22,0.0716972114610293,7,-0.24292514995182946,ENSG00000248592,STIMATE-MUSTN1,protein_coding,81657,10,0,0,0.0,-0.0,1,0.9999987858774254,4,0
SCZ_LOC_3_52815905_rs2710323,3,rs2710323,52815905,3.175e-22,0.0716972114610293,8,-0.2502129318019425,ENSG00000163931,TKT,protein_coding,440147,35,0,1,1.1795307397842407,7.941446758073333,1,0.9999946056783244,7,1
SCZ_LOC_3_52815905_rs2710323,3,rs2710323,52815905,3.175e-22,0.0716972114610293,9,-0.294517883451127,ENSG00000239799,ITIH4-AS1,lncRNA,8030,1,1,0,0.0,-0.0,0,0.0,0,0
SCZ_LOC_3_52815905_rs2710323,3,rs2710323,52815905,3.175e-22,0.0716972114610293,10,-0.46469267291823335,ENSG00000114904,NEK4,protein_coding,44959,8,0,1,0.6776161193847656,8.230433044472068,1,0.9999559648411798,2,1
SCZ_LOC_3_52815905_rs2710323,3,rs2710323,52815905,3.175e-22,0.0716972114610293,11,-0.5404896917859326,ENSG00000162267,ITIH3,protein_coding,21137,5,0,0,0.0,-0.0,0,0.0,0,0
SCZ_LOC_3_52815905_rs2710323,3,rs2710323,52815905,3.175e-22,0.0716972114610293,12,-0.5968157607738808,ENSG00000010322,NISCH,protein_coding,360787,28,0,1,0.14196687936782837,4.101677811114965,1,0.9999629050533688,4,1
SCZ_LOC_3_52815905_rs2710323,3,rs2710323,52815905,3.175e-22,0.0716972114610293,13,-0.6650935370457752,ENSG00000114902,SPCS1,protein_coding,110950,14,0,1,0.20372316241264343,5.843200286838009,1,0.9999396169358206,2,1
SCZ_LOC_3_52815905_rs2710323,3,rs2710323,52815905,3.175e-22,0.0716972114610293,14,-0.7163868213771053,ENSG00000163939,PBRM1,protein_coding,129988,15,0,0,0.0,-0.0,1,0.9999590391972536,2,0
SCZ_LOC_3_52815905_rs2710323,3,rs2710323,52815905,3.175e-22,0.0716972114610293,15,-0.8063375067020079,ENSG00000055957,ITIH1,protein_coding,38310,7,0,0,0.0,-0.0,0,0.0,0,0
SCZ_LOC_3_52815905_rs2710323,3,rs2710323,52815905,3.175e-22,0.0716972114610293,16,-1.0118813332442165,ENSG00000213533,STIMATE,protein_coding,81643,9,0,1,0.6860363483428955,6.845799209873289,1,0.9999987858774254,4,1
SCZ_LOC_3_52815905_rs2710323,3,rs2710323,52815905,3.175e-22,0.0716972114610293,17,-1.0265534356849677,ENSG00000272886,DCP1A,protein_coding,531681,38,0,0,0.0,-0.0,1,0.9999864057572494,2,0
SCZ_LOC_3_52815905_rs2710323,3,rs2710323,52815905,3.175e-22,0.0716972114610293,18,-1.0507386958624,ENSG00000168273,UQCC5,protein_coding,281892,22,0,0,0.0,-0.0,1,0.999993152546175,3,0
SCZ_LOC_3_52815905_rs2710323,3,rs2710323,52815905,3.175e-22,0.0716972114610293,19,-1.075900279963225,ENSG00000289519,ENSG00000289519,lncRNA,84440,12,0,1,0.24505802989006042,4.319922293967987,0,0.0,0,0
SCZ_LOC_3_52815905_rs2710323,3,rs2710323,52815905,3.175e-22,0.0716972114610293,20,-1.1019361351667543,ENSG00000010318,PHF7,protein_coding,405245,33,0,1,0.9613339304924011,4.837631340575813,1,0.999978673799516,3,1
SCZ_LOC_3_52815905_rs2710323,3,rs2710323,52815905,3.175e-22,0.0716972114610293,21,-1.1206619775228557,ENSG00000168268,NT5DC2,protein_coding,280851,21,0,1,1.1454174518585205,7.420743594237279,1,0.9999999979591548,10,1
SCZ_LOC_3_52815905_rs2710323,3,rs2710323,52815905,3.175e-22,0.0716972114610293,22,-1.1620980974773991,ENSG00000163933,RFT1,protein_coding,314548,24,0,1,0.9309898018836975,55.2479147890339,1,0.999995617567111,4,1
SCZ_LOC_3_52815905_rs2710323,3,rs2710323,52815905,3.175e-22,0.0716972114610293,23,-1.1932709777873651,ENSG00000016864,GLT8D1,protein_coding,109873,13,0,1,0.2321055680513382,5.7964092277829735,1,0.9999950082150326,2,1
SCZ_LOC_3_52815905_rs2710323,3,rs2710323,52815905,3.175e-22,0.0716972114610293,24,-1.2228729568824481,ENSG00000297712,ENSG00000297712,lncRNA,37450,6,0,0,0.0,-0.0,0,0.0,0,0
SCZ_LOC_3_52815905_rs2710323,3,rs2710323,52815905,3.175e-22,0.0716972114610293,25,-1.2853906179544368,ENSG00000163938,GNL3,protein_coding,134749,16,0,1,0.608457088470459,10.084373324724414,1,0.9999236322448118,2,1
SCZ_LOC_3_52815905_rs2710323,3,rs2710323,52815905,3.175e-22,0.0716972114610293,26,-1.2988636239299227,ENSG00000163930,BAP1,protein_coding,405897,34,0,1,0.8123154640197754,5.864643764546633,1,0.9999813225245304,2,1
SCZ_LOC_3_52815905_rs2710323,3,rs2710323,52815905,3.175e-22,0.0716972114610293,27,-1.3535067155532272,ENSG00000163932,PRKCD,protein_coding,340104,26,0,1,0.8123416900634766,16.968165952938616,1,0.9999916876266484,17,1
SCZ_LOC_3_52815905_rs2710323,3,rs2710323,52815905,3.175e-22,0.0716972114610293,28,-1.523231214013823,ENSG00000163935,SFMBT1,protein_coding,230845,20,0,1,1.2407602071762085,5.160554979359809,1,0.9999994847396336,11,1
SCZ_LOC_3_52815905_rs2710323,3,rs2710323,52815905,3.175e-22,0.0716972114610293,29,-1.939401390055995,ENSG00000310446,ENSG00000310446,lncRNA,81823,11,0,0,0.0,-0.0,0,0.0,0,0
SCZ_LOC_3_52815905_rs2710323,3,rs2710323,52815905,3.175e-22,0.0716972114610293,30,-1.9477600684968392,ENSG00000272305,ENSG00000272305,protein_coding,283548,23,0,0,0.0,-0.0,0,0.0,0,0
SCZ_LOC_3_52815905_rs2710323,3,rs2710323,52815905,3.175e-22,0.0716972114610293,31,-2.038410442441953,ENSG00000296593,ENSG00000296593,lncRNA,162426,17,0,0,0.0,-0.0,0,0.0,0,0
SCZ_LOC_3_52815905_rs2710323,3,rs2710323,52815905,3.175e-22,0.0716972114610293,31,-2.038410442441953,ENSG00000296610,ENSG00000296610,lncRNA,183426,18,0,0,0.0,-0.0,0,0.0,0,0
SCZ_LOC_3_52815905_rs2710323,3,rs2710323,52815905,3.175e-22,0.0716972114610293,33,-2.0676054365965193,ENSG00000302984,ENSG00000302984,lncRNA,453998,36,0,0,0.0,-0.0,0,0.0,0,0
SCZ_LOC_3_52815905_rs2710323,3,rs2710323,52815905,3.175e-22,0.0716972114610293,34,-2.070482061692189,ENSG00000010319,SEMA3G,protein_coding,370802,30,0,0,0.0,-0.0,0,0.0,0,0
SCZ_LOC_3_52815905_rs2710323,3,rs2710323,52815905,3.175e-22,0.0716972114610293,34,-2.070482061692189,ENSG00000302934,ENSG00000302934,lncRNA,346621,27,0,0,0.0,-0.0,0,0.0,0,0
SCZ_LOC_3_52815905_rs2710323,3,rs2710323,52815905,3.175e-22,0.0716972114610293,36,-2.0821970675151693,ENSG00000305550,ENSG00000305550,lncRNA,230697,19,0,0,0.0,-0.0,0,0.0,0,0
SCZ_LOC_3_52815905_rs2710323,3,rs2710323,52815905,3.175e-22,0.0716972114610293,37,-2.089244400323456,ENSG00000308410,ENSG00000308410,lncRNA,386677,32,0,0,0.0,-0.0,0,0.0,0,0
SCZ_LOC_3_52815905_rs2710323,3,rs2710323,52815905,3.175e-22,0.0716972114610293,37,-2.089244400323456,ENSG00000286531,ENSG00000286531,lncRNA,380915,31,0,0,0.0,-0.0,0,0.0,0,0
SCZ_LOC_3_63914618_rs59971314,3,rs59971314,63914618,5.877e-09,-0.0460962958929736,1,1.1615064577124457,ENSG00000163635,ATXN7,protein_coding,51463,3,0,0,0.0,-0.0,1,0.9999819155000292,14,0
SCZ_LOC_3_63914618_rs59971314,3,rs59971314,63914618,5.877e-09,-0.0460962958929736,2,0.28540658694135096,ENSG00000163637,PRICKLE2,protein_coding,530858,19,0,0,0.0,-0.0,1,0.9999984718294443,24,0
SCZ_LOC_3_63914618_rs59971314,3,rs59971314,63914618,5.877e-09,-0.0460962958929736,3,0.24849709940476947,ENSG00000163632,C3orf49,protein_coding,95319,8,0,0,0.0,-0.0,1,0.9999917465662984,9,0
SCZ_LOC_3_63914618_rs59971314,3,rs59971314,63914618,5.877e-09,-0.0460962958929736,4,-0.00018933376954849857,ENSG00000163636,PSMD6,protein_coding,109392,11,0,1,1.0628091096878052,5.383669947899281,1,0.9999951372801978,9,1
SCZ_LOC_3_63914618_rs59971314,3,rs59971314,63914618,5.877e-09,-0.0460962958929736,5,-0.048338179909965695,ENSG00000280620,SCAANT1,lncRNA,2235,1,1,0,0.0,-0.0,0,0.0,0,0
SCZ_LOC_3_63914618_rs59971314,3,rs59971314,63914618,5.877e-09,-0.0460962958929736,6,-0.3323430635712049,ENSG00000163630,SYNPR,protein_coding,686303,20,0,1,0.6664620637893677,6.150919591311359,1,0.999999844155849,14,1
SCZ_LOC_3_63914618_rs59971314,3,rs59971314,63914618,5.877e-09,-0.0460962958929736,7,-0.5623333707865061,ENSG00000163634,THOC7,protein_coding,50750,2,0,1,0.547356367111206,20.54360745379161,1,0.9999965960997004,6,1
SCZ_LOC_3_63914618_rs59971314,3,rs59971314,63914618,5.877e-09,-0.0460962958929736,8,-0.6628275479346339,ENSG00000271843,ENSG00000271843,lncRNA,94074,7,0,1,1.0119789838790894,7.833825400544753,0,0.0,0,0
SCZ_LOC_3_63914618_rs59971314,3,rs59971314,63914618,5.877e-09,-0.0460962958929736,9,-1.2527041523298883,ENSG00000239653,PSMD6-AS2,lncRNA,89404,6,0,1,0.35227423906326294,4.9129535315580215,0,0.0,0,0
SCZ_LOC_3_63914618_rs59971314,3,rs59971314,63914618,5.877e-09,-0.0460962958929736,10,-1.6188311481007516,ENSG00000293415,ENSG00000293415,lncRNA,87173,5,0,0,0.0,-0.0,0,0.0,0,0
SCZ_LOC_3_63914618_rs59971314,3,rs59971314,63914618,5.877e-09,-0.0460962958929736,11,-1.6600680329663602,ENSG00000240549,THOC7-AS1,lncRNA,53973,4,0,0,0.0,-0.0,0,0.0,0,0
SCZ_LOC_3_63914618_rs59971314,3,rs59971314,63914618,5.877e-09,-0.0460962958929736,12,-1.7680330201753354,ENSG00000272181,ENSG00000272181,lncRNA,104890,10,0,0,0.0,-0.0,0,0.0,0,0
SCZ_LOC_3_63914618_rs59971314,3,rs59971314,63914618,5.877e-09,-0.0460962958929736,13,-1.792181465765523,ENSG00000243410,PSMD6-AS1,lncRNA,97346,9,0,0,0.0,-0.0,0,0.0,0,0
SCZ_LOC_3_63914618_rs59971314,3,rs59971314,63914618,5.877e-09,-0.0460962958929736,14,-1.9152529444658073,ENSG00000241111,PRICKLE2-AS1,lncRNA,109489,12,0,0,0.0,-0.0,0,0.0,0,0
SCZ_LOC_3_63914618_rs59971314,3,rs59971314,63914618,5.877e-09,-0.0460962958929736,15,-1.9477600684968392,ENSG00000188817,SNTN,protein_coding,261943,16,0,0,0.0,-0.0,0,0.0,0,0
SCZ_LOC_3_63914618_rs59971314,3,rs59971314,63914618,5.877e-09,-0.0460962958929736,16,-1.9906063789324089,ENSG00000241101,PRICKLE2-AS2,lncRNA,188852,14,0,0,0.0,-0.0,0,0.0,0,0
SCZ_LOC_3_63914618_rs59971314,3,rs59971314,63914618,5.877e-09,-0.0460962958929736,17,-2.038410442441953,ENSG00000307865,ENSG00000307865,lncRNA,196075,15,0,0,0.0,-0.0,0,0.0,0,0
SCZ_LOC_3_63914618_rs59971314,3,rs59971314,63914618,5.877e-09,-0.0460962958929736,17,-2.038410442441953,ENSG00000189196,LINC00994,lncRNA,172745,13,0,0,0.0,-0.0,0,0.0,0,0
SCZ_LOC_3_63914618_rs59971314,3,rs59971314,63914618,5.877e-09,-0.0460962958929736,19,-2.071027943109276,ENSG00000241359,SYNPR-AS1,lncRNA,268981,17,0,0,0.0,-0.0,0,0.0,0,0
SCZ_LOC_3_63914618_rs59971314,3,rs59971314,63914618,5.877e-09,-0.0460962958929736,19,-2.071027943109276,ENSG00000226017,PRICKLE2-AS3,lncRNA,272926,18,0,0,0.0,-0.0,0,0.0,0,0
SCZ_LOC_3_81043111_rs2578305,3,rs2578305,81043111,2.862e-09,0.0507026199737612,1,0.4162281169201346,ENSG00000243694,LINC02027,lncRNA,49341,1,1,0,0.0,-0.0,0,0.0,0,0
SCZ_LOC_3_81043111_rs2578305,3,rs2578305,81043111,2.862e-09,0.0507026199737612,2,-0.1395851295927721,ENSG00000114480,GBE1,protein_coding,718534,8,0,1,0.5947651267051697,4.925567103894896,1,0.9999862116999396,6,1
SCZ_LOC_3_81043111_rs2578305,3,rs2578305,81043111,2.862e-09,0.0507026199737612,3,-1.5018086234643104,ENSG00000242145,ENSG00000242145,lncRNA,165830,2,0,0,0.0,-0.0,0,0.0,0,0
SCZ_LOC_3_81043111_rs2578305,3,rs2578305,81043111,2.862e-09,0.0507026199737612,4,-1.581736439753113,ENSG00000300214,ENSG00000300214,lncRNA,172881,3,0,0,0.0,-0.0,0,0.0,0,0
SCZ_LOC_3_81043111_rs2578305,3,rs2578305,81043111,2.862e-09,0.0507026199737612,5,-1.586446526186333,ENSG00000241593,ENSG00000241593,lncRNA,254234,5,0,0,0.0,-0.0,0,0.0,0,0
SCZ_LOC_3_81043111_rs2578305,3,rs2578305,81043111,2.862e-09,0.0507026199737612,6,-1.6502453420158143,ENSG00000242781,LINC02050,lncRNA,278249,6,0,0,0.0,-0.0,0,0.0,0,0
SCZ_LOC_3_81043111_rs2578305,3,rs2578305,81043111,2.862e-09,0.0507026199737612,7,-1.709714400798771,ENSG00000242828,ENSG00000242828,lncRNA,254148,4,0,0,0.0,-0.0,0,0.0,0,0
SCZ_LOC_3_81043111_rs2578305,3,rs2578305,81043111,2.862e-09,0.0507026199737612,8,-1.7729673352111652,ENSG00000287053,ENSG00000287053,lncRNA,316628,7,0,0,0.0,-0.0,0,0.0,0,0
SCZ_LOC_4_143806223_rs7681616,4,rs7681616,143806223,2.703e-08,0.048904443353603,1,0.3101731299496098,ENSG00000251600,GUSBP5,lncRNA,247070,5,0,1,0.943688690662384,10.051098296686009,0,0.0,0,0
SCZ_LOC_4_143806223_rs7681616,4,rs7681616,143806223,2.703e-08,0.048904443353603,2,0.1485587834144691,ENSG00000183090,FREM3,protein_coding,105548,2,0,1,0.323074609041214,15.376116175998144,1,0.9999999958230984,7,1
SCZ_LOC_4_143806223_rs7681616,4,rs7681616,143806223,2.703e-08,0.048904443353603,3,-0.584048975400421,ENSG00000197465,GYPE,protein_coding,99340,1,1,1,0.5108940601348877,7.17061726809121,0,0.0,0,0
SCZ_LOC_4_143806223_rs7681616,4,rs7681616,143806223,2.703e-08,0.048904443353603,4,-0.5975487687978865,ENSG00000109458,GAB1,protein_coding,469347,14,0,0,0.0,-0.0,1,0.9999951281545238,9,0
SCZ_LOC_4_143806223_rs7681616,4,rs7681616,143806223,2.703e-08,0.048904443353603,5,-1.0245754478855549,ENSG00000250361,GYPB,protein_coding,213157,4,0,1,1.2206321954727173,4.400439907797841,0,0.0,0,0
SCZ_LOC_4_143806223_rs7681616,4,rs7681616,143806223,2.703e-08,0.048904443353603,6,-1.1043790508682891,ENSG00000153147,SMARCA5,protein_coding,292521,10,0,1,0.23716631531715393,5.5273122798343834,1,0.9999391725534966,3,1
SCZ_LOC_4_143806223_rs7681616,4,rs7681616,143806223,2.703e-08,0.048904443353603,7,-1.309322372939396,ENSG00000286771,ENSG00000286771,lncRNA,450429,13,0,1,0.351672887802124,7.051356908398947,0,0.0,0,0
SCZ_LOC_4_143806223_rs7681616,4,rs7681616,143806223,2.703e-08,0.048904443353603,8,-1.533932376243568,ENSG00000286055,ENSG00000286055,lncRNA,204014,3,0,0,0.0,-0.0,0,0.0,0,0
SCZ_LOC_4_143806223_rs7681616,4,rs7681616,143806223,2.703e-08,0.048904443353603,9,-1.6249680732651162,ENSG00000250969,ENSG00000250969,lncRNA,520103,15,0,0,0.0,-0.0,0,0.0,0,0
SCZ_LOC_4_143806223_rs7681616,4,rs7681616,143806223,2.703e-08,0.048904443353603,10,-1.6448548599003694,ENSG00000285783,ENSG00000285783,lncRNA,1064730,16,0,0,0.0,-0.0,0,0.0,0,0
SCZ_LOC_4_143806223_rs7681616,4,rs7681616,143806223,2.703e-08,0.048904443353603,11,-1.68730056795403,ENSG00000285713,ENSG00000285713,protein_coding,1291951,17,0,0,0.0,-0.0,0,0.0,0,0
SCZ_LOC_4_143806223_rs7681616,4,rs7681616,143806223,2.703e-08,0.048904443353603,12,-1.7735132166282523,ENSG00000293301,ENSG00000293301,lncRNA,250640,6,0,0,0.0,-0.0,0,0.0,0,0
SCZ_LOC_4_143806223_rs7681616,4,rs7681616,143806223,2.703e-08,0.048904443353603,12,-1.7735132166282523,ENSG00000299458,ENSG00000299458,lncRNA,254407,7,0,0,0.0,-0.0,0,0.0,0,0
SCZ_LOC_4_143806223_rs7681616,4,rs7681616,143806223,2.703e-08,0.048904443353603,14,-1.8830647184635427,ENSG00000298293,ENSG00000298293,lncRNA,284786,8,0,0,0.0,-0.0,0,0.0,0,0
SCZ_LOC_4_143806223_rs7681616,4,rs7681616,143806223,2.703e-08,0.048904443353603,14,-1.8830647184635427,ENSG00000245112,SMARCA5-AS1,lncRNA,291588,9,0,0,0.0,-0.0,0,0.0,0,0
SCZ_LOC_4_143806223_rs7681616,4,rs7681616,143806223,2.703e-08,0.048904443353603,16,-2.0190636900864587,ENSG00000170180,GYPA,protein_coding,334528,11,0,0,0.0,-0.0,0,0.0,0,0
SCZ_LOC_4_143806223_rs7681616,4,rs7681616,143806223,2.703e-08,0.048904443353603,17,-2.0485010999681936,ENSG00000293348,ENSG00000293348,lncRNA,381470,12,0,0,0.0,-0.0,0,0.0,0,0
SCZ_LOC_4_170322312_rs61405217,4,rs61405217,170322312,1.433e-11,0.0509972505709038,1,0.21753578083338335,ENSG00000198948,MFAP3L,protein_coding,289281,9,0,0,0.0,-0.0,1,0.9999746040876965,6,0
SCZ_LOC_4_170322312_rs61405217,4,rs61405217,170322312,1.433e-11,0.0509972505709038,2,-0.24128129157850167,ENSG00000109576,AADAT,protein_coding,230613,6,0,1,0.9761757850646973,12.406013542978704,1,0.9999798900694012,10,1
SCZ_LOC_4_170322312_rs61405217,4,rs61405217,170322312,1.433e-11,0.0509972505709038,3,-0.5341241295822811,ENSG00000251061,LINC02512,lncRNA,20777,1,1,0,0.0,-0.0,0,0.0,0,0
SCZ_LOC_4_170322312_rs61405217,4,rs61405217,170322312,1.433e-11,0.0509972505709038,4,-1.0056707169894334,ENSG00000250266,LINC01612,lncRNA,95816,4,0,0,0.0,-0.0,0,0.0,0,0
SCZ_LOC_4_170322312_rs61405217,4,rs61405217,170322312,1.433e-11,0.0509972505709038,5,-1.077331631817839,ENSG00000309161,ENSG00000309161,lncRNA,42292,2,0,0,0.0,-0.0,0,0.0,0,0
SCZ_LOC_4_170322312_rs61405217,4,rs61405217,170322312,1.433e-11,0.0509972505709038,6,-1.523470687722417,ENSG00000309142,ENSG00000309142,lncRNA,93393,3,0,0,0.0,-0.0,0,0.0,0,0
SCZ_LOC_4_170322312_rs61405217,4,rs61405217,170322312,1.433e-11,0.0509972505709038,7,-1.6502453420158143,ENSG00000296173,ENSG00000296173,lncRNA,237484,7,0,0,0.0,-0.0,0,0.0,0,0
SCZ_LOC_4_170322312_rs61405217,4,rs61405217,170322312,1.433e-11,0.0509972505709038,8,-1.6770969001314477,ENSG00000301885,ENSG00000301885,lncRNA,174866,5,0,0,0.0,-0.0,0,0.0,0,0
SCZ_LOC_4_170322312_rs61405217,4,rs61405217,170322312,1.433e-11,0.0509972505709038,9,-1.68730056795403,ENSG00000295852,ENSG00000295852,lncRNA,564297,19,0,0,0.0,-0.0,0,0.0,0,0
SCZ_LOC_4_170322312_rs61405217,4,rs61405217,170322312,1.433e-11,0.0509972505709038,10,-1.8830647184635427,ENSG00000293021,ENSG00000293021,lncRNA,282672,8,0,0,0.0,-0.0,0,0.0,0,0
SCZ_LOC_4_170322312_rs61405217,4,rs61405217,170322312,1.433e-11,0.0509972505709038,10,-1.8830647184635427,ENSG00000305757,ENSG00000305757,lncRNA,295776,10,0,0,0.0,-0.0,0,0.0,0,0
SCZ_LOC_4_170322312_rs61405217,4,rs61405217,170322312,1.433e-11,0.0509972505709038,12,-2.029738761336927,ENSG00000249955,ENSG00000249955,lncRNA,340703,11,0,0,0.0,-0.0,0,0.0,0,0
SCZ_LOC_4_170322312_rs61405217,4,rs61405217,170322312,1.433e-11,0.0509972505709038,12,-2.029738761336927,ENSG00000248319,LINC02275,lncRNA,346323,12,0,0,0.0,-0.0,0,0.0,0,0
SCZ_LOC_4_170322312_rs61405217,4,rs61405217,170322312,1.433e-11,0.0509972505709038,14,-2.070482061692189,ENSG00000251200,ENSG00000251200,lncRNA,378290,13,0,0,0.0,-0.0,0,0.0,0,0
SCZ_LOC_4_170322312_rs61405217,4,rs61405217,170322312,1.433e-11,0.0509972505709038,15,-2.089244400323456,ENSG00000288003,ENSG00000288003,lncRNA,409607,16,0,0,0.0,-0.0,0,0.0,0,0
SCZ_LOC_4_170322312_rs61405217,4,rs61405217,170322312,1.433e-11,0.0509972505709038,15,-2.089244400323456,ENSG00000287298,ENSG00000287298,lncRNA,400895,15,0,0,0.0,-0.0,0,0.0,0,0
SCZ_LOC_4_170322312_rs61405217,4,rs61405217,170322312,1.433e-11,0.0509972505709038,15,-2.089244400323456,ENSG00000287660,ENSG00000287660,lncRNA,454935,18,0,0,0.0,-0.0,0,0.0,0,0
SCZ_LOC_4_170322312_rs61405217,4,rs61405217,170322312,1.433e-11,0.0509972505709038,15,-2.089244400323456,ENSG00000289508,ENSG00000289508,lncRNA,382054,14,0,0,0.0,-0.0,0,0.0,0,0
SCZ_LOC_4_170322312_rs61405217,4,rs61405217,170322312,1.433e-11,0.0509972505709038,15,-2.089244400323456,ENSG00000250968,LINC02382,lncRNA,421507,17,0,0,0.0,-0.0,0,0.0,0,0
SCZ_LOC_4_176859758_rs4690421,4,rs4690421,176859758,6.688e-10,0.0518046636160167,1,0.19090682270006246,ENSG00000150630,VEGFC,protein_coding,66836,3,0,1,1.2728099822998047,5.259806252620317,1,0.999999997048144,6,1
SCZ_LOC_4_176859758_rs4690421,4,rs4690421,176859758,6.688e-10,0.0518046636160167,2,-0.3239699160263388,ENSG00000249458,ENSG00000249458,lncRNA,15699,1,1,0,0.0,-0.0,0,0.0,0,0
SCZ_LOC_4_176859758_rs4690421,4,rs4690421,176859758,6.688e-10,0.0518046636160167,3,-0.454000361587448,ENSG00000287544,ENSG00000287544,lncRNA,441551,9,0,0,0.0,-0.0,0,0.0,0,0
SCZ_LOC_4_176859758_rs4690421,4,rs4690421,176859758,6.688e-10,0.0518046636160167,4,-0.49750066308884416,ENSG00000250263,LINC02509,lncRNA,15897,2,0,0,0.0,-0.0,0,0.0,0,0
SCZ_LOC_4_176859758_rs4690421,4,rs4690421,176859758,6.688e-10,0.0518046636160167,5,-0.78151379387023,ENSG00000109674,NEIL3,protein_coding,450116,10,0,0,0.0,-0.0,1,0.9999868441568078,3,0
SCZ_LOC_4_176859758_rs4690421,4,rs4690421,176859758,6.688e-10,0.0518046636160167,6,-1.6188311481007516,ENSG00000302442,ENSG00000302442,lncRNA,67322,4,0,0,0.0,-0.0,0,0.0,0,0
SCZ_LOC_4_176859758_rs4690421,4,rs4690421,176859758,6.688e-10,0.0518046636160167,7,-1.6770969001314477,ENSG00000309713,ENSG00000309713,lncRNA,187903,5,0,0,0.0,-0.0,0,0.0,0,0
SCZ_LOC_4_176859758_rs4690421,4,rs4690421,176859758,6.688e-10,0.0518046636160167,8,-1.6913296150690966,ENSG00000249084,ENSG00000249084,lncRNA,497274,11,0,0,0.0,-0.0,0,0.0,0,0
SCZ_LOC_4_176859758_rs4690421,4,rs4690421,176859758,6.688e-10,0.0518046636160167,9,-1.7735132166282523,ENSG00000299495,ENSG00000299495,lncRNA,264430,7,0,0,0.0,-0.0,0,0.0,0,0
SCZ_LOC_4_176859758_rs4690421,4,rs4690421,176859758,6.688e-10,0.0518046636160167,10,-1.784682341034146,ENSG00000248388,HAFML,lncRNA,227800,6,0,0,0.0,-0.0,0,0.0,0,0
SCZ_LOC_4_176859758_rs4690421,4,rs4690421,176859758,6.688e-10,0.0518046636160167,11,-1.871843765795987,ENSG00000298014,ENSG00000298014,lncRNA,360704,8,0,0,0.0,-0.0,0,0.0,0,0
SCZ_LOC_4_706700_rs35734242,4,rs35734242,706700,2.238e-11,-0.0513985630860003,1,1.1991287157254384,ENSG00000133256,PDE6B,protein_coding,81127,11,0,1,1.0459083318710327,5.184076132799238,1,0.9999992639424268,33,1
SCZ_LOC_4_706700_rs35734242,4,rs35734242,706700,2.238e-11,-0.0513985630860003,2,0.9407185036386756,ENSG00000185619,PCGF3,protein_coding,952,1,1,1,0.8477750420570374,21.870359421180616,1,0.9999796718915596,4,1
SCZ_LOC_4_706700_rs35734242,4,rs35734242,706700,2.238e-11,-0.0513985630860003,3,0.8659909875786883,ENSG00000169026,SLC49A3,protein_coding,17429,3,0,1,0.9471004605293274,18.724564789018476,1,0.9999970936807636,23,1
SCZ_LOC_4_706700_rs35734242,4,rs35734242,706700,2.238e-11,-0.0513985630860003,4,0.32744900153166046,ENSG00000169020,ATP5ME,protein_coding,32370,5,0,1,0.21616056561470032,4.711574447898443,1,0.9999905692298626,4,1
SCZ_LOC_4_706700_rs35734242,4,rs35734242,706700,2.238e-11,-0.0513985630860003,5,0.05437337153688987,ENSG00000168993,CPLX1,protein_coding,119429,13,0,1,0.20159591734409332,7.510374735978747,1,0.999999997192393,51,1
SCZ_LOC_4_706700_rs35734242,4,rs35734242,706700,2.238e-11,-0.0513985630860003,6,-0.03130623637985589,ENSG00000127418,FGFRL1,protein_coding,303236,28,0,0,0.0,-0.0,1,0.9999999971641962,37,0
SCZ_LOC_4_706700_rs35734242,4,rs35734242,706700,2.238e-11,-0.0513985630860003,7,-0.19154167170760433,ENSG00000145214,DGKQ,protein_coding,280195,24,0,1,0.9974604845046997,8.808108724574634,1,0.999997505849932,8,1
SCZ_LOC_4_706700_rs35734242,4,rs35734242,706700,2.238e-11,-0.0513985630860003,8,-0.22251129971649675,ENSG00000127415,IDUA,protein_coding,280297,25,0,1,0.4788127541542053,5.018621906685875,1,0.9999805432785208,5,1
SCZ_LOC_4_706700_rs35734242,4,rs35734242,706700,2.238e-11,-0.0513985630860003,9,-0.49750066308884416,ENSG00000248416,ENSG00000248416,lncRNA,17334,2,0,0,0.0,-0.0,0,0.0,0,0
SCZ_LOC_4_706700_rs35734242,4,rs35734242,706700,2.238e-11,-0.0513985630860003,10,-0.6773961157919577,ENSG00000303375,ENSG00000303375,lncRNA,19246,4,0,0,0.0,-0.0,0,0.0,0,0
SCZ_LOC_4_706700_rs35734242,4,rs35734242,706700,2.238e-11,-0.0513985630860003,11,-0.7411330933845898,ENSG00000178950,GAK,protein_coding,225673,21,0,1,0.4049173891544342,5.466029842077528,1,0.9999767204503452,4,1
SCZ_LOC_4_706700_rs35734242,4,rs35734242,706700,2.238e-11,-0.0513985630860003,12,-0.8930382528037039,ENSG00000286705,ENSG00000286705,lncRNA,369214,37,0,1,0.9641598463058472,8.638459370355728,0,0.0,0,0
SCZ_LOC_4_706700_rs35734242,4,rs35734242,706700,2.238e-11,-0.0513985630860003,13,-0.9560973303435827,ENSG00000159674,SPON2,protein_coding,502262,46,0,1,1.0041477680206299,18.761144903437806,1,0.9999977393140572,19,1
SCZ_LOC_4_706700_rs35734242,4,rs35734242,706700,2.238e-11,-0.0513985630860003,14,-0.9732986391796065,ENSG00000131127,ZNF141,protein_coding,368886,36,0,1,0.6497882008552551,5.916886487303153,1,0.9999895845468152,3,1
SCZ_LOC_4_706700_rs35734242,4,rs35734242,706700,2.238e-11,-0.0513985630860003,15,-0.9819049468913531,ENSG00000283183,ENSG00000283183,lncRNA,130296,14,0,1,1.088952660560608,8.435517121311305,0,0.0,0,0
SCZ_LOC_4_706700_rs35734242,4,rs35734242,706700,2.238e-11,-0.0513985630860003,16,-1.0739972760906102,ENSG00000174227,PIGG,protein_coding,207490,19,0,1,1.3287711143493652,9.510563048579233,1,0.9999947914300468,4,1
SCZ_LOC_4_706700_rs35734242,4,rs35734242,706700,2.238e-11,-0.0513985630860003,17,-1.1898086703886528,ENSG00000182903,ZNF721,protein_coding,207544,20,0,1,1.3384841680526733,13.07412971366146,1,0.9999948078275626,4,1
SCZ_LOC_4_706700_rs35734242,4,rs35734242,706700,2.238e-11,-0.0513985630860003,18,-1.1904130766430039,ENSG00000178222,RNF212,protein_coding,406864,39,0,1,0.7888157367706299,11.981197555397879,1,0.9999999974681708,24,1
SCZ_LOC_4_706700_rs35734242,4,rs35734242,706700,2.238e-11,-0.0513985630860003,19,-1.2157391025338695,ENSG00000215375,MYL5,protein_coding,33120,6,0,1,1.821720838546753,30.52962383380523,1,0.9999999966095416,16,1
SCZ_LOC_4_706700_rs35734242,4,rs35734242,706700,2.238e-11,-0.0513985630860003,20,-1.3303819394886247,ENSG00000272927,ENSG00000272927,lncRNA,42487,7,0,0,0.0,-0.0,0,0.0,0,0
SCZ_LOC_4_706700_rs35734242,4,rs35734242,706700,2.238e-11,-0.0513985630860003,21,-1.3685049666173246,ENSG00000272885,ENSG00000272885,lncRNA,290163,27,0,1,0.8702710866928101,5.864347368941741,0,0.0,0,0
SCZ_LOC_4_706700_rs35734242,4,rs35734242,706700,2.238e-11,-0.0513985630860003,22,-1.3921409194934695,ENSG00000249592,PCGF3-AS1,lncRNA,75174,10,0,1,0.6494730710983276,5.748226971181711,0,0.0,0,0
SCZ_LOC_4_706700_rs35734242,4,rs35734242,706700,2.238e-11,-0.0513985630860003,23,-1.4146413136139604,ENSG00000307012,ENSG00000307012,lncRNA,493915,44,0,0,0.0,-0.0,0,0.0,0,0
SCZ_LOC_4_706700_rs35734242,4,rs35734242,706700,2.238e-11,-0.0513985630860003,24,-1.4480018711113452,ENSG00000273179,ENSG00000273179,lncRNA,461078,43,0,1,0.862668514251709,8.38772834562339,0,0.0,0,0
SCZ_LOC_4_706700_rs35734242,4,rs35734242,706700,2.238e-11,-0.0513985630860003,25,-1.4599145934729947,ENSG00000127419,TMEM175,protein_coding,225687,22,0,1,0.8292878866195679,16.09385092289494,1,0.9999192773615798,4,1
SCZ_LOC_4_706700_rs35734242,4,rs35734242,706700,2.238e-11,-0.0513985630860003,26,-1.4721887090586068,ENSG00000145217,SLC26A1,protein_coding,286740,26,0,1,0.8286222815513611,40.555829640948566,1,0.999999997265592,21,1
SCZ_LOC_4_706700_rs35734242,4,rs35734242,706700,2.238e-11,-0.0513985630860003,27,-1.5757143016356003,ENSG00000290382,ZNF876P,lncRNA,494122,45,0,0,0.0,-0.0,0,0.0,0,0
SCZ_LOC_4_706700_rs35734242,4,rs35734242,706700,2.238e-11,-0.0513985630860003,28,-1.825025726950345,ENSG00000242686,PDE6B-AS1,lncRNA,50487,8,0,1,1.9936926364898682,63.815813591032,0,0.0,0,0
SCZ_LOC_4_706700_rs35734242,4,rs35734242,706700,2.238e-11,-0.0513985630860003,29,-1.8334183506311317,ENSG00000272588,ENSG00000272588,lncRNA,51040,9,0,0,0.0,-0.0,0,0.0,0,0
SCZ_LOC_4_706700_rs35734242,4,rs35734242,706700,2.238e-11,-0.0513985630860003,30,-1.939401390055995,ENSG00000289983,ENSG00000289983,lncRNA,82474,12,0,0,0.0,-0.0,0,0.0,0,0
SCZ_LOC_4_706700_rs35734242,4,rs35734242,706700,2.238e-11,-0.0513985630860003,31,-1.9477600684968392,ENSG00000293360,ABCA11P,lncRNA,232571,23,0,0,0.0,-0.0,0,0.0,0,0
SCZ_LOC_4_706700_rs35734242,4,rs35734242,706700,2.238e-11,-0.0513985630860003,32,-1.95599624482107,ENSG00000273238,TMEM271,protein_coding,130405,15,0,0,0.0,-0.0,0,0.0,0,0
SCZ_LOC_4_706700_rs35734242,4,rs35734242,706700,2.238e-11,-0.0513985630860003,32,-1.95599624482107,ENSG00000260262,ENSG00000260262,lncRNA,130524,16,0,0,0.0,-0.0,0,0.0,0,0
SCZ_LOC_4_706700_rs35734242,4,rs35734242,706700,2.238e-11,-0.0513985630860003,34,-1.9643629619545162,ENSG00000186777,ZNF732,protein_coding,401226,38,0,0,0.0,-0.0,0,0.0,0,0
SCZ_LOC_4_706700_rs35734242,4,rs35734242,706700,2.238e-11,-0.0513985630860003,34,-1.9643629619545162,ENSG00000306967,ENSG00000306967,lncRNA,407432,41,0,0,0.0,-0.0,0,0.0,0,0
SCZ_LOC_4_706700_rs35734242,4,rs35734242,706700,2.238e-11,-0.0513985630860003,34,-1.9643629619545162,ENSG00000293496,ENSG00000293496,lncRNA,458519,42,0,0,0.0,-0.0,0,0.0,0,0
SCZ_LOC_4_706700_rs35734242,4,rs35734242,706700,2.238e-11,-0.0513985630860003,34,-1.9643629619545162,ENSG00000227189,ENSG00000227189,lncRNA,406912,40,0,0,0.0,-0.0,0,0.0,0,0
SCZ_LOC_4_706700_rs35734242,4,rs35734242,706700,2.238e-11,-0.0513985630860003,38,-2.038410442441953,ENSG00000286205,ENSG00000286205,lncRNA,139594,17,0,0,0.0,-0.0,0,0.0,0,0
SCZ_LOC_4_706700_rs35734242,4,rs35734242,706700,2.238e-11,-0.0513985630860003,38,-2.038410442441953,ENSG00000299406,ENSG00000299406,lncRNA,161674,18,0,0,0.0,-0.0,0,0.0,0,0
SCZ_LOC_4_706700_rs35734242,4,rs35734242,706700,2.238e-11,-0.0513985630860003,40,-2.048843097965252,ENSG00000294226,ENSG00000294226,lncRNA,349135,35,0,0,0.0,-0.0,0,0.0,0,0
SCZ_LOC_4_706700_rs35734242,4,rs35734242,706700,2.238e-11,-0.0513985630860003,40,-2.048843097965252,ENSG00000294246,ENSG00000294246,lncRNA,337017,33,0,0,0.0,-0.0,0,0.0,0,0
SCZ_LOC_4_706700_rs35734242,4,rs35734242,706700,2.238e-11,-0.0513985630860003,40,-2.048843097965252,ENSG00000294272,ENSG00000294272,lncRNA,348419,34,0,0,0.0,-0.0,0,0.0,0,0
SCZ_LOC_4_706700_rs35734242,4,rs35734242,706700,2.238e-11,-0.0513985630860003,43,-2.0598069904417207,ENSG00000281016,ENSG00000281016,lncRNA,320571,29,0,0,0.0,-0.0,0,0.0,0,0
SCZ_LOC_4_706700_rs35734242,4,rs35734242,706700,2.238e-11,-0.0513985630860003,44,-2.070482061692189,ENSG00000250259,ENSG00000250259,lncRNA,320978,30,0,0,0.0,-0.0,0,0.0,0,0
SCZ_LOC_4_706700_rs35734242,4,rs35734242,706700,2.238e-11,-0.0513985630860003,44,-2.070482061692189,ENSG00000294205,ENSG00000294205,lncRNA,327094,31,0,0,0.0,-0.0,0,0.0,0,0
SCZ_LOC_4_706700_rs35734242,4,rs35734242,706700,2.238e-11,-0.0513985630860003,44,-2.070482061692189,ENSG00000294257,ENSG00000294257,lncRNA,331154,32,0,0,0.0,-0.0,0,0.0,0,0
SCZ_LOC_5_109106862_rs12656720,5,rs12656720,109106862,1.247e-09,-0.0577032681284449,1,0.6020329438718893,ENSG00000151422,FER,protein_coding,359021,8,0,1,0.23411379754543304,5.9208379517224685,1,0.9999905322397736,2,1
SCZ_LOC_5_109106862_rs12656720,5,rs12656720,109106862,1.247e-09,-0.0577032681284449,2,-0.6381092005778687,ENSG00000249476,ENSG00000249476,lncRNA,219507,2,0,1,0.8587121963500977,9.879330699333828,0,0.0,0,0
SCZ_LOC_5_109106862_rs12656720,5,rs12656720,109106862,1.247e-09,-0.0577032681284449,3,-0.6919861313847782,ENSG00000198961,PJA2,protein_coding,303112,5,0,1,0.44848793745040894,5.21947689723269,1,0.9999893226757778,2,1
SCZ_LOC_5_109106862_rs12656720,5,rs12656720,109106862,1.247e-09,-0.0577032681284449,4,-0.8740226645984601,ENSG00000272523,LINC01023,lncRNA,378118,12,0,0,0.0,-0.0,1,0.9999969896650636,4,0
SCZ_LOC_5_109106862_rs12656720,5,rs12656720,109106862,1.247e-09,-0.0577032681284449,5,-1.3425544795484614,ENSG00000286882,ENSG00000286882,lncRNA,111528,1,1,0,0.0,-0.0,0,0.0,0,0
SCZ_LOC_5_109106862_rs12656720,5,rs12656720,109106862,1.247e-09,-0.0577032681284449,6,-1.6143539404204363,ENSG00000250383,ENSG00000250383,lncRNA,276072,3,0,0,0.0,-0.0,0,0.0,0,0
SCZ_LOC_5_109106862_rs12656720,5,rs12656720,109106862,1.247e-09,-0.0577032681284449,7,-1.660671377307403,ENSG00000299642,ENSG00000299642,lncRNA,303075,4,0,0,0.0,-0.0,0,0.0,0,0
SCZ_LOC_5_109106862_rs12656720,5,rs12656720,109106862,1.247e-09,-0.0577032681284449,8,-1.7244701931368844,ENSG00000299656,ENSG00000299656,lncRNA,303287,6,0,0,0.0,-0.0,0,0.0,0,0
SCZ_LOC_5_109106862_rs12656720,5,rs12656720,109106862,1.247e-09,-0.0577032681284449,9,-1.7729673352111652,ENSG00000295516,ENSG00000295516,lncRNA,358127,7,0,0,0.0,-0.0,0,0.0,0,0
SCZ_LOC_5_109106862_rs12656720,5,rs12656720,109106862,1.247e-09,-0.0577032681284449,10,-1.8825188370464556,ENSG00000248876,ENSG00000248876,lncRNA,363981,10,0,0,0.0,-0.0,0,0.0,0,0
SCZ_LOC_5_109106862_rs12656720,5,rs12656720,109106862,1.247e-09,-0.0577032681284449,10,-1.8825188370464556,ENSG00000251367,ENSG00000251367,lncRNA,360491,9,0,0,0.0,-0.0,0,0.0,0,0
SCZ_LOC_5_109106862_rs12656720,5,rs12656720,109106862,1.247e-09,-0.0577032681284449,12,-2.029738761336927,ENSG00000308934,ENSG00000308934,lncRNA,371040,11,0,0,0.0,-0.0,0,0.0,0,0
SCZ_LOC_5_109106862_rs12656720,5,rs12656720,109106862,1.247e-09,-0.0577032681284449,13,-2.089244400323456,ENSG00000248440,ENSG00000248440,lncRNA,391015,14,0,0,0.0,-0.0,0,0.0,0,0
SCZ_LOC_5_109106862_rs12656720,5,rs12656720,109106862,1.247e-09,-0.0577032681284449,13,-2.089244400323456,ENSG00000293711,ENSG00000293711,lncRNA,420463,15,0,0,0.0,-0.0,0,0.0,0,0
SCZ_LOC_5_109106862_rs12656720,5,rs12656720,109106862,1.247e-09,-0.0577032681284449,13,-2.089244400323456,ENSG00000289260,ENSG00000289260,lncRNA,379168,13,0,0,0.0,-0.0,0,0.0,0,0
SCZ_LOC_5_137882698_rs187653,5,rs187653,137882698,1.729e-11,0.0524026787930484,1,0.6646142576901404,ENSG00000078795,PKD2L2,protein_coding,5270,1,1,0,0.0,-0.0,1,0.999998024453629,4,0
SCZ_LOC_5_137882698_rs187653,5,rs187653,137882698,1.729e-11,0.0524026787930484,2,0.6420286250252769,ENSG00000250159,PKD2L2-DT,lncRNA,6736,2,0,0,0.0,-0.0,0,0.0,0,0
SCZ_LOC_5_137882698_rs187653,5,rs187653,137882698,1.729e-11,0.0524026787930484,3,0.3715911637031107,ENSG00000120729,MYOT,protein_coding,14840,3,0,0,0.0,-0.0,0,0.0,0,0
SCZ_LOC_5_137882698_rs187653,5,rs187653,137882698,1.729e-11,0.0524026787930484,4,-0.19534120044234074,ENSG00000270697,ENSG00000270697,lncRNA,121152,5,0,1,0.6286773681640625,5.14094673550251,0,0.0,0,0
SCZ_LOC_5_137882698_rs187653,5,rs187653,137882698,1.729e-11,0.0524026787930484,5,-0.30405499685679876,ENSG00000146021,KLHL3,protein_coding,146609,9,0,1,1.2491406202316284,5.669381470295462,1,0.9999858103136234,11,1
SCZ_LOC_5_137882698_rs187653,5,rs187653,137882698,1.729e-11,0.0524026787930484,6,-0.3126461288626922,ENSG00000152377,SPOCK1,protein_coding,284319,17,0,1,0.46996089816093445,4.497814449588532,1,0.9999991043746354,16,1
SCZ_LOC_5_137882698_rs187653,5,rs187653,137882698,1.729e-11,0.0524026787930484,7,-0.39778174158090773,ENSG00000031003,FAM13B,protein_coding,169263,13,0,0,0.0,-0.0,1,0.9999921013597264,5,0
SCZ_LOC_5_137882698_rs187653,5,rs187653,137882698,1.729e-11,0.0524026787930484,8,-0.422201858613846,ENSG00000177733,HNRNPA0,protein_coding,128335,8,0,0,0.0,-0.0,1,0.999957149449295,2,0
SCZ_LOC_5_137882698_rs187653,5,rs187653,137882698,1.729e-11,0.0524026787930484,9,-0.4445983965264853,ENSG00000146013,GFRA3,protein_coding,391923,21,0,0,0.0,-0.0,1,0.9999963943190469,7,0
SCZ_LOC_5_137882698_rs187653,5,rs187653,137882698,1.729e-11,0.0524026787930484,10,-0.8500476734787029,ENSG00000293504,NPY6R,lncRNA,81506,4,0,0,0.0,-0.0,0,0.0,0,0
SCZ_LOC_5_137882698_rs187653,5,rs187653,137882698,1.729e-11,0.0524026787930484,11,-0.8566074187461801,ENSG00000120733,KDM3B,protein_coding,469987,25,0,1,0.16156788170337677,5.67873529147657,1,0.999983739625103,7,1
SCZ_LOC_5_137882698_rs187653,5,rs187653,137882698,1.729e-11,0.0524026787930484,12,-0.9250287907105087,ENSG00000112984,KIF20A,protein_coding,296021,18,0,0,0.0,-0.0,1,0.9999901968551768,3,0
SCZ_LOC_5_137882698_rs187653,5,rs187653,137882698,1.729e-11,0.0524026787930484,13,-0.9618423507223411,ENSG00000112983,BRD8,protein_coding,296255,19,0,0,0.0,-0.0,1,0.9999868059374624,3,0
SCZ_LOC_5_137882698_rs187653,5,rs187653,137882698,1.729e-11,0.0524026787930484,14,-1.0553947325242465,ENSG00000158402,CDC25C,protein_coding,455657,23,0,0,0.0,-0.0,1,0.9999879393158017,2,0
SCZ_LOC_5_137882698_rs187653,5,rs187653,137882698,1.729e-11,0.0524026787930484,15,-1.1181246115979537,ENSG00000094880,CDC23,protein_coding,330645,20,0,0,0.0,-0.0,1,0.9999907575610044,2,0
SCZ_LOC_5_137882698_rs187653,5,rs187653,137882698,1.729e-11,0.0524026787930484,16,-1.262242839985894,ENSG00000120709,FAM53C,protein_coding,449237,22,0,1,0.20349660515785217,6.176098648114994,1,0.9999724928135466,2,1
SCZ_LOC_5_137882698_rs187653,5,rs187653,137882698,1.729e-11,0.0524026787930484,17,-1.5470448828469332,ENSG00000061492,WNT8A,protein_coding,201292,14,0,1,0.8132190704345703,5.861632892080579,0,0.0,0,0
SCZ_LOC_5_137882698_rs187653,5,rs187653,137882698,1.729e-11,0.0524026787930484,18,-1.5953680056071486,ENSG00000112981,NME5,protein_coding,256745,16,0,1,1.6108782291412354,37.87518029219959,1,0.9999997827431878,5,1
SCZ_LOC_5_137882698_rs187653,5,rs187653,137882698,1.729e-11,0.0524026787930484,19,-1.6584815183400454,ENSG00000293261,ENSG00000293261,lncRNA,121958,6,0,0,0.0,-0.0,0,0.0,0,0
SCZ_LOC_5_137882698_rs187653,5,rs187653,137882698,1.729e-11,0.0524026787930484,19,-1.6584815183400454,ENSG00000295236,ENSG00000295236,lncRNA,128209,7,0,0,0.0,-0.0,0,0.0,0,0
SCZ_LOC_5_137882698_rs187653,5,rs187653,137882698,1.729e-11,0.0524026787930484,21,-1.8504472177962195,ENSG00000246323,FAM13B-AS1,lncRNA,150070,10,0,0,0.0,-0.0,0,0.0,0,0
SCZ_LOC_5_137882698_rs187653,5,rs187653,137882698,1.729e-11,0.0524026787930484,22,-1.9976671420866914,ENSG00000250260,ENSG00000250260,lncRNA,156501,12,0,0,0.0,-0.0,0,0.0,0,0
SCZ_LOC_5_137882698_rs187653,5,rs187653,137882698,1.729e-11,0.0524026787930484,22,-1.9976671420866914,ENSG00000296794,ENSG00000296794,lncRNA,150464,11,0,0,0.0,-0.0,0,0.0,0,0
SCZ_LOC_5_137882698_rs187653,5,rs187653,137882698,1.729e-11,0.0524026787930484,24,-2.038410442441953,ENSG00000295218,ENSG00000295218,lncRNA,203612,15,0,0,0.0,-0.0,0,0.0,0,0
SCZ_LOC_5_137882698_rs187653,5,rs187653,137882698,1.729e-11,0.0524026787930484,25,-2.089244400323456,ENSG00000249971,ENSG00000249971,lncRNA,466943,24,0,0,0.0,-0.0,0,0.0,0,0
SCZ_LOC_5_139065988_rs9687282,5,rs9687282,139065988,7.338e-09,-0.0475948788076838,1,0.9897497661206088,ENSG00000120725,SIL1,protein_coding,227569,5,0,1,0.44527730345726013,13.657621825599083,1,0.9999951373140707,6,1
SCZ_LOC_5_139065988_rs9687282,5,rs9687282,139065988,7.338e-09,-0.0475948788076838,2,0.5349553894087719,ENSG00000015479,MATR3,protein_coding,227686,6,0,1,0.8620995283126831,5.185575201939195,1,0.999996395807601,12,1
SCZ_LOC_5_139065988_rs9687282,5,rs9687282,139065988,7.338e-09,-0.0475948788076838,3,0.21243968007455516,ENSG00000146006,LRRTM2,protein_coding,190620,2,0,1,1.50611412525177,6.6866774082388885,1,0.9999975912545987,15,1
SCZ_LOC_5_139065988_rs9687282,5,rs9687282,139065988,7.338e-09,-0.0475948788076838,4,0.19804085312141456,ENSG00000281398,SNHG4,lncRNA,208114,4,0,1,1.305112361907959,5.026402930974358,1,0.999996395807601,12,1
SCZ_LOC_5_139065988_rs9687282,5,rs9687282,139065988,7.338e-09,-0.0475948788076838,5,0.003473377924521431,ENSG00000131508,UBE2D2,protein_coding,460443,22,0,1,0.16005247831344604,4.327897661183298,1,0.9999557495152642,3,1
SCZ_LOC_5_139065988_rs9687282,5,rs9687282,139065988,7.338e-09,-0.0475948788076838,6,-0.29802578530381657,ENSG00000120727,PAIP2,protein_coding,275599,7,0,0,0.0,-0.0,1,0.9999903219845784,4,0
SCZ_LOC_5_139065988_rs9687282,5,rs9687282,139065988,7.338e-09,-0.0475948788076838,7,-0.43373960218337143,ENSG00000228672,PROB1,protein_coding,329116,13,0,1,0.4685106575489044,22.915020917413507,1,0.999999215082526,8,1
SCZ_LOC_5_139065988_rs9687282,5,rs9687282,139065988,7.338e-09,-0.0475948788076838,8,-0.4725742215436542,ENSG00000249593,ENSG00000249593,lncRNA,54995,1,1,0,0.0,-0.0,0,0.0,0,0
SCZ_LOC_5_139065988_rs9687282,5,rs9687282,139065988,7.338e-09,-0.0475948788076838,9,-0.5612424784415392,ENSG00000170464,DNAJC18,protein_coding,378503,15,0,1,0.22082875669002533,9.471614363562313,1,0.999996636747728,5,1
SCZ_LOC_5_139065988_rs9687282,5,rs9687282,139065988,7.338e-09,-0.0475948788076838,10,-0.591203781451471,ENSG00000044115,CTNNA1,protein_coding,455021,21,0,1,0.7549935579299927,5.802866524754996,1,0.9999914329501768,7,1
SCZ_LOC_5_139065988_rs9687282,5,rs9687282,139065988,7.338e-09,-0.0475948788076838,11,-0.7290642597948259,ENSG00000113013,HSPA9,protein_coding,490313,24,0,1,1.0042431354522705,4.936109164112135,1,0.9999907450876552,3,1
SCZ_LOC_5_139065988_rs9687282,5,rs9687282,139065988,7.338e-09,-0.0475948788076838,12,-0.7494223492586456,ENSG00000184584,STING1,protein_coding,416947,19,0,1,0.6620144844055176,8.426377185765812,1,0.9999999964095851,8,1
SCZ_LOC_5_139065988_rs9687282,5,rs9687282,139065988,7.338e-09,-0.0475948788076838,13,-1.1057732883060594,ENSG00000170469,SPATA24,protein_coding,338101,14,0,0,0.0,-0.0,1,0.999976407012438,4,0
SCZ_LOC_5_139065988_rs9687282,5,rs9687282,139065988,7.338e-09,-0.0475948788076838,14,-1.3530314822778897,ENSG00000253404,CTNNA1-AS1,lncRNA,312374,9,0,1,1.3472881317138672,33.61537170338282,0,0.0,0,0
SCZ_LOC_5_139065988_rs9687282,5,rs9687282,139065988,7.338e-09,-0.0475948788076838,15,-1.6249680732651162,ENSG00000299264,ENSG00000299264,lncRNA,522747,25,0,0,0.0,-0.0,0,0.0,0,0
SCZ_LOC_5_139065988_rs9687282,5,rs9687282,139065988,7.338e-09,-0.0475948788076838,16,-1.62552306482633,ENSG00000280987,MATR3,protein_coding,207764,3,0,0,0.0,-0.0,0,0.0,0,0
SCZ_LOC_5_139065988_rs9687282,5,rs9687282,139065988,7.338e-09,-0.0475948788076838,17,-1.8340216949721748,ENSG00000272742,ENSG00000272742,lncRNA,303729,8,0,0,0.0,-0.0,0,0.0,0,0
SCZ_LOC_5_139065988_rs9687282,5,rs9687282,139065988,7.338e-09,-0.0475948788076838,18,-1.871843765795987,ENSG00000170482,SLC23A1,protein_coding,318565,10,0,0,0.0,-0.0,0,0.0,0,0
SCZ_LOC_5_139065988_rs9687282,5,rs9687282,139065988,7.338e-09,-0.0475948788076838,19,-2.029738761336927,ENSG00000170476,MZB1,protein_coding,324093,12,0,0,0.0,-0.0,0,0.0,0,0
SCZ_LOC_5_139065988_rs9687282,5,rs9687282,139065988,7.338e-09,-0.0475948788076838,19,-2.029738761336927,ENSG00000302512,ENSG00000302512,lncRNA,322477,11,0,0,0.0,-0.0,0,0.0,0,0
SCZ_LOC_5_139065988_rs9687282,5,rs9687282,139065988,7.338e-09,-0.0475948788076838,21,-2.089244400323456,ENSG00000279686,ENSG00000279686,protein_coding,396719,16,0,0,0.0,-0.0,0,0.0,0,0
SCZ_LOC_5_139065988_rs9687282,5,rs9687282,139065988,7.338e-09,-0.0475948788076838,21,-2.089244400323456,ENSG00000249751,ECSCR,protein_coding,396755,17,0,0,0.0,-0.0,0,0.0,0,0
SCZ_LOC_5_139065988_rs9687282,5,rs9687282,139065988,7.338e-09,-0.0475948788076838,21,-2.089244400323456,ENSG00000283288,SMIM33,protein_coding,405016,18,0,0,0.0,-0.0,0,0.0,0,0
SCZ_LOC_5_139065988_rs9687282,5,rs9687282,139065988,7.338e-09,-0.0475948788076838,21,-2.089244400323456,ENSG00000286403,ENSG00000286403,lncRNA,437254,20,0,0,0.0,-0.0,0,0.0,0,0
SCZ_LOC_5_139065988_rs9687282,5,rs9687282,139065988,7.338e-09,-0.0475948788076838,21,-2.089244400323456,ENSG00000298624,ENSG00000298624,lncRNA,484552,23,0,0,0.0,-0.0,0,0.0,0,0
SCZ_LOC_5_140333952_rs246024,5,rs246024,140333952,3.536e-09,0.0437010460710946,1,2.2343697739798776,ENSG00000113070,HBEGF,protein_coding,12651,1,1,0,0.0,-0.0,1,0.9999951419727228,10,0
SCZ_LOC_5_140333952_rs246024,5,rs246024,140333952,3.536e-09,0.0437010460710946,2,0.3497596623843662,ENSG00000113068,PFDN1,protein_coding,30839,4,0,1,0.14567366242408752,4.394463334655528,1,0.9999880837710466,5,1
SCZ_LOC_5_140333952_rs246024,5,rs246024,140333952,3.536e-09,0.0437010460710946,3,0.0022649661375386577,ENSG00000113119,TMCO6,protein_coding,305483,27,0,1,0.23416045308113098,4.327251896959405,1,0.9999982117686532,3,1
SCZ_LOC_5_140333952_rs246024,5,rs246024,140333952,3.536e-09,0.0437010460710946,4,-0.3459021694885363,ENSG00000253965,ENSG00000253965,lncRNA,23842,2,0,0,0.0,-0.0,0,0.0,0,0
SCZ_LOC_5_140333952_rs246024,5,rs246024,140333952,3.536e-09,0.0437010460710946,5,-0.4279412546212986,ENSG00000113073,SLC4A9,protein_coding,26242,3,0,1,1.01152765750885,4.2233928050906915,0,0.0,0,0
SCZ_LOC_5_140333952_rs246024,5,rs246024,140333952,3.536e-09,0.0437010460710946,6,-0.4418500156101843,ENSG00000170445,HARS1,protein_coding,357585,33,0,1,0.30252841114997864,8.210888397119131,1,0.9999463707430308,2,1
SCZ_LOC_5_140333952_rs246024,5,rs246024,140333952,3.536e-09,0.0437010460710946,7,-0.44532432897755736,ENSG00000254996,ANKHD1-EIF4EBP3,protein_coding,67956,8,0,0,0.0,-0.0,1,0.9999946225051456,3,0
SCZ_LOC_5_140333952_rs246024,5,rs246024,140333952,3.536e-09,0.0437010460710946,8,-0.5098200372599191,ENSG00000158458,NRG2,protein_coding,290653,25,0,0,0.0,-0.0,1,0.9999957482270933,10,0
SCZ_LOC_5_140333952_rs246024,5,rs246024,140333952,3.536e-09,0.0437010460710946,9,-0.5323542690683298,ENSG00000146007,ZMAT2,protein_coding,364728,34,0,1,0.1631046086549759,16.168575640593133,1,0.9999972389537438,3,1
SCZ_LOC_5_140333952_rs246024,5,rs246024,140333952,3.536e-09,0.0437010460710946,10,-0.5467770916838492,ENSG00000120306,CYSTM1,protein_coding,158796,10,0,1,0.33980920910835266,19.652552730703373,1,0.9999990781527476,7,1
SCZ_LOC_5_140333952_rs246024,5,rs246024,140333952,3.536e-09,0.0437010460710946,11,-0.6477701155195251,ENSG00000185129,PURA,protein_coding,226175,18,0,0,0.0,-0.0,1,0.9999958781758193,7,0
SCZ_LOC_5_140333952_rs246024,5,rs246024,140333952,3.536e-09,0.0437010460710946,12,-0.6916268332382242,ENSG00000204969,PCDHA2,protein_coding,460900,39,0,1,0.3537764251232147,5.315102731724695,1,0.9999990266257666,3,1
SCZ_LOC_5_140333952_rs246024,5,rs246024,140333952,3.536e-09,0.0437010460710946,13,-0.7242758976151266,ENSG00000204970,PCDHA1,protein_coding,452184,38,0,0,0.0,-0.0,1,0.9999984289567384,2,0
SCZ_LOC_5_140333952_rs246024,5,rs246024,140333952,3.536e-09,0.0437010460710946,14,-0.7567999919599061,ENSG00000176087,SLC35A4,protein_coding,230867,21,0,1,0.45560312271118164,5.483069661873944,1,0.9999942135217436,2,1
SCZ_LOC_5_140333952_rs246024,5,rs246024,140333952,3.536e-09,0.0437010460710946,15,-0.7791044487583768,ENSG00000131495,NDUFA2,protein_coding,313819,29,0,1,0.5321736931800842,5.527156402684752,1,0.9999836163340924,2,1
SCZ_LOC_5_140333952_rs246024,5,rs246024,140333952,3.536e-09,0.0437010460710946,16,-0.8165440511634564,ENSG00000131503,ANKHD1,protein_coding,67862,7,0,1,0.9487371444702148,5.50926903022143,1,0.9999946225051456,3,1
SCZ_LOC_5_140333952_rs246024,5,rs246024,140333952,3.536e-09,0.0437010460710946,17,-0.8168278990307123,ENSG00000120314,WDR55,protein_coding,330916,30,0,1,1.6203540563583374,8.2121772187732,1,0.9999351656763849,2,1
SCZ_LOC_5_140333952_rs246024,5,rs246024,140333952,3.536e-09,0.0437010460710946,18,-0.9138464893081847,ENSG00000249637,ANKHD1-DT,lncRNA,67754,6,0,0,0.0,-0.0,0,0.0,0,0
SCZ_LOC_5_140333952_rs246024,5,rs246024,140333952,3.536e-09,0.0437010460710946,19,-0.9439843823533132,ENSG00000256453,DND1,protein_coding,339624,31,0,0,0.0,-0.0,1,0.9999871359253838,1,0
SCZ_LOC_5_140333952_rs246024,5,rs246024,140333952,3.536e-09,0.0437010460710946,20,-1.0334903960585495,ENSG00000204965,PCDHA5,protein_coding,487652,43,0,1,0.8340799808502197,4.3789378081758015,1,0.999999995771516,6,1
SCZ_LOC_5_140333952_rs246024,5,rs246024,140333952,3.536e-09,0.0437010460710946,21,-1.06590703302693,ENSG00000081842,PCDHA6,protein_coding,494006,44,0,1,0.720405638217926,7.6016164574012945,1,0.9999995784183984,2,1
SCZ_LOC_5_140333952_rs246024,5,rs246024,140333952,3.536e-09,0.0437010460710946,22,-1.093045834757878,ENSG00000279726,ENSG00000279726,lncRNA,494597,45,0,1,1.38345468044281,4.464490553266731,0,0.0,0,0
SCZ_LOC_5_140333952_rs246024,5,rs246024,140333952,3.536e-09,0.0437010460710946,23,-1.1060082110976455,ENSG00000113108,APBB3,protein_coding,230829,20,0,0,0.0,-0.0,1,0.9999890571825306,2,0
SCZ_LOC_5_140333952_rs246024,5,rs246024,140333952,3.536e-09,0.0437010460710946,24,-1.13313639669402,ENSG00000112855,HARS2,protein_coding,357478,32,0,0,0.0,-0.0,1,0.9999941428271738,2,0
SCZ_LOC_5_140333952_rs246024,5,rs246024,140333952,3.536e-09,0.0437010460710946,25,-1.1405782242814375,ENSG00000146005,PSD2,protein_coding,538144,46,0,1,0.20891058444976807,9.236833385318219,1,0.9999942808396642,45,1
SCZ_LOC_5_140333952_rs246024,5,rs246024,140333952,3.536e-09,0.0437010460710946,26,-1.2594227753552125,ENSG00000113141,IK,protein_coding,313106,28,0,1,1.2931429147720337,8.766744234812046,1,0.9999933053193542,2,1
SCZ_LOC_5_140333952_rs246024,5,rs246024,140333952,3.536e-09,0.0437010460710946,27,-1.3388583718882932,ENSG00000255408,PCDHA3,protein_coding,467076,40,0,1,1.0551780462265015,4.5101076516322625,1,0.999996614037004,6,1
SCZ_LOC_5_140333952_rs246024,5,rs246024,140333952,3.536e-09,0.0437010460710946,28,-1.344185719742946,ENSG00000170458,CD14,protein_coding,299748,26,0,1,0.2776491940021515,8.83977281679143,0,0.0,0,0
SCZ_LOC_5_140333952_rs246024,5,rs246024,140333952,3.536e-09,0.0437010460710946,29,-1.372251801286703,ENSG00000245146,MALINC1,lncRNA,219237,15,0,1,0.5854013562202454,4.377161134541889,0,0.0,0,0
SCZ_LOC_5_140333952_rs246024,5,rs246024,140333952,3.536e-09,0.0437010460710946,30,-1.4673532418236457,ENSG00000204967,PCDHA4,protein_coding,473085,41,0,1,0.7024139165878296,4.589506002517896,1,0.9999981337569408,3,1
SCZ_LOC_5_140333952_rs246024,5,rs246024,140333952,3.536e-09,0.0437010460710946,31,-1.559491331404944,ENSG00000243056,EIF4EBP3,protein_coding,213710,14,0,1,0.6675313115119934,9.751675236137112,1,0.9999958458666388,4,1
SCZ_LOC_5_140333952_rs246024,5,rs246024,140333952,3.536e-09,0.0437010460710946,32,-1.6188311481007516,ENSG00000302458,ENSG00000302458,lncRNA,66586,5,0,0,0.0,-0.0,0,0.0,0,0
SCZ_LOC_5_140333952_rs246024,5,rs246024,140333952,3.536e-09,0.0437010460710946,33,-1.7680330201753354,ENSG00000250069,ENSG00000250069,lncRNA,133789,9,0,0,0.0,-0.0,0,0.0,0,0
SCZ_LOC_5_140333952_rs246024,5,rs246024,140333952,3.536e-09,0.0437010460710946,34,-1.8763130568979207,ENSG00000213523,SRA1,protein_coding,223725,17,0,1,0.45798492431640625,18.80301780356333,1,0.9999999969496076,6,1
SCZ_LOC_5_140333952_rs246024,5,rs246024,140333952,3.536e-09,0.0437010460710946,35,-1.9477600684968392,ENSG00000283155,ENSG00000283155,lncRNA,258171,22,0,0,0.0,-0.0,0,0.0,0,0
SCZ_LOC_5_140333952_rs246024,5,rs246024,140333952,3.536e-09,0.0437010460710946,36,-1.9643629619545162,ENSG00000250692,ENSG00000250692,lncRNA,485662,42,0,0,0.0,-0.0,0,0.0,0,0
SCZ_LOC_5_140333952_rs246024,5,rs246024,140333952,3.536e-09,0.0437010460710946,37,-1.9976671420866914,ENSG00000254363,ENSG00000254363,lncRNA,176657,12,0,0,0.0,-0.0,0,0.0,0,0
SCZ_LOC_5_140333952_rs246024,5,rs246024,140333952,3.536e-09,0.0437010460710946,37,-1.9976671420866914,ENSG00000293900,ENSG00000293900,lncRNA,176472,11,0,0,0.0,-0.0,0,0.0,0,0
SCZ_LOC_5_140333952_rs246024,5,rs246024,140333952,3.536e-09,0.0437010460710946,39,-2.010846712006101,ENSG00000309010,ENSG00000309010,lncRNA,403909,37,0,0,0.0,-0.0,0,0.0,0,0
SCZ_LOC_5_140333952_rs246024,5,rs246024,140333952,3.536e-09,0.0437010460710946,40,-2.0191663195149436,ENSG00000293441,ENSG00000293441,lncRNA,261117,23,0,0,0.0,-0.0,0,0.0,0,0
SCZ_LOC_5_140333952_rs246024,5,rs246024,140333952,3.536e-09,0.0437010460710946,41,-2.048843097965252,ENSG00000303096,ENSG00000303096,lncRNA,377262,35,0,0,0.0,-0.0,0,0.0,0,0
SCZ_LOC_5_140333952_rs246024,5,rs246024,140333952,3.536e-09,0.0437010460710946,42,-2.0676054365965193,ENSG00000292256,ENSG00000292256,lncRNA,377263,36,0,0,0.0,-0.0,0,0.0,0,0
SCZ_LOC_5_140333952_rs246024,5,rs246024,140333952,3.536e-09,0.0437010460710946,43,-2.071027943109276,ENSG00000306175,ENSG00000306175,lncRNA,275403,24,0,0,0.0,-0.0,0,0.0,0,0
SCZ_LOC_5_140333952_rs246024,5,rs246024,140333952,3.536e-09,0.0437010460710946,44,-2.0821970675151693,ENSG00000182700,IGIP,protein_coding,208015,13,0,0,0.0,-0.0,0,0.0,0,0
SCZ_LOC_5_140333952_rs246024,5,rs246024,140333952,3.536e-09,0.0437010460710946,44,-2.0821970675151693,ENSG00000293600,ENSG00000293600,protein_coding,230494,19,0,0,0.0,-0.0,0,0.0,0,0
SCZ_LOC_5_140333952_rs246024,5,rs246024,140333952,3.536e-09,0.0437010460710946,44,-2.0821970675151693,ENSG00000298741,ENSG00000298741,lncRNA,223563,16,0,0,0.0,-0.0,0,0.0,0,0
SCZ_LOC_5_153471737_rs707183,5,rs707183,153471737,3.086e-08,-0.0418954871740363,1,1.4592984357498284,ENSG00000155511,GRIA1,protein_coding,17878,1,1,0,0.0,-0.0,1,0.9999942014267216,15,0
SCZ_LOC_5_153471737_rs707183,5,rs707183,153471737,3.086e-08,-0.0418954871740363,2,-1.4193944258434268,ENSG00000310234,ENSG00000310234,lncRNA,121420,2,0,0,0.0,-0.0,0,0.0,0,0
SCZ_LOC_5_153471737_rs707183,5,rs707183,153471737,3.086e-08,-0.0418954871740363,3,-1.6143539404204363,ENSG00000249484,LINC01470,lncRNA,248108,3,0,0,0.0,-0.0,0,0.0,0,0
SCZ_LOC_5_153471737_rs707183,5,rs707183,153471737,3.086e-08,-0.0418954871740363,4,-1.709168519381684,ENSG00000306270,ENSG00000306270,lncRNA,333828,4,0,0,0.0,-0.0,0,0.0,0,0
SCZ_LOC_5_153471737_rs707183,5,rs707183,153471737,3.086e-08,-0.0418954871740363,5,-1.727930858012951,ENSG00000251183,LINC01861,lncRNA,427250,5,0,0,0.0,-0.0,0,0.0,0,0
SCZ_LOC_5_153471737_rs707183,5,rs707183,153471737,3.086e-08,-0.0418954871740363,6,-1.7917296738424324,ENSG00000261382,ENSG00000261382,lncRNA,429722,6,0,0,0.0,-0.0,0,0.0,0,0
SCZ_LOC_5_60731458_rs7709645,5,rs7709645,60731458,6.109e-17,-0.0649972930239685,1,1.0773781340176916,ENSG00000113448,PDE4D,protein_coding,209338,6,0,0,0.0,-0.0,1,0.9999984343169714,25,0
SCZ_LOC_5_60731458_rs7709645,5,rs7709645,60731458,6.109e-17,-0.0649972930239685,2,0.5440605414187137,ENSG00000164181,ELOVL7,protein_coding,112816,3,0,0,0.0,-0.0,1,0.999993389414224,5,0
SCZ_LOC_5_60731458_rs7709645,5,rs7709645,60731458,6.109e-17,-0.0649972930239685,3,0.22695600001113697,ENSG00000164182,NDUFAF2,protein_coding,213719,8,0,1,0.7312790155410767,7.4030022690187645,1,0.9999743968065428,6,1
SCZ_LOC_5_60731458_rs7709645,5,rs7709645,60731458,6.109e-17,-0.0649972930239685,4,0.1015241564696411,ENSG00000287434,ENSG00000287434,lncRNA,31729,2,0,1,0.9468146562576294,5.1702937995045675,0,0.0,0,0
SCZ_LOC_5_60731458_rs7709645,5,rs7709645,60731458,6.109e-17,-0.0649972930239685,5,-0.07036944389204536,ENSG00000035499,DEPDC1B,protein_coding,31268,1,1,0,0.0,-0.0,1,0.9999941164952836,3,0
SCZ_LOC_5_60731458_rs7709645,5,rs7709645,60731458,6.109e-17,-0.0649972930239685,6,-0.15978009149324637,ENSG00000188725,SMIM15,protein_coding,431010,12,0,0,0.0,-0.0,1,0.9999940135337642,13,0
SCZ_LOC_5_60731458_rs7709645,5,rs7709645,60731458,6.109e-17,-0.0649972930239685,7,-0.6019238399068467,ENSG00000049167,ERCC8,protein_coding,213615,7,0,1,1.2736120223999023,6.3138707983934745,1,0.9999106013726948,3,1
SCZ_LOC_5_60731458_rs7709645,5,rs7709645,60731458,6.109e-17,-0.0649972930239685,8,-0.6513777137078919,ENSG00000152931,PART1,lncRNA,243745,10,0,1,0.7623708844184875,22.603983778714476,1,0.999999441821508,16,1
SCZ_LOC_5_60731458_rs7709645,5,rs7709645,60731458,6.109e-17,-0.0649972930239685,9,-1.6292928366219026,ENSG00000305990,ENSG00000305990,lncRNA,189323,5,0,0,0.0,-0.0,0,0.0,0,0
SCZ_LOC_5_60731458_rs7709645,5,rs7709645,60731458,6.109e-17,-0.0649972930239685,10,-1.6770969001314477,ENSG00000233847,ERCC8-AS1,lncRNA,185966,4,0,0,0.0,-0.0,0,0.0,0,0
SCZ_LOC_5_60731458_rs7709645,5,rs7709645,60731458,6.109e-17,-0.0649972930239685,11,-1.68730056795403,ENSG00000249279,LINC02057,lncRNA,573733,13,0,0,0.0,-0.0,0,0.0,0,0
SCZ_LOC_5_60731458_rs7709645,5,rs7709645,60731458,6.109e-17,-0.0649972930239685,12,-1.7597968438511047,ENSG00000305967,ENSG00000305967,lncRNA,235243,9,0,0,0.0,-0.0,0,0.0,0,0
SCZ_LOC_5_60731458_rs7709645,5,rs7709645,60731458,6.109e-17,-0.0649972930239685,13,-2.0485010999681936,ENSG00000251279,SMIM15-AS1,lncRNA,430599,11,0,0,0.0,-0.0,0,0.0,0,0
SCZ_LOC_6_111822689_rs9487653,6,rs9487653,111822689,4.399e-08,0.0553968632202877,1,2.127506683757625,ENSG00000010810,FYN,protein_coding,50763,1,1,1,0.9920501708984375,4.6762073876166115,1,0.9999973676966856,11,1
SCZ_LOC_6_111822689_rs9487653,6,rs9487653,111822689,4.399e-08,0.0553968632202877,2,1.8886776014072755,ENSG00000056972,TRAF3IP2,protein_coding,215783,8,0,1,0.3100458085536957,4.7674706565478715,1,0.9999975137449406,98,1
SCZ_LOC_6_111822689_rs9487653,6,rs9487653,111822689,4.399e-08,0.0553968632202877,3,0.4192620671519114,ENSG00000112761,CCN6,protein_coding,231386,11,0,0,0.0,-0.0,1,0.9999999977372116,28,0
SCZ_LOC_6_111822689_rs9487653,6,rs9487653,111822689,4.399e-08,0.0553968632202877,4,-0.41786481071706555,ENSG00000289256,ENSG00000289256,lncRNA,50894,2,0,1,1.3177036046981812,4.719574912790109,0,0.0,0,0
SCZ_LOC_6_111822689_rs9487653,6,rs9487653,111822689,4.399e-08,0.0553968632202877,5,-0.43452647688325796,ENSG00000203778,FAM229B,protein_coding,264902,13,0,1,0.5326500535011292,14.693929151054391,1,0.9999931988297311,6,1
SCZ_LOC_6_111822689_rs9487653,6,rs9487653,111822689,4.399e-08,0.0553968632202877,6,-0.558039669415452,ENSG00000112769,LAMA4,protein_coding,432250,25,0,1,0.4887860417366028,4.866281084301578,1,0.9999922493854564,12,1
SCZ_LOC_6_111822689_rs9487653,6,rs9487653,111822689,4.399e-08,0.0553968632202877,7,-0.7815662430815774,ENSG00000286616,ENSG00000286616,lncRNA,311618,15,0,1,1.6238175630569458,10.62974712234308,0,0.0,0,0
SCZ_LOC_6_111822689_rs9487653,6,rs9487653,111822689,4.399e-08,0.0553968632202877,8,-0.9266678732010502,ENSG00000009413,REV3L,protein_coding,338974,17,0,1,0.34592658281326294,7.913598479951001,1,0.9999800127175276,3,1
SCZ_LOC_6_111822689_rs9487653,6,rs9487653,111822689,4.399e-08,0.0553968632202877,9,-1.0668513114906648,ENSG00000173214,MFSD4B,protein_coding,563362,28,0,1,0.500401496887207,10.2520562045074,1,0.9999959638920808,3,1
SCZ_LOC_6_111822689_rs9487653,6,rs9487653,111822689,4.399e-08,0.0553968632202877,10,-1.1464189093402664,ENSG00000074935,TUBE1,protein_coding,264840,12,0,1,0.20416361093521118,4.495305487204372,1,0.9999866383169288,4,1
SCZ_LOC_6_111822689_rs9487653,6,rs9487653,111822689,4.399e-08,0.0553968632202877,11,-1.2536965620155605,ENSG00000255389,ENSG00000255389,lncRNA,222814,10,0,1,1.5541510581970215,37.758884943580505,0,0.0,0,0
SCZ_LOC_6_111822689_rs9487653,6,rs9487653,111822689,4.399e-08,0.0553968632202877,12,-1.2953099690675456,ENSG00000231889,TRAF3IP2-AS1,lncRNA,339300,18,0,1,0.4182906150817871,8.915396599110363,0,0.0,0,0
SCZ_LOC_6_111822689_rs9487653,6,rs9487653,111822689,4.399e-08,0.0553968632202877,13,-1.523470687722417,ENSG00000227012,LINC02527,lncRNA,86731,3,0,0,0.0,-0.0,0,0.0,0,0
SCZ_LOC_6_111822689_rs9487653,6,rs9487653,111822689,4.399e-08,0.0553968632202877,14,-1.5946827025105639,ENSG00000293956,ENSG00000293956,lncRNA,136450,4,0,0,0.0,-0.0,0,0.0,0,0
SCZ_LOC_6_111822689_rs9487653,6,rs9487653,111822689,4.399e-08,0.0553968632202877,15,-1.6770969001314477,ENSG00000306710,ENSG00000306710,lncRNA,150728,5,0,0,0.0,-0.0,0,0.0,0,0
SCZ_LOC_6_111822689_rs9487653,6,rs9487653,111822689,4.399e-08,0.0553968632202877,16,-1.740895715960929,ENSG00000296470,ENSG00000296470,lncRNA,160138,6,0,0,0.0,-0.0,0,0.0,0,0
SCZ_LOC_6_111822689_rs9487653,6,rs9487653,111822689,4.399e-08,0.0553968632202877,17,-1.784682341034146,ENSG00000302998,ENSG00000302998,lncRNA,215415,7,0,0,0.0,-0.0,0,0.0,0,0
SCZ_LOC_6_111822689_rs9487653,6,rs9487653,111822689,4.399e-08,0.0553968632202877,18,-1.894233842869436,ENSG00000300375,ENSG00000300375,lncRNA,221038,9,0,0,0.0,-0.0,0,0.0,0,0
SCZ_LOC_6_111822689_rs9487653,6,rs9487653,111822689,4.399e-08,0.0553968632202877,19,-2.070482061692189,ENSG00000237234,ENSG00000237234,lncRNA,316511,16,0,0,0.0,-0.0,0,0.0,0,0
SCZ_LOC_6_111822689_rs9487653,6,rs9487653,111822689,4.399e-08,0.0553968632202877,20,-2.071027943109276,ENSG00000304834,ENSG00000304834,lncRNA,293657,14,0,0,0.0,-0.0,0,0.0,0,0
SCZ_LOC_6_111822689_rs9487653,6,rs9487653,111822689,4.399e-08,0.0553968632202877,21,-2.089244400323456,ENSG00000281613,ENSG00000281613,protein_coding,414117,23,0,0,0.0,-0.0,0,0.0,0,0
SCZ_LOC_6_111822689_rs9487653,6,rs9487653,111822689,4.399e-08,0.0553968632202877,21,-2.089244400323456,ENSG00000226440,LAMA4-AS1,lncRNA,413404,22,0,0,0.0,-0.0,0,0.0,0,0
SCZ_LOC_6_111822689_rs9487653,6,rs9487653,111822689,4.399e-08,0.0553968632202877,21,-2.089244400323456,ENSG00000270661,ENSG00000270661,lncRNA,396881,20,0,0,0.0,-0.0,0,0.0,0,0
SCZ_LOC_6_111822689_rs9487653,6,rs9487653,111822689,4.399e-08,0.0553968632202877,21,-2.089244400323456,ENSG00000271208,ENSG00000271208,lncRNA,412069,21,0,0,0.0,-0.0,0,0.0,0,0
SCZ_LOC_6_111822689_rs9487653,6,rs9487653,111822689,4.399e-08,0.0553968632202877,21,-2.089244400323456,ENSG00000229276,REV3L-IT1,lncRNA,461082,26,0,0,0.0,-0.0,0,0.0,0,0
SCZ_LOC_6_111822689_rs9487653,6,rs9487653,111822689,4.399e-08,0.0553968632202877,21,-2.089244400323456,ENSG00000295830,ENSG00000295830,lncRNA,416299,24,0,0,0.0,-0.0,0,0.0,0,0
SCZ_LOC_6_111822689_rs9487653,6,rs9487653,111822689,4.399e-08,0.0553968632202877,21,-2.089244400323456,ENSG00000306444,ENSG00000306444,lncRNA,476300,27,0,0,0.0,-0.0,0,0.0,0,0
SCZ_LOC_6_111822689_rs9487653,6,rs9487653,111822689,4.399e-08,0.0553968632202877,21,-2.089244400323456,ENSG00000306465,ENSG00000306465,lncRNA,386855,19,0,0,0.0,-0.0,0,0.0,0,0
SCZ_LOC_6_11988081_rs9470670,6,rs9470670,11988081,1.908e-08,-0.0555972801024095,1,0.6420286250252769,ENSG00000225102,ENSG00000225102,lncRNA,13216,1,1,0,0.0,-0.0,0,0.0,0,0
SCZ_LOC_6_11988081_rs9470670,6,rs9470670,11988081,1.908e-08,-0.0555972801024095,2,0.452566684821569,ENSG00000078401,EDN1,protein_coding,302280,14,0,0,0.0,-0.0,1,0.9999998289670424,11,0
SCZ_LOC_6_11988081_rs9470670,6,rs9470670,11988081,1.908e-08,-0.0555972801024095,3,0.15917561148852946,ENSG00000095951,HIVEP1,protein_coding,20681,3,0,0,0.0,-0.0,1,0.9999870356172236,5,0
SCZ_LOC_6_11988081_rs9470670,6,rs9470670,11988081,1.908e-08,-0.0555972801024095,4,-0.5341241295822811,ENSG00000229896,ENSG00000229896,lncRNA,19589,2,0,0,0.0,-0.0,0,0.0,0,0
SCZ_LOC_6_11988081_rs9470670,6,rs9470670,11988081,1.908e-08,-0.0555972801024095,5,-0.5758121781769013,ENSG00000287593,ENSG00000287593,lncRNA,265534,11,0,1,0.377079039812088,9.782167368516623,0,0.0,0,0
SCZ_LOC_6_11988081_rs9470670,6,rs9470670,11988081,1.908e-08,-0.0555972801024095,6,-0.723375621423585,ENSG00000310250,ENSG00000310250,lncRNA,21053,4,0,0,0.0,-0.0,0,0.0,0,0
SCZ_LOC_6_11988081_rs9470670,6,rs9470670,11988081,1.908e-08,-0.0555972801024095,6,-0.723375621423585,ENSG00000310274,ENSG00000310274,lncRNA,29461,5,0,0,0.0,-0.0,0,0.0,0,0
SCZ_LOC_6_11988081_rs9470670,6,rs9470670,11988081,1.908e-08,-0.0555972801024095,8,-0.9138464893081847,ENSG00000310201,ENSG00000310201,lncRNA,87241,6,0,0,0.0,-0.0,0,0.0,0,0
SCZ_LOC_6_11988081_rs9470670,6,rs9470670,11988081,1.908e-08,-0.0555972801024095,9,-0.9390342949297856,ENSG00000205269,TMEM170B,protein_coding,450332,21,0,1,0.20858730375766754,5.580407580676902,1,0.9999909927008231,6,1
SCZ_LOC_6_11988081_rs9470670,6,rs9470670,11988081,1.908e-08,-0.0555972801024095,10,-1.401727897449376,ENSG00000294347,ENSG00000294347,lncRNA,499591,24,0,0,0.0,-0.0,0,0.0,0,0
SCZ_LOC_6_11988081_rs9470670,6,rs9470670,11988081,1.908e-08,-0.0555972801024095,11,-1.4773555641888014,ENSG00000294367,ENSG00000294367,lncRNA,495117,23,0,0,0.0,-0.0,0,0.0,0,0
SCZ_LOC_6_11988081_rs9470670,6,rs9470670,11988081,1.908e-08,-0.0555972801024095,12,-1.6584815183400454,ENSG00000303206,ENSG00000303206,lncRNA,119484,7,0,0,0.0,-0.0,0,0.0,0,0
SCZ_LOC_6_11988081_rs9470670,6,rs9470670,11988081,1.908e-08,-0.0555972801024095,13,-1.68730056795403,ENSG00000233656,ENSG00000233656,lncRNA,573445,25,0,0,0.0,-0.0,0,0.0,0,0
SCZ_LOC_6_11988081_rs9470670,6,rs9470670,11988081,1.908e-08,-0.0555972801024095,14,-1.7680330201753354,ENSG00000234427,ENSG00000234427,lncRNA,177920,9,0,0,0.0,-0.0,0,0.0,0,0
SCZ_LOC_6_11988081_rs9470670,6,rs9470670,11988081,1.908e-08,-0.0555972801024095,15,-1.8504472177962195,ENSG00000111863,ADTRP,protein_coding,181035,10,0,0,0.0,-0.0,0,0.0,0,0
SCZ_LOC_6_11988081_rs9470670,6,rs9470670,11988081,1.908e-08,-0.0555972801024095,15,-1.8504472177962195,ENSG00000299246,ENSG00000299246,lncRNA,172754,8,0,0,0.0,-0.0,0,0.0,0,0
SCZ_LOC_6_11988081_rs9470670,6,rs9470670,11988081,1.908e-08,-0.0555972801024095,17,-1.9365391158292835,ENSG00000302734,ENSG00000302734,lncRNA,326824,16,0,0,0.0,-0.0,0,0.0,0,0
SCZ_LOC_6_11988081_rs9470670,6,rs9470670,11988081,1.908e-08,-0.0555972801024095,18,-2.030284642754014,ENSG00000300580,ENSG00000300580,lncRNA,276696,12,0,0,0.0,-0.0,0,0.0,0,0
SCZ_LOC_6_11988081_rs9470670,6,rs9470670,11988081,1.908e-08,-0.0555972801024095,19,-2.0598069904417207,ENSG00000271897,ENSG00000271897,lncRNA,401213,20,0,0,0.0,-0.0,0,0.0,0,0
SCZ_LOC_6_11988081_rs9470670,6,rs9470670,11988081,1.908e-08,-0.0555972801024095,20,-2.070482061692189,ENSG00000302719,ENSG00000302719,lncRNA,326008,15,0,0,0.0,-0.0,0,0.0,0,0
SCZ_LOC_6_11988081_rs9470670,6,rs9470670,11988081,1.908e-08,-0.0555972801024095,20,-2.070482061692189,ENSG00000302757,ENSG00000302757,lncRNA,343964,17,0,0,0.0,-0.0,0,0.0,0,0
SCZ_LOC_6_11988081_rs9470670,6,rs9470670,11988081,1.908e-08,-0.0555972801024095,22,-2.071027943109276,ENSG00000300643,ENSG00000300643,lncRNA,298051,13,0,0,0.0,-0.0,0,0.0,0,0
SCZ_LOC_6_11988081_rs9470670,6,rs9470670,11988081,1.908e-08,-0.0555972801024095,23,-2.089244400323456,ENSG00000295955,ENSG00000295955,lncRNA,377383,18,0,0,0.0,-0.0,0,0.0,0,0
SCZ_LOC_6_11988081_rs9470670,6,rs9470670,11988081,1.908e-08,-0.0555972801024095,23,-2.089244400323456,ENSG00000300620,ENSG00000300620,lncRNA,378689,19,0,0,0.0,-0.0,0,0.0,0,0
SCZ_LOC_6_11988081_rs9470670,6,rs9470670,11988081,1.908e-08,-0.0555972801024095,23,-2.089244400323456,ENSG00000308128,ENSG00000308128,lncRNA,450728,22,0,0,0.0,-0.0,0,0.0,0,0
SCZ_LOC_6_25384361_rs215011,6,rs215011,25384361,2.289e-19,0.165904193021877,1,1.8710748078799995,ENSG00000079691,CARMIL1,protein_coding,105283,2,0,1,0.20072399079799652,5.335390529424597,1,0.9999886542510756,11,1
SCZ_LOC_6_25384361_rs215011,6,rs215011,25384361,2.289e-19,0.165904193021877,2,0.5233178946380528,ENSG00000111913,RIPOR2,protein_coding,342191,10,0,0,0.0,-0.0,1,0.9999992445024218,18,0
SCZ_LOC_6_25384361_rs215011,6,rs215011,25384361,2.289e-19,0.165904193021877,3,0.4397358828025881,ENSG00000079689,SCGN,protein_coding,267840,6,0,0,0.0,-0.0,1,0.9999999946115844,20,0
SCZ_LOC_6_25384361_rs215011,6,rs215011,25384361,2.289e-19,0.165904193021877,4,0.4162281169201346,ENSG00000293489,CMAHP,lncRNA,67902,1,1,0,0.0,-0.0,0,0.0,0,0
SCZ_LOC_6_25384361_rs215011,6,rs215011,25384361,2.289e-19,0.165904193021877,5,-1.4993222421322292,ENSG00000294657,ENSG00000294657,lncRNA,112424,3,0,0,0.0,-0.0,0,0.0,0,0
SCZ_LOC_6_25384361_rs215011,6,rs215011,25384361,2.289e-19,0.165904193021877,6,-1.6289398628533072,ENSG00000288887,ENSG00000288887,lncRNA,450460,22,0,1,0.4357161521911621,4.881986512682931,0,0.0,0,0
SCZ_LOC_6_25384361_rs215011,6,rs215011,25384361,2.289e-19,0.165904193021877,7,-1.6292928366219026,ENSG00000302766,ENSG00000302766,lncRNA,202090,4,0,0,0.0,-0.0,0,0.0,0,0
SCZ_LOC_6_25384361_rs215011,6,rs215011,25384361,2.289e-19,0.165904193021877,8,-1.7005957400045415,ENSG00000124564,SLC17A3,protein_coding,497925,23,0,0,0.0,-0.0,0,0.0,0,0
SCZ_LOC_6_25384361_rs215011,6,rs215011,25384361,2.289e-19,0.165904193021877,9,-1.709714400798771,ENSG00000286933,ENSG00000286933,lncRNA,256570,5,0,0,0.0,-0.0,0,0.0,0,0
SCZ_LOC_6_25384361_rs215011,6,rs215011,25384361,2.289e-19,0.165904193021877,10,-1.7735132166282523,ENSG00000290217,ENSG00000290217,protein_coding,267849,7,0,0,0.0,-0.0,0,0.0,0,0
SCZ_LOC_6_25384361_rs215011,6,rs215011,25384361,2.289e-19,0.165904193021877,11,-1.8825188370464556,ENSG00000223623,ENSG00000223623,lncRNA,327288,9,0,0,0.0,-0.0,0,0.0,0,0
SCZ_LOC_6_25384361_rs215011,6,rs215011,25384361,2.289e-19,0.165904193021877,11,-1.8825188370464556,ENSG00000308153,ENSG00000308153,lncRNA,325967,8,0,0,0.0,-0.0,0,0.0,0,0
SCZ_LOC_6_25384361_rs215011,6,rs215011,25384361,2.289e-19,0.165904193021877,13,-2.029738761336927,ENSG00000164508,H2AC1,protein_coding,342201,11,0,0,0.0,-0.0,0,0.0,0,0
SCZ_LOC_6_25384361_rs215011,6,rs215011,25384361,2.289e-19,0.165904193021877,13,-2.029738761336927,ENSG00000146047,H2BC1,protein_coding,342416,12,0,0,0.0,-0.0,0,0.0,0,0
SCZ_LOC_6_25384361_rs215011,6,rs215011,25384361,2.289e-19,0.165904193021877,15,-2.0598069904417207,ENSG00000285801,ENSG00000285801,lncRNA,360327,17,0,0,0.0,-0.0,0,0.0,0,0
SCZ_LOC_6_25384361_rs215011,6,rs215011,25384361,2.289e-19,0.165904193021877,16,-2.070482061692189,ENSG00000229313,ENSG00000229313,lncRNA,342522,13,0,0,0.0,-0.0,0,0.0,0,0
SCZ_LOC_6_25384361_rs215011,6,rs215011,25384361,2.289e-19,0.165904193021877,16,-2.070482061692189,ENSG00000146039,SLC17A4,protein_coding,370338,19,0,0,0.0,-0.0,0,0.0,0,0
SCZ_LOC_6_25384361_rs215011,6,rs215011,25384361,2.289e-19,0.165904193021877,16,-2.070482061692189,ENSG00000299278,ENSG00000299278,lncRNA,348208,16,0,0,0.0,-0.0,0,0.0,0,0
SCZ_LOC_6_25384361_rs215011,6,rs215011,25384361,2.289e-19,0.165904193021877,16,-2.070482061692189,ENSG00000291193,ENSG00000291193,lncRNA,348046,15,0,0,0.0,-0.0,0,0.0,0,0
SCZ_LOC_6_25384361_rs215011,6,rs215011,25384361,2.289e-19,0.165904193021877,16,-2.070482061692189,ENSG00000308139,ENSG00000308139,lncRNA,347840,14,0,0,0.0,-0.0,0,0.0,0,0
SCZ_LOC_6_25384361_rs215011,6,rs215011,25384361,2.289e-19,0.165904193021877,16,-2.070482061692189,ENSG00000299293,ENSG00000299293,lncRNA,360395,18,0,0,0.0,-0.0,0,0.0,0,0
SCZ_LOC_6_25384361_rs215011,6,rs215011,25384361,2.289e-19,0.165904193021877,22,-2.089244400323456,ENSG00000124568,SLC17A1,protein_coding,447691,21,0,0,0.0,-0.0,0,0.0,0,0
SCZ_LOC_6_25384361_rs215011,6,rs215011,25384361,2.289e-19,0.165904193021877,22,-2.089244400323456,ENSG00000299310,ENSG00000299310,lncRNA,432150,20,0,0,0.0,-0.0,0,0.0,0,0
SCZ_LOC_6_26498758_rs72843784,6,rs72843784,26498758,5.225e-35,0.201396795424123,1,0.8330588177148691,ENSG00000228223,HCG11,lncRNA,22951,2,0,0,0.0,-0.0,1,0.9999993754888464,10,0
SCZ_LOC_6_26498758_rs72843784,6,rs72843784,26498758,5.225e-35,0.201396795424123,2,0.41366448742538037,ENSG00000182952,HMGN4,protein_coding,39608,5,0,0,0.0,-0.0,1,0.9999540613155308,7,0
SCZ_LOC_6_26498758_rs72843784,6,rs72843784,26498758,5.225e-35,0.201396795424123,3,0.304057634822151,ENSG00000124557,BTN1A1,protein_coding,1545,1,1,0,0.0,-0.0,1,0.9999929314935626,6,0
SCZ_LOC_6_26498758_rs72843784,6,rs72843784,26498758,5.225e-35,0.201396795424123,4,0.22648320202145975,ENSG00000300236,ENSG00000300236,lncRNA,23629,3,0,0,0.0,-0.0,0,0.0,0,0
SCZ_LOC_6_26498758_rs72843784,6,rs72843784,26498758,5.225e-35,0.201396795424123,5,0.0507869008733468,ENSG00000124575,H1-3,protein_coding,263771,37,0,0,0.0,-0.0,1,0.9999988086261858,8,0
SCZ_LOC_6_26498758_rs72843784,6,rs72843784,26498758,5.225e-35,0.201396795424123,6,-0.01103560197714918,ENSG00000275714,H3C1,protein_coding,478307,76,0,1,1.1290886402130127,6.649121830554895,1,0.9999892442652868,5,1
SCZ_LOC_6_26498758_rs72843784,6,rs72843784,26498758,5.225e-35,0.201396795424123,7,-0.22735776802301444,ENSG00000274618,H4C6,protein_coding,258365,36,0,0,0.0,-0.0,1,0.9999985656140268,7,0
SCZ_LOC_6_26498758_rs72843784,6,rs72843784,26498758,5.225e-35,0.201396795424123,8,-0.2302459907538773,ENSG00000026950,BTN3A1,protein_coding,96521,11,0,1,0.942490816116333,15.550638508204067,1,0.9999960998435854,8,1
SCZ_LOC_6_26498758_rs72843784,6,rs72843784,26498758,5.225e-35,0.201396795424123,9,-0.2760314778329388,ENSG00000197409,H3C4,protein_coding,301472,49,0,0,0.0,-0.0,1,0.9999969476027888,7,0
SCZ_LOC_6_26498758_rs72843784,6,rs72843784,26498758,5.225e-35,0.201396795424123,10,-0.30197284060529156,ENSG00000010704,HFE,protein_coding,411532,63,0,1,0.8902424573898315,4.76998427801651,1,0.9999880527928756,4,1
SCZ_LOC_6_26498758_rs72843784,6,rs72843784,26498758,5.225e-35,0.201396795424123,11,-0.3095408682360642,ENSG00000196866,H2AC7,protein_coding,299465,47,0,0,0.0,-0.0,1,0.9999969476027888,7,0
SCZ_LOC_6_26498758_rs72843784,6,rs72843784,26498758,5.225e-35,0.201396795424123,12,-0.32109681417155195,ENSG00000112763,BTN2A1,protein_coding,40854,6,0,1,0.44702792167663574,17.747470489498422,1,0.9999961049862376,3,1
SCZ_LOC_6_26498758_rs72843784,6,rs72843784,26498758,5.225e-35,0.201396795424123,13,-0.33862034710391425,ENSG00000273802,H2BC8,protein_coding,282070,43,0,0,0.0,-0.0,1,0.999989420963218,6,0
SCZ_LOC_6_26498758_rs72843784,6,rs72843784,26498758,5.225e-35,0.201396795424123,14,-0.3749663922402557,ENSG00000158406,H4C8,protein_coding,213120,22,0,1,1.5281941890716553,4.317909209849351,1,0.9999919786609844,7,1
SCZ_LOC_6_26498758_rs72843784,6,rs72843784,26498758,5.225e-35,0.201396795424123,15,-0.43944511421300586,ENSG00000168298,H1-4,protein_coding,342429,58,0,0,0.0,-0.0,1,0.9999995249472324,9,0
SCZ_LOC_6_26498758_rs72843784,6,rs72843784,26498758,5.225e-35,0.201396795424123,16,-0.44594699260151915,ENSG00000277775,H3C7,protein_coding,248123,32,0,0,0.0,-0.0,1,0.9999947090735894,8,0
SCZ_LOC_6_26498758_rs72843784,6,rs72843784,26498758,5.225e-35,0.201396795424123,17,-0.45288605576231344,ENSG00000180573,H2AC6,protein_coding,374613,59,0,0,0.0,-0.0,1,0.9999975150067942,5,0
SCZ_LOC_6_26498758_rs72843784,6,rs72843784,26498758,5.225e-35,0.201396795424123,18,-0.5266155850530372,ENSG00000277157,H4C4,protein_coding,309646,52,0,0,0.0,-0.0,1,0.999999038784996,8,0
SCZ_LOC_6_26498758_rs72843784,6,rs72843784,26498758,5.225e-35,0.201396795424123,19,-0.5666814302257062,ENSG00000278588,H2BC10,protein_coding,225827,26,0,0,0.0,-0.0,1,0.9999952917982587,5,0
SCZ_LOC_6_26498758_rs72843784,6,rs72843784,26498758,5.225e-35,0.201396795424123,20,-0.5779748159161728,ENSG00000197061,H4C3,protein_coding,394825,62,0,0,0.0,-0.0,1,0.9999986396282232,5,0
SCZ_LOC_6_26498758_rs72843784,6,rs72843784,26498758,5.225e-35,0.201396795424123,21,-0.6310128403751958,ENSG00000276966,H4C5,protein_coding,294148,44,0,0,0.0,-0.0,1,0.9999912962390684,7,0
SCZ_LOC_6_26498758_rs72843784,6,rs72843784,26498758,5.225e-35,0.201396795424123,22,-0.6319002415170921,ENSG00000277224,H2BC7,protein_coding,299242,46,0,0,0.0,-0.0,1,0.999995281642576,7,0
SCZ_LOC_6_26498758_rs72843784,6,rs72843784,26498758,5.225e-35,0.201396795424123,23,-0.6539725509917532,ENSG00000158373,H2BC5,protein_coding,340636,56,0,1,0.30220580101013184,5.63105139699184,1,0.999997680936005,7,1
SCZ_LOC_6_26498758_rs72843784,6,rs72843784,26498758,5.225e-35,0.201396795424123,24,-0.6597806224135576,ENSG00000273983,H3C8,protein_coding,227345,28,0,0,0.0,-0.0,1,0.999997643811012,1,0
SCZ_LOC_6_26498758_rs72843784,6,rs72843784,26498758,5.225e-35,0.201396795424123,25,-0.6661264105446237,ENSG00000181315,ZNF322,protein_coding,160994,16,0,1,0.9796680808067322,29.146277446238216,1,0.9999944759039106,3,1
SCZ_LOC_6_26498758_rs72843784,6,rs72843784,26498758,5.225e-35,0.201396795424123,26,-0.669832280601935,ENSG00000278705,H4C2,protein_coding,471475,73,0,0,0.0,-0.0,1,0.9999974108677387,5,0
SCZ_LOC_6_26498758_rs72843784,6,rs72843784,26498758,5.225e-35,0.201396795424123,27,-0.7092184228789596,ENSG00000111801,BTN3A3,protein_coding,58286,8,0,1,1.8212417364120483,10.281563843838123,1,0.9999948702374036,2,1
SCZ_LOC_6_26498758_rs72843784,6,rs72843784,26498758,5.225e-35,0.201396795424123,28,-0.723375621423585,ENSG00000290055,ENSG00000290055,lncRNA,24489,4,0,0,0.0,-0.0,0,0.0,0,0
SCZ_LOC_6_26498758_rs72843784,6,rs72843784,26498758,5.225e-35,0.201396795424123,29,-0.7338219576328902,ENSG00000187837,H1-2,protein_coding,442288,64,0,1,0.562523603439331,12.953583965965924,1,0.9999987965929208,5,1
SCZ_LOC_6_26498758_rs72843784,6,rs72843784,26498758,5.225e-35,0.201396795424123,30,-0.8001316485821585,ENSG00000186470,BTN3A2,protein_coding,133599,15,0,1,1.3169819116592407,32.06874970299103,1,0.9999976959816552,13,1
SCZ_LOC_6_26498758_rs72843784,6,rs72843784,26498758,5.225e-35,0.201396795424123,31,-0.8457971983624455,ENSG00000277075,H2AC8,protein_coding,281837,42,0,1,0.41108182072639465,5.212147516671739,1,0.999988404461098,5,1
SCZ_LOC_6_26498758_rs72843784,6,rs72843784,26498758,5.225e-35,0.201396795424123,32,-0.8501855664001963,ENSG00000278463,H2AC4,protein_coding,465140,70,0,0,0.0,-0.0,1,0.9999987444048748,6,0
SCZ_LOC_6_26498758_rs72843784,6,rs72843784,26498758,5.225e-35,0.201396795424123,33,-0.8756113500541685,ENSG00000180596,H2BC4,protein_coding,374832,60,0,1,0.3556605577468872,7.439116735794632,1,0.9999932081919763,5,1
SCZ_LOC_6_26498758_rs72843784,6,rs72843784,26498758,5.225e-35,0.201396795424123,34,-0.887477225409137,ENSG00000224843,LINC00240,lncRNA,458157,69,0,1,0.9355351328849792,4.858912078334455,0,0.0,0,0
SCZ_LOC_6_26498758_rs72843784,6,rs72843784,26498758,5.225e-35,0.201396795424123,35,-0.893454013576073,ENSG00000278637,H4C1,protein_coding,477109,75,0,0,0.0,-0.0,1,0.9999924789426712,7,0
SCZ_LOC_6_26498758_rs72843784,6,rs72843784,26498758,5.225e-35,0.201396795424123,36,-0.9138464893081847,ENSG00000300261,ENSG00000300261,lncRNA,52076,7,0,0,0.0,-0.0,0,0.0,0,0
SCZ_LOC_6_26498758_rs72843784,6,rs72843784,26498758,5.225e-35,0.201396795424123,37,-1.0076538048795192,ENSG00000276410,H2BC3,protein_coding,455045,68,0,0,0.0,-0.0,1,0.999990009446286,4,0
SCZ_LOC_6_26498758_rs72843784,6,rs72843784,26498758,5.225e-35,0.201396795424123,38,-1.0589412357424124,ENSG00000146109,ABT1,protein_coding,98195,12,0,1,0.4566750228404999,4.968264630470086,1,0.9999699886227008,4,1
SCZ_LOC_6_26498758_rs72843784,6,rs72843784,26498758,5.225e-35,0.201396795424123,39,-1.0696666701950668,ENSG00000274290,H2BC6,protein_coding,326699,55,0,1,1.425435185432434,4.261138333222537,1,0.9999980178241514,6,1
SCZ_LOC_6_26498758_rs72843784,6,rs72843784,26498758,5.225e-35,0.201396795424123,40,-1.0821906052622168,ENSG00000124508,BTN2A2,protein_coding,115662,14,0,1,0.6270989179611206,17.440646792460182,1,0.999996354490305,3,1
SCZ_LOC_6_26498758_rs72843784,6,rs72843784,26498758,5.225e-35,0.201396795424123,41,-1.083111957015773,ENSG00000274750,H3C6,protein_coding,274559,39,0,1,1.5236045122146606,41.5254314044829,1,0.9999928421474388,2,1
SCZ_LOC_6_26498758_rs72843784,6,rs72843784,26498758,5.225e-35,0.201396795424123,42,-1.236192610654888,ENSG00000275713,H2BC9,protein_coding,247144,31,0,0,0.0,-0.0,1,0.999996346021772,2,0
SCZ_LOC_6_26498758_rs72843784,6,rs72843784,26498758,5.225e-35,0.201396795424123,43,-1.30706815567883,ENSG00000272462,LINC02980,lncRNA,506117,80,0,1,1.0558818578720093,27.835536625007023,0,0.0,0,0
SCZ_LOC_6_26498758_rs72843784,6,rs72843784,26498758,5.225e-35,0.201396795424123,44,-1.5492976464940869,ENSG00000285571,ENSG00000285571,lncRNA,178245,19,0,1,0.7585744857788086,9.728314416010411,0,0.0,0,0
SCZ_LOC_6_26498758_rs72843784,6,rs72843784,26498758,5.225e-35,0.201396795424123,45,-1.5624191295850889,ENSG00000287966,LARRPM,lncRNA,570752,81,0,0,0.0,-0.0,0,0.0,0,0
SCZ_LOC_6_26498758_rs72843784,6,rs72843784,26498758,5.225e-35,0.201396795424123,46,-1.792181465765523,ENSG00000284607,ENSG00000284607,lncRNA,70566,9,0,0,0.0,-0.0,0,0.0,0,0
SCZ_LOC_6_26498758_rs72843784,6,rs72843784,26498758,5.225e-35,0.201396795424123,46,-1.792181465765523,ENSG00000291104,BTN2A3P,lncRNA,77367,10,0,0,0.0,-0.0,0,0.0,0,0
SCZ_LOC_6_26498758_rs72843784,6,rs72843784,26498758,5.225e-35,0.201396795424123,48,-1.8905278023718686,ENSG00000124610,H1-1,protein_coding,480971,77,0,0,0.0,-0.0,1,0.9999998845032936,5,0
SCZ_LOC_6_26498758_rs72843784,6,rs72843784,26498758,5.225e-35,0.201396795424123,49,-1.8971034812489682,ENSG00000308553,ENSG00000308553,lncRNA,304939,51,0,0,0.0,-0.0,0,0.0,0,0
SCZ_LOC_6_26498758_rs72843784,6,rs72843784,26498758,5.225e-35,0.201396795424123,49,-1.8971034812489682,ENSG00000301014,ENSG00000301014,lncRNA,303208,50,0,0,0.0,-0.0,0,0.0,0,0
SCZ_LOC_6_26498758_rs72843784,6,rs72843784,26498758,5.225e-35,0.201396795424123,51,-1.9291144235253013,ENSG00000272810,ENSG00000272810,lncRNA,485517,79,0,1,0.32753679156303406,4.497716956202541,0,0.0,0,0
SCZ_LOC_6_26498758_rs72843784,6,rs72843784,26498758,5.225e-35,0.201396795424123,52,-1.945600623323249,ENSG00000283064,H2BC6-AS1,lncRNA,325956,54,0,0,0.0,-0.0,0,0.0,0,0
SCZ_LOC_6_26498758_rs72843784,6,rs72843784,26498758,5.225e-35,0.201396795424123,52,-1.945600623323249,ENSG00000290474,ENSG00000290474,lncRNA,465845,71,0,0,0.0,-0.0,0,0.0,0,0
SCZ_LOC_6_26498758_rs72843784,6,rs72843784,26498758,5.225e-35,0.201396795424123,52,-1.945600623323249,ENSG00000294556,ENSG00000294556,lncRNA,315636,53,0,0,0.0,-0.0,0,0.0,0,0
SCZ_LOC_6_26498758_rs72843784,6,rs72843784,26498758,5.225e-35,0.201396795424123,52,-1.945600623323249,ENSG00000289117,ENSG00000289117,lncRNA,340820,57,0,0,0.0,-0.0,0,0.0,0,0
SCZ_LOC_6_26498758_rs72843784,6,rs72843784,26498758,5.225e-35,0.201396795424123,56,-1.9461465047403361,ENSG00000282988,ENSG00000282988,protein_coding,299465,47,0,0,0.0,-0.0,0,0.0,0,0
SCZ_LOC_6_26498758_rs72843784,6,rs72843784,26498758,5.225e-35,0.201396795424123,56,-1.9461465047403361,ENSG00000301337,ENSG00000301337,lncRNA,295971,45,0,0,0.0,-0.0,0,0.0,0,0
SCZ_LOC_6_26498758_rs72843784,6,rs72843784,26498758,5.225e-35,0.201396795424123,56,-1.9461465047403361,ENSG00000302090,ENSG00000302090,lncRNA,281496,41,0,0,0.0,-0.0,0,0.0,0,0
SCZ_LOC_6_26498758_rs72843784,6,rs72843784,26498758,5.225e-35,0.201396795424123,56,-1.9461465047403361,ENSG00000307186,ENSG00000307186,lncRNA,274763,40,0,0,0.0,-0.0,0,0.0,0,0
SCZ_LOC_6_26498758_rs72843784,6,rs72843784,26498758,5.225e-35,0.201396795424123,56,-1.9461465047403361,ENSG00000304009,ENSG00000304009,lncRNA,264941,38,0,0,0.0,-0.0,0,0.0,0,0
SCZ_LOC_6_26498758_rs72843784,6,rs72843784,26498758,5.225e-35,0.201396795424123,61,-1.9643629619545162,ENSG00000286522,H3C2,protein_coding,466659,72,0,0,0.0,-0.0,0,0.0,0,0
SCZ_LOC_6_26498758_rs72843784,6,rs72843784,26498758,5.225e-35,0.201396795424123,61,-1.9643629619545162,ENSG00000287080,H3C3,protein_coding,453374,66,0,0,0.0,-0.0,0,0.0,0,0
SCZ_LOC_6_26498758_rs72843784,6,rs72843784,26498758,5.225e-35,0.201396795424123,61,-1.9643629619545162,ENSG00000187475,H1-6,protein_coding,390623,61,0,0,0.0,-0.0,0,0.0,0,0
SCZ_LOC_6_26498758_rs72843784,6,rs72843784,26498758,5.225e-35,0.201396795424123,61,-1.9643629619545162,ENSG00000272558,ENSG00000272558,lncRNA,482226,78,0,0,0.0,-0.0,0,0.0,0,0
SCZ_LOC_6_26498758_rs72843784,6,rs72843784,26498758,5.225e-35,0.201396795424123,61,-1.9643629619545162,ENSG00000295483,ENSG00000295483,lncRNA,472889,74,0,0,0.0,-0.0,0,0.0,0,0
SCZ_LOC_6_26498758_rs72843784,6,rs72843784,26498758,5.225e-35,0.201396795424123,61,-1.9643629619545162,ENSG00000299111,ENSG00000299111,lncRNA,452441,65,0,0,0.0,-0.0,0,0.0,0,0
SCZ_LOC_6_26498758_rs72843784,6,rs72843784,26498758,5.225e-35,0.201396795424123,61,-1.9643629619545162,ENSG00000299128,ENSG00000299128,lncRNA,454830,67,0,0,0.0,-0.0,0,0.0,0,0
SCZ_LOC_6_26498758_rs72843784,6,rs72843784,26498758,5.225e-35,0.201396795424123,68,-1.9906063789324089,ENSG00000308251,ENSG00000308251,lncRNA,199208,21,0,0,0.0,-0.0,0,0.0,0,0
SCZ_LOC_6_26498758_rs72843784,6,rs72843784,26498758,5.225e-35,0.201396795424123,69,-2.0258121141352095,ENSG00000275846,ENSG00000275846,lncRNA,103972,13,0,0,0.0,-0.0,0,0.0,0,0
SCZ_LOC_6_26498758_rs72843784,6,rs72843784,26498758,5.225e-35,0.201396795424123,70,-2.038410442441953,ENSG00000261584,ENSG00000261584,lncRNA,187483,20,0,0,0.0,-0.0,0,0.0,0,0
SCZ_LOC_6_26498758_rs72843784,6,rs72843784,26498758,5.225e-35,0.201396795424123,70,-2.038410442441953,ENSG00000287050,ENSG00000287050,lncRNA,166083,17,0,0,0.0,-0.0,0,0.0,0,0
SCZ_LOC_6_26498758_rs72843784,6,rs72843784,26498758,5.225e-35,0.201396795424123,70,-2.038410442441953,ENSG00000300412,ENSG00000300412,lncRNA,167185,18,0,0,0.0,-0.0,0,0.0,0,0
SCZ_LOC_6_26498758_rs72843784,6,rs72843784,26498758,5.225e-35,0.201396795424123,73,-2.049388979382339,ENSG00000275663,H4C7,protein_coding,251762,34,0,0,0.0,-0.0,0,0.0,0,0
SCZ_LOC_6_26498758_rs72843784,6,rs72843784,26498758,5.225e-35,0.201396795424123,73,-2.049388979382339,ENSG00000303414,ENSG00000303414,lncRNA,256184,35,0,0,0.0,-0.0,0,0.0,0,0
SCZ_LOC_6_26498758_rs72843784,6,rs72843784,26498758,5.225e-35,0.201396795424123,73,-2.049388979382339,ENSG00000304241,ENSG00000304241,lncRNA,250780,33,0,0,0.0,-0.0,0,0.0,0,0
SCZ_LOC_6_26498758_rs72843784,6,rs72843784,26498758,5.225e-35,0.201396795424123,76,-2.071027943109276,ENSG00000299182,ENSG00000299182,lncRNA,244965,30,0,0,0.0,-0.0,0,0.0,0,0
SCZ_LOC_6_26498758_rs72843784,6,rs72843784,26498758,5.225e-35,0.201396795424123,76,-2.071027943109276,ENSG00000305798,ENSG00000305798,lncRNA,241294,29,0,0,0.0,-0.0,0,0.0,0,0
SCZ_LOC_6_26498758_rs72843784,6,rs72843784,26498758,5.225e-35,0.201396795424123,78,-2.0821970675151693,ENSG00000290789,ENSG00000290789,lncRNA,226057,27,0,0,0.0,-0.0,0,0.0,0,0
SCZ_LOC_6_26498758_rs72843784,6,rs72843784,26498758,5.225e-35,0.201396795424123,78,-2.0821970675151693,ENSG00000308216,ENSG00000308216,lncRNA,224035,25,0,0,0.0,-0.0,0,0.0,0,0
SCZ_LOC_6_26498758_rs72843784,6,rs72843784,26498758,5.225e-35,0.201396795424123,78,-2.0821970675151693,ENSG00000308234,ENSG00000308234,lncRNA,223921,24,0,0,0.0,-0.0,0,0.0,0,0
SCZ_LOC_6_26498758_rs72843784,6,rs72843784,26498758,5.225e-35,0.201396795424123,78,-2.0821970675151693,ENSG00000289447,ENSG00000289447,lncRNA,213551,23,0,0,0.0,-0.0,0,0.0,0,0
SCZ_LOC_6_27523869_rs140365013,6,rs140365013,27523869,1.205e-39,0.205696228110405,1,0.3408458583028362,ENSG00000281706,LINC01012,lncRNA,163748,12,0,1,0.6959690451622009,6.112077052875916,1,0.9999974367286534,18,1
SCZ_LOC_6_27523869_rs140365013,6,rs140365013,27523869,1.205e-39,0.205696228110405,2,0.333953319922895,ENSG00000096654,ZNF184,protein_coding,50751,4,0,1,0.4889225959777832,9.319624138773943,1,0.9999980465117568,9,1
SCZ_LOC_6_27523869_rs140365013,6,rs140365013,27523869,1.205e-39,0.205696228110405,3,0.06247136132848742,ENSG00000196747,H2AC13,protein_coding,284304,22,0,0,0.0,-0.0,1,0.9999978361488796,9,0
SCZ_LOC_6_27523869_rs140365013,6,rs140365013,27523869,1.205e-39,0.205696228110405,4,0.01487258019230117,ENSG00000185130,H2BC13,protein_coding,284060,21,0,0,0.0,-0.0,1,0.9999978361488796,13,0
SCZ_LOC_6_27523869_rs140365013,6,rs140365013,27523869,1.205e-39,0.205696228110405,5,-0.18728156441111593,ENSG00000285703,ENSG00000285703,lncRNA,4374,1,1,0,0.0,-0.0,0,0.0,0,0
SCZ_LOC_6_27523869_rs140365013,6,rs140365013,27523869,1.205e-39,0.205696228110405,6,-0.3317605540864962,ENSG00000275379,H3C11,protein_coding,348477,37,0,0,0.0,-0.0,1,0.999997981604745,5,0
SCZ_LOC_6_27523869_rs140365013,6,rs140365013,27523869,1.205e-39,0.205696228110405,7,-0.3459021694885363,ENSG00000300299,ENSG00000300299,lncRNA,21812,2,0,0,0.0,-0.0,0,0.0,0,0
SCZ_LOC_6_27523869_rs140365013,6,rs140365013,27523869,1.205e-39,0.205696228110405,8,-0.40391330153683336,ENSG00000278677,H2AC17,protein_coding,369316,41,0,0,0.0,-0.0,1,0.9999981176230224,7,0
SCZ_LOC_6_27523869_rs140365013,6,rs140365013,27523869,1.205e-39,0.205696228110405,8,-0.40391330153683336,ENSG00000274641,H2BC17,protein_coding,369556,42,0,0,0.0,-0.0,1,0.9999979450239244,7,0
SCZ_LOC_6_27523869_rs140365013,6,rs140365013,27523869,1.205e-39,0.205696228110405,10,-0.4912593555932028,ENSG00000276180,H4C9,protein_coding,384587,46,0,0,0.0,-0.0,1,0.9999973828545636,10,0
SCZ_LOC_6_27523869_rs140365013,6,rs140365013,27523869,1.205e-39,0.205696228110405,11,-0.5257587214607913,ENSG00000124635,H2BC11,protein_coding,391074,49,0,0,0.0,-0.0,1,0.9999921356790912,5,0
SCZ_LOC_6_27523869_rs140365013,6,rs140365013,27523869,1.205e-39,0.205696228110405,12,-0.5531043962843138,ENSG00000196787,H2AC11,protein_coding,390826,48,0,0,0.0,-0.0,1,0.999998510280436,5,0
SCZ_LOC_6_27523869_rs140365013,6,rs140365013,27523869,1.205e-39,0.205696228110405,13,-0.557838068288549,ENSG00000286652,ENSG00000286652,lncRNA,50713,3,0,0,0.0,-0.0,0,0.0,0,0
SCZ_LOC_6_27523869_rs140365013,6,rs140365013,27523869,1.205e-39,0.205696228110405,14,-0.6241286963459727,ENSG00000124613,ZNF391,protein_coding,149254,10,0,1,0.6431331634521484,22.172157192068095,1,0.9999924571281033,7,1
SCZ_LOC_6_27523869_rs140365013,6,rs140365013,27523869,1.205e-39,0.205696228110405,15,-0.6545440877626839,ENSG00000224843,LINC00240,lncRNA,566954,53,0,1,0.9355351328849792,4.858912078334455,0,0.0,0,0
SCZ_LOC_6_27523869_rs140365013,6,rs140365013,27523869,1.205e-39,0.205696228110405,16,-0.6926466115671215,ENSG00000274997,H2AC12,protein_coding,376763,44,0,0,0.0,-0.0,1,0.9999967713350736,7,0
SCZ_LOC_6_27523869_rs140365013,6,rs140365013,27523869,1.205e-39,0.205696228110405,17,-0.6940965833777334,ENSG00000276903,H2AC16,protein_coding,341448,33,0,0,0.0,-0.0,1,0.9999940474614782,5,0
SCZ_LOC_6_27523869_rs140365013,6,rs140365013,27523869,1.205e-39,0.205696228110405,18,-0.759901064679486,ENSG00000273703,H2BC14,protein_coding,291153,26,0,0,0.0,-0.0,1,0.9999986015203872,3,0
SCZ_LOC_6_27523869_rs140365013,6,rs140365013,27523869,1.205e-39,0.205696228110405,19,-0.7912687509957402,ENSG00000158553,POM121L2,protein_coding,211596,13,0,1,1.3504992723464966,16.917772466391874,1,0.9999921486730394,7,1
SCZ_LOC_6_27523869_rs140365013,6,rs140365013,27523869,1.205e-39,0.205696228110405,20,-0.8520242935011656,ENSG00000273542,H4C12,protein_coding,307691,29,0,1,1.4483903646469116,8.051263609568732,1,0.9999779002665464,2,1
SCZ_LOC_6_27523869_rs140365013,6,rs140365013,27523869,1.205e-39,0.205696228110405,21,-0.9108456777705163,ENSG00000269293,ZSCAN16-AS1,lncRNA,613450,54,0,1,0.2139771580696106,4.652951603850041,0,0.0,0,0
SCZ_LOC_6_27523869_rs140365013,6,rs140365013,27523869,1.205e-39,0.205696228110405,22,-0.9142215877574339,ENSG00000271755,ENSG00000271755,lncRNA,116905,7,0,1,0.956222414970398,11.79093970468067,0,0.0,0,0
SCZ_LOC_6_27523869_rs140365013,6,rs140365013,27523869,1.205e-39,0.205696228110405,23,-0.9768487686874009,ENSG00000278828,H3C10,protein_coding,286182,24,0,0,0.0,-0.0,1,0.9999963248100352,3,0
SCZ_LOC_6_27523869_rs140365013,6,rs140365013,27523869,1.205e-39,0.205696228110405,24,-0.9891851164326172,ENSG00000197903,H2BC12,protein_coding,377014,45,0,1,1.0725781917572021,4.824490881726666,1,0.9999957901017515,7,1
SCZ_LOC_6_27523869_rs140365013,6,rs140365013,27523869,1.205e-39,0.205696228110405,25,-1.105613480486889,ENSG00000275221,H2AC15,protein_coding,314506,30,0,1,0.8493013381958008,4.315291389554579,1,0.9999891358360627,3,1
SCZ_LOC_6_27523869_rs140365013,6,rs140365013,27523869,1.205e-39,0.205696228110405,26,-1.201653955023322,ENSG00000197153,H3C12,protein_coding,369237,40,0,0,0.0,-0.0,1,0.9999921254315534,3,0
SCZ_LOC_6_27523869_rs140365013,6,rs140365013,27523869,1.205e-39,0.205696228110405,27,-1.2028539432038166,ENSG00000197238,H4C11,protein_coding,300223,27,0,0,0.0,-0.0,1,0.9999930822719864,3,0
SCZ_LOC_6_27523869_rs140365013,6,rs140365013,27523869,1.205e-39,0.205696228110405,28,-1.2894819846184224,ENSG00000112812,PRSS16,protein_coding,276168,20,0,1,0.29230833053588867,7.292804542423462,0,0.0,0,0
SCZ_LOC_6_27523869_rs140365013,6,rs140365013,27523869,1.205e-39,0.205696228110405,29,-1.301285106821672,ENSG00000275126,H4C13,protein_coding,349665,38,0,0,0.0,-0.0,1,0.9999899970005393,1,0
SCZ_LOC_6_27523869_rs140365013,6,rs140365013,27523869,1.205e-39,0.205696228110405,30,-1.3031707605441702,ENSG00000184357,H1-5,protein_coding,343719,34,0,0,0.0,-0.0,1,0.9999950921958768,2,0
SCZ_LOC_6_27523869_rs140365013,6,rs140365013,27523869,1.205e-39,0.205696228110405,31,-1.328368606675498,ENSG00000287252,ENSG00000287252,lncRNA,233460,15,0,1,1.5602716207504272,17.074784346917294,0,0.0,0,0
SCZ_LOC_6_27523869_rs140365013,6,rs140365013,27523869,1.205e-39,0.205696228110405,32,-1.3515281184935344,ENSG00000276368,H2AC14,protein_coding,290908,25,0,0,0.0,-0.0,1,0.9999892059077812,1,0
SCZ_LOC_6_27523869_rs140365013,6,rs140365013,27523869,1.205e-39,0.205696228110405,33,-1.3813066657125572,ENSG00000233822,H2BC15,protein_coding,314676,31,0,1,0.989484429359436,5.66481538474573,1,0.9999828796274826,3,1
SCZ_LOC_6_27523869_rs140365013,6,rs140365013,27523869,1.205e-39,0.205696228110405,34,-1.6188311481007516,ENSG00000285849,ENSG00000285849,lncRNA,69301,5,0,0,0.0,-0.0,0,0.0,0,0
SCZ_LOC_6_27523869_rs140365013,6,rs140365013,27523869,1.205e-39,0.205696228110405,35,-1.6826299639302331,ENSG00000305393,ENSG00000305393,lncRNA,99486,6,0,0,0.0,-0.0,0,0.0,0,0
SCZ_LOC_6_27523869_rs140365013,6,rs140365013,27523869,1.205e-39,0.205696228110405,36,-1.8504472177962195,ENSG00000305361,ENSG00000305361,lncRNA,144874,8,0,0,0.0,-0.0,0,0.0,0,0
SCZ_LOC_6_27523869_rs140365013,6,rs140365013,27523869,1.205e-39,0.205696228110405,36,-1.8504472177962195,ENSG00000291112,ENSG00000291112,lncRNA,148497,9,0,0,0.0,-0.0,0,0.0,0,0
SCZ_LOC_6_27523869_rs140365013,6,rs140365013,27523869,1.205e-39,0.205696228110405,38,-1.945600623323249,ENSG00000305770,ENSG00000305770,lncRNA,349716,39,0,0,0.0,-0.0,0,0.0,0,0
SCZ_LOC_6_27523869_rs140365013,6,rs140365013,27523869,1.205e-39,0.205696228110405,38,-1.945600623323249,ENSG00000305786,ENSG00000305786,lncRNA,371760,43,0,0,0.0,-0.0,0,0.0,0,0
SCZ_LOC_6_27523869_rs140365013,6,rs140365013,27523869,1.205e-39,0.205696228110405,40,-1.9477600684968392,ENSG00000302043,ENSG00000302043,lncRNA,238535,16,0,0,0.0,-0.0,0,0.0,0,0
SCZ_LOC_6_27523869_rs140365013,6,rs140365013,27523869,1.205e-39,0.205696228110405,41,-1.9643629619545162,ENSG00000124657,OR2B6,protein_coding,433372,50,0,0,0.0,-0.0,0,0.0,0,0
SCZ_LOC_6_27523869_rs140365013,6,rs140365013,27523869,1.205e-39,0.205696228110405,41,-1.9643629619545162,ENSG00000168131,OR2B2,protein_coding,388527,47,0,0,0.0,-0.0,0,0.0,0,0
SCZ_LOC_6_27523869_rs140365013,6,rs140365013,27523869,1.205e-39,0.205696228110405,41,-1.9643629619545162,ENSG00000304506,ENSG00000304506,lncRNA,443706,51,0,0,0.0,-0.0,0,0.0,0,0
SCZ_LOC_6_27523869_rs140365013,6,rs140365013,27523869,1.205e-39,0.205696228110405,41,-1.9643629619545162,ENSG00000287966,LARRPM,lncRNA,454359,52,0,0,0.0,-0.0,0,0.0,0,0
SCZ_LOC_6_27523869_rs140365013,6,rs140365013,27523869,1.205e-39,0.205696228110405,45,-1.9976671420866914,ENSG00000287674,ENSG00000287674,lncRNA,156686,11,0,0,0.0,-0.0,0,0.0,0,0
SCZ_LOC_6_27523869_rs140365013,6,rs140365013,27523869,1.205e-39,0.205696228110405,46,-2.021984919617909,ENSG00000296368,ENSG00000296368,lncRNA,304019,28,0,0,0.0,-0.0,0,0.0,0,0
SCZ_LOC_6_27523869_rs140365013,6,rs140365013,27523869,1.205e-39,0.205696228110405,47,-2.048843097965252,ENSG00000301163,ENSG00000301163,lncRNA,345290,35,0,0,0.0,-0.0,0,0.0,0,0
SCZ_LOC_6_27523869_rs140365013,6,rs140365013,27523869,1.205e-39,0.205696228110405,47,-2.048843097965252,ENSG00000290009,ENSG00000290009,lncRNA,345536,36,0,0,0.0,-0.0,0,0.0,0,0
SCZ_LOC_6_27523869_rs140365013,6,rs140365013,27523869,1.205e-39,0.205696228110405,49,-2.0598069904417207,ENSG00000297504,ENSG00000297504,lncRNA,335746,32,0,0,0.0,-0.0,0,0.0,0,0
SCZ_LOC_6_27523869_rs140365013,6,rs140365013,27523869,1.205e-39,0.205696228110405,50,-2.071027943109276,ENSG00000294330,ENSG00000294330,lncRNA,285044,23,0,0,0.0,-0.0,0,0.0,0,0
SCZ_LOC_6_27523869_rs140365013,6,rs140365013,27523869,1.205e-39,0.205696228110405,50,-2.071027943109276,ENSG00000296382,ENSG00000296382,lncRNA,267828,18,0,0,0.0,-0.0,0,0.0,0,0
SCZ_LOC_6_27523869_rs140365013,6,rs140365013,27523869,1.205e-39,0.205696228110405,50,-2.071027943109276,ENSG00000296400,ENSG00000296400,lncRNA,269002,19,0,0,0.0,-0.0,0,0.0,0,0
SCZ_LOC_6_27523869_rs140365013,6,rs140365013,27523869,1.205e-39,0.205696228110405,50,-2.071027943109276,ENSG00000302179,ENSG00000302179,lncRNA,248809,17,0,0,0.0,-0.0,0,0.0,0,0
SCZ_LOC_6_27523869_rs140365013,6,rs140365013,27523869,1.205e-39,0.205696228110405,54,-2.0821970675151693,ENSG00000302104,ENSG00000302104,lncRNA,214596,14,0,0,0.0,-0.0,0,0.0,0,0
SCZ_LOC_6_28630691_rs13194504,6,rs13194504,28630691,1.007e-36,0.202597928064885,1,1.2104556922576342,ENSG00000232040,SCAND3,protein_coding,14479,3,0,0,0.0,-0.0,1,0.9999933488570064,11,0
SCZ_LOC_6_28630691_rs13194504,6,rs13194504,28630691,1.007e-36,0.202597928064885,2,0.06830389580469998,ENSG00000225595,LINC01623,lncRNA,233939,20,0,0,0.0,-0.0,1,0.9999942065521968,15,0
SCZ_LOC_6_28630691_rs13194504,6,rs13194504,28630691,1.007e-36,0.202597928064885,3,-0.02546659138358691,ENSG00000187987,ZSCAN23,protein_coding,187189,16,0,1,0.5950595736503601,14.145937172840204,1,0.9999998171847791,5,1
SCZ_LOC_6_28630691_rs13194504,6,rs13194504,28630691,1.007e-36,0.202597928064885,4,-0.18728156441111593,ENSG00000287279,ENSG00000287279,lncRNA,4092,1,1,0,0.0,-0.0,0,0.0,0,0
SCZ_LOC_6_28630691_rs13194504,6,rs13194504,28630691,1.007e-36,0.202597928064885,5,-0.294517883451127,ENSG00000304871,ENSG00000304871,lncRNA,8482,2,0,0,0.0,-0.0,0,0.0,0,0
SCZ_LOC_6_28630691_rs13194504,6,rs13194504,28630691,1.007e-36,0.202597928064885,6,-0.4686826578229925,ENSG00000158691,ZSCAN12,protein_coding,230944,19,0,1,0.8228580355644226,4.03284592219288,1,0.9999980434412188,5,1
SCZ_LOC_6_28630691_rs13194504,6,rs13194504,28630691,1.007e-36,0.202597928064885,7,-0.5515511156189217,ENSG00000198315,ZKSCAN8,protein_coding,488808,52,0,1,0.38248029351234436,13.671037728448855,1,0.9999983632528432,5,1
SCZ_LOC_6_28630691_rs13194504,6,rs13194504,28630691,1.007e-36,0.202597928064885,8,-0.559738354332055,ENSG00000204709,LINC01556,lncRNA,292015,28,0,1,0.5708613991737366,5.9971870365264905,1,0.9999995079023064,21,1
SCZ_LOC_6_28630691_rs13194504,6,rs13194504,28630691,1.007e-36,0.202597928064885,9,-0.776885006921941,ENSG00000137185,ZSCAN9,protein_coding,405805,44,0,1,1.5107074975967407,7.310086789781113,1,0.9999986662428014,6,1
SCZ_LOC_6_28630691_rs13194504,6,rs13194504,28630691,1.007e-36,0.202597928064885,10,-0.8733655768687256,ENSG00000269293,ZSCAN16-AS1,lncRNA,493372,53,0,1,0.2139771580696106,4.652951603850041,0,0.0,0,0
SCZ_LOC_6_28630691_rs13194504,6,rs13194504,28630691,1.007e-36,0.202597928064885,11,-0.8995628650427467,ENSG00000187626,ZKSCAN4,protein_coding,378422,41,0,0,0.0,-0.0,1,0.9999964143641916,4,0
SCZ_LOC_6_28630691_rs13194504,6,rs13194504,28630691,1.007e-36,0.202597928064885,12,-0.9044913067330373,ENSG00000235570,LINC00533,lncRNA,79426,6,0,0,0.0,-0.0,0,0.0,0,0
SCZ_LOC_6_28630691_rs13194504,6,rs13194504,28630691,1.007e-36,0.202597928064885,13,-1.0155654819161104,ENSG00000204713,TRIM27,protein_coding,293297,29,0,1,0.41509130597114563,6.628725888961661,1,0.9998958167194244,7,1
SCZ_LOC_6_28630691_rs13194504,6,rs13194504,28630691,1.007e-36,0.202597928064885,14,-1.021332173142576,ENSG00000189134,NKAPL,protein_coding,371394,39,0,0,0.0,-0.0,1,0.999993885923518,4,0
SCZ_LOC_6_28630691_rs13194504,6,rs13194504,28630691,1.007e-36,0.202597928064885,15,-1.1662888465935435,ENSG00000197062,ZSCAN26,protein_coding,363633,38,0,1,1.1107124090194702,24.493986788427282,1,0.9999837125075466,3,1
SCZ_LOC_6_28630691_rs13194504,6,rs13194504,28630691,1.007e-36,0.202597928064885,16,-1.2374120023639872,ENSG00000137338,PGBD1,protein_coding,349119,35,0,1,0.4523234963417053,6.25397532561739,1,0.9999916289811134,3,1
SCZ_LOC_6_28630691_rs13194504,6,rs13194504,28630691,1.007e-36,0.202597928064885,17,-1.2665831236591436,ENSG00000246350,ZBED9-AS1,lncRNA,43313,4,0,0,0.0,-0.0,0,0.0,0,0
SCZ_LOC_6_28630691_rs13194504,6,rs13194504,28630691,1.007e-36,0.202597928064885,18,-1.4146413136139604,ENSG00000227206,ENSG00000227206,lncRNA,493450,54,0,0,0.0,-0.0,0,0.0,0,0
SCZ_LOC_6_28630691_rs13194504,6,rs13194504,28630691,1.007e-36,0.202597928064885,19,-1.514361453459287,ENSG00000189298,ZKSCAN3,protein_coding,280744,27,0,1,1.2320771217346191,13.337655915866014,1,0.9999995548671118,6,1
SCZ_LOC_6_28630691_rs13194504,6,rs13194504,28630691,1.007e-36,0.202597928064885,20,-1.5186108941413234,ENSG00000197935,ZNF311,protein_coding,374625,40,0,1,1.968291163444519,6.073253862501095,0,0.0,0,0
SCZ_LOC_6_28630691_rs13194504,6,rs13194504,28630691,1.007e-36,0.202597928064885,21,-1.5757143016356003,ENSG00000261839,ENSG00000261839,lncRNA,493842,55,0,0,0.0,-0.0,0,0.0,0,0
SCZ_LOC_6_28630691_rs13194504,6,rs13194504,28630691,1.007e-36,0.202597928064885,22,-1.596894946195446,ENSG00000235109,ZSCAN31,protein_coding,274420,26,0,1,1.8962762355804443,32.73456918287477,1,0.9999792757190864,4,1
SCZ_LOC_6_28630691_rs13194504,6,rs13194504,28630691,1.007e-36,0.202597928064885,23,-1.6600680329663602,ENSG00000304852,ENSG00000304852,lncRNA,63578,5,0,0,0.0,-0.0,0,0.0,0,0
SCZ_LOC_6_28630691_rs13194504,6,rs13194504,28630691,1.007e-36,0.202597928064885,24,-1.6620599270002279,ENSG00000226314,ZKSCAN8P1,protein_coding,468922,50,0,1,1.517656922340393,17.6562159646728,0,0.0,0,0
SCZ_LOC_6_28630691_rs13194504,6,rs13194504,28630691,1.007e-36,0.202597928064885,25,-1.6826299639302331,ENSG00000198704,GPX6,protein_coding,102476,7,0,0,0.0,-0.0,0,0.0,0,0
SCZ_LOC_6_28630691_rs13194504,6,rs13194504,28630691,1.007e-36,0.202597928064885,26,-1.7680330201753354,ENSG00000307816,ENSG00000307816,lncRNA,107271,9,0,0,0.0,-0.0,0,0.0,0,0
SCZ_LOC_6_28630691_rs13194504,6,rs13194504,28630691,1.007e-36,0.202597928064885,26,-1.7680330201753354,ENSG00000306829,ENSG00000306829,lncRNA,118076,10,0,0,0.0,-0.0,0,0.0,0,0
SCZ_LOC_6_28630691_rs13194504,6,rs13194504,28630691,1.007e-36,0.202597928064885,26,-1.7680330201753354,ENSG00000224586,GPX5,protein_coding,104810,8,0,0,0.0,-0.0,0,0.0,0,0
SCZ_LOC_6_28630691_rs13194504,6,rs13194504,28630691,1.007e-36,0.202597928064885,29,-1.9477600684968392,ENSG00000300690,ENSG00000300690,lncRNA,235231,21,0,0,0.0,-0.0,0,0.0,0,0
SCZ_LOC_6_28630691_rs13194504,6,rs13194504,28630691,1.007e-36,0.202597928064885,30,-1.9643629619545162,ENSG00000204701,OR2J3,protein_coding,477367,51,0,0,0.0,-0.0,0,0.0,0,0
SCZ_LOC_6_28630691_rs13194504,6,rs13194504,28630691,1.007e-36,0.202597928064885,30,-1.9643629619545162,ENSG00000204702,OR2J1,protein_coding,468799,49,0,0,0.0,-0.0,0,0.0,0,0
SCZ_LOC_6_28630691_rs13194504,6,rs13194504,28630691,1.007e-36,0.202597928064885,30,-1.9643629619545162,ENSG00000204704,OR2W1,protein_coding,414484,45,0,0,0.0,-0.0,0,0.0,0,0
SCZ_LOC_6_28630691_rs13194504,6,rs13194504,28630691,1.007e-36,0.202597928064885,30,-1.9643629619545162,ENSG00000204703,OR2B3,protein_coding,456622,48,0,0,0.0,-0.0,0,0.0,0,0
SCZ_LOC_6_28630691_rs13194504,6,rs13194504,28630691,1.007e-36,0.202597928064885,30,-1.9643629619545162,ENSG00000300257,ENSG00000300257,lncRNA,418078,47,0,0,0.0,-0.0,0,0.0,0,0
SCZ_LOC_6_28630691_rs13194504,6,rs13194504,28630691,1.007e-36,0.202597928064885,30,-1.9643629619545162,ENSG00000300275,ENSG00000300275,lncRNA,417920,46,0,0,0.0,-0.0,0,0.0,0,0
SCZ_LOC_6_28630691_rs13194504,6,rs13194504,28630691,1.007e-36,0.202597928064885,30,-1.9643629619545162,ENSG00000277661,OR2W1-AS1,lncRNA,405300,42,0,0,0.0,-0.0,0,0.0,0,0
SCZ_LOC_6_28630691_rs13194504,6,rs13194504,28630691,1.007e-36,0.202597928064885,30,-1.9643629619545162,ENSG00000305104,ENSG00000305104,lncRNA,405351,43,0,0,0.0,-0.0,0,0.0,0,0
SCZ_LOC_6_28630691_rs13194504,6,rs13194504,28630691,1.007e-36,0.202597928064885,38,-1.9920843733748341,ENSG00000276302,ENSG00000276302,protein_coding,363570,37,0,0,0.0,-0.0,0,0.0,0,0
SCZ_LOC_6_28630691_rs13194504,6,rs13194504,28630691,1.007e-36,0.202597928064885,39,-1.9976671420866914,ENSG00000287804,ENSG00000287804,lncRNA,141174,12,0,0,0.0,-0.0,0,0.0,0,0
SCZ_LOC_6_28630691_rs13194504,6,rs13194504,28630691,1.007e-36,0.202597928064885,39,-1.9976671420866914,ENSG00000286819,ENSG00000286819,lncRNA,141112,11,0,0,0.0,-0.0,0,0.0,0,0
SCZ_LOC_6_28630691_rs13194504,6,rs13194504,28630691,1.007e-36,0.202597928064885,41,-2.038410442441953,ENSG00000307837,ENSG00000307837,lncRNA,145662,13,0,0,0.0,-0.0,0,0.0,0,0
SCZ_LOC_6_28630691_rs13194504,6,rs13194504,28630691,1.007e-36,0.202597928064885,41,-2.038410442441953,ENSG00000307858,ENSG00000307858,lncRNA,158889,14,0,0,0.0,-0.0,0,0.0,0,0
SCZ_LOC_6_28630691_rs13194504,6,rs13194504,28630691,1.007e-36,0.202597928064885,41,-2.038410442441953,ENSG00000294166,ENSG00000294166,lncRNA,161792,15,0,0,0.0,-0.0,0,0.0,0,0
SCZ_LOC_6_28630691_rs13194504,6,rs13194504,28630691,1.007e-36,0.202597928064885,44,-2.048843097965252,ENSG00000227214,HCG15,lncRNA,354033,36,0,0,0.0,-0.0,0,0.0,0,0
SCZ_LOC_6_28630691_rs13194504,6,rs13194504,28630691,1.007e-36,0.202597928064885,44,-2.048843097965252,ENSG00000305894,ENSG00000305894,lncRNA,323298,33,0,0,0.0,-0.0,0,0.0,0,0
SCZ_LOC_6_28630691_rs13194504,6,rs13194504,28630691,1.007e-36,0.202597928064885,44,-2.048843097965252,ENSG00000308762,ENSG00000308762,lncRNA,328251,34,0,0,0.0,-0.0,0,0.0,0,0
SCZ_LOC_6_28630691_rs13194504,6,rs13194504,28630691,1.007e-36,0.202597928064885,47,-2.0598069904417207,ENSG00000294464,ENSG00000294464,lncRNA,317530,31,0,0,0.0,-0.0,0,0.0,0,0
SCZ_LOC_6_28630691_rs13194504,6,rs13194504,28630691,1.007e-36,0.202597928064885,48,-2.070482061692189,ENSG00000297763,ENSG00000297763,lncRNA,318654,32,0,0,0.0,-0.0,0,0.0,0,0
SCZ_LOC_6_28630691_rs13194504,6,rs13194504,28630691,1.007e-36,0.202597928064885,49,-2.071027943109276,ENSG00000224157,HCG14,lncRNA,265737,25,0,0,0.0,-0.0,0,0.0,0,0
SCZ_LOC_6_28630691_rs13194504,6,rs13194504,28630691,1.007e-36,0.202597928064885,49,-2.071027943109276,ENSG00000299124,ENSG00000299124,lncRNA,264949,24,0,0,0.0,-0.0,0,0.0,0,0
SCZ_LOC_6_28630691_rs13194504,6,rs13194504,28630691,1.007e-36,0.202597928064885,49,-2.071027943109276,ENSG00000294493,ENSG00000294493,lncRNA,258382,23,0,0,0.0,-0.0,0,0.0,0,0
SCZ_LOC_6_28630691_rs13194504,6,rs13194504,28630691,1.007e-36,0.202597928064885,49,-2.071027943109276,ENSG00000300715,ENSG00000300715,lncRNA,247211,22,0,0,0.0,-0.0,0,0.0,0,0
SCZ_LOC_6_28630691_rs13194504,6,rs13194504,28630691,1.007e-36,0.202597928064885,49,-2.071027943109276,ENSG00000290051,ENSG00000290051,lncRNA,295029,30,0,0,0.0,-0.0,0,0.0,0,0
SCZ_LOC_6_28630691_rs13194504,6,rs13194504,28630691,1.007e-36,0.202597928064885,54,-2.0821970675151693,ENSG00000225173,ENSG00000225173,lncRNA,208547,17,0,0,0.0,-0.0,0,0.0,0,0
SCZ_LOC_6_28630691_rs13194504,6,rs13194504,28630691,1.007e-36,0.202597928064885,54,-2.0821970675151693,ENSG00000310015,ENSG00000310015,lncRNA,230885,18,0,0,0.0,-0.0,0,0.0,0,0
SCZ_LOC_6_29752808_rs9258375,6,rs9258375,29752808,1.021e-32,0.187798199239476,1,1.0920540098642346,ENSG00000285761,ENSG00000285761,lncRNA,248,1,1,1,1.01224946975708,8.211499744918944,0,0.0,0,0
SCZ_LOC_6_29752808_rs9258375,6,rs9258375,29752808,1.021e-32,0.187798199239476,2,1.081051194223411,ENSG00000204642,HLA-F,protein_coding,30033,3,0,1,0.2401588410139084,4.652869172250358,1,0.999999501114617,9,1
SCZ_LOC_6_29752808_rs9258375,6,rs9258375,29752808,1.021e-32,0.187798199239476,3,0.7456731521466589,ENSG00000214922,HLA-F-AS1,lncRNA,75688,8,0,1,0.8492375612258911,12.491545341887011,1,0.9999972759107214,5,1
SCZ_LOC_6_29752808_rs9258375,6,rs9258375,29752808,1.021e-32,0.187798199239476,4,0.33811108370206827,ENSG00000204681,GABBR1,protein_coding,118832,11,0,1,0.5652456879615784,15.337013966482937,1,0.999998449274452,11,1
SCZ_LOC_6_29752808_rs9258375,6,rs9258375,29752808,1.021e-32,0.187798199239476,5,0.20873424186569897,ENSG00000272236,ENSG00000272236,lncRNA,601,2,0,0,0.0,-0.0,0,0.0,0,0
SCZ_LOC_6_29752808_rs9258375,6,rs9258375,29752808,1.021e-32,0.187798199239476,6,-0.35290346166095915,ENSG00000204632,HLA-G,protein_coding,74159,7,0,1,1.126301884651184,7.893443324275045,0,0.0,0,0
SCZ_LOC_6_29752808_rs9258375,6,rs9258375,29752808,1.021e-32,0.187798199239476,7,-0.5180404877212299,ENSG00000204644,ZFP57,protein_coding,71653,6,0,1,0.5036583542823792,4.591143328333089,0,0.0,0,0
SCZ_LOC_6_29752808_rs9258375,6,rs9258375,29752808,1.021e-32,0.187798199239476,8,-0.7251537255834057,ENSG00000206503,HLA-A,protein_coding,188452,19,0,1,0.7355997562408447,19.794587904494282,1,0.9999987200525426,6,1
SCZ_LOC_6_29752808_rs9258375,6,rs9258375,29752808,1.021e-32,0.187798199239476,9,-0.817384687539968,ENSG00000204657,OR2H2,protein_coding,167687,16,0,1,1.0074130296707153,5.687248896726323,0,0.0,0,0
SCZ_LOC_6_29752808_rs9258375,6,rs9258375,29752808,1.021e-32,0.187798199239476,10,-0.9993315573121819,ENSG00000234127,TRIM26,protein_coding,460619,49,0,1,1.1127924919128418,7.956893304316911,1,0.9999810639743644,3,1
SCZ_LOC_6_29752808_rs9258375,6,rs9258375,29752808,1.021e-32,0.187798199239476,11,-1.1485062924985694,ENSG00000310484,ENSG00000310484,lncRNA,66849,5,0,0,0.0,-0.0,0,0.0,0,0
SCZ_LOC_6_29752808_rs9258375,6,rs9258375,29752808,1.021e-32,0.187798199239476,12,-1.1590741410529664,ENSG00000290710,HLA-V,lncRNA,38146,4,0,0,0.0,-0.0,0,0.0,0,0
SCZ_LOC_6_29752808_rs9258375,6,rs9258375,29752808,1.021e-32,0.187798199239476,13,-1.1910538528407828,ENSG00000231074,HCG18,lncRNA,574593,50,0,1,0.9377303719520569,14.651440492023164,0,0.0,0,0
SCZ_LOC_6_29752808_rs9258375,6,rs9258375,29752808,1.021e-32,0.187798199239476,14,-1.2442569802876355,ENSG00000204655,MOG,protein_coding,95806,9,0,1,0.8055078983306885,4.603810856515945,1,0.9999979089208688,4,1
SCZ_LOC_6_29752808_rs9258375,6,rs9258375,29752808,1.021e-32,0.187798199239476,15,-1.359332579925439,ENSG00000281831,HCP5B,lncRNA,120975,12,0,1,1.4447782039642334,27.329376219076654,0,0.0,0,0
SCZ_LOC_6_29752808_rs9258375,6,rs9258375,29752808,1.021e-32,0.187798199239476,16,-1.4059548355303666,ENSG00000204619,PPP1R11,protein_coding,313901,35,0,1,0.4790559411048889,4.955658753413283,1,0.9999253892012196,2,1
SCZ_LOC_6_29752808_rs9258375,6,rs9258375,29752808,1.021e-32,0.187798199239476,17,-1.4563929019195434,ENSG00000066379,POLR1H,protein_coding,306091,33,0,1,0.7020995020866394,6.115105713591163,1,0.9999835971424678,2,1
SCZ_LOC_6_29752808_rs9258375,6,rs9258375,29752808,1.021e-32,0.187798199239476,18,-1.5624191295850889,ENSG00000290496,LINC03003,lncRNA,587177,51,0,0,0.0,-0.0,0,0.0,0,0
SCZ_LOC_6_29752808_rs9258375,6,rs9258375,29752808,1.021e-32,0.187798199239476,19,-1.792181465765523,ENSG00000301820,ENSG00000301820,lncRNA,96804,10,0,0,0.0,-0.0,0,0.0,0,0
SCZ_LOC_6_29752808_rs9258375,6,rs9258375,29752808,1.021e-32,0.187798199239476,20,-1.8324859544814625,ENSG00000293508,POLR1HASP,lncRNA,314243,36,0,0,0.0,-0.0,0,0.0,0,0
SCZ_LOC_6_29752808_rs9258375,6,rs9258375,29752808,1.021e-32,0.187798199239476,21,-1.945600623323249,ENSG00000204616,TRIM31,protein_coding,360282,42,0,0,0.0,-0.0,0,0.0,0,0
SCZ_LOC_6_29752808_rs9258375,6,rs9258375,29752808,1.021e-32,0.187798199239476,21,-1.945600623323249,ENSG00000280236,OR12D2,protein_coding,357177,41,0,0,0.0,-0.0,0,0.0,0,0
SCZ_LOC_6_29752808_rs9258375,6,rs9258375,29752808,1.021e-32,0.187798199239476,21,-1.945600623323249,ENSG00000251608,OR12D1,protein_coding,337880,39,0,0,0.0,-0.0,0,0.0,0,0
SCZ_LOC_6_29752808_rs9258375,6,rs9258375,29752808,1.021e-32,0.187798199239476,21,-1.945600623323249,ENSG00000231226,TRIM31-AS1,lncRNA,348019,40,0,0,0.0,-0.0,0,0.0,0,0
SCZ_LOC_6_29752808_rs9258375,6,rs9258375,29752808,1.021e-32,0.187798199239476,25,-1.95599624482107,ENSG00000290870,ENSG00000290870,lncRNA,132807,14,0,0,0.0,-0.0,0,0.0,0,0
SCZ_LOC_6_29752808_rs9258375,6,rs9258375,29752808,1.021e-32,0.187798199239476,26,-1.9643629619545162,ENSG00000204614,TRIM40,protein_coding,383316,44,0,0,0.0,-0.0,0,0.0,0,0
SCZ_LOC_6_29752808_rs9258375,6,rs9258375,29752808,1.021e-32,0.187798199239476,26,-1.9643629619545162,ENSG00000204613,TRIM10,protein_coding,408403,45,0,0,0.0,-0.0,0,0.0,0,0
SCZ_LOC_6_29752808_rs9258375,6,rs9258375,29752808,1.021e-32,0.187798199239476,26,-1.9643629619545162,ENSG00000204610,TRIM15,protein_coding,410398,46,0,0,0.0,-0.0,0,0.0,0,0
SCZ_LOC_6_29752808_rs9258375,6,rs9258375,29752808,1.021e-32,0.187798199239476,26,-1.9643629619545162,ENSG00000112462,OR12D3,protein_coding,377517,43,0,0,0.0,-0.0,0,0.0,0,0
SCZ_LOC_6_29752808_rs9258375,6,rs9258375,29752808,1.021e-32,0.187798199239476,26,-1.9643629619545162,ENSG00000204695,OR14J1,protein_coding,451107,48,0,0,0.0,-0.0,0,0.0,0,0
SCZ_LOC_6_29752808_rs9258375,6,rs9258375,29752808,1.021e-32,0.187798199239476,26,-1.9643629619545162,ENSG00000295863,ENSG00000295863,lncRNA,418339,47,0,0,0.0,-0.0,0,0.0,0,0
SCZ_LOC_6_29752808_rs9258375,6,rs9258375,29752808,1.021e-32,0.187798199239476,32,-1.983080023429122,ENSG00000310469,HLA-H,lncRNA,134757,15,0,0,0.0,-0.0,0,0.0,0,0
SCZ_LOC_6_29752808_rs9258375,6,rs9258375,29752808,1.021e-32,0.187798199239476,33,-1.9906063789324089,ENSG00000213886,UBD,protein_coding,193076,20,0,0,0.0,-0.0,0,0.0,0,0
SCZ_LOC_6_29752808_rs9258375,6,rs9258375,29752808,1.021e-32,0.187798199239476,33,-1.9906063789324089,ENSG00000237988,OR2I1P,protein_coding,202401,21,0,0,0.0,-0.0,0,0.0,0,0
SCZ_LOC_6_29752808_rs9258375,6,rs9258375,29752808,1.021e-32,0.187798199239476,33,-1.9906063789324089,ENSG00000310474,ENSG00000310474,lncRNA,203805,22,0,0,0.0,-0.0,0,0.0,0,0
SCZ_LOC_6_29752808_rs9258375,6,rs9258375,29752808,1.021e-32,0.187798199239476,36,-1.9920843733748341,ENSG00000243729,OR5V1,protein_coding,320841,37,0,0,0.0,-0.0,0,0.0,0,0
SCZ_LOC_6_29752808_rs9258375,6,rs9258375,29752808,1.021e-32,0.187798199239476,37,-2.001663668545022,ENSG00000309476,ENSG00000309476,lncRNA,123937,13,0,0,0.0,-0.0,0,0.0,0,0
SCZ_LOC_6_29752808_rs9258375,6,rs9258375,29752808,1.021e-32,0.187798199239476,38,-2.038410442441953,ENSG00000310508,ENSG00000310508,lncRNA,174343,18,0,0,0.0,-0.0,0,0.0,0,0
SCZ_LOC_6_29752808_rs9258375,6,rs9258375,29752808,1.021e-32,0.187798199239476,38,-2.038410442441953,ENSG00000310496,ENSG00000310496,lncRNA,173110,17,0,0,0.0,-0.0,0,0.0,0,0
SCZ_LOC_6_29752808_rs9258375,6,rs9258375,29752808,1.021e-32,0.187798199239476,40,-2.048843097965252,ENSG00000206474,OR10C1,protein_coding,313502,34,0,0,0.0,-0.0,0,0.0,0,0
SCZ_LOC_6_29752808_rs9258375,6,rs9258375,29752808,1.021e-32,0.187798199239476,41,-2.071027943109276,ENSG00000204687,MAS1L,protein_coding,264852,29,0,0,0.0,-0.0,0,0.0,0,0
SCZ_LOC_6_29752808_rs9258375,6,rs9258375,29752808,1.021e-32,0.187798199239476,41,-2.071027943109276,ENSG00000204688,OR2H1,protein_coding,295653,31,0,0,0.0,-0.0,0,0.0,0,0
SCZ_LOC_6_29752808_rs9258375,6,rs9258375,29752808,1.021e-32,0.187798199239476,41,-2.071027943109276,ENSG00000204694,OR11A1,protein_coding,295737,32,0,0,0.0,-0.0,0,0.0,0,0
SCZ_LOC_6_29752808_rs9258375,6,rs9258375,29752808,1.021e-32,0.187798199239476,41,-2.071027943109276,ENSG00000299453,ENSG00000299453,lncRNA,277344,30,0,0,0.0,-0.0,0,0.0,0,0
SCZ_LOC_6_29752808_rs9258375,6,rs9258375,29752808,1.021e-32,0.187798199239476,41,-2.071027943109276,ENSG00000289203,ENSG00000289203,lncRNA,258582,28,0,0,0.0,-0.0,0,0.0,0,0
SCZ_LOC_6_29752808_rs9258375,6,rs9258375,29752808,1.021e-32,0.187798199239476,41,-2.071027943109276,ENSG00000229274,LINC02829,lncRNA,255464,27,0,0,0.0,-0.0,0,0.0,0,0
SCZ_LOC_6_29752808_rs9258375,6,rs9258375,29752808,1.021e-32,0.187798199239476,41,-2.071027943109276,ENSG00000290574,ENSG00000290574,lncRNA,253163,26,0,0,0.0,-0.0,0,0.0,0,0
SCZ_LOC_6_29752808_rs9258375,6,rs9258375,29752808,1.021e-32,0.187798199239476,41,-2.071027943109276,ENSG00000310512,ENSG00000310512,lncRNA,240267,25,0,0,0.0,-0.0,0,0.0,0,0
SCZ_LOC_6_29752808_rs9258375,6,rs9258375,29752808,1.021e-32,0.187798199239476,49,-2.0821970675151693,ENSG00000224582,LINC01015,lncRNA,224087,24,0,0,0.0,-0.0,0,0.0,0,0
SCZ_LOC_6_29752808_rs9258375,6,rs9258375,29752808,1.021e-32,0.187798199239476,49,-2.0821970675151693,ENSG00000204625,HCG9,lncRNA,222304,23,0,0,0.0,-0.0,0,0.0,0,0
SCZ_LOC_6_29752808_rs9258375,6,rs9258375,29752808,1.021e-32,0.187798199239476,51,-2.5031944561581665,ENSG00000204618,RNF39,protein_coding,323041,38,0,1,1.7557916641235352,24.046079839857708,1,0.9999999962190024,2,1
SCZ_LOC_6_30926517_rs3095156,6,rs3095156,30926517,1.514e-27,0.156601958701119,1,1.6844785341494972,ENSG00000137411,VARS2,protein_coding,12312,2,0,1,1.3930625915527344,44.818672505313984,1,0.9999902457464744,7,1
SCZ_LOC_6_30926517_rs3095156,6,rs3095156,30926517,1.514e-27,0.156601958701119,2,0.7997908361074052,ENSG00000196230,TUBB,protein_coding,209082,30,0,0,0.0,-0.0,1,0.9999977701354558,5,0
SCZ_LOC_6_30926517_rs3095156,6,rs3095156,30926517,1.514e-27,0.156601958701119,3,0.34197298228272727,ENSG00000137331,IER3,protein_coding,181969,21,0,1,0.5755665302276611,5.025375049604042,1,0.9999980235365398,10,1
SCZ_LOC_6_30926517_rs3095156,6,rs3095156,30926517,1.514e-27,0.156601958701119,4,0.012687053534067606,ENSG00000288473,ENSG00000288473,lncRNA,18275,3,0,0,0.0,-0.0,0,0.0,0,0
SCZ_LOC_6_30926517_rs3095156,6,rs3095156,30926517,1.514e-27,0.156601958701119,5,-0.23194448522237504,ENSG00000204580,DDR1,protein_coding,50096,7,0,1,0.31038999557495117,6.129522659424826,1,0.999999997768528,9,1
SCZ_LOC_6_30926517_rs3095156,6,rs3095156,30926517,1.514e-27,0.156601958701119,6,-0.294517883451127,ENSG00000168631,MUCL3,protein_coding,8006,1,1,0,0.0,-0.0,0,0.0,0,0
SCZ_LOC_6_30926517_rs3095156,6,rs3095156,30926517,1.514e-27,0.156601958701119,7,-0.39259033354973916,ENSG00000204520,MICA,protein_coding,473267,70,0,1,1.5556601285934448,38.855167651477025,1,0.9999968328981232,7,1
SCZ_LOC_6_30926517_rs3095156,6,rs3095156,30926517,1.514e-27,0.156601958701119,8,-0.4189499112302753,ENSG00000272540,ENSG00000272540,lncRNA,202640,28,0,1,0.9664245843887329,4.6827584493674195,0,0.0,0,0
SCZ_LOC_6_30926517_rs3095156,6,rs3095156,30926517,1.514e-27,0.156601958701119,9,-0.4314339426874904,ENSG00000204525,HLA-C,protein_coding,345613,51,0,1,1.038641333580017,42.65358194429313,1,0.9999978666884346,3,1
SCZ_LOC_6_30926517_rs3095156,6,rs3095156,30926517,1.514e-27,0.156601958701119,10,-0.5490663910735759,ENSG00000146112,PPP1R18,protein_coding,238622,36,0,1,0.4579117000102997,5.604521398700157,1,0.999998509169289,8,1
SCZ_LOC_6_30926517_rs3095156,6,rs3095156,30926517,1.514e-27,0.156601958701119,11,-0.5539987015301178,ENSG00000204564,C6orf136,protein_coding,279478,44,0,1,0.1812639832496643,4.897276804291237,1,0.9999773127761424,3,1
SCZ_LOC_6_30926517_rs3095156,6,rs3095156,30926517,1.514e-27,0.156601958701119,12,-0.580398228649058,ENSG00000204569,PPP1R10,protein_coding,307905,46,0,0,0.0,-0.0,1,0.9999782372919644,5,0
SCZ_LOC_6_30926517_rs3095156,6,rs3095156,30926517,1.514e-27,0.156601958701119,13,-0.6276538507015035,ENSG00000196260,SFTA2,protein_coding,29119,6,0,0,0.0,-0.0,0,0.0,0,0
SCZ_LOC_6_30926517_rs3095156,6,rs3095156,30926517,1.514e-27,0.156601958701119,14,-0.7077399976516321,ENSG00000204540,PSORS1C1,protein_coding,188233,26,0,1,0.6975098252296448,9.54374822841492,1,0.9999957382964908,8,1
SCZ_LOC_6_30926517_rs3095156,6,rs3095156,30926517,1.514e-27,0.156601958701119,15,-0.723375621423585,ENSG00000233529,HCG21,lncRNA,28345,5,0,0,0.0,-0.0,0,0.0,0,0
SCZ_LOC_6_30926517_rs3095156,6,rs3095156,30926517,1.514e-27,0.156601958701119,16,-0.746152167138709,ENSG00000137343,ATAT1,protein_coding,299675,45,0,0,0.0,-0.0,1,0.999998472810478,4,0
SCZ_LOC_6_30926517_rs3095156,6,rs3095156,30926517,1.514e-27,0.156601958701119,17,-0.766093763958688,ENSG00000204568,MRPS18B,protein_coding,308677,47,0,0,0.0,-0.0,1,0.9999487888208584,4,0
SCZ_LOC_6_30926517_rs3095156,6,rs3095156,30926517,1.514e-27,0.156601958701119,18,-0.7953333057545422,ENSG00000137404,NRM,protein_coding,235097,35,0,1,1.2969536781311035,16.823727438840237,1,0.9999720587423572,4,1
SCZ_LOC_6_30926517_rs3095156,6,rs3095156,30926517,1.514e-27,0.156601958701119,19,-0.8013261964259314,ENSG00000204560,DHX16,protein_coding,253511,37,0,1,0.38934099674224854,5.459800164356205,1,0.9999845349825048,3,1
SCZ_LOC_6_30926517_rs3095156,6,rs3095156,30926517,1.514e-27,0.156601958701119,20,-0.8588894316439672,ENSG00000234745,HLA-B,protein_coding,440550,63,0,1,0.5077536106109619,10.333307137852968,1,0.9999992162928456,2,1
SCZ_LOC_6_30926517_rs3095156,6,rs3095156,30926517,1.514e-27,0.156601958701119,21,-1.0642335420140698,ENSG00000228789,HCG22,lncRNA,126794,17,0,1,1.2026127576828003,22.396446877670733,1,0.9999935871402648,8,1
SCZ_LOC_6_30926517_rs3095156,6,rs3095156,30926517,1.514e-27,0.156601958701119,22,-1.0932713935210232,ENSG00000204574,ABCF1,protein_coding,355124,52,0,0,0.0,-0.0,1,0.9999757948536544,4,0
SCZ_LOC_6_30926517_rs3095156,6,rs3095156,30926517,1.514e-27,0.156601958701119,23,-1.1302497902130295,ENSG00000204531,POU5F1,protein_coding,254214,38,0,1,0.9755186438560486,10.716816362350697,0,0.0,0,0
SCZ_LOC_6_30926517_rs3095156,6,rs3095156,30926517,1.514e-27,0.156601958701119,24,-1.1381520083056416,ENSG00000137337,MDC1,protein_coding,209070,29,0,1,0.8387589454650879,6.559640615050547,1,0.9999666471097108,4,1
SCZ_LOC_6_30926517_rs3095156,6,rs3095156,30926517,1.514e-27,0.156601958701119,25,-1.2193325905231707,ENSG00000288805,ENSG00000288805,lncRNA,444858,65,0,1,0.7485965490341187,8.338305707645732,0,0.0,0,0
SCZ_LOC_6_30926517_rs3095156,6,rs3095156,30926517,1.514e-27,0.156601958701119,26,-1.2349311875545272,ENSG00000228022,HCG20,lncRNA,182727,22,0,1,1.0348082780838013,23.688209143535975,0,0.0,0,0
SCZ_LOC_6_30926517_rs3095156,6,rs3095156,30926517,1.514e-27,0.156601958701119,27,-1.2540564135974026,ENSG00000204528,PSORS1C3,lncRNA,259601,39,0,1,1.4178179502487183,28.2430467525414,0,0.0,0,0
SCZ_LOC_6_30926517_rs3095156,6,rs3095156,30926517,1.514e-27,0.156601958701119,28,-1.2709395039398017,ENSG00000204576,PRR3,protein_coding,369237,54,0,1,0.3662429749965668,4.589742424668159,1,0.9999933226220415,3,1
SCZ_LOC_6_30926517_rs3095156,6,rs3095156,30926517,1.514e-27,0.156601958701119,29,-1.274970229347996,ENSG00000213780,GTF2H4,protein_coding,18310,4,0,1,2.0653598308563232,10.57541719904197,1,0.9999664558108288,4,1
SCZ_LOC_6_30926517_rs3095156,6,rs3095156,30926517,1.514e-27,0.156601958701119,30,-1.2900957056766467,ENSG00000272501,ENSG00000272501,lncRNA,271520,42,0,1,1.3515232801437378,25.530785477785077,0,0.0,0,0
SCZ_LOC_6_30926517_rs3095156,6,rs3095156,30926517,1.514e-27,0.156601958701119,31,-1.3241383306737096,ENSG00000204592,HLA-E,protein_coding,437008,62,0,1,0.6819514632225037,5.073414388304515,1,0.9999988442544032,7,1
SCZ_LOC_6_30926517_rs3095156,6,rs3095156,30926517,1.514e-27,0.156601958701119,32,-1.4174331060372667,ENSG00000285647,ENSG00000285647,lncRNA,429989,61,0,1,0.7789559960365295,13.886731944452812,0,0.0,0,0
SCZ_LOC_6_30926517_rs3095156,6,rs3095156,30926517,1.514e-27,0.156601958701119,33,-1.4546338278460291,ENSG00000272221,MICA-AS1,lncRNA,474276,72,0,1,1.3709514141082764,24.595946509241774,0,0.0,0,0
SCZ_LOC_6_30926517_rs3095156,6,rs3095156,30926517,1.514e-27,0.156601958701119,34,-1.5120137810181076,ENSG00000206344,HCG27,lncRNA,271198,41,0,1,1.037859559059143,19.30270182206215,1,0.9999931438440434,4,1
SCZ_LOC_6_30926517_rs3095156,6,rs3095156,30926517,1.514e-27,0.156601958701119,35,-1.7351539975791719,ENSG00000137310,TCF19,protein_coding,231814,34,0,1,2.4426748752593994,26.076729708055357,1,0.9999867185387064,4,1
SCZ_LOC_6_30926517_rs3095156,6,rs3095156,30926517,1.514e-27,0.156601958701119,36,-1.7858604085315548,ENSG00000204590,GNL1,protein_coding,370028,56,0,0,0.0,-0.0,1,0.9998205318946004,3,0
SCZ_LOC_6_30926517_rs3095156,6,rs3095156,30926517,1.514e-27,0.156601958701119,37,-1.792181465765523,ENSG00000299738,ENSG00000299738,lncRNA,74781,10,0,0,0.0,-0.0,0,0.0,0,0
SCZ_LOC_6_30926517_rs3095156,6,rs3095156,30926517,1.514e-27,0.156601958701119,38,-1.8334183506311317,ENSG00000237775,DDR1-DT,lncRNA,50599,8,0,0,0.0,-0.0,0,0.0,0,0
SCZ_LOC_6_30926517_rs3095156,6,rs3095156,30926517,1.514e-27,0.156601958701119,38,-1.8334183506311317,ENSG00000204544,MUC21,protein_coding,57201,9,0,0,0.0,-0.0,0,0.0,0,0
SCZ_LOC_6_30926517_rs3095156,6,rs3095156,30926517,1.514e-27,0.156601958701119,40,-1.939401390055995,ENSG00000261272,MUC22,protein_coding,83957,12,0,0,0.0,-0.0,0,0.0,0,0
SCZ_LOC_6_30926517_rs3095156,6,rs3095156,30926517,1.514e-27,0.156601958701119,40,-1.939401390055995,ENSG00000237923,LINC02570,lncRNA,78241,11,0,0,0.0,-0.0,0,0.0,0,0
SCZ_LOC_6_30926517_rs3095156,6,rs3095156,30926517,1.514e-27,0.156601958701119,42,-1.945600623323249,ENSG00000256166,LINC02571,lncRNA,375125,57,0,0,0.0,-0.0,0,0.0,0,0
SCZ_LOC_6_30926517_rs3095156,6,rs3095156,30926517,1.514e-27,0.156601958701119,42,-1.945600623323249,ENSG00000298396,ENSG00000298396,lncRNA,344558,49,0,0,0.0,-0.0,0,0.0,0,0
SCZ_LOC_6_30926517_rs3095156,6,rs3095156,30926517,1.514e-27,0.156601958701119,42,-1.945600623323249,ENSG00000298460,ENSG00000298460,lncRNA,342228,48,0,0,0.0,-0.0,0,0.0,0,0
SCZ_LOC_6_30926517_rs3095156,6,rs3095156,30926517,1.514e-27,0.156601958701119,42,-1.945600623323249,ENSG00000288813,ENSG00000288813,lncRNA,344879,50,0,0,0.0,-0.0,0,0.0,0,0
SCZ_LOC_6_30926517_rs3095156,6,rs3095156,30926517,1.514e-27,0.156601958701119,42,-1.945600623323249,ENSG00000290047,ENSG00000290047,lncRNA,355228,53,0,0,0.0,-0.0,0,0.0,0,0
SCZ_LOC_6_30926517_rs3095156,6,rs3095156,30926517,1.514e-27,0.156601958701119,42,-1.945600623323249,ENSG00000308190,ENSG00000308190,lncRNA,369285,55,0,0,0.0,-0.0,0,0.0,0,0
SCZ_LOC_6_30926517_rs3095156,6,rs3095156,30926517,1.514e-27,0.156601958701119,48,-1.9461465047403361,ENSG00000271821,ENSG00000271821,lncRNA,275401,43,0,0,0.0,-0.0,0,0.0,0,0
SCZ_LOC_6_30926517_rs3095156,6,rs3095156,30926517,1.514e-27,0.156601958701119,48,-1.9461465047403361,ENSG00000298457,ENSG00000298457,lncRNA,269894,40,0,0,0.0,-0.0,0,0.0,0,0
SCZ_LOC_6_30926517_rs3095156,6,rs3095156,30926517,1.514e-27,0.156601958701119,50,-1.9643629619545162,ENSG00000286301,ENSG00000286301,lncRNA,475378,73,0,0,0.0,-0.0,0,0.0,0,0
SCZ_LOC_6_30926517_rs3095156,6,rs3095156,30926517,1.514e-27,0.156601958701119,50,-1.9643629619545162,ENSG00000288587,ENSG00000288587,lncRNA,474185,71,0,0,0.0,-0.0,0,0.0,0,0
SCZ_LOC_6_30926517_rs3095156,6,rs3095156,30926517,1.514e-27,0.156601958701119,50,-1.9643629619545162,ENSG00000293281,ENSG00000293281,lncRNA,440837,64,0,0,0.0,-0.0,0,0.0,0,0
SCZ_LOC_6_30926517_rs3095156,6,rs3095156,30926517,1.514e-27,0.156601958701119,50,-1.9643629619545162,ENSG00000297040,ENSG00000297040,lncRNA,462805,68,0,0,0.0,-0.0,0,0.0,0,0
SCZ_LOC_6_30926517_rs3095156,6,rs3095156,30926517,1.514e-27,0.156601958701119,50,-1.9643629619545162,ENSG00000298426,ENSG00000298426,lncRNA,427355,60,0,0,0.0,-0.0,0,0.0,0,0
SCZ_LOC_6_30926517_rs3095156,6,rs3095156,30926517,1.514e-27,0.156601958701119,50,-1.9643629619545162,ENSG00000298474,ENSG00000298474,lncRNA,452024,66,0,0,0.0,-0.0,0,0.0,0,0
SCZ_LOC_6_30926517_rs3095156,6,rs3095156,30926517,1.514e-27,0.156601958701119,50,-1.9643629619545162,ENSG00000299674,ENSG00000299674,lncRNA,462681,67,0,0,0.0,-0.0,0,0.0,0,0
SCZ_LOC_6_30926517_rs3095156,6,rs3095156,30926517,1.514e-27,0.156601958701119,50,-1.9643629619545162,ENSG00000303124,ENSG00000303124,lncRNA,410189,58,0,0,0.0,-0.0,0,0.0,0,0
SCZ_LOC_6_30926517_rs3095156,6,rs3095156,30926517,1.514e-27,0.156601958701119,50,-1.9643629619545162,ENSG00000235781,LINC02569,lncRNA,410251,59,0,0,0.0,-0.0,0,0.0,0,0
SCZ_LOC_6_30926517_rs3095156,6,rs3095156,30926517,1.514e-27,0.156601958701119,50,-1.9643629619545162,ENSG00000305795,ENSG00000305795,lncRNA,472673,69,0,0,0.0,-0.0,0,0.0,0,0
SCZ_LOC_6_30926517_rs3095156,6,rs3095156,30926517,1.514e-27,0.156601958701119,60,-1.9906063789324089,ENSG00000204539,CDSN,protein_coding,193929,27,0,0,0.0,-0.0,0,0.0,0,0
SCZ_LOC_6_30926517_rs3095156,6,rs3095156,30926517,1.514e-27,0.156601958701119,61,-2.001663668545022,ENSG00000293879,ENSG00000293879,lncRNA,110988,15,0,0,0.0,-0.0,0,0.0,0,0
SCZ_LOC_6_30926517_rs3095156,6,rs3095156,30926517,1.514e-27,0.156601958701119,61,-2.001663668545022,ENSG00000293897,ENSG00000293897,lncRNA,107843,14,0,0,0.0,-0.0,0,0.0,0,0
SCZ_LOC_6_30926517_rs3095156,6,rs3095156,30926517,1.514e-27,0.156601958701119,61,-2.001663668545022,ENSG00000297077,ENSG00000297077,lncRNA,113827,16,0,0,0.0,-0.0,0,0.0,0,0
SCZ_LOC_6_30926517_rs3095156,6,rs3095156,30926517,1.514e-27,0.156601958701119,64,-2.0258121141352095,ENSG00000214894,LINC00243,lncRNA,95858,13,0,0,0.0,-0.0,0,0.0,0,0
SCZ_LOC_6_30926517_rs3095156,6,rs3095156,30926517,1.514e-27,0.156601958701119,65,-2.038410442441953,ENSG00000204542,C6orf15,protein_coding,186058,25,0,0,0.0,-0.0,0,0.0,0,0
SCZ_LOC_6_30926517_rs3095156,6,rs3095156,30926517,1.514e-27,0.156601958701119,65,-2.038410442441953,ENSG00000272273,IER3-AS1,lncRNA,184658,24,0,0,0.0,-0.0,0,0.0,0,0
SCZ_LOC_6_30926517_rs3095156,6,rs3095156,30926517,1.514e-27,0.156601958701119,65,-2.038410442441953,ENSG00000296065,ENSG00000296065,lncRNA,156831,19,0,0,0.0,-0.0,0,0.0,0,0
SCZ_LOC_6_30926517_rs3095156,6,rs3095156,30926517,1.514e-27,0.156601958701119,65,-2.038410442441953,ENSG00000296082,ENSG00000296082,lncRNA,144353,18,0,0,0.0,-0.0,0,0.0,0,0
SCZ_LOC_6_30926517_rs3095156,6,rs3095156,30926517,1.514e-27,0.156601958701119,65,-2.038410442441953,ENSG00000298801,ENSG00000298801,lncRNA,173843,20,0,0,0.0,-0.0,0,0.0,0,0
SCZ_LOC_6_30926517_rs3095156,6,rs3095156,30926517,1.514e-27,0.156601958701119,70,-2.080154418941899,ENSG00000137312,FLOT1,protein_coding,183785,23,0,1,2.7252748012542725,12.206739707070582,1,0.9999895339334516,4,1
SCZ_LOC_6_30926517_rs3095156,6,rs3095156,30926517,1.514e-27,0.156601958701119,71,-2.0821970675151693,ENSG00000204538,PSORS1C2,protein_coding,212549,31,0,0,0.0,-0.0,0,0.0,0,0
SCZ_LOC_6_30926517_rs3095156,6,rs3095156,30926517,1.514e-27,0.156601958701119,71,-2.0821970675151693,ENSG00000224328,MDC1-AS1,lncRNA,223450,32,0,0,0.0,-0.0,0,0.0,0,0
SCZ_LOC_6_30926517_rs3095156,6,rs3095156,30926517,1.514e-27,0.156601958701119,73,-2.6553000021966624,ENSG00000204536,CCHCR1,protein_coding,231721,33,0,1,1.0377213954925537,9.961925154936099,1,0.999999994337612,5,1
SCZ_LOC_6_32194630_rs3096690,6,rs3096690,32194630,8.587000000000001e-26,0.152102870209954,1,1.8557672986953673,ENSG00000213654,GPSM3,protein_coding,893,1,1,1,0.4537571370601654,4.88120301744565,1,0.9999901678816864,4,1
SCZ_LOC_6_32194630_rs3096690,6,rs3096690,32194630,8.587000000000001e-26,0.152102870209954,2,1.4616019099651334,ENSG00000204304,PBX2,protein_coding,4428,3,0,1,1.0783745050430298,4.714416454651126,1,0.9999974073719212,4,1
SCZ_LOC_6_32194630_rs3096690,6,rs3096690,32194630,8.587000000000001e-26,0.152102870209954,3,0.3505423048851611,ENSG00000196126,HLA-DRB1,protein_coding,395218,64,0,1,1.4588110446929932,29.85221426211956,0,0.0,0,0
SCZ_LOC_6_32194630_rs3096690,6,rs3096690,32194630,8.587000000000001e-26,0.152102870209954,4,0.19661229848142286,ENSG00000204310,AGPAT1,protein_coding,16534,7,0,1,0.18734727799892426,5.241560701450005,1,0.9999989818552004,2,1
SCZ_LOC_6_32194630_rs3096690,6,rs3096690,32194630,8.587000000000001e-26,0.152102870209954,5,-0.04107551638079075,ENSG00000204388,HSPA1B,protein_coding,366892,56,0,1,0.24504010379314423,5.069526791629623,1,0.9999596514828546,4,1
SCZ_LOC_6_32194630_rs3096690,6,rs3096690,32194630,8.587000000000001e-26,0.152102870209954,6,-0.16703503318066393,ENSG00000204308,RNF5,protein_coding,16225,6,0,1,0.9315481781959534,11.11822517129781,1,0.9999820169945554,2,1
SCZ_LOC_6_32194630_rs3096690,6,rs3096690,32194630,8.587000000000001e-26,0.152102870209954,7,-0.18728156441111593,ENSG00000305139,ENSG00000305139,lncRNA,4380,2,0,0,0.0,-0.0,0,0.0,0,0
SCZ_LOC_6_32194630_rs3096690,6,rs3096690,32194630,8.587000000000001e-26,0.152102870209954,8,-0.1921677328756502,ENSG00000204305,AGER,protein_coding,10308,5,0,1,1.0889681577682495,8.795415325547733,0,0.0,0,0
SCZ_LOC_6_32194630_rs3096690,6,rs3096690,32194630,8.587000000000001e-26,0.152102870209954,9,-0.31686613090019095,ENSG00000204421,LY6G6C,protein_coding,472884,77,0,1,1.094377040863037,7.626179159883386,0,0.0,0,0
SCZ_LOC_6_32194630_rs3096690,6,rs3096690,32194630,8.587000000000001e-26,0.152102870209954,10,-0.4276769568174008,ENSG00000204389,HSPA1A,protein_coding,379087,60,0,1,0.3196633458137512,4.820728717337426,1,0.9999404976911564,3,1
SCZ_LOC_6_32194630_rs3096690,6,rs3096690,32194630,8.587000000000001e-26,0.152102870209954,11,-0.472577932692108,ENSG00000273333,ENSG00000273333,lncRNA,8748,4,0,0,0.0,-0.0,0,0.0,0,0
SCZ_LOC_6_32194630_rs3096690,6,rs3096690,32194630,8.587000000000001e-26,0.152102870209954,12,-0.6426764028940813,ENSG00000204387,SNHG32,lncRNA,372536,59,0,1,0.5729954838752747,5.295109952618239,1,0.9999983380058476,5,1
SCZ_LOC_6_32194630_rs3096690,6,rs3096690,32194630,8.587000000000001e-26,0.152102870209954,13,-0.681373035549096,ENSG00000204301,NOTCH4,protein_coding,29437,9,0,1,0.6460408568382263,13.19694679380757,0,0.0,0,0
SCZ_LOC_6_32194630_rs3096690,6,rs3096690,32194630,8.587000000000001e-26,0.152102870209954,14,-0.7930421178921739,ENSG00000204351,SKIC2,protein_coding,235514,36,0,1,1.0749508142471313,41.936015637107076,1,0.9999093377838713,2,1
SCZ_LOC_6_32194630_rs3096690,6,rs3096690,32194630,8.587000000000001e-26,0.152102870209954,15,-0.8178447356015295,ENSG00000204366,ZBTB12,protein_coding,292544,46,0,0,0.0,-0.0,1,0.9999908864373732,2,0
SCZ_LOC_6_32194630_rs3096690,6,rs3096690,32194630,8.587000000000001e-26,0.152102870209954,16,-0.8529460009545429,ENSG00000237080,EHMT2-AS1,lncRNA,316822,50,0,1,1.1778165102005005,5.847127856690012,0,0.0,0,0
SCZ_LOC_6_32194630_rs3096690,6,rs3096690,32194630,8.587000000000001e-26,0.152102870209954,17,-0.897403077224906,ENSG00000301753,ENSG00000301753,lncRNA,18382,8,0,0,0.0,-0.0,0,0.0,0,0
SCZ_LOC_6_32194630_rs3096690,6,rs3096690,32194630,8.587000000000001e-26,0.152102870209954,18,-0.9133055454933547,ENSG00000204371,EHMT2,protein_coding,296932,48,0,0,0.0,-0.0,1,0.9999988224711206,3,0
SCZ_LOC_6_32194630_rs3096690,6,rs3096690,32194630,8.587000000000001e-26,0.152102870209954,19,-0.9223686223708001,ENSG00000204315,FKBPL,protein_coding,64342,17,0,0,0.0,-0.0,1,0.999993866683531,2,0
SCZ_LOC_6_32194630_rs3096690,6,rs3096690,32194630,8.587000000000001e-26,0.152102870209954,20,-0.929788920479743,ENSG00000213719,CLIC1,protein_coding,454867,73,0,0,0.0,-0.0,1,0.9999999923546528,2,0
SCZ_LOC_6_32194630_rs3096690,6,rs3096690,32194630,8.587000000000001e-26,0.152102870209954,21,-0.9308406875266213,ENSG00000204290,BTNL2,protein_coding,212551,31,0,1,1.2413865327835083,8.345592827226268,0,0.0,0,0
SCZ_LOC_6_32194630_rs3096690,6,rs3096690,32194630,8.587000000000001e-26,0.152102870209954,22,-0.9574764232284035,ENSG00000213722,DDAH2,protein_coding,464013,75,0,1,0.41523635387420654,16.427678131196334,1,0.9999444516059884,2,1
SCZ_LOC_6_32194630_rs3096690,6,rs3096690,32194630,8.587000000000001e-26,0.152102870209954,23,-0.9711572226308202,ENSG00000241404,EGFL8,protein_coding,30035,10,0,0,0.0,-0.0,0,0.0,0,0
SCZ_LOC_6_32194630_rs3096690,6,rs3096690,32194630,8.587000000000001e-26,0.152102870209954,24,-0.9821025188209288,ENSG00000213676,ATF6B,protein_coding,66377,18,0,1,0.7321862578392029,12.438955902144295,1,0.9999755545249784,2,1
SCZ_LOC_6_32194630_rs3096690,6,rs3096690,32194630,8.587000000000001e-26,0.152102870209954,25,-1.005362725334233,ENSG00000196735,HLA-DQA1,protein_coding,433549,71,0,1,1.0850905179977417,15.917245777787624,0,0.0,0,0
SCZ_LOC_6_32194630_rs3096690,6,rs3096690,32194630,8.587000000000001e-26,0.152102870209954,26,-1.0186698753762826,ENSG00000231852,CYP21A2,protein_coding,156303,23,0,1,1.159416675567627,12.80558817254624,0,0.0,0,0
SCZ_LOC_6_32194630_rs3096690,6,rs3096690,32194630,8.587000000000001e-26,0.152102870209954,27,-1.094096333440018,ENSG00000204356,NELFE,protein_coding,235592,37,0,0,0.0,-0.0,1,0.9999764793154934,2,0
SCZ_LOC_6_32194630_rs3096690,6,rs3096690,32194630,8.587000000000001e-26,0.152102870209954,28,-1.1617688712557335,ENSG00000198502,HLA-DRB5,protein_coding,335657,52,0,1,1.4334053993225098,59.47926552385734,0,0.0,0,0
SCZ_LOC_6_32194630_rs3096690,6,rs3096690,32194630,8.587000000000001e-26,0.152102870209954,29,-1.1624081690968573,ENSG00000204314,PRRT1,protein_coding,41547,15,0,0,0.0,-0.0,1,0.9999994471013136,4,0
SCZ_LOC_6_32194630_rs3096690,6,rs3096690,32194630,8.587000000000001e-26,0.152102870209954,30,-1.167960770699972,ENSG00000286974,ENSG00000286974,lncRNA,86224,21,0,1,1.0336425304412842,5.52080244896036,0,0.0,0,0
SCZ_LOC_6_32194630_rs3096690,6,rs3096690,32194630,8.587000000000001e-26,0.152102870209954,31,-1.1811954179390007,ENSG00000204386,NEU1,protein_coding,331725,51,0,0,0.0,-0.0,1,0.9999878311786674,4,0
SCZ_LOC_6_32194630_rs3096690,6,rs3096690,32194630,8.587000000000001e-26,0.152102870209954,32,-1.1859337559121597,ENSG00000204394,VARS1,protein_coding,398878,65,0,0,0.0,-0.0,1,0.9999936181574196,4,0
SCZ_LOC_6_32194630_rs3096690,6,rs3096690,32194630,8.587000000000001e-26,0.152102870209954,33,-1.2484748991840917,ENSG00000204390,HSPA1L,protein_coding,379347,61,0,0,0.0,-0.0,1,0.9999811821306832,3,0
SCZ_LOC_6_32194630_rs3096690,6,rs3096690,32194630,8.587000000000001e-26,0.152102870209954,34,-1.2547275624877323,ENSG00000204410,MSH5,protein_coding,454953,74,0,0,0.0,-0.0,1,0.9999919319087308,2,0
SCZ_LOC_6_32194630_rs3096690,6,rs3096690,32194630,8.587000000000001e-26,0.152102870209954,34,-1.2547275624877323,ENSG00000255152,MSH5-SAPCD1,protein_coding,454610,72,0,0,0.0,-0.0,1,0.9999919319087308,2,0
SCZ_LOC_6_32194630_rs3096690,6,rs3096690,32194630,8.587000000000001e-26,0.152102870209954,36,-1.2550508715087465,ENSG00000204427,ABHD16A,protein_coding,491274,86,0,1,0.5455337166786194,6.44126431372156,1,0.9999880162488984,2,1
SCZ_LOC_6_32194630_rs3096690,6,rs3096690,32194630,8.587000000000001e-26,0.152102870209954,37,-1.257045668426096,ENSG00000204344,STK19,protein_coding,223539,35,0,1,1.2935354709625244,10.612282282678068,0,0.0,0,0
SCZ_LOC_6_32194630_rs3096690,6,rs3096690,32194630,8.587000000000001e-26,0.152102870209954,38,-1.324251254635349,ENSG00000204348,DXO,protein_coding,222340,34,0,1,0.6626092791557312,7.8730353976259755,1,0.9999752900041626,2,1
SCZ_LOC_6_32194630_rs3096690,6,rs3096690,32194630,8.587000000000001e-26,0.152102870209954,39,-1.3705948799521013,ENSG00000221988,PPT2,protein_coding,41189,14,0,0,0.0,-0.0,1,0.9999835964381728,3,0
SCZ_LOC_6_32194630_rs3096690,6,rs3096690,32194630,8.587000000000001e-26,0.152102870209954,39,-1.3705948799521013,ENSG00000258388,PPT2-EGFL8,protein_coding,40785,13,0,0,0.0,-0.0,1,0.9999835964381728,3,0
SCZ_LOC_6_32194630_rs3096690,6,rs3096690,32194630,8.587000000000001e-26,0.152102870209954,41,-1.3787817226680867,ENSG00000204287,HLA-DRA,protein_coding,245248,38,0,1,0.9034464359283447,12.402983359435593,1,0.9999981387354092,4,1
SCZ_LOC_6_32194630_rs3096690,6,rs3096690,32194630,8.587000000000001e-26,0.152102870209954,42,-1.3800805900445992,ENSG00000244355,LY6G6D,protein_coding,479282,81,0,0,0.0,-0.0,1,0.999988291019969,1,0
SCZ_LOC_6_32194630_rs3096690,6,rs3096690,32194630,8.587000000000001e-26,0.152102870209954,43,-1.3955225419521395,ENSG00000224389,C4B,protein_coding,179835,26,0,1,0.7282225489616394,7.899580746079311,0,0.0,0,0
SCZ_LOC_6_32194630_rs3096690,6,rs3096690,32194630,8.587000000000001e-26,0.152102870209954,44,-1.4146413136139604,ENSG00000302994,ENSG00000302994,lncRNA,495724,87,0,0,0.0,-0.0,0,0.0,0,0
SCZ_LOC_6_32194630_rs3096690,6,rs3096690,32194630,8.587000000000001e-26,0.152102870209954,45,-1.4275228088048606,ENSG00000204420,MPIG6B,protein_coding,476036,80,0,1,0.5241966843605042,5.182424495025525,0,0.0,0,0
SCZ_LOC_6_32194630_rs3096690,6,rs3096690,32194630,8.587000000000001e-26,0.152102870209954,46,-1.590270421299623,ENSG00000223534,HLA-DQB1-AS1,lncRNA,465250,76,0,1,1.6616500616073608,19.77065771488175,0,0.0,0,0
SCZ_LOC_6_32194630_rs3096690,6,rs3096690,32194630,8.587000000000001e-26,0.152102870209954,47,-1.6272020195957644,ENSG00000179344,HLA-DQB1,protein_coding,473753,78,0,1,1.724031686782837,54.35321068942973,1,0.9999987323194668,5,1
SCZ_LOC_6_32194630_rs3096690,6,rs3096690,32194630,8.587000000000001e-26,0.152102870209954,48,-1.6945967671732798,ENSG00000204396,VWA7,protein_coding,417302,67,0,1,0.6780238151550293,12.578786008078572,1,0.9999999959250508,11,1
SCZ_LOC_6_32194630_rs3096690,6,rs3096690,32194630,8.587000000000001e-26,0.152102870209954,49,-1.7212673657259474,ENSG00000244731,C4A,protein_coding,212573,32,0,1,0.8735421895980835,25.26745882047984,0,0.0,0,0
SCZ_LOC_6_32194630_rs3096690,6,rs3096690,32194630,8.587000000000001e-26,0.152102870209954,50,-1.749188590701306,ENSG00000284954,ENSG00000284954,lncRNA,40265,12,0,0,0.0,-0.0,0,0.0,0,0
SCZ_LOC_6_32194630_rs3096690,6,rs3096690,32194630,8.587000000000001e-26,0.152102870209954,50,-1.749188590701306,ENSG00000285085,ENSG00000285085,protein_coding,40257,11,0,0,0.0,-0.0,0,0.0,0,0
SCZ_LOC_6_32194630_rs3096690,6,rs3096690,32194630,8.587000000000001e-26,0.152102870209954,52,-1.7594010292127265,ENSG00000225914,TSBP1-AS1,lncRNA,60010,16,0,1,1.6953229904174805,15.802203896502837,0,0.0,0,0
SCZ_LOC_6_32194630_rs3096690,6,rs3096690,32194630,8.587000000000001e-26,0.152102870209954,53,-1.8942848811460025,ENSG00000299747,ENSG00000299747,lncRNA,266078,42,0,0,0.0,-0.0,0,0.0,0,0
SCZ_LOC_6_32194630_rs3096690,6,rs3096690,32194630,8.587000000000001e-26,0.152102870209954,54,-1.945600623323249,ENSG00000204385,SLC44A4,protein_coding,315584,49,0,0,0.0,-0.0,0,0.0,0,0
SCZ_LOC_6_32194630_rs3096690,6,rs3096690,32194630,8.587000000000001e-26,0.152102870209954,54,-1.945600623323249,ENSG00000290878,HLA-DRB6,lncRNA,365392,55,0,0,0.0,-0.0,0,0.0,0,0
SCZ_LOC_6_32194630_rs3096690,6,rs3096690,32194630,8.587000000000001e-26,0.152102870209954,54,-1.945600623323249,ENSG00000304542,ENSG00000304542,lncRNA,352935,54,0,0,0.0,-0.0,0,0.0,0,0
SCZ_LOC_6_32194630_rs3096690,6,rs3096690,32194630,8.587000000000001e-26,0.152102870209954,54,-1.945600623323249,ENSG00000304559,ENSG00000304559,lncRNA,335857,53,0,0,0.0,-0.0,0,0.0,0,0
SCZ_LOC_6_32194630_rs3096690,6,rs3096690,32194630,8.587000000000001e-26,0.152102870209954,54,-1.945600623323249,ENSG00000289637,ENSG00000289637,lncRNA,372320,58,0,0,0.0,-0.0,0,0.0,0,0
SCZ_LOC_6_32194630_rs3096690,6,rs3096690,32194630,8.587000000000001e-26,0.152102870209954,54,-1.945600623323249,ENSG00000289829,ENSG00000289829,lncRNA,367187,57,0,0,0.0,-0.0,0,0.0,0,0
SCZ_LOC_6_32194630_rs3096690,6,rs3096690,32194630,8.587000000000001e-26,0.152102870209954,60,-1.9461465047403361,ENSG00000244255,ENSG00000244255,protein_coding,266932,43,0,0,0.0,-0.0,0,0.0,0,0
SCZ_LOC_6_32194630_rs3096690,6,rs3096690,32194630,8.587000000000001e-26,0.152102870209954,60,-1.9461465047403361,ENSG00000243649,CFB,protein_coding,248980,39,0,0,0.0,-0.0,0,0.0,0,0
SCZ_LOC_6_32194630_rs3096690,6,rs3096690,32194630,8.587000000000001e-26,0.152102870209954,60,-1.9461465047403361,ENSG00000166278,C2,protein_coding,296845,47,0,0,0.0,-0.0,0,0.0,0,0
SCZ_LOC_6_32194630_rs3096690,6,rs3096690,32194630,8.587000000000001e-26,0.152102870209954,60,-1.9461465047403361,ENSG00000307923,ENSG00000307923,lncRNA,279145,45,0,0,0.0,-0.0,0,0.0,0,0
SCZ_LOC_6_32194630_rs3096690,6,rs3096690,32194630,8.587000000000001e-26,0.152102870209954,60,-1.9461465047403361,ENSG00000306378,ENSG00000306378,lncRNA,261795,41,0,0,0.0,-0.0,0,0.0,0,0
SCZ_LOC_6_32194630_rs3096690,6,rs3096690,32194630,8.587000000000001e-26,0.152102870209954,60,-1.9461465047403361,ENSG00000281756,C2-AS1,lncRNA,252906,40,0,0,0.0,-0.0,0,0.0,0,0
SCZ_LOC_6_32194630_rs3096690,6,rs3096690,32194630,8.587000000000001e-26,0.152102870209954,60,-1.9461465047403361,ENSG00000310084,ENSG00000310084,lncRNA,278995,44,0,0,0.0,-0.0,0,0.0,0,0
SCZ_LOC_6_32194630_rs3096690,6,rs3096690,32194630,8.587000000000001e-26,0.152102870209954,67,-1.95599624482107,ENSG00000204296,TSBP1,protein_coding,177277,25,0,0,0.0,-0.0,0,0.0,0,0
SCZ_LOC_6_32194630_rs3096690,6,rs3096690,32194630,8.587000000000001e-26,0.152102870209954,68,-1.9643629619545162,ENSG00000204424,LY6G6F,protein_coding,487764,85,0,0,0.0,-0.0,0,0.0,0,0
SCZ_LOC_6_32194630_rs3096690,6,rs3096690,32194630,8.587000000000001e-26,0.152102870209954,68,-1.9643629619545162,ENSG00000250641,LY6G6F-LY6G6D,protein_coding,487726,84,0,0,0.0,-0.0,0,0.0,0,0
SCZ_LOC_6_32194630_rs3096690,6,rs3096690,32194630,8.587000000000001e-26,0.152102870209954,68,-1.9643629619545162,ENSG00000204422,ENSG00000204422,lncRNA,480558,82,0,0,0.0,-0.0,0,0.0,0,0
SCZ_LOC_6_32194630_rs3096690,6,rs3096690,32194630,8.587000000000001e-26,0.152102870209954,68,-1.9643629619545162,ENSG00000228727,SAPCD1,protein_coding,431974,70,0,0,0.0,-0.0,0,0.0,0,0
SCZ_LOC_6_32194630_rs3096690,6,rs3096690,32194630,8.587000000000001e-26,0.152102870209954,68,-1.9643629619545162,ENSG00000293479,ENSG00000293479,lncRNA,480565,83,0,0,0.0,-0.0,0,0.0,0,0
SCZ_LOC_6_32194630_rs3096690,6,rs3096690,32194630,8.587000000000001e-26,0.152102870209954,68,-1.9643629619545162,ENSG00000235663,SAPCD1-AS1,lncRNA,429042,69,0,0,0.0,-0.0,0,0.0,0,0
SCZ_LOC_6_32194630_rs3096690,6,rs3096690,32194630,8.587000000000001e-26,0.152102870209954,68,-1.9643629619545162,ENSG00000303029,ENSG00000303029,lncRNA,473945,79,0,0,0.0,-0.0,0,0.0,0,0
SCZ_LOC_6_32194630_rs3096690,6,rs3096690,32194630,8.587000000000001e-26,0.152102870209954,68,-1.9643629619545162,ENSG00000307907,ENSG00000307907,lncRNA,410108,66,0,0,0.0,-0.0,0,0.0,0,0
SCZ_LOC_6_32194630_rs3096690,6,rs3096690,32194630,8.587000000000001e-26,0.152102870209954,68,-1.9643629619545162,ENSG00000309733,ENSG00000309733,lncRNA,428493,68,0,0,0.0,-0.0,0,0.0,0,0
SCZ_LOC_6_32194630_rs3096690,6,rs3096690,32194630,8.587000000000001e-26,0.152102870209954,68,-1.9643629619545162,ENSG00000308871,ENSG00000308871,lncRNA,387900,63,0,0,0.0,-0.0,0,0.0,0,0
SCZ_LOC_6_32194630_rs3096690,6,rs3096690,32194630,8.587000000000001e-26,0.152102870209954,78,-1.9906063789324089,ENSG00000233627,C4A-AS1,lncRNA,191109,30,0,0,0.0,-0.0,0,0.0,0,0
SCZ_LOC_6_32194630_rs3096690,6,rs3096690,32194630,8.587000000000001e-26,0.152102870209954,79,-2.001663668545022,ENSG00000294466,ENSG00000294466,lncRNA,123695,22,0,0,0.0,-0.0,0,0.0,0,0
SCZ_LOC_6_32194630_rs3096690,6,rs3096690,32194630,8.587000000000001e-26,0.152102870209954,80,-2.0258121141352095,ENSG00000284829,ENSG00000284829,lncRNA,77020,19,0,0,0.0,-0.0,0,0.0,0,0
SCZ_LOC_6_32194630_rs3096690,6,rs3096690,32194630,8.587000000000001e-26,0.152102870209954,80,-2.0258121141352095,ENSG00000168477,TNXB,protein_coding,79296,20,0,0,0.0,-0.0,0,0.0,0,0
SCZ_LOC_6_32194630_rs3096690,6,rs3096690,32194630,8.587000000000001e-26,0.152102870209954,82,-2.038410442441953,ENSG00000290788,ENSG00000290788,lncRNA,188994,29,0,0,0.0,-0.0,0,0.0,0,0
SCZ_LOC_6_32194630_rs3096690,6,rs3096690,32194630,8.587000000000001e-26,0.152102870209954,82,-2.038410442441953,ENSG00000229776,C4B-AS1,lncRNA,158372,24,0,0,0.0,-0.0,0,0.0,0,0
SCZ_LOC_6_32194630_rs3096690,6,rs3096690,32194630,8.587000000000001e-26,0.152102870209954,82,-2.038410442441953,ENSG00000308247,ENSG00000308247,lncRNA,185524,28,0,0,0.0,-0.0,0,0.0,0,0
SCZ_LOC_6_32194630_rs3096690,6,rs3096690,32194630,8.587000000000001e-26,0.152102870209954,82,-2.038410442441953,ENSG00000308228,ENSG00000308228,lncRNA,181691,27,0,0,0.0,-0.0,0,0.0,0,0
SCZ_LOC_6_32194630_rs3096690,6,rs3096690,32194630,8.587000000000001e-26,0.152102870209954,86,-2.0605581037882326,ENSG00000299769,ENSG00000299769,lncRNA,219050,33,0,0,0.0,-0.0,0,0.0,0,0
SCZ_LOC_6_32194630_rs3096690,6,rs3096690,32194630,8.587000000000001e-26,0.152102870209954,87,-2.32240589031729,ENSG00000204392,LSM2,protein_coding,387664,62,0,1,0.37610629200935364,4.864119264939476,1,0.9999999699289732,2,1
SCZ_LOC_6_33395199_rs9461856,6,rs9461856,33395199,4.915e-16,-0.0613967948653235,1,1.9349491349210415,ENSG00000204231,RXRB,protein_coding,194534,31,0,1,0.9754076600074768,4.887643715807436,1,0.99996638753712,2,1
SCZ_LOC_6_33395199_rs9461856,6,rs9461856,33395199,4.915e-16,-0.0613967948653235,2,0.8917053510855537,ENSG00000197283,SYNGAP1,protein_coding,24462,4,0,0,0.0,-0.0,1,0.9999997918311117,6,0
SCZ_LOC_6_33395199_rs9461856,6,rs9461856,33395199,4.915e-16,-0.0613967948653235,3,0.6926688182729968,ENSG00000237649,KIFC1,protein_coding,3376,1,1,0,0.0,-0.0,1,0.9999859027641612,2,0
SCZ_LOC_6_33395199_rs9461856,6,rs9461856,33395199,4.915e-16,-0.0613967948653235,4,0.1505485119001058,ENSG00000112511,PHF1,protein_coding,15200,2,0,0,0.0,-0.0,1,0.999998703905798,4,0
SCZ_LOC_6_33395199_rs9461856,6,rs9461856,33395199,4.915e-16,-0.0613967948653235,5,0.1353237056564197,ENSG00000112514,CUTA,protein_coding,23118,3,0,1,0.19924700260162354,5.177691034611645,1,0.9999955053121348,2,1
SCZ_LOC_6_33395199_rs9461856,6,rs9461856,33395199,4.915e-16,-0.0613967948653235,6,0.13491810728806622,ENSG00000112473,SLC39A7,protein_coding,194894,32,0,1,0.8208634853363037,5.2051795866755075,1,0.9999664415974816,2,1
SCZ_LOC_6_33395199_rs9461856,6,rs9461856,33395199,4.915e-16,-0.0613967948653235,7,0.03288084387424676,ENSG00000213588,ZBTB9,protein_coding,58771,6,0,1,0.575066864490509,4.766448159395651,1,0.999992975320287,6,1
SCZ_LOC_6_33395199_rs9461856,6,rs9461856,33395199,4.915e-16,-0.0613967948653235,8,-0.0039391633392919945,ENSG00000096433,ITPR3,protein_coding,225166,38,0,0,0.0,-0.0,1,0.9999999974620256,16,0
SCZ_LOC_6_33395199_rs9461856,6,rs9461856,33395199,4.915e-16,-0.0613967948653235,9,-0.37596645461886646,ENSG00000235863,B3GALT4,protein_coding,118076,17,0,0,0.0,-0.0,1,0.9999951809143072,5,0
SCZ_LOC_6_33395199_rs9461856,6,rs9461856,33395199,4.915e-16,-0.0613967948653235,10,-0.5285921188507378,ENSG00000204228,HSD17B8,protein_coding,190544,30,0,1,0.9151628017425537,12.345770039946084,1,0.9999985571529824,5,1
SCZ_LOC_6_33395199_rs9461856,6,rs9461856,33395199,4.915e-16,-0.0613967948653235,11,-0.5653839554596081,ENSG00000204248,COL11A2,protein_coding,202700,34,0,1,1.341306447982788,12.938841009606527,1,0.9999999978613164,10,1
SCZ_LOC_6_33395199_rs9461856,6,rs9461856,33395199,4.915e-16,-0.0613967948653235,12,-0.5740682619486535,ENSG00000242574,HLA-DMB,protein_coding,454171,60,0,1,0.502860963344574,12.905524290650382,1,0.9999986012523672,11,1
SCZ_LOC_6_33395199_rs9461856,6,rs9461856,33395199,4.915e-16,-0.0613967948653235,13,-0.6260390271444867,ENSG00000204209,DAXX,protein_coding,72183,10,0,0,0.0,-0.0,1,0.9999947323992416,2,0
SCZ_LOC_6_33395199_rs9461856,6,rs9461856,33395199,4.915e-16,-0.0613967948653235,14,-0.6963883192051668,ENSG00000231389,HLA-DPA1,protein_coding,314424,45,0,1,0.5453351736068726,12.300100796084378,1,0.9999959966667592,10,1
SCZ_LOC_6_33395199_rs9461856,6,rs9461856,33395199,4.915e-16,-0.0613967948653235,15,-0.7340526503843817,ENSG00000161896,IP6K3,protein_coding,351706,48,0,1,0.35211461782455444,5.81783107274513,1,0.9999990599932936,6,1
SCZ_LOC_6_33395199_rs9461856,6,rs9461856,33395199,4.915e-16,-0.0613967948653235,16,-0.8312799159913581,ENSG00000204227,RING1,protein_coding,186699,27,0,1,0.7663561105728149,5.988241702833976,1,0.999993479188052,7,1
SCZ_LOC_6_33395199_rs9461856,6,rs9461856,33395199,4.915e-16,-0.0613967948653235,17,-0.8406087206050029,ENSG00000204220,PFDN6,protein_coding,105897,15,0,0,0.0,-0.0,1,0.9999884916630432,2,0
SCZ_LOC_6_33395199_rs9461856,6,rs9461856,33395199,4.915e-16,-0.0613967948653235,18,-0.8411102852235537,ENSG00000161904,LEMD2,protein_coding,393931,51,0,1,0.37639951705932617,18.780587751977986,1,0.9999976340807438,8,1
SCZ_LOC_6_33395199_rs9461856,6,rs9461856,33395199,4.915e-16,-0.0613967948653235,19,-0.9440753444530906,ENSG00000227057,WDR46,protein_coding,105952,16,0,1,0.3260660171508789,8.812870018370791,1,0.999993453968566,2,1
SCZ_LOC_6_33395199_rs9461856,6,rs9461856,33395199,4.915e-16,-0.0613967948653235,20,-0.9577296860938596,ENSG00000237441,RGL2,protein_coding,96257,14,0,1,0.19682998955249786,6.741067095369202,1,0.9999938298458458,4,1
SCZ_LOC_6_33395199_rs9461856,6,rs9461856,33395199,4.915e-16,-0.0613967948653235,21,-1.0282314635829988,ENSG00000204252,HLA-DOA,protein_coding,385608,50,0,1,0.5670033693313599,6.139895224763439,1,0.9999999966018768,7,1
SCZ_LOC_6_33395199_rs9461856,6,rs9461856,33395199,4.915e-16,-0.0613967948653235,22,-1.037900885709275,ENSG00000030110,BAK1,protein_coding,185094,25,0,1,0.6591604948043823,29.132587681095636,1,0.9999995598734264,5,1
SCZ_LOC_6_33395199_rs9461856,6,rs9461856,33395199,4.915e-16,-0.0613967948653235,23,-1.090536234884841,ENSG00000223501,VPS52,protein_coding,123152,19,0,0,0.0,-0.0,1,0.9999714563537668,3,0
SCZ_LOC_6_33395199_rs9461856,6,rs9461856,33395199,4.915e-16,-0.0613967948653235,24,-1.095145115501991,ENSG00000223865,HLA-DPB1,protein_coding,319263,47,0,1,1.0285537242889404,17.803586445913275,0,0.0,0,0
SCZ_LOC_6_33395199_rs9461856,6,rs9461856,33395199,4.915e-16,-0.0613967948653235,25,-1.1268325852407801,ENSG00000236104,ZBTB22,protein_coding,77257,11,0,1,0.6826932430267334,7.49110742009717,1,0.9999925902855442,3,1
SCZ_LOC_6_33395199_rs9461856,6,rs9461856,33395199,4.915e-16,-0.0613967948653235,26,-1.1560042518463136,ENSG00000204257,HLA-DMA,protein_coding,426105,56,0,1,0.9452979564666748,28.194179805435088,1,0.9999929399643886,8,1
SCZ_LOC_6_33395199_rs9461856,6,rs9461856,33395199,4.915e-16,-0.0613967948653235,27,-1.238638216851717,ENSG00000231500,RPS18,protein_coding,123124,18,0,1,0.7945966720581055,31.514391062089103,1,0.9999714996534436,3,1
SCZ_LOC_6_33395199_rs9461856,6,rs9461856,33395199,4.915e-16,-0.0613967948653235,28,-1.3303819394886247,ENSG00000274259,SYNGAP1-AS1,lncRNA,59271,7,0,0,0.0,-0.0,0,0.0,0,0
SCZ_LOC_6_33395199_rs9461856,6,rs9461856,33395199,4.915e-16,-0.0613967948653235,29,-1.3749509289390616,ENSG00000310006,ENSG00000310006,lncRNA,49644,5,0,0,0.0,-0.0,0,0.0,0,0
SCZ_LOC_6_33395199_rs9461856,6,rs9461856,33395199,4.915e-16,-0.0613967948653235,30,-1.38251970969835,ENSG00000137288,UQCC2,protein_coding,316528,46,0,1,0.4949854016304016,5.741595368189028,1,0.9999859408142592,4,1
SCZ_LOC_6_33395199_rs9461856,6,rs9461856,33395199,4.915e-16,-0.0613967948653235,31,-1.4146413136139604,ENSG00000233183,ENSG00000233183,lncRNA,496128,61,0,0,0.0,-0.0,0,0.0,0,0
SCZ_LOC_6_33395199_rs9461856,6,rs9461856,33395199,4.915e-16,-0.0613967948653235,32,-1.4936542429876885,ENSG00000289047,ENSG00000289047,lncRNA,501055,62,0,1,0.7970921397209167,13.52629266432401,0,0.0,0,0
SCZ_LOC_6_33395199_rs9461856,6,rs9461856,33395199,4.915e-16,-0.0613967948653235,33,-1.5624191295850889,ENSG00000249346,LINC01016,lncRNA,588009,63,0,0,0.0,-0.0,0,0.0,0,0
SCZ_LOC_6_33395199_rs9461856,6,rs9461856,33395199,4.915e-16,-0.0613967948653235,34,-1.6022113376155198,ENSG00000287089,ENSG00000287089,lncRNA,404943,52,0,1,0.899005651473999,24.019146098041546,0,0.0,0,0
SCZ_LOC_6_33395199_rs9461856,6,rs9461856,33395199,4.915e-16,-0.0613967948653235,35,-1.6869730272418342,ENSG00000230313,HCG24,lncRNA,250416,41,0,1,0.8999189138412476,27.581202435424164,0,0.0,0,0
SCZ_LOC_6_33395199_rs9461856,6,rs9461856,33395199,4.915e-16,-0.0613967948653235,36,-1.792181465765523,ENSG00000285064,ENSG00000285064,protein_coding,65913,8,0,0,0.0,-0.0,0,0.0,0,0
SCZ_LOC_6_33395199_rs9461856,6,rs9461856,33395199,4.915e-16,-0.0613967948653235,36,-1.792181465765523,ENSG00000286920,SMIM40,protein_coding,65920,9,0,0,0.0,-0.0,0,0.0,0,0
SCZ_LOC_6_33395199_rs9461856,6,rs9461856,33395199,4.915e-16,-0.0613967948653235,38,-1.8847570869944559,ENSG00000197251,LINC00336,lncRNA,198268,33,0,1,1.5906161069869995,18.26453735744304,1,0.9999999963033216,12,1
SCZ_LOC_6_33395199_rs9461856,6,rs9461856,33395199,4.915e-16,-0.0613967948653235,39,-1.8942848811460025,ENSG00000299591,ITPR3-AS1,lncRNA,238361,39,0,0,0.0,-0.0,0,0.0,0,0
SCZ_LOC_6_33395199_rs9461856,6,rs9461856,33395199,4.915e-16,-0.0613967948653235,40,-1.945600623323249,ENSG00000294261,ENSG00000294261,lncRNA,365524,49,0,0,0.0,-0.0,0,0.0,0,0
SCZ_LOC_6_33395199_rs9461856,6,rs9461856,33395199,4.915e-16,-0.0613967948653235,41,-1.9461465047403361,ENSG00000301290,ENSG00000301290,lncRNA,238681,40,0,0,0.0,-0.0,0,0.0,0,0
SCZ_LOC_6_33395199_rs9461856,6,rs9461856,33395199,4.915e-16,-0.0613967948653235,41,-1.9461465047403361,ENSG00000291111,ENSG00000291111,lncRNA,282790,44,0,0,0.0,-0.0,0,0.0,0,0
SCZ_LOC_6_33395199_rs9461856,6,rs9461856,33395199,4.915e-16,-0.0613967948653235,41,-1.9461465047403361,ENSG00000301971,ENSG00000301971,lncRNA,270646,43,0,0,0.0,-0.0,0,0.0,0,0
SCZ_LOC_6_33395199_rs9461856,6,rs9461856,33395199,4.915e-16,-0.0613967948653235,41,-1.9461465047403361,ENSG00000301948,ENSG00000301948,lncRNA,251599,42,0,0,0.0,-0.0,0,0.0,0,0
SCZ_LOC_6_33395199_rs9461856,6,rs9461856,33395199,4.915e-16,-0.0613967948653235,45,-1.9557297982136417,ENSG00000204256,BRD2,protein_coding,426605,57,0,1,1.256762146949768,14.068768143939119,1,0.9999999937033084,7,1
SCZ_LOC_6_33395199_rs9461856,6,rs9461856,33395199,4.915e-16,-0.0613967948653235,46,-1.9643629619545162,ENSG00000248993,ENSG00000248993,protein_coding,442077,58,0,0,0.0,-0.0,0,0.0,0,0
SCZ_LOC_6_33395199_rs9461856,6,rs9461856,33395199,4.915e-16,-0.0613967948653235,46,-1.9643629619545162,ENSG00000223837,ENSG00000223837,lncRNA,424967,55,0,0,0.0,-0.0,0,0.0,0,0
SCZ_LOC_6_33395199_rs9461856,6,rs9461856,33395199,4.915e-16,-0.0613967948653235,46,-1.9643629619545162,ENSG00000096395,MLN,protein_coding,408804,53,0,0,0.0,-0.0,0,0.0,0,0
SCZ_LOC_6_33395199_rs9461856,6,rs9461856,33395199,4.915e-16,-0.0613967948653235,46,-1.9643629619545162,ENSG00000263756,ENSG00000263756,lncRNA,422346,54,0,0,0.0,-0.0,0,0.0,0,0
SCZ_LOC_6_33395199_rs9461856,6,rs9461856,33395199,4.915e-16,-0.0613967948653235,46,-1.9643629619545162,ENSG00000304146,ENSG00000304146,lncRNA,448397,59,0,0,0.0,-0.0,0,0.0,0,0
SCZ_LOC_6_33395199_rs9461856,6,rs9461856,33395199,4.915e-16,-0.0613967948653235,51,-1.983080023429122,ENSG00000232940,HCG25,lncRNA,146689,22,0,0,0.0,-0.0,0,0.0,0,0
SCZ_LOC_6_33395199_rs9461856,6,rs9461856,33395199,4.915e-16,-0.0613967948653235,52,-1.9906063789324089,ENSG00000296349,ENSG00000296349,lncRNA,190497,29,0,0,0.0,-0.0,0,0.0,0,0
SCZ_LOC_6_33395199_rs9461856,6,rs9461856,33395199,4.915e-16,-0.0613967948653235,53,-2.0037993791978144,ENSG00000309063,ENSG00000309063,lncRNA,216328,37,0,0,0.0,-0.0,0,0.0,0,0
SCZ_LOC_6_33395199_rs9461856,6,rs9461856,33395199,4.915e-16,-0.0613967948653235,54,-2.0258121141352095,ENSG00000289100,ENSG00000289100,lncRNA,95733,13,0,0,0.0,-0.0,0,0.0,0,0
SCZ_LOC_6_33395199_rs9461856,6,rs9461856,33395199,4.915e-16,-0.0613967948653235,55,-2.038410442441953,ENSG00000293518,ENSG00000293518,lncRNA,144847,20,0,0,0.0,-0.0,0,0.0,0,0
SCZ_LOC_6_33395199_rs9461856,6,rs9461856,33395199,4.915e-16,-0.0613967948653235,55,-2.038410442441953,ENSG00000296370,ENSG00000296370,lncRNA,176460,23,0,0,0.0,-0.0,0,0.0,0,0
SCZ_LOC_6_33395199_rs9461856,6,rs9461856,33395199,4.915e-16,-0.0613967948653235,55,-2.038410442441953,ENSG00000272217,ENSG00000272217,lncRNA,145270,21,0,0,0.0,-0.0,0,0.0,0,0
SCZ_LOC_6_33395199_rs9461856,6,rs9461856,33395199,4.915e-16,-0.0613967948653235,55,-2.038410442441953,ENSG00000306705,ENSG00000306705,lncRNA,179796,24,0,0,0.0,-0.0,0,0.0,0,0
SCZ_LOC_6_33395199_rs9461856,6,rs9461856,33395199,4.915e-16,-0.0613967948653235,55,-2.038410442441953,ENSG00000288751,ENSG00000288751,lncRNA,186561,26,0,0,0.0,-0.0,0,0.0,0,0
SCZ_LOC_6_33395199_rs9461856,6,rs9461856,33395199,4.915e-16,-0.0613967948653235,55,-2.038410442441953,ENSG00000306895,ENSG00000306895,lncRNA,188250,28,0,0,0.0,-0.0,0,0.0,0,0
SCZ_LOC_6_33395199_rs9461856,6,rs9461856,33395199,4.915e-16,-0.0613967948653235,61,-2.0605581037882326,ENSG00000305994,ENSG00000305994,lncRNA,209411,35,0,0,0.0,-0.0,0,0.0,0,0
SCZ_LOC_6_33395199_rs9461856,6,rs9461856,33395199,4.915e-16,-0.0613967948653235,61,-2.0605581037882326,ENSG00000309080,ENSG00000309080,lncRNA,214374,36,0,0,0.0,-0.0,0,0.0,0,0
SCZ_LOC_6_33395199_rs9461856,6,rs9461856,33395199,4.915e-16,-0.0613967948653235,63,-2.12044649752479,ENSG00000231925,TAPBP,protein_coding,80915,12,0,1,0.550530731678009,7.6545885108290115,1,0.9999999898870816,4,1
SCZ_LOC_6_43185733_rs6938026,6,rs6938026,43185733,7.232e-12,0.0603045706055096,1,1.6725530047681054,ENSG00000112659,CUL9,protein_coding,3549,1,1,1,0.4460887014865875,13.074159403433098,1,0.99999174347452,6,1
SCZ_LOC_6_43185733_rs6938026,6,rs6938026,43185733,7.232e-12,0.0603045706055096,2,0.47185268956032095,ENSG00000112667,DNPH1,protein_coding,43748,6,0,1,0.588564395904541,11.668043763899913,1,0.999998723144469,9,1
SCZ_LOC_6_43185733_rs6938026,6,rs6938026,43185733,7.232e-12,0.0603045706055096,3,0.4574923443108796,ENSG00000146216,TTBK1,protein_coding,57748,7,0,0,0.0,-0.0,1,0.9999956581391424,12,0
SCZ_LOC_6_43185733_rs6938026,6,rs6938026,43185733,7.232e-12,0.0603045706055096,4,0.24373724003419361,ENSG00000146215,CRIP3,protein_coding,123093,12,0,0,0.0,-0.0,1,0.99999052272299,17,0
SCZ_LOC_6_43185733_rs6938026,6,rs6938026,43185733,7.232e-12,0.0603045706055096,5,0.24317401361265728,ENSG00000112655,PTK7,protein_coding,109426,10,0,1,0.8269152641296387,7.631852972659493,1,0.999996118055536,15,1
SCZ_LOC_6_43185733_rs6938026,6,rs6938026,43185733,7.232e-12,0.0603045706055096,6,0.05044315179547123,ENSG00000112658,SRF,protein_coding,14464,4,0,0,0.0,-0.0,1,0.9999359096948296,4,0
SCZ_LOC_6_43185733_rs6938026,6,rs6938026,43185733,7.232e-12,0.0603045706055096,7,-0.21125976532244092,ENSG00000171462,DLK2,protein_coding,270899,35,0,0,0.0,-0.0,1,0.9999917259536698,12,0
SCZ_LOC_6_43185733_rs6938026,6,rs6938026,43185733,7.232e-12,0.0603045706055096,8,-0.294517883451127,ENSG00000294565,ENSG00000294565,lncRNA,11066,2,0,0,0.0,-0.0,0,0.0,0,0
SCZ_LOC_6_43185733_rs6938026,6,rs6938026,43185733,7.232e-12,0.0603045706055096,9,-0.3338022245643948,ENSG00000307823,ENSG00000307823,lncRNA,14417,3,0,0,0.0,-0.0,0,0.0,0,0
SCZ_LOC_6_43185733_rs6938026,6,rs6938026,43185733,7.232e-12,0.0603045706055096,10,-0.33506896732570823,ENSG00000204052,LRRC73,protein_coding,324613,41,0,0,0.0,-0.0,1,0.9999960138211456,9,0
SCZ_LOC_6_43185733_rs6938026,6,rs6938026,43185733,7.232e-12,0.0603045706055096,11,-0.3927448560575845,ENSG00000137221,TJAP1,protein_coding,291790,37,0,1,0.15938502550125122,5.1020436624500105,1,0.999999521802288,7,1
SCZ_LOC_6_43185733_rs6938026,6,rs6938026,43185733,7.232e-12,0.0603045706055096,12,-0.4423981100010199,ENSG00000146223,RPL7L1,protein_coding,306117,39,0,1,0.36392179131507874,16.440625737173583,1,0.9999973034126032,6,1
SCZ_LOC_6_43185733_rs6938026,6,rs6938026,43185733,7.232e-12,0.0603045706055096,13,-0.46867455794412627,ENSG00000112651,MRPL2,protein_coding,126295,13,0,0,0.0,-0.0,1,0.9999971583570284,3,0
SCZ_LOC_6_43185733_rs6938026,6,rs6938026,43185733,7.232e-12,0.0603045706055096,14,-0.5609916547909147,ENSG00000124659,TBCC,protein_coding,439630,48,0,0,0.0,-0.0,1,0.9999904059900068,7,0
SCZ_LOC_6_43185733_rs6938026,6,rs6938026,43185733,7.232e-12,0.0603045706055096,15,-0.5691633284733241,ENSG00000096080,MRPS18A,protein_coding,502058,56,0,0,0.0,-0.0,1,0.9999972898783638,7,0
SCZ_LOC_6_43185733_rs6938026,6,rs6938026,43185733,7.232e-12,0.0603045706055096,16,-0.6503624495574373,ENSG00000124688,MAD2L1BP,protein_coding,443807,50,0,0,0.0,-0.0,1,0.999964647734296,4,0
SCZ_LOC_6_43185733_rs6938026,6,rs6938026,43185733,7.232e-12,0.0603045706055096,17,-0.7283507467711485,ENSG00000112624,BICRAL,protein_coding,403681,46,0,1,0.1717669516801834,5.615260623306211,1,0.9999999961485816,8,1
SCZ_LOC_6_43185733_rs6938026,6,rs6938026,43185733,7.232e-12,0.0603045706055096,18,-0.7425386908725263,ENSG00000245261,ENSG00000245261,lncRNA,38127,5,0,0,0.0,-0.0,0,0.0,0,0
SCZ_LOC_6_43185733_rs6938026,6,rs6938026,43185733,7.232e-12,0.0603045706055096,19,-0.792536688348727,ENSG00000112640,PPP2R5D,protein_coding,201180,24,0,1,0.19243702292442322,4.74509718769131,1,0.9999907124280062,3,1
SCZ_LOC_6_43185733_rs6938026,6,rs6938026,43185733,7.232e-12,0.0603045706055096,20,-0.8899423438628137,ENSG00000044090,CUL7,protein_coding,131790,15,0,1,0.5411638617515564,5.8651007256482,1,0.9999932719437264,2,1
SCZ_LOC_6_43185733_rs6938026,6,rs6938026,43185733,7.232e-12,0.0603045706055096,21,-1.0737489910249136,ENSG00000172432,GTPBP2,protein_coding,443531,49,0,0,0.0,-0.0,1,0.999988428705834,3,0
SCZ_LOC_6_43185733_rs6938026,6,rs6938026,43185733,7.232e-12,0.0603045706055096,22,-1.079724814576249,ENSG00000137161,CNPY3,protein_coding,256253,33,0,0,0.0,-0.0,1,0.9999965369229484,3,0
SCZ_LOC_6_43185733_rs6938026,6,rs6938026,43185733,7.232e-12,0.0603045706055096,23,-1.0947425001262074,ENSG00000024048,UBR2,protein_coding,621704,57,0,1,0.2322346419095993,5.61212673069146,1,0.9999821389199784,3,1
SCZ_LOC_6_43185733_rs6938026,6,rs6938026,43185733,7.232e-12,0.0603045706055096,24,-1.0977808457002143,ENSG00000124713,GNMT,protein_coding,224979,28,0,1,1.0575289726257324,55.81883142828432,1,0.9999999969036436,7,1
SCZ_LOC_6_43185733_rs6938026,6,rs6938026,43185733,7.232e-12,0.0603045706055096,25,-1.1068711906294209,ENSG00000124733,MEA1,protein_coding,168865,20,0,1,0.634437084197998,10.106854722818639,1,0.999972558796953,2,1
SCZ_LOC_6_43185733_rs6938026,6,rs6938026,43185733,7.232e-12,0.0603045706055096,26,-1.1237522177373311,ENSG00000137171,KLC4,protein_coding,144956,16,0,0,0.0,-0.0,1,0.999990191989834,3,0
SCZ_LOC_6_43185733_rs6938026,6,rs6938026,43185733,7.232e-12,0.0603045706055096,27,-1.152607004571455,ENSG00000124571,XPO5,protein_coding,390305,44,0,0,0.0,-0.0,1,0.9999951921089448,3,0
SCZ_LOC_6_43185733_rs6938026,6,rs6938026,43185733,7.232e-12,0.0603045706055096,28,-1.1696794159611643,ENSG00000137207,YIPF3,protein_coding,331252,42,0,0,0.0,-0.0,1,0.999983984422948,3,0
SCZ_LOC_6_43185733_rs6938026,6,rs6938026,43185733,7.232e-12,0.0603045706055096,29,-1.169958474463072,ENSG00000171453,POLR1C,protein_coding,323969,40,0,0,0.0,-0.0,1,0.9999853661583848,3,0
SCZ_LOC_6_43185733_rs6938026,6,rs6938026,43185733,7.232e-12,0.0603045706055096,30,-1.2571754427493786,ENSG00000170734,POLH,protein_coding,390452,45,0,0,0.0,-0.0,1,0.9999952041783302,3,0
SCZ_LOC_6_43185733_rs6938026,6,rs6938026,43185733,7.232e-12,0.0603045706055096,31,-1.2700344931222902,ENSG00000221821,C6orf226,protein_coding,294912,38,0,1,0.6655967831611633,6.182831387596582,1,0.9999955517429744,5,1
SCZ_LOC_6_43185733_rs6938026,6,rs6938026,43185733,7.232e-12,0.0603045706055096,32,-1.2800322662209245,ENSG00000124541,RRP36,protein_coding,164110,19,0,0,0.0,-0.0,1,0.999995614340463,2,0
SCZ_LOC_6_43185733_rs6938026,6,rs6938026,43185733,7.232e-12,0.0603045706055096,33,-1.296819497170816,ENSG00000171467,ZNF318,protein_coding,183914,22,0,1,0.7919111251831055,5.473764970839443,1,0.9999857748827674,5,1
SCZ_LOC_6_43185733_rs6938026,6,rs6938026,43185733,7.232e-12,0.0603045706055096,34,-1.3286694764456721,ENSG00000112619,PRPH2,protein_coding,463136,53,0,1,1.2771505117416382,64.168657396392,0,0.0,0,0
SCZ_LOC_6_43185733_rs6938026,6,rs6938026,43185733,7.232e-12,0.0603045706055096,35,-1.4146413136139604,ENSG00000310441,ENSG00000310441,lncRNA,492520,55,0,0,0.0,-0.0,0,0.0,0,0
SCZ_LOC_6_43185733_rs6938026,6,rs6938026,43185733,7.232e-12,0.0603045706055096,36,-1.67215285251324,ENSG00000124574,ABCC10,protein_coding,241633,29,0,1,0.3714885115623474,4.540766493970669,0,0.0,0,0
SCZ_LOC_6_43185733_rs6938026,6,rs6938026,43185733,7.232e-12,0.0603045706055096,37,-1.7680330201753354,ENSG00000272170,KLC4-AS1,lncRNA,108423,9,0,0,0.0,-0.0,0,0.0,0,0
SCZ_LOC_6_43185733_rs6938026,6,rs6938026,43185733,7.232e-12,0.0603045706055096,38,-1.7802834508322787,ENSG00000172426,RSPH9,protein_coding,459303,52,0,1,1.2216426134109497,7.9381471103909425,1,0.9999997478454248,11,1
SCZ_LOC_6_43185733_rs6938026,6,rs6938026,43185733,7.232e-12,0.0603045706055096,39,-1.792181465765523,ENSG00000298885,ENSG00000298885,lncRNA,90139,8,0,0,0.0,-0.0,0,0.0,0,0
SCZ_LOC_6_43185733_rs6938026,6,rs6938026,43185733,7.232e-12,0.0603045706055096,40,-1.9090112044622303,ENSG00000124587,PEX6,protein_coding,206552,26,0,1,0.8634591102600098,52.56063658857092,1,0.9999998949372044,4,1
SCZ_LOC_6_43185733_rs6938026,6,rs6938026,43185733,7.232e-12,0.0603045706055096,41,-1.9152529444658073,ENSG00000137204,SLC22A7,protein_coding,109961,11,0,0,0.0,-0.0,0,0.0,0,0
SCZ_LOC_6_43185733_rs6938026,6,rs6938026,43185733,7.232e-12,0.0603045706055096,42,-1.945600623323249,ENSG00000271754,ENSG00000271754,lncRNA,333991,43,0,0,0.0,-0.0,0,0.0,0,0
SCZ_LOC_6_43185733_rs6938026,6,rs6938026,43185733,7.232e-12,0.0603045706055096,43,-1.958655868743014,ENSG00000124702,KLHDC3,protein_coding,171630,21,0,1,0.514338493347168,4.441538817239607,1,0.9999228590374716,2,1
SCZ_LOC_6_43185733_rs6938026,6,rs6938026,43185733,7.232e-12,0.0603045706055096,44,-1.9643629619545162,ENSG00000299695,ENSG00000299695,lncRNA,457894,51,0,0,0.0,-0.0,0,0.0,0,0
SCZ_LOC_6_43185733_rs6938026,6,rs6938026,43185733,7.232e-12,0.0603045706055096,44,-1.9643629619545162,ENSG00000308061,ENSG00000308061,lncRNA,490975,54,0,0,0.0,-0.0,0,0.0,0,0
SCZ_LOC_6_43185733_rs6938026,6,rs6938026,43185733,7.232e-12,0.0603045706055096,44,-1.9643629619545162,ENSG00000203362,POLH-AS1,lncRNA,405629,47,0,0,0.0,-0.0,0,0.0,0,0
SCZ_LOC_6_43185733_rs6938026,6,rs6938026,43185733,7.232e-12,0.0603045706055096,47,-1.9906063789324089,ENSG00000290049,ENSG00000290049,lncRNA,201388,25,0,0,0.0,-0.0,0,0.0,0,0
SCZ_LOC_6_43185733_rs6938026,6,rs6938026,43185733,7.232e-12,0.0603045706055096,48,-2.001663668545022,ENSG00000288564,ENSG00000288564,protein_coding,127548,14,0,0,0.0,-0.0,0,0.0,0,0
SCZ_LOC_6_43185733_rs6938026,6,rs6938026,43185733,7.232e-12,0.0603045706055096,49,-2.0191663195149436,ENSG00000231113,LINC02976,lncRNA,245369,31,0,0,0.0,-0.0,0,0.0,0,0
SCZ_LOC_6_43185733_rs6938026,6,rs6938026,43185733,7.232e-12,0.0603045706055096,50,-2.038410442441953,ENSG00000272223,ENSG00000272223,lncRNA,151328,18,0,0,0.0,-0.0,0,0.0,0,0
SCZ_LOC_6_43185733_rs6938026,6,rs6938026,43185733,7.232e-12,0.0603045706055096,50,-2.038410442441953,ENSG00000303420,ENSG00000303420,lncRNA,146450,17,0,0,0.0,-0.0,0,0.0,0,0
SCZ_LOC_6_43185733_rs6938026,6,rs6938026,43185733,7.232e-12,0.0603045706055096,50,-2.038410442441953,ENSG00000287055,ENSG00000287055,lncRNA,184293,23,0,0,0.0,-0.0,0,0.0,0,0
SCZ_LOC_6_43185733_rs6938026,6,rs6938026,43185733,7.232e-12,0.0603045706055096,53,-2.049388979382339,ENSG00000171611,PTCRA,protein_coding,269744,34,0,0,0.0,-0.0,0,0.0,0,0
SCZ_LOC_6_43185733_rs6938026,6,rs6938026,43185733,7.232e-12,0.0603045706055096,53,-2.049388979382339,ENSG00000288010,ENSG00000288010,lncRNA,282661,36,0,0,0.0,-0.0,0,0.0,0,0
SCZ_LOC_6_43185733_rs6938026,6,rs6938026,43185733,7.232e-12,0.0603045706055096,55,-2.071027943109276,ENSG00000287825,ENSG00000287825,lncRNA,255981,32,0,0,0.0,-0.0,0,0.0,0,0
SCZ_LOC_6_43185733_rs6938026,6,rs6938026,43185733,7.232e-12,0.0603045706055096,55,-2.071027943109276,ENSG00000294356,ENSG00000294356,lncRNA,242304,30,0,0,0.0,-0.0,0,0.0,0,0
SCZ_LOC_6_43185733_rs6938026,6,rs6938026,43185733,7.232e-12,0.0603045706055096,57,-2.0821970675151693,ENSG00000287266,ENSG00000287266,lncRNA,222608,27,0,0,0.0,-0.0,0,0.0,0,0
SCZ_LOC_6_69279811_rs80249955,6,rs80249955,69279811,4.629e-08,-0.154597446279196,1,0.46922852423540695,ENSG00000135298,ADGRB3,protein_coding,644529,6,0,1,0.20050810277462006,4.323605929788592,1,0.9999869707766124,6,1
SCZ_LOC_6_69279811_rs80249955,6,rs80249955,69279811,4.629e-08,-0.154597446279196,2,-0.7665829836382517,ENSG00000168216,LMBRD1,protein_coding,587425,5,0,1,0.9631003141403198,4.69992900185702,1,0.9999931513230096,3,1
SCZ_LOC_6_69279811_rs80249955,6,rs80249955,69279811,4.629e-08,-0.154597446279196,3,-1.5018086234643104,ENSG00000303637,ENSG00000303637,lncRNA,140560,1,1,0,0.0,-0.0,0,0.0,0,0
SCZ_LOC_6_69279811_rs80249955,6,rs80249955,69279811,4.629e-08,-0.154597446279196,4,-1.5338802427145466,ENSG00000304708,ENSG00000304708,lncRNA,345666,2,0,0,0.0,-0.0,0,0.0,0,0
SCZ_LOC_6_69279811_rs80249955,6,rs80249955,69279811,4.629e-08,-0.154597446279196,5,-1.6325703976346164,ENSG00000294039,ENSG00000294039,lncRNA,396402,3,0,0,0.0,-0.0,0,0.0,0,0
SCZ_LOC_6_69279811_rs80249955,6,rs80249955,69279811,4.629e-08,-0.154597446279196,6,-1.727930858012951,ENSG00000289611,ENSG00000289611,lncRNA,439428,4,0,0,0.0,-0.0,0,0.0,0,0
SCZ_LOC_7_104989119_rs111843196,7,rs111843196,104989119,1.125e-09,0.0485044090596151,1,0.6148622366958376,ENSG00000005483,KMT2E,protein_coding,48176,4,0,0,0.0,-0.0,1,0.9999843256471884,6,0
SCZ_LOC_7_104989119_rs111843196,7,rs111843196,104989119,1.125e-09,0.0485044090596151,2,0.22648320202145975,ENSG00000239569,KMT2E-AS1,lncRNA,25202,3,0,0,0.0,-0.0,0,0.0,0,0
SCZ_LOC_7_104989119_rs111843196,7,rs111843196,104989119,1.125e-09,0.0485044090596151,3,-0.040775389269184836,ENSG00000091127,PUS7,protein_coding,533152,13,0,1,0.252323180437088,4.44094945569692,1,0.999998021503369,6,1
SCZ_LOC_7_104989119_rs111843196,7,rs111843196,104989119,1.125e-09,0.0485044090596151,4,-0.18728156441111593,ENSG00000302593,ENSG00000302593,lncRNA,5163,1,1,0,0.0,-0.0,0,0.0,0,0
SCZ_LOC_7_104989119_rs111843196,7,rs111843196,104989119,1.125e-09,0.0485044090596151,5,-0.2521386225454543,ENSG00000187416,LHFPL3,protein_coding,660516,14,0,1,0.7239263653755188,5.248573134724186,1,0.999998873026952,10,1
SCZ_LOC_7_104989119_rs111843196,7,rs111843196,104989119,1.125e-09,0.0485044090596151,6,-0.5341241295822811,ENSG00000302574,ENSG00000302574,lncRNA,23686,2,0,0,0.0,-0.0,0,0.0,0,0
SCZ_LOC_7_104989119_rs111843196,7,rs111843196,104989119,1.125e-09,0.0485044090596151,7,-1.0373826097549403,ENSG00000272918,ENSG00000272918,lncRNA,116364,9,0,1,0.37655994296073914,5.511000295738883,0,0.0,0,0
SCZ_LOC_7_104989119_rs111843196,7,rs111843196,104989119,1.125e-09,0.0485044090596151,8,-1.0766658380930614,ENSG00000135250,SRPK2,protein_coding,410189,12,0,0,0.0,-0.0,1,0.9999794877104204,3,0
SCZ_LOC_7_104989119_rs111843196,7,rs111843196,104989119,1.125e-09,0.0485044090596151,9,-1.6600680329663602,ENSG00000289360,ENSG00000289360,protein_coding,51729,5,0,0,0.0,-0.0,0,0.0,0,0
SCZ_LOC_7_104989119_rs111843196,7,rs111843196,104989119,1.125e-09,0.0485044090596151,10,-1.7238668487958417,ENSG00000288914,ENSG00000288914,protein_coding,51739,6,0,0,0.0,-0.0,0,0.0,0,0
SCZ_LOC_7_104989119_rs111843196,7,rs111843196,104989119,1.125e-09,0.0485044090596151,10,-1.7238668487958417,ENSG00000302555,ENSG00000302555,lncRNA,55367,7,0,0,0.0,-0.0,0,0.0,0,0
SCZ_LOC_7_104989119_rs111843196,7,rs111843196,104989119,1.125e-09,0.0485044090596151,12,-1.792181465765523,ENSG00000302538,ENSG00000302538,lncRNA,74975,8,0,0,0.0,-0.0,0,0.0,0,0
SCZ_LOC_7_104989119_rs111843196,7,rs111843196,104989119,1.125e-09,0.0485044090596151,13,-1.8504472177962195,ENSG00000226869,LHFPL3-AS1,lncRNA,185012,10,0,0,0.0,-0.0,0,0.0,0,0
SCZ_LOC_7_104989119_rs111843196,7,rs111843196,104989119,1.125e-09,0.0485044090596151,14,-2.029738761336927,ENSG00000242154,ENSG00000242154,lncRNA,315158,11,0,0,0.0,-0.0,0,0.0,0,0
SCZ_LOC_7_110993511_rs7803571,7,rs7803571,110993511,4.488e-14,0.0575988723793984,1,1.7430756306342914,ENSG00000184903,IMMP2L,protein_coding,569006,7,0,0,0.0,-0.0,1,0.9999991721820338,8,0
SCZ_LOC_7_110993511_rs7803571,7,rs7803571,110993511,4.488e-14,0.0575988723793984,2,0.39785354738103157,ENSG00000173114,LRRN3,protein_coding,97495,1,1,1,0.4652998149394989,4.621461911686298,1,0.9999981305217188,11,1
SCZ_LOC_7_110993511_rs7803571,7,rs7803571,110993511,4.488e-14,0.0575988723793984,3,-1.5344261241316337,ENSG00000228540,ENSG00000228540,lncRNA,267686,2,0,0,0.0,-0.0,0,0.0,0,0
SCZ_LOC_7_110993511_rs7803571,7,rs7803571,110993511,4.488e-14,0.0575988723793984,4,-1.6138080590033492,ENSG00000295817,ENSG00000295817,lncRNA,371388,3,0,0,0.0,-0.0,0,0.0,0,0
SCZ_LOC_7_110993511_rs7803571,7,rs7803571,110993511,4.488e-14,0.0575988723793984,5,-1.727930858012951,ENSG00000287186,ENSG00000287186,lncRNA,403429,4,0,0,0.0,-0.0,0,0.0,0,0
SCZ_LOC_7_110993511_rs7803571,7,rs7803571,110993511,4.488e-14,0.0575988723793984,5,-1.727930858012951,ENSG00000303012,ENSG00000303012,lncRNA,452184,5,0,0,0.0,-0.0,0,0.0,0,0
SCZ_LOC_7_110993511_rs7803571,7,rs7803571,110993511,4.488e-14,0.0575988723793984,7,-1.7917296738424324,ENSG00000226965,ENSG00000226965,lncRNA,458588,6,0,0,0.0,-0.0,0,0.0,0,0
SCZ_LOC_7_133438132_rs35531336,7,rs35531336,133438132,3.841e-08,0.0701042536729151,1,0.9659695019330177,ENSG00000131558,EXOC4,protein_coding,185060,1,1,1,0.7552682161331177,19.029137249353326,1,0.9999791567560766,2,1
SCZ_LOC_7_133438132_rs35531336,7,rs35531336,133438132,3.841e-08,0.0701042536729151,2,-0.5029123913981992,ENSG00000106554,CHCHD3,protein_coding,356042,4,0,0,0.0,-0.0,1,0.9999795805103272,2,0
SCZ_LOC_7_133438132_rs35531336,7,rs35531336,133438132,3.841e-08,0.0701042536729151,3,-1.5344261241316337,ENSG00000308855,ENSG00000308855,lncRNA,238081,2,0,0,0.0,-0.0,0,0.0,0,0
SCZ_LOC_7_133438132_rs35531336,7,rs35531336,133438132,3.841e-08,0.0701042536729151,4,-1.6138080590033492,ENSG00000303960,ENSG00000303960,lncRNA,329461,3,0,0,0.0,-0.0,0,0.0,0,0
SCZ_LOC_7_133438132_rs35531336,7,rs35531336,133438132,3.841e-08,0.0701042536729151,5,-1.727930858012951,ENSG00000303436,ENSG00000303436,lncRNA,385521,5,0,0,0.0,-0.0,0,0.0,0,0
SCZ_LOC_7_2029867_rs58120505,7,rs58120505,2029867,6.265e-28,0.0825012215117438,1,2.3199028129155255,ENSG00000002822,MAD1L1,protein_coding,203376,6,0,0,0.0,-0.0,1,0.9999995747251096,20,0
SCZ_LOC_7_2029867_rs58120505,7,rs58120505,2029867,6.265e-28,0.0825012215117438,2,0.016745474109709307,ENSG00000164855,TMEM184A,protein_coding,469046,28,0,1,0.34968146681785583,5.45715145809726,1,0.9999995123628318,28,1
SCZ_LOC_7_2029867_rs58120505,7,rs58120505,2029867,6.265e-28,0.0825012215117438,3,-0.37061739273418165,ENSG00000286192,ENSG00000286192,protein_coding,212348,8,0,0,0.0,-0.0,0,0.0,0,0
SCZ_LOC_7_2029867_rs58120505,7,rs58120505,2029867,6.265e-28,0.0825012215117438,4,-0.5341241295822811,ENSG00000294665,ENSG00000294665,lncRNA,20655,1,1,0,0.0,-0.0,0,0.0,0,0
SCZ_LOC_7_2029867_rs58120505,7,rs58120505,2029867,6.265e-28,0.0825012215117438,5,-0.6499168660714992,ENSG00000157778,PSMG3,protein_coding,458862,25,0,1,0.5945740342140198,5.035240741672125,1,0.999968376682622,3,1
SCZ_LOC_7_2029867_rs58120505,7,rs58120505,2029867,6.265e-28,0.0825012215117438,6,-0.6568053625068189,ENSG00000136213,CHST12,protein_coding,373721,22,0,1,1.297399640083313,11.767691668765378,1,0.9999907414105644,7,1
SCZ_LOC_7_2029867_rs58120505,7,rs58120505,2029867,6.265e-28,0.0825012215117438,7,-0.7830179288851824,ENSG00000230487,PSMG3-AS1,lncRNA,459804,27,0,1,1.3047720193862915,15.558959845843388,1,0.9999911552282872,5,1
SCZ_LOC_7_2029867_rs58120505,7,rs58120505,2029867,6.265e-28,0.0825012215117438,8,-0.7907876923735924,ENSG00000198517,MAFK,protein_coding,499165,31,0,1,1.0253806114196777,5.2976094820313655,1,0.999997761589552,9,1
SCZ_LOC_7_2029867_rs58120505,7,rs58120505,2029867,6.265e-28,0.0825012215117438,9,-0.8775565417067372,ENSG00000106263,EIF3B,protein_coding,324219,15,0,1,0.1979701817035675,5.919681738631691,1,0.9999396943690244,2,1
SCZ_LOC_7_2029867_rs58120505,7,rs58120505,2029867,6.265e-28,0.0825012215117438,10,-0.9058853542861451,ENSG00000106003,LFNG,protein_coding,482662,29,0,0,0.0,-0.0,1,0.9999879104304856,12,0
SCZ_LOC_7_2029867_rs58120505,7,rs58120505,2029867,6.265e-28,0.0825012215117438,11,-1.077331631817839,ENSG00000294623,ENSG00000294623,lncRNA,49436,2,0,0,0.0,-0.0,0,0.0,0,0
SCZ_LOC_7_2029867_rs58120505,7,rs58120505,2029867,6.265e-28,0.0825012215117438,12,-1.1045143444993992,ENSG00000106266,SNX8,protein_coding,324451,16,0,0,0.0,-0.0,1,0.9999902007061676,3,0
SCZ_LOC_7_2029867_rs58120505,7,rs58120505,2029867,6.265e-28,0.0825012215117438,13,-1.3273938419480251,ENSG00000176349,ENSG00000176349,lncRNA,217774,10,0,1,1.189558506011963,9.454537606153659,0,0.0,0,0
SCZ_LOC_7_2029867_rs58120505,7,rs58120505,2029867,6.265e-28,0.0825012215117438,14,-1.3772940202556918,ENSG00000106268,NUDT1,protein_coding,212359,9,0,1,1.6065537929534912,10.911515819243412,1,0.9999989850035668,7,1
SCZ_LOC_7_2029867_rs58120505,7,rs58120505,2029867,6.265e-28,0.0825012215117438,15,-1.4773555641888014,ENSG00000300213,ENSG00000300213,lncRNA,496985,30,0,0,0.0,-0.0,0,0.0,0,0
SCZ_LOC_7_2029867_rs58120505,7,rs58120505,2029867,6.265e-28,0.0825012215117438,16,-1.523470687722417,ENSG00000294685,ENSG00000294685,lncRNA,80517,3,0,0,0.0,-0.0,0,0.0,0,0
SCZ_LOC_7_2029867_rs58120505,7,rs58120505,2029867,6.265e-28,0.0825012215117438,17,-1.6292928366219026,ENSG00000294599,ENSG00000294599,lncRNA,202223,5,0,0,0.0,-0.0,0,0.0,0,0
SCZ_LOC_7_2029867_rs58120505,7,rs58120505,2029867,6.265e-28,0.0825012215117438,18,-1.6770969001314477,ENSG00000294707,ENSG00000294707,lncRNA,174656,4,0,0,0.0,-0.0,0,0.0,0,0
SCZ_LOC_7_2029867_rs58120505,7,rs58120505,2029867,6.265e-28,0.0825012215117438,19,-1.8968937434572486,ENSG00000122687,MRM2,protein_coding,212338,7,0,1,1.6717833280563354,20.529638003534913,1,0.9999989701358292,7,1
SCZ_LOC_7_2029867_rs58120505,7,rs58120505,2029867,6.265e-28,0.0825012215117438,20,-1.9812416192626467,ENSG00000294969,ENSG00000294969,lncRNA,304990,12,0,0,0.0,-0.0,0,0.0,0,0
SCZ_LOC_7_2029867_rs58120505,7,rs58120505,2029867,6.265e-28,0.0825012215117438,21,-2.030284642754014,ENSG00000236081,ELFN1-AS1,lncRNA,287550,11,0,0,0.0,-0.0,0,0.0,0,0
SCZ_LOC_7_2029867_rs58120505,7,rs58120505,2029867,6.265e-28,0.0825012215117438,22,-2.0598069904417207,ENSG00000225968,ELFN1,protein_coding,364122,20,0,0,0.0,-0.0,0,0.0,0,0
SCZ_LOC_7_2029867_rs58120505,7,rs58120505,2029867,6.265e-28,0.0825012215117438,23,-2.070482061692189,ENSG00000234977,ENSG00000234977,lncRNA,337417,18,0,0,0.0,-0.0,0,0.0,0,0
SCZ_LOC_7_2029867_rs58120505,7,rs58120505,2029867,6.265e-28,0.0825012215117438,23,-2.070482061692189,ENSG00000205971,LNCRI,lncRNA,335510,17,0,0,0.0,-0.0,0,0.0,0,0
SCZ_LOC_7_2029867_rs58120505,7,rs58120505,2029867,6.265e-28,0.0825012215117438,23,-2.070482061692189,ENSG00000293436,ENSG00000293436,lncRNA,354254,19,0,0,0.0,-0.0,0,0.0,0,0
SCZ_LOC_7_2029867_rs58120505,7,rs58120505,2029867,6.265e-28,0.0825012215117438,23,-2.070482061692189,ENSG00000294331,ENSG00000294331,lncRNA,324140,14,0,0,0.0,-0.0,0,0.0,0,0
SCZ_LOC_7_2029867_rs58120505,7,rs58120505,2029867,6.265e-28,0.0825012215117438,23,-2.070482061692189,ENSG00000302606,ENSG00000302606,lncRNA,310805,13,0,0,0.0,-0.0,0,0.0,0,0
SCZ_LOC_7_2029867_rs58120505,7,rs58120505,2029867,6.265e-28,0.0825012215117438,23,-2.070482061692189,ENSG00000304531,ENSG00000304531,lncRNA,373449,21,0,0,0.0,-0.0,0,0.0,0,0
SCZ_LOC_7_2029867_rs58120505,7,rs58120505,2029867,6.265e-28,0.0825012215117438,29,-2.089244400323456,ENSG00000275572,GRIFIN,protein_coding,447027,24,0,0,0.0,-0.0,0,0.0,0,0
SCZ_LOC_7_2029867_rs58120505,7,rs58120505,2029867,6.265e-28,0.0825012215117438,29,-2.089244400323456,ENSG00000231476,ENSG00000231476,lncRNA,410288,23,0,0,0.0,-0.0,0,0.0,0,0
SCZ_LOC_7_2029867_rs58120505,7,rs58120505,2029867,6.265e-28,0.0825012215117438,29,-2.089244400323456,ENSG00000306890,ENSG00000306890,lncRNA,459222,26,0,0,0.0,-0.0,0,0.0,0,0
SCZ_LOC_7_24793210_rs6979037,7,rs6979037,24793210,2.513e-10,-0.0740987414270944,1,1.7817696535346341,ENSG00000070882,OSBPL3,protein_coding,188424,3,0,1,0.3393632769584656,8.160395936368081,1,0.9999999974972572,35,1
SCZ_LOC_7_24793210_rs6979037,7,rs6979037,24793210,2.513e-10,-0.0740987414270944,2,0.6420286250252769,ENSG00000287093,ENSG00000287093,lncRNA,2415,1,1,0,0.0,-0.0,0,0.0,0,0
SCZ_LOC_7_24793210_rs6979037,7,rs6979037,24793210,2.513e-10,-0.0740987414270944,3,0.15599213843024118,ENSG00000105926,PALS2,protein_coding,219942,4,0,1,0.8934224247932434,6.680722160186195,1,0.9999975896734132,16,1
SCZ_LOC_7_24793210_rs6979037,7,rs6979037,24793210,2.513e-10,-0.0740987414270944,4,-0.06284646298814059,ENSG00000153790,SPMIP4,protein_coding,387146,10,0,1,0.3848065435886383,5.5584653639692485,1,0.9999976724301226,7,1
SCZ_LOC_7_24793210_rs6979037,7,rs6979037,24793210,2.513e-10,-0.0740987414270944,5,-0.07719858746989913,ENSG00000105928,GSDME,protein_coding,35270,2,0,1,1.0943219661712646,27.564430161154682,1,0.9999998348707286,38,1
SCZ_LOC_7_24793210_rs6979037,7,rs6979037,24793210,2.513e-10,-0.0740987414270944,6,-0.5592810641912874,ENSG00000172115,CYCS,protein_coding,332050,7,0,0,0.0,-0.0,1,0.9999804264771652,3,0
SCZ_LOC_7_24793210_rs6979037,7,rs6979037,24793210,2.513e-10,-0.0740987414270944,7,-1.586446526186333,ENSG00000296268,ENSG00000296268,lncRNA,232104,5,0,0,0.0,-0.0,0,0.0,0,0
SCZ_LOC_7_24793210_rs6979037,7,rs6979037,24793210,2.513e-10,-0.0740987414270944,8,-1.7005957400045415,ENSG00000301168,ENSG00000301168,lncRNA,495525,15,0,0,0.0,-0.0,0,0.0,0,0
SCZ_LOC_7_24793210_rs6979037,7,rs6979037,24793210,2.513e-10,-0.0740987414270944,9,-1.7729673352111652,ENSG00000304456,ENSG00000304456,lncRNA,312529,6,0,0,0.0,-0.0,0,0.0,0,0
SCZ_LOC_7_24793210_rs6979037,7,rs6979037,24793210,2.513e-10,-0.0740987414270944,10,-1.8825188370464556,ENSG00000228944,ENSG00000228944,lncRNA,347940,8,0,0,0.0,-0.0,0,0.0,0,0
SCZ_LOC_7_24793210_rs6979037,7,rs6979037,24793210,2.513e-10,-0.0740987414270944,10,-1.8825188370464556,ENSG00000297180,ENSG00000297180,lncRNA,373485,9,0,0,0.0,-0.0,0,0.0,0,0
SCZ_LOC_7_24793210_rs6979037,7,rs6979037,24793210,2.513e-10,-0.0740987414270944,12,-2.029738761336927,ENSG00000297140,ENSG00000297140,lncRNA,396616,12,0,0,0.0,-0.0,0,0.0,0,0
SCZ_LOC_7_24793210_rs6979037,7,rs6979037,24793210,2.513e-10,-0.0740987414270944,12,-2.029738761336927,ENSG00000297160,ENSG00000297160,lncRNA,389306,11,0,0,0.0,-0.0,0,0.0,0,0
SCZ_LOC_7_24793210_rs6979037,7,rs6979037,24793210,2.513e-10,-0.0740987414270944,14,-2.089244400323456,ENSG00000105954,NPVF,protein_coding,435276,13,0,0,0.0,-0.0,0,0.0,0,0
SCZ_LOC_7_24793210_rs6979037,7,rs6979037,24793210,2.513e-10,-0.0740987414270944,14,-2.089244400323456,ENSG00000285716,ENSG00000285716,lncRNA,463919,14,0,0,0.0,-0.0,0,0.0,0,0
SCZ_LOC_8_103671080_rs1434281,8,rs1434281,103671080,1.083e-08,0.0454990400712183,1,1.8771157436053831,ENSG00000176406,RIMS2,protein_coding,170470,3,0,0,0.0,-0.0,1,0.9999991739406228,7,0
SCZ_LOC_8_103671080_rs1434281,8,rs1434281,103671080,1.083e-08,0.0454990400712183,2,0.11901434864476568,ENSG00000164932,CTHRC1,protein_coding,299542,11,0,0,0.0,-0.0,1,0.9999995981700138,5,0
SCZ_LOC_8_103671080_rs1434281,8,rs1434281,103671080,1.083e-08,0.0454990400712183,3,0.06821050542823395,ENSG00000253477,ENSG00000253477,lncRNA,169404,2,0,1,0.8678738474845886,12.25560740899695,0,0.0,0,0
SCZ_LOC_8_103671080_rs1434281,8,rs1434281,103671080,1.083e-08,0.0454990400712183,4,-0.20770913824916495,ENSG00000164929,BAALC,protein_coding,530367,18,0,1,0.5988869071006775,15.107203872116129,1,0.9999974589187696,19,1
SCZ_LOC_8_103671080_rs1434281,8,rs1434281,103671080,1.083e-08,0.0454990400712183,5,-0.4876208797789927,ENSG00000261670,ENSG00000261670,lncRNA,206691,5,0,1,0.9833101630210876,4.920104298880893,0,0.0,0,0
SCZ_LOC_8_103671080_rs1434281,8,rs1434281,103671080,1.083e-08,0.0454990400712183,6,-0.6339480873442206,ENSG00000164933,SLC25A32,protein_coding,255891,8,0,1,0.42103445529937744,11.68511406247225,1,0.9999809490666624,4,1
SCZ_LOC_8_103671080_rs1434281,8,rs1434281,103671080,1.083e-08,0.0454990400712183,7,-0.6587827960612646,ENSG00000288945,ENSG00000288945,lncRNA,219949,6,0,1,0.9631986618041992,7.020023369525868,0,0.0,0,0
SCZ_LOC_8_103671080_rs1434281,8,rs1434281,103671080,1.083e-08,0.0454990400712183,8,-0.7347333061150711,ENSG00000266289,LINC02933,lncRNA,287226,10,0,1,0.5050836205482483,4.625274387511944,0,0.0,0,0
SCZ_LOC_8_103671080_rs1434281,8,rs1434281,103671080,1.083e-08,0.0454990400712183,9,-0.7753456730220808,ENSG00000164930,FZD6,protein_coding,372647,14,0,1,0.5738608241081238,12.32030375135835,1,0.9999947933093052,7,1
SCZ_LOC_8_103671080_rs1434281,8,rs1434281,103671080,1.083e-08,0.0454990400712183,10,-1.0683734112181198,ENSG00000271830,ENSG00000271830,lncRNA,189461,4,0,1,0.7415388226509094,27.611772451287692,0,0.0,0,0
SCZ_LOC_8_103671080_rs1434281,8,rs1434281,103671080,1.083e-08,0.0454990400712183,11,-1.5018086234643104,ENSG00000285982,ENSG00000285982,protein_coding,169185,1,1,0,0.0,-0.0,0,0.0,0,0
SCZ_LOC_8_103671080_rs1434281,8,rs1434281,103671080,1.083e-08,0.0454990400712183,12,-1.784682341034146,ENSG00000307141,ENSG00000307141,lncRNA,225367,7,0,0,0.0,-0.0,0,0.0,0,0
SCZ_LOC_8_103671080_rs1434281,8,rs1434281,103671080,1.083e-08,0.0454990400712183,13,-2.030284642754014,ENSG00000247081,BAALC-AS1,lncRNA,299670,12,0,0,0.0,-0.0,0,0.0,0,0
SCZ_LOC_8_103671080_rs1434281,8,rs1434281,103671080,1.083e-08,0.0454990400712183,14,-2.070482061692189,ENSG00000286337,ENSG00000286337,lncRNA,350974,13,0,0,0.0,-0.0,0,0.0,0,0
SCZ_LOC_8_103671080_rs1434281,8,rs1434281,103671080,1.083e-08,0.0454990400712183,15,-2.089244400323456,ENSG00000253851,ENSG00000253851,lncRNA,441766,17,0,0,0.0,-0.0,0,0.0,0,0
SCZ_LOC_8_103671080_rs1434281,8,rs1434281,103671080,1.083e-08,0.0454990400712183,15,-2.089244400323456,ENSG00000296002,ENSG00000296002,lncRNA,393736,15,0,0,0.0,-0.0,0,0.0,0,0
SCZ_LOC_8_103671080_rs1434281,8,rs1434281,103671080,1.083e-08,0.0454990400712183,15,-2.089244400323456,ENSG00000297659,ENSG00000297659,lncRNA,440582,16,0,0,0.0,-0.0,0,0.0,0,0
SCZ_LOC_8_103671080_rs1434281,8,rs1434281,103671080,1.083e-08,0.0454990400712183,18,-2.332481850083903,ENSG00000164934,DCAF13,protein_coding,256366,9,0,1,0.914404034614563,8.1153710217101,1,0.9999999895710426,4,1
SCZ_LOC_8_143369368_rs4976992,8,rs4976992,143369368,7.307e-14,0.0587027762537362,1,0.934764973177132,ENSG00000158106,RHPN1,protein_coding,492,1,1,1,0.6904916763305664,5.300524073584427,1,0.9999680664468305,3,1
SCZ_LOC_8_143369368_rs4976992,8,rs4976992,143369368,7.307e-14,0.0587027762537362,2,0.46512380491492716,ENSG00000182759,MAFA,protein_coding,61364,6,0,0,0.0,-0.0,1,0.9999856183783106,12,0
SCZ_LOC_8_143369368_rs4976992,8,rs4976992,143369368,7.307e-14,0.0587027762537362,3,0.46203241549403673,ENSG00000176956,LY6H,protein_coding,208657,26,0,1,0.8153690695762634,14.486343826439622,1,0.9999950643405257,30,1
SCZ_LOC_8_143369368_rs4976992,8,rs4976992,143369368,7.307e-14,0.0587027762537362,4,0.30504728865935565,ENSG00000254389,RHPN1-AS1,lncRNA,731,2,0,1,0.5107986330986023,4.593896978496028,0,0.0,0,0
SCZ_LOC_8_143369368_rs4976992,8,rs4976992,143369368,7.307e-14,0.0587027762537362,5,0.15449585993226195,ENSG00000160932,LY6E,protein_coding,351386,51,0,0,0.0,-0.0,1,0.9999973964343348,11,0
SCZ_LOC_8_143369368_rs4976992,8,rs4976992,143369368,7.307e-14,0.0587027762537362,6,0.08443232428348767,ENSG00000250571,GLI4,protein_coding,101935,11,0,1,0.39867734909057617,5.5892244890115945,1,0.9999627733639496,7,1
SCZ_LOC_8_143369368_rs4976992,8,rs4976992,143369368,7.307e-14,0.0587027762537362,7,-0.3338022245643948,ENSG00000184428,TOP1MT,protein_coding,9389,3,0,0,0.0,-0.0,0,0.0,0,0
SCZ_LOC_8_143369368_rs4976992,8,rs4976992,143369368,7.307e-14,0.0587027762537362,8,-0.3715218267719221,ENSG00000185730,ZNF696,protein_coding,79692,8,0,1,0.6320162415504456,22.745609203002225,1,0.9999851506047228,9,1
SCZ_LOC_8_143369368_rs4976992,8,rs4976992,143369368,7.307e-14,0.0587027762537362,9,-0.4205479237677829,ENSG00000277494,GPIHBP1,protein_coding,156150,17,0,1,1.236559510231018,14.6982703203388,1,0.9999910799579212,9,1
SCZ_LOC_8_143369368_rs4976992,8,rs4976992,143369368,7.307e-14,0.0587027762537362,10,-0.43856968969621013,ENSG00000014164,ZC3H3,protein_coding,172079,18,0,1,0.5262641906738281,10.416816008219604,1,0.999949667937094,5,1
SCZ_LOC_8_143369368_rs4976992,8,rs4976992,143369368,7.307e-14,0.0587027762537362,11,-0.5594478180548436,ENSG00000285599,ENSG00000285599,lncRNA,469411,63,0,1,1.5427100658416748,5.08400088793464,0,0.0,0,0
SCZ_LOC_8_143369368_rs4976992,8,rs4976992,143369368,7.307e-14,0.0587027762537362,12,-0.625234490040965,ENSG00000180921,FAM83H,protein_coding,368866,53,0,1,0.9161785840988159,35.84147472097826,1,0.9999979207081424,10,1
SCZ_LOC_8_143369368_rs4976992,8,rs4976992,143369368,7.307e-14,0.0587027762537362,13,-0.6402794406117885,ENSG00000147813,NAPRT,protein_coding,209281,27,0,1,2.0822107791900635,57.21764729255177,1,0.99999681380194,8,1
SCZ_LOC_8_143369368_rs4976992,8,rs4976992,143369368,7.307e-14,0.0587027762537362,14,-0.6448626225274844,ENSG00000180900,SCRIB,protein_coding,446405,57,0,1,0.1296692192554474,5.497426549659889,1,0.9999402146268624,5,1
SCZ_LOC_8_143369368_rs4976992,8,rs4976992,143369368,7.307e-14,0.0587027762537362,15,-0.6544324037240373,ENSG00000179950,PUF60,protein_coding,461341,61,0,1,1.0169316530227661,4.628933282106519,1,0.9999976079964614,6,1
SCZ_LOC_8_143369368_rs4976992,8,rs4976992,143369368,7.307e-14,0.0587027762537362,16,-0.7372273833888695,ENSG00000185189,NRBP2,protein_coding,471605,64,0,0,0.0,-0.0,1,0.999993837093327,13,0
SCZ_LOC_8_143369368_rs4976992,8,rs4976992,143369368,7.307e-14,0.0587027762537362,17,-0.7586853803815109,ENSG00000104499,GML,protein_coding,535121,68,0,0,0.0,-0.0,1,0.9999975783312192,11,0
SCZ_LOC_8_143369368_rs4976992,8,rs4976992,143369368,7.307e-14,0.0587027762537362,18,-0.7620381763642844,ENSG00000203499,IQANK1,protein_coding,364771,52,0,1,0.6310655474662781,13.578629268844432,1,0.9999924260541996,13,1
SCZ_LOC_8_143369368_rs4976992,8,rs4976992,143369368,7.307e-14,0.0587027762537362,19,-0.7965682640104345,ENSG00000247317,LY6E-DT,lncRNA,350742,50,0,1,0.34090515971183777,14.146964214971694,1,0.9999949284187776,11,1
SCZ_LOC_8_143369368_rs4976992,8,rs4976992,143369368,7.307e-14,0.0587027762537362,20,-0.8960143718241138,ENSG00000183309,ZNF623,protein_coding,266651,35,0,1,1.0849944353103638,15.083383149905208,0,0.0,0,0
SCZ_LOC_8_143369368_rs4976992,8,rs4976992,143369368,7.307e-14,0.0587027762537362,21,-0.9198226494124593,ENSG00000181638,ZFP41,protein_coding,122547,13,0,1,0.5837118625640869,9.8978756453341,1,0.9999740015092132,4,1
SCZ_LOC_8_143369368_rs4976992,8,rs4976992,143369368,7.307e-14,0.0587027762537362,22,-0.923852839961695,ENSG00000104518,GSDMD,protein_coding,183839,21,0,1,0.645688533782959,22.858466345219618,1,0.999999454295914,6,1
SCZ_LOC_8_143369368_rs4976992,8,rs4976992,143369368,7.307e-14,0.0587027762537362,23,-0.9471233592331454,ENSG00000255181,CCDC166,protein_coding,338741,44,0,1,1.0529224872589111,4.698143686086641,1,0.9999982133355366,7,1
SCZ_LOC_8_143369368_rs4976992,8,rs4976992,143369368,7.307e-14,0.0587027762537362,24,-0.9723243946365644,ENSG00000255050,ENSG00000255050,lncRNA,204122,25,0,1,1.4686309099197388,32.53395382007853,0,0.0,0,0
SCZ_LOC_8_143369368_rs4976992,8,rs4976992,143369368,7.307e-14,0.0587027762537362,25,-1.0605247289035642,ENSG00000104529,EEF1D,protein_coding,230173,30,0,0,0.0,-0.0,1,0.999973692737474,2,0
SCZ_LOC_8_143369368_rs4976992,8,rs4976992,143369368,7.307e-14,0.0587027762537362,26,-1.0716749193906354,ENSG00000104524,PYCR3,protein_coding,240405,31,0,1,0.4291803538799286,9.485127090824228,1,0.9999827059618692,2,1
SCZ_LOC_8_143369368_rs4976992,8,rs4976992,143369368,7.307e-14,0.0587027762537362,27,-1.0885514988676535,ENSG00000181135,ZNF707,protein_coding,315084,39,0,1,1.171195387840271,7.499593635335545,1,0.9999972147107696,3,1
SCZ_LOC_8_143369368_rs4976992,8,rs4976992,143369368,7.307e-14,0.0587027762537362,28,-1.1028129590250928,ENSG00000289161,ENSG00000289161,lncRNA,189018,23,0,1,1.7568260431289673,6.973023410588793,0,0.0,0,0
SCZ_LOC_8_143369368_rs4976992,8,rs4976992,143369368,7.307e-14,0.0587027762537362,29,-1.1324131015514443,ENSG00000181085,MAPK15,protein_coding,346972,48,0,1,0.773587167263031,6.522912651605493,1,0.9999978715616916,13,1
SCZ_LOC_8_143369368_rs4976992,8,rs4976992,143369368,7.307e-14,0.0587027762537362,30,-1.1590741410529664,ENSG00000254338,MAFA-AS1,lncRNA,38752,4,0,0,0.0,-0.0,0,0.0,0,0
SCZ_LOC_8_143369368_rs4976992,8,rs4976992,143369368,7.307e-14,0.0587027762537362,31,-1.1676547372843458,ENSG00000179886,TIGD5,protein_coding,228463,29,0,1,0.7473626136779785,4.9043456313331895,1,0.9999822118464043,3,1
SCZ_LOC_8_143369368_rs4976992,8,rs4976992,143369368,7.307e-14,0.0587027762537362,32,-1.2325150343040883,ENSG00000177335,LY6S-AS1,lncRNA,330159,42,0,1,2.9716989994049072,11.513194358753065,1,0.9999919671272088,9,1
SCZ_LOC_8_143369368_rs4976992,8,rs4976992,143369368,7.307e-14,0.0587027762537362,33,-1.3362318461874605,ENSG00000287222,ENSG00000287222,lncRNA,460127,60,0,1,0.44924408197402954,12.185351249736698,0,0.0,0,0
SCZ_LOC_8_143369368_rs4976992,8,rs4976992,143369368,7.307e-14,0.0587027762537362,34,-1.34437498465221,ENSG00000287576,ENSG00000287576,lncRNA,172200,19,0,1,0.5381904244422913,7.716119817394345,0,0.0,0,0
SCZ_LOC_8_143369368_rs4976992,8,rs4976992,143369368,7.307e-14,0.0587027762537362,35,-1.3749509289390616,ENSG00000253931,LINC02990,lncRNA,43381,5,0,0,0.0,-0.0,0,0.0,0,0
SCZ_LOC_8_143369368_rs4976992,8,rs4976992,143369368,7.307e-14,0.0587027762537362,36,-1.4686994828571427,ENSG00000272172,ENSG00000272172,lncRNA,78747,7,0,1,0.6576642990112305,10.958497108772981,0,0.0,0,0
SCZ_LOC_8_143369368_rs4976992,8,rs4976992,143369368,7.307e-14,0.0587027762537362,37,-1.486879701159704,ENSG00000254812,ENSG00000254812,lncRNA,266634,34,0,1,2.5121266841888428,37.49705847159862,0,0.0,0,0
SCZ_LOC_8_143369368_rs4976992,8,rs4976992,143369368,7.307e-14,0.0587027762537362,38,-1.500086634896175,ENSG00000261150,EPPK1,protein_coding,509099,66,0,0,0.0,-0.0,0,0.0,0,0
SCZ_LOC_8_143369368_rs4976992,8,rs4976992,143369368,7.307e-14,0.0587027762537362,38,-1.500086634896175,ENSG00000305900,ENSG00000305900,lncRNA,516064,67,0,0,0.0,-0.0,0,0.0,0,0
SCZ_LOC_8_143369368_rs4976992,8,rs4976992,143369368,7.307e-14,0.0587027762537362,40,-1.5654878713584788,ENSG00000254973,ENSG00000254973,lncRNA,402502,54,0,1,0.399457186460495,4.560916307125549,0,0.0,0,0
SCZ_LOC_8_143369368_rs4976992,8,rs4976992,143369368,7.307e-14,0.0587027762537362,41,-1.5863180628087246,ENSG00000104522,GFUS,protein_coding,248680,32,0,0,0.0,-0.0,1,0.99992485144821,2,0
SCZ_LOC_8_143369368_rs4976992,8,rs4976992,143369368,7.307e-14,0.0587027762537362,42,-1.5961491068221745,ENSG00000181097,LINC02878,lncRNA,326786,41,0,1,0.7278138399124146,16.630246100580326,0,0.0,0,0
SCZ_LOC_8_143369368_rs4976992,8,rs4976992,143369368,7.307e-14,0.0587027762537362,43,-1.792181465765523,ENSG00000294075,ENSG00000294075,lncRNA,87565,9,0,0,0.0,-0.0,0,0.0,0,0
SCZ_LOC_8_143369368_rs4976992,8,rs4976992,143369368,7.307e-14,0.0587027762537362,44,-1.8018401318006965,ENSG00000253716,MINCR,lncRNA,87655,10,0,1,0.7133499979972839,39.199510683905636,0,0.0,0,0
SCZ_LOC_8_143369368_rs4976992,8,rs4976992,143369368,7.307e-14,0.0587027762537362,45,-1.8971034812489682,ENSG00000297086,ENSG00000297086,lncRNA,305878,38,0,0,0.0,-0.0,0,0.0,0,0
SCZ_LOC_8_143369368_rs4976992,8,rs4976992,143369368,7.307e-14,0.0587027762537362,46,-1.9152529444658073,ENSG00000264668,ENSG00000264668,protein_coding,122258,12,0,0,0.0,-0.0,0,0.0,0,0
SCZ_LOC_8_143369368_rs4976992,8,rs4976992,143369368,7.307e-14,0.0587027762537362,47,-1.945600623323249,ENSG00000254574,ENSG00000254574,lncRNA,344216,47,0,0,0.0,-0.0,0,0.0,0,0
SCZ_LOC_8_143369368_rs4976992,8,rs4976992,143369368,7.307e-14,0.0587027762537362,47,-1.945600623323249,ENSG00000254548,ENSG00000254548,lncRNA,349523,49,0,0,0.0,-0.0,0,0.0,0,0
SCZ_LOC_8_143369368_rs4976992,8,rs4976992,143369368,7.307e-14,0.0587027762537362,47,-1.945600623323249,ENSG00000291309,LY6S,protein_coding,321049,40,0,0,0.0,-0.0,0,0.0,0,0
SCZ_LOC_8_143369368_rs4976992,8,rs4976992,143369368,7.307e-14,0.0587027762537362,47,-1.945600623323249,ENSG00000305108,ENSG00000305108,lncRNA,330416,43,0,0,0.0,-0.0,0,0.0,0,0
SCZ_LOC_8_143369368_rs4976992,8,rs4976992,143369368,7.307e-14,0.0587027762537362,47,-1.945600623323249,ENSG00000305126,ENSG00000305126,lncRNA,342334,45,0,0,0.0,-0.0,0,0.0,0,0
SCZ_LOC_8_143369368_rs4976992,8,rs4976992,143369368,7.307e-14,0.0587027762537362,47,-1.945600623323249,ENSG00000305146,ENSG00000305146,lncRNA,343293,46,0,0,0.0,-0.0,0,0.0,0,0
SCZ_LOC_8_143369368_rs4976992,8,rs4976992,143369368,7.307e-14,0.0587027762537362,53,-1.9643629619545162,ENSG00000179142,CYP11B2,protein_coding,451525,58,0,0,0.0,-0.0,0,0.0,0,0
SCZ_LOC_8_143369368_rs4976992,8,rs4976992,143369368,7.307e-14,0.0587027762537362,53,-1.9643629619545162,ENSG00000160882,CYP11B1,protein_coding,489522,65,0,0,0.0,-0.0,0,0.0,0,0
SCZ_LOC_8_143369368_rs4976992,8,rs4976992,143369368,7.307e-14,0.0587027762537362,53,-1.9643629619545162,ENSG00000255343,ENSG00000255343,lncRNA,464695,62,0,0,0.0,-0.0,0,0.0,0,0
SCZ_LOC_8_143369368_rs4976992,8,rs4976992,143369368,7.307e-14,0.0587027762537362,53,-1.9643629619545162,ENSG00000294287,ENSG00000294287,lncRNA,434431,56,0,0,0.0,-0.0,0,0.0,0,0
SCZ_LOC_8_143369368_rs4976992,8,rs4976992,143369368,7.307e-14,0.0587027762537362,53,-1.9643629619545162,ENSG00000295050,ENSG00000295050,lncRNA,408900,55,0,0,0.0,-0.0,0,0.0,0,0
SCZ_LOC_8_143369368_rs4976992,8,rs4976992,143369368,7.307e-14,0.0587027762537362,53,-1.9643629619545162,ENSG00000305737,ENSG00000305737,lncRNA,459753,59,0,0,0.0,-0.0,0,0.0,0,0
SCZ_LOC_8_143369368_rs4976992,8,rs4976992,143369368,7.307e-14,0.0587027762537362,59,-1.9926302547919212,ENSG00000307233,ENSG00000307233,lncRNA,296277,37,0,0,0.0,-0.0,0,0.0,0,0
SCZ_LOC_8_143369368_rs4976992,8,rs4976992,143369368,7.307e-14,0.0587027762537362,60,-2.023328667227201,ENSG00000204839,MROH6,protein_coding,203404,24,0,1,0.5475080013275146,10.250510192467331,1,0.9999999967341446,4,1
SCZ_LOC_8_143369368_rs4976992,8,rs4976992,143369368,7.307e-14,0.0587027762537362,61,-2.038410442441953,ENSG00000299497,ENSG00000299497,lncRNA,139406,14,0,0,0.0,-0.0,0,0.0,0,0
SCZ_LOC_8_143369368_rs4976992,8,rs4976992,143369368,7.307e-14,0.0587027762537362,61,-2.038410442441953,ENSG00000303197,ENSG00000303197,lncRNA,149021,15,0,0,0.0,-0.0,0,0.0,0,0
SCZ_LOC_8_143369368_rs4976992,8,rs4976992,143369368,7.307e-14,0.0587027762537362,61,-2.038410442441953,ENSG00000303738,ENSG00000303738,lncRNA,150787,16,0,0,0.0,-0.0,0,0.0,0,0
SCZ_LOC_8_143369368_rs4976992,8,rs4976992,143369368,7.307e-14,0.0587027762537362,61,-2.038410442441953,ENSG00000254859,ENSG00000254859,lncRNA,184241,22,0,0,0.0,-0.0,0,0.0,0,0
SCZ_LOC_8_143369368_rs4976992,8,rs4976992,143369368,7.307e-14,0.0587027762537362,61,-2.038410442441953,ENSG00000309394,ENSG00000309394,lncRNA,177854,20,0,0,0.0,-0.0,0,0.0,0,0
SCZ_LOC_8_143369368_rs4976992,8,rs4976992,143369368,7.307e-14,0.0587027762537362,66,-2.049388979382339,ENSG00000261667,LY6L,protein_coding,288738,36,0,0,0.0,-0.0,0,0.0,0,0
SCZ_LOC_8_143369368_rs4976992,8,rs4976992,143369368,7.307e-14,0.0587027762537362,66,-2.049388979382339,ENSG00000303429,ENSG00000303429,lncRNA,260867,33,0,0,0.0,-0.0,0,0.0,0,0
SCZ_LOC_8_143369368_rs4976992,8,rs4976992,143369368,7.307e-14,0.0587027762537362,68,-2.0821970675151693,ENSG00000254741,ENSG00000254741,lncRNA,210268,28,0,0,0.0,-0.0,0,0.0,0,0
SCZ_LOC_8_144870701_rs11136325,8,rs11136325,144870701,4.838e-08,0.0477038600690104,1,1.5275256909732764,ENSG00000147799,ARHGAP39,protein_coding,184855,22,0,0,0.0,-0.0,1,0.9999981746643944,55,0
SCZ_LOC_8_144870701_rs11136325,8,rs11136325,144870701,4.838e-08,0.0477038600690104,2,0.2768386325379406,ENSG00000196150,ZNF250,protein_coding,31467,3,0,0,0.0,-0.0,1,0.9999838184262454,5,0
SCZ_LOC_8_144870701_rs11136325,8,rs11136325,144870701,4.838e-08,0.0477038600690104,3,0.2636673131369803,ENSG00000213563,C8orf82,protein_coding,341569,24,0,1,1.0577088594436646,5.777813128722163,1,0.9999647784627926,4,1
SCZ_LOC_8_144870701_rs11136325,8,rs11136325,144870701,4.838e-08,0.0477038600690104,4,0.20873424186569897,ENSG00000286681,ENSG00000286681,lncRNA,1212,1,1,0,0.0,-0.0,0,0.0,0,0
SCZ_LOC_8_144870701_rs11136325,8,rs11136325,144870701,4.838e-08,0.0477038600690104,5,0.02864595770717509,ENSG00000160972,PPP1R16A,protein_coding,392732,32,0,1,0.48479413986206055,5.302230102557025,1,0.9999973250080028,6,1
SCZ_LOC_8_144870701_rs11136325,8,rs11136325,144870701,4.838e-08,0.0477038600690104,6,-0.058400864997932636,ENSG00000170619,COMMD5,protein_coding,16965,2,0,1,1.2683439254760742,10.71832055475135,1,0.99999043717166,2,1
SCZ_LOC_8_144870701_rs11136325,8,rs11136325,144870701,4.838e-08,0.0477038600690104,7,-0.23707539547273201,ENSG00000160959,LRRC14,protein_coding,352709,26,0,0,0.0,-0.0,1,0.9999931883779508,6,0
SCZ_LOC_8_144870701_rs11136325,8,rs11136325,144870701,4.838e-08,0.0477038600690104,8,-0.2664325614133764,ENSG00000254402,LRRC24,protein_coding,343668,25,0,0,0.0,-0.0,1,0.9999992889169436,7,0
SCZ_LOC_8_144870701_rs11136325,8,rs11136325,144870701,4.838e-08,0.0477038600690104,9,-0.3779931294670533,ENSG00000147789,ZNF7,protein_coding,43183,4,0,0,0.0,-0.0,1,0.999975813780786,4,0
SCZ_LOC_8_144870701_rs11136325,8,rs11136325,144870701,4.838e-08,0.0477038600690104,10,-0.3824469730598538,ENSG00000160949,TONSL,protein_coding,426261,39,0,1,1.1199603080749512,5.09331291890809,1,0.9999983453663468,5,1
SCZ_LOC_8_144870701_rs11136325,8,rs11136325,144870701,4.838e-08,0.0477038600690104,11,-0.38736280596367034,ENSG00000161016,RPL8,protein_coding,78114,6,0,1,0.29092979431152344,19.331415598558934,1,0.9999939964355063,2,1
SCZ_LOC_8_144870701_rs11136325,8,rs11136325,144870701,4.838e-08,0.0477038600690104,12,-0.41929021171840564,ENSG00000187954,ZFTRAF1,protein_coding,407830,38,0,1,0.3548371493816376,4.756991890826139,1,0.9998845132021518,4,1
SCZ_LOC_8_144870701_rs11136325,8,rs11136325,144870701,4.838e-08,0.0477038600690104,13,-0.5645564045739859,ENSG00000160957,RECQL4,protein_coding,352856,27,0,1,1.4794676303863525,12.141345957004198,1,0.9999932235878942,6,1
SCZ_LOC_8_144870701_rs11136325,8,rs11136325,144870701,4.838e-08,0.0477038600690104,14,-0.6210114122074536,ENSG00000167700,MFSD3,protein_coding,361631,29,0,0,0.0,-0.0,1,0.9999928940100268,5,0
SCZ_LOC_8_144870701_rs11136325,8,rs11136325,144870701,4.838e-08,0.0477038600690104,15,-0.7953003405053372,ENSG00000167702,KIFC2,protein_coding,404658,34,0,1,0.25598427653312683,7.9092293281786334,1,0.9999749390363012,7,1
SCZ_LOC_8_144870701_rs11136325,8,rs11136325,144870701,4.838e-08,0.0477038600690104,16,-0.841250821617117,ENSG00000071894,CPSF1,protein_coding,461366,45,0,1,1.1898187398910522,75.56588931901402,1,0.9999903430373032,7,1
SCZ_LOC_8_144870701_rs11136325,8,rs11136325,144870701,4.838e-08,0.0477038600690104,17,-0.8891361786475702,ENSG00000160948,VPS28,protein_coding,442138,41,0,1,1.1398690938949585,50.49161292658251,1,0.9999941553250442,3,1
SCZ_LOC_8_144870701_rs11136325,8,rs11136325,144870701,4.838e-08,0.0477038600690104,18,-0.8963899851125458,ENSG00000196378,ZNF34,protein_coding,83353,9,0,1,0.7369949221611023,19.264542449676803,1,0.9999957388643722,3,1
SCZ_LOC_8_144870701_rs11136325,8,rs11136325,144870701,4.838e-08,0.0477038600690104,19,-0.9675030715356809,ENSG00000197363,ZNF517,protein_coding,71825,5,0,1,0.8126299381256104,18.29957438631101,1,0.9999976885190728,3,1
SCZ_LOC_8_144870701_rs11136325,8,rs11136325,144870701,4.838e-08,0.0477038600690104,20,-1.2578777798422878,ENSG00000147804,SLC39A4,protein_coding,453857,43,0,1,1.4793862104415894,14.132163510780453,1,0.9999976586286824,9,1
SCZ_LOC_8_144870701_rs11136325,8,rs11136325,144870701,4.838e-08,0.0477038600690104,21,-1.260679143730003,ENSG00000198169,ZNF251,protein_coding,114284,12,0,1,0.9974177479743958,11.799173904086626,1,0.9999980401674572,3,1
SCZ_LOC_8_144870701_rs11136325,8,rs11136325,144870701,4.838e-08,0.0477038600690104,22,-1.3369360759601983,ENSG00000255182,ENSG00000255182,lncRNA,365257,30,0,1,0.28787004947662354,10.056137561485828,0,0.0,0,0
SCZ_LOC_8_144870701_rs11136325,8,rs11136325,144870701,4.838e-08,0.0477038600690104,23,-1.3373115050848596,ENSG00000170631,ZNF16,protein_coding,80187,8,0,1,1.1605565547943115,6.807070033944629,1,0.9999989279198728,3,1
SCZ_LOC_8_144870701_rs11136325,8,rs11136325,144870701,4.838e-08,0.0477038600690104,24,-1.46380478915939,ENSG00000160973,FOXH1,protein_coding,394852,33,0,0,0.0,-0.0,1,0.9999999978469274,8,0
SCZ_LOC_8_144870701_rs11136325,8,rs11136325,144870701,4.838e-08,0.0477038600690104,25,-1.5757143016356003,ENSG00000173137,ADCK5,protein_coding,497600,46,0,0,0.0,-0.0,0,0.0,0,0
SCZ_LOC_8_144870701_rs11136325,8,rs11136325,144870701,4.838e-08,0.0477038600690104,26,-1.6826299639302331,ENSG00000299521,ENSG00000299521,lncRNA,78138,7,0,0,0.0,-0.0,0,0.0,0,0
SCZ_LOC_8_144870701_rs11136325,8,rs11136325,144870701,4.838e-08,0.0477038600690104,27,-1.792181465765523,ENSG00000310152,ENSG00000310152,lncRNA,101614,10,0,0,0.0,-0.0,0,0.0,0,0
SCZ_LOC_8_144870701_rs11136325,8,rs11136325,144870701,4.838e-08,0.0477038600690104,28,-1.8600152138358519,ENSG00000182307,C8orf33,protein_coding,181764,20,0,1,0.8118722438812256,5.741353567686681,1,0.999914320528997,2,1
SCZ_LOC_8_144870701_rs11136325,8,rs11136325,144870701,4.838e-08,0.0477038600690104,29,-1.9152529444658073,ENSG00000294503,ENSG00000294503,lncRNA,109271,11,0,0,0.0,-0.0,0,0.0,0,0
SCZ_LOC_8_144870701_rs11136325,8,rs11136325,144870701,4.838e-08,0.0477038600690104,30,-1.95599624482107,ENSG00000291080,ZNF252P,lncRNA,132744,15,0,0,0.0,-0.0,0,0.0,0,0
SCZ_LOC_8_144870701_rs11136325,8,rs11136325,144870701,4.838e-08,0.0477038600690104,30,-1.95599624482107,ENSG00000301063,ENSG00000301063,lncRNA,134951,16,0,0,0.0,-0.0,0,0.0,0,0
SCZ_LOC_8_144870701_rs11136325,8,rs11136325,144870701,4.838e-08,0.0477038600690104,32,-1.9643629619545162,ENSG00000272115,ENSG00000272115,lncRNA,461209,44,0,0,0.0,-0.0,0,0.0,0,0
SCZ_LOC_8_144870701_rs11136325,8,rs11136325,144870701,4.838e-08,0.0477038600690104,32,-1.9643629619545162,ENSG00000232600,TONSL-AS1,lncRNA,433026,40,0,0,0.0,-0.0,0,0.0,0,0
SCZ_LOC_8_144870701_rs11136325,8,rs11136325,144870701,4.838e-08,0.0477038600690104,32,-1.9643629619545162,ENSG00000305609,ENSG00000305609,lncRNA,442785,42,0,0,0.0,-0.0,0,0.0,0,0
SCZ_LOC_8_144870701_rs11136325,8,rs11136325,144870701,4.838e-08,0.0477038600690104,35,-1.983080023429122,ENSG00000255559,ZNF252P-AS1,lncRNA,132110,14,0,0,0.0,-0.0,0,0.0,0,0
SCZ_LOC_8_144870701_rs11136325,8,rs11136325,144870701,4.838e-08,0.0477038600690104,36,-1.9953936390712674,ENSG00000167701,GPT,protein_coding,367728,31,0,1,0.6387311220169067,4.323486631274541,1,0.999999997594132,12,1
SCZ_LOC_8_144870701_rs11136325,8,rs11136325,144870701,4.838e-08,0.0477038600690104,37,-2.001663668545022,ENSG00000255164,ENSG00000255164,lncRNA,122213,13,0,0,0.0,-0.0,0,0.0,0,0
SCZ_LOC_8_144870701_rs11136325,8,rs11136325,144870701,4.838e-08,0.0477038600690104,38,-2.010846712006101,ENSG00000254578,ENSG00000254578,lncRNA,406884,37,0,0,0.0,-0.0,0,0.0,0,0
SCZ_LOC_8_144870701_rs11136325,8,rs11136325,144870701,4.838e-08,0.0477038600690104,39,-2.038410442441953,ENSG00000254533,ENSG00000254533,lncRNA,171516,19,0,0,0.0,-0.0,0,0.0,0,0
SCZ_LOC_8_144870701_rs11136325,8,rs11136325,144870701,4.838e-08,0.0477038600690104,39,-2.038410442441953,ENSG00000263612,ENSG00000263612,lncRNA,156802,17,0,0,0.0,-0.0,0,0.0,0,0
SCZ_LOC_8_144870701_rs11136325,8,rs11136325,144870701,4.838e-08,0.0477038600690104,39,-2.038410442441953,ENSG00000301017,ENSG00000301017,lncRNA,170099,18,0,0,0.0,-0.0,0,0.0,0,0
SCZ_LOC_8_144870701_rs11136325,8,rs11136325,144870701,4.838e-08,0.0477038600690104,39,-2.038410442441953,ENSG00000290885,ENSG00000290885,lncRNA,184688,21,0,0,0.0,-0.0,0,0.0,0,0
SCZ_LOC_8_144870701_rs11136325,8,rs11136325,144870701,4.838e-08,0.0477038600690104,43,-2.0676054365965193,ENSG00000291316,TMEM276-ZFTRAF1,protein_coding,405271,36,0,0,0.0,-0.0,0,0.0,0,0
SCZ_LOC_8_144870701_rs11136325,8,rs11136325,144870701,4.838e-08,0.0477038600690104,43,-2.0676054365965193,ENSG00000291317,TMEM276,protein_coding,405034,35,0,0,0.0,-0.0,0,0.0,0,0
SCZ_LOC_8_144870701_rs11136325,8,rs11136325,144870701,4.838e-08,0.0477038600690104,45,-2.070482061692189,ENSG00000265393,ENSG00000265393,lncRNA,358134,28,0,0,0.0,-0.0,0,0.0,0,0
SCZ_LOC_8_144870701_rs11136325,8,rs11136325,144870701,4.838e-08,0.0477038600690104,46,-2.071027943109276,ENSG00000255456,ENSG00000255456,lncRNA,286661,23,0,0,0.0,-0.0,0,0.0,0,0
SCZ_LOC_8_26279173_rs73219806,8,rs73219806,26279173,2.711e-14,-0.0714960017050699,1,1.5936276221537244,ENSG00000120907,ADRA1A,protein_coding,588105,20,0,1,0.6963492035865784,11.944626673765894,1,0.9999963108529768,56,1
SCZ_LOC_8_26279173_rs73219806,8,rs73219806,26279173,2.711e-14,-0.0714960017050699,2,0.6420286250252769,ENSG00000295547,ENSG00000295547,lncRNA,13098,2,0,0,0.0,-0.0,0,0.0,0,0
SCZ_LOC_8_26279173_rs73219806,8,rs73219806,26279173,2.711e-14,-0.0714960017050699,3,0.5390595597983545,ENSG00000221914,PPP2R2A,protein_coding,12335,1,1,0,0.0,-0.0,1,0.9999693844247998,7,0
SCZ_LOC_8_26279173_rs73219806,8,rs73219806,26279173,2.711e-14,-0.0714960017050699,4,0.29676153118589355,ENSG00000104765,BNIP3L,protein_coding,103881,5,0,1,0.16040876507759094,5.10975087955814,1,0.9999954290939804,5,1
SCZ_LOC_8_26279173_rs73219806,8,rs73219806,26279173,2.711e-14,-0.0714960017050699,5,0.23067655717726063,ENSG00000221818,EBF2,protein_coding,233760,12,0,0,0.0,-0.0,1,0.9999889948225756,19,0
SCZ_LOC_8_26279173_rs73219806,8,rs73219806,26279173,2.711e-14,-0.0714960017050699,6,0.13173970047597644,ENSG00000240694,PNMA2,protein_coding,234919,14,0,0,0.0,-0.0,1,0.9999987081839284,19,0
SCZ_LOC_8_26279173_rs73219806,8,rs73219806,26279173,2.711e-14,-0.0714960017050699,7,-0.3800826549103716,ENSG00000092964,DPYSL2,protein_coding,234858,13,0,1,0.8792150020599365,5.169461147730841,1,0.9999981257538648,13,1
SCZ_LOC_8_26279173_rs73219806,8,rs73219806,26279173,2.711e-14,-0.0714960017050699,8,-1.523470687722417,ENSG00000303348,ENSG00000303348,lncRNA,69227,3,0,0,0.0,-0.0,0,0.0,0,0
SCZ_LOC_8_26279173_rs73219806,8,rs73219806,26279173,2.711e-14,-0.0714960017050699,9,-1.6188311481007516,ENSG00000303370,ENSG00000303370,lncRNA,72394,4,0,0,0.0,-0.0,0,0.0,0,0
SCZ_LOC_8_26279173_rs73219806,8,rs73219806,26279173,2.711e-14,-0.0714960017050699,10,-1.6584815183400454,ENSG00000294717,ENSG00000294717,lncRNA,111062,7,0,0,0.0,-0.0,0,0.0,0,0
SCZ_LOC_8_26279173_rs73219806,8,rs73219806,26279173,2.711e-14,-0.0714960017050699,11,-1.6826299639302331,ENSG00000293314,SDAD1P1,lncRNA,104136,6,0,0,0.0,-0.0,0,0.0,0,0
SCZ_LOC_8_26279173_rs73219806,8,rs73219806,26279173,2.711e-14,-0.0714960017050699,12,-1.8504472177962195,ENSG00000254362,ENSG00000254362,lncRNA,161318,9,0,0,0.0,-0.0,0,0.0,0,0
SCZ_LOC_8_26279173_rs73219806,8,rs73219806,26279173,2.711e-14,-0.0714960017050699,12,-1.8504472177962195,ENSG00000253430,ENSG00000253430,lncRNA,143420,8,0,0,0.0,-0.0,0,0.0,0,0
SCZ_LOC_8_26279173_rs73219806,8,rs73219806,26279173,2.711e-14,-0.0714960017050699,14,-1.894233842869436,ENSG00000302262,ENSG00000302262,lncRNA,229977,10,0,0,0.0,-0.0,0,0.0,0,0
SCZ_LOC_8_26279173_rs73219806,8,rs73219806,26279173,2.711e-14,-0.0714960017050699,15,-1.9070167681415766,ENSG00000303292,ENSG00000303292,lncRNA,233684,11,0,0,0.0,-0.0,0,0.0,0,0
SCZ_LOC_8_26279173_rs73219806,8,rs73219806,26279173,2.711e-14,-0.0714960017050699,16,-2.089244400323456,ENSG00000285890,ENSG00000285890,lncRNA,445709,19,0,0,0.0,-0.0,0,0.0,0,0
SCZ_LOC_8_26279173_rs73219806,8,rs73219806,26279173,2.711e-14,-0.0714960017050699,16,-2.089244400323456,ENSG00000254178,ENSG00000254178,lncRNA,439005,18,0,0,0.0,-0.0,0,0.0,0,0
SCZ_LOC_8_26279173_rs73219806,8,rs73219806,26279173,2.711e-14,-0.0714960017050699,16,-2.089244400323456,ENSG00000303169,ENSG00000303169,lncRNA,391617,16,0,0,0.0,-0.0,0,0.0,0,0
SCZ_LOC_8_26279173_rs73219806,8,rs73219806,26279173,2.711e-14,-0.0714960017050699,16,-2.089244400323456,ENSG00000304137,ENSG00000304137,lncRNA,401506,17,0,0,0.0,-0.0,0,0.0,0,0
SCZ_LOC_8_26279173_rs73219806,8,rs73219806,26279173,2.711e-14,-0.0714960017050699,16,-2.089244400323456,ENSG00000305479,ENSG00000305479,lncRNA,382338,15,0,0,0.0,-0.0,0,0.0,0,0
SCZ_LOC_8_27424696_rs59724122,8,rs59724122,27424696,1.246e-11,0.07909764585865,1,0.8413721346942713,ENSG00000168077,SCARA3,protein_coding,209172,9,0,1,1.389978289604187,5.457226336476983,1,0.9999956459029112,24,1
SCZ_LOC_8_27424696_rs59724122,8,rs59724122,27424696,1.246e-11,0.07909764585865,2,0.4876796922022915,ENSG00000120885,CLU,protein_coding,190004,8,0,0,0.0,-0.0,1,0.999999030467653,12,0
SCZ_LOC_8_27424696_rs59724122,8,rs59724122,27424696,1.246e-11,0.07909764585865,3,0.4086031058886278,ENSG00000120915,EPHX2,protein_coding,66085,2,0,1,0.5098094940185547,18.823957534009857,1,0.999999996552456,13,1
SCZ_LOC_8_27424696_rs59724122,8,rs59724122,27424696,1.246e-11,0.07909764585865,4,0.068006185494443,ENSG00000120899,PTK2B,protein_coding,113214,4,0,0,0.0,-0.0,0,0.0,0,0
SCZ_LOC_8_27424696_rs59724122,8,rs59724122,27424696,1.246e-11,0.07909764585865,5,-0.05040795962535594,ENSG00000104228,TRIM35,protein_coding,113424,5,0,1,0.9337661266326904,14.417763530244503,1,0.9999889477690432,8,1
SCZ_LOC_8_27424696_rs59724122,8,rs59724122,27424696,1.246e-11,0.07909764585865,6,-0.4684609453615326,ENSG00000168079,SCARA5,protein_coding,567977,20,0,0,0.0,-0.0,1,0.9999964765422424,22,0
SCZ_LOC_8_27424696_rs59724122,8,rs59724122,27424696,1.246e-11,0.07909764585865,7,-0.6371740438711353,ENSG00000147419,CCDC25,protein_coding,347957,16,0,1,0.5909285545349121,19.629627808163878,1,0.9999996473465352,7,1
SCZ_LOC_8_27424696_rs59724122,8,rs59724122,27424696,1.246e-11,0.07909764585865,8,-0.6931759809102639,ENSG00000015592,STMN4,protein_coding,166276,6,0,1,1.3372747898101807,21.27880724435372,1,0.999992731208232,12,1
SCZ_LOC_8_27424696_rs59724122,8,rs59724122,27424696,1.246e-11,0.07909764585865,9,-0.9415093339086998,ENSG00000171320,ESCO2,protein_coding,347253,15,0,0,0.0,-0.0,1,0.999991919851326,2,0
SCZ_LOC_8_27424696_rs59724122,8,rs59724122,27424696,1.246e-11,0.07909764585865,10,-0.9817467983946491,ENSG00000120903,CHRNA2,protein_coding,55187,1,1,0,0.0,-0.0,0,0.0,0,0
SCZ_LOC_8_27424696_rs59724122,8,rs59724122,27424696,1.246e-11,0.07909764585865,11,-1.2253892012312346,ENSG00000168078,PBK,protein_coding,413386,17,0,0,0.0,-0.0,1,0.9999853805043928,4,0
SCZ_LOC_8_27424696_rs59724122,8,rs59724122,27424696,1.246e-11,0.07909764585865,12,-1.4518817442462815,ENSG00000253875,ENSG00000253875,lncRNA,295265,12,0,1,0.667522668838501,4.921263813529597,0,0.0,0,0
SCZ_LOC_8_27424696_rs59724122,8,rs59724122,27424696,1.246e-11,0.07909764585865,13,-1.523470687722417,ENSG00000289323,ENSG00000289323,lncRNA,84245,3,0,0,0.0,-0.0,0,0.0,0,0
SCZ_LOC_8_27424696_rs59724122,8,rs59724122,27424696,1.246e-11,0.07909764585865,14,-1.740895715960929,ENSG00000300853,ENSG00000300853,lncRNA,167455,7,0,0,0.0,-0.0,0,0.0,0,0
SCZ_LOC_8_27424696_rs59724122,8,rs59724122,27424696,1.246e-11,0.07909764585865,15,-1.7597968438511047,ENSG00000253888,ENSG00000253888,lncRNA,252782,10,0,0,0.0,-0.0,0,0.0,0,0
SCZ_LOC_8_27424696_rs59724122,8,rs59724122,27424696,1.246e-11,0.07909764585865,16,-2.030284642754014,ENSG00000301764,ENSG00000301764,lncRNA,278025,11,0,0,0.0,-0.0,0,0.0,0,0
SCZ_LOC_8_27424696_rs59724122,8,rs59724122,27424696,1.246e-11,0.07909764585865,17,-2.070482061692189,ENSG00000253903,ENSG00000253903,lncRNA,338620,14,0,0,0.0,-0.0,0,0.0,0,0
SCZ_LOC_8_27424696_rs59724122,8,rs59724122,27424696,1.246e-11,0.07909764585865,17,-2.070482061692189,ENSG00000299621,ENSG00000299621,lncRNA,335013,13,0,0,0.0,-0.0,0,0.0,0,0
SCZ_LOC_8_27424696_rs59724122,8,rs59724122,27424696,1.246e-11,0.07909764585865,19,-2.089244400323456,ENSG00000253397,ENSG00000253397,lncRNA,477998,19,0,0,0.0,-0.0,0,0.0,0,0
SCZ_LOC_8_27424696_rs59724122,8,rs59724122,27424696,1.246e-11,0.07909764585865,19,-2.089244400323456,ENSG00000308428,ENSG00000308428,lncRNA,419595,18,0,0,0.0,-0.0,0,0.0,0,0
SCZ_LOC_8_38260433_rs59498392,8,rs59498392,38260433,1.104e-10,0.0574006067311047,1,1.6658515800235778,ENSG00000147535,PLPP5,protein_coding,8810,1,1,1,0.5772860050201416,8.15458045049581,1,0.999997974093806,5,1
SCZ_LOC_8_38260433_rs59498392,8,rs59498392,38260433,1.104e-10,0.0574006067311047,2,0.1299484783147605,ENSG00000085788,DDHD2,protein_coding,35215,4,0,1,0.2865314185619354,10.218297969477277,1,0.9999656659222336,3,1
SCZ_LOC_8_38260433_rs59498392,8,rs59498392,38260433,1.104e-10,0.0574006067311047,3,-0.12250587387774244,ENSG00000147526,TACC1,protein_coding,467753,42,0,0,0.0,-0.0,1,0.9999978129597268,17,0
SCZ_LOC_8_38260433_rs59498392,8,rs59498392,38260433,1.104e-10,0.0574006067311047,4,-0.14034751801387904,ENSG00000187840,EIF4EBP1,protein_coding,229899,25,0,1,0.20682258903980255,5.008334795972349,1,0.9999987876008668,7,1
SCZ_LOC_8_38260433_rs59498392,8,rs59498392,38260433,1.104e-10,0.0574006067311047,5,-0.2715663986976013,ENSG00000147548,NSD3,protein_coding,121839,10,0,1,0.347064733505249,4.661616193749714,1,0.9999965652790528,6,1
SCZ_LOC_8_38260433_rs59498392,8,rs59498392,38260433,1.104e-10,0.0574006067311047,6,-0.46804863051363227,ENSG00000255487,ENSG00000255487,lncRNA,15455,2,0,0,0.0,-0.0,0,0.0,0,0
SCZ_LOC_8_38260433_rs59498392,8,rs59498392,38260433,1.104e-10,0.0574006067311047,7,-0.468779626877705,ENSG00000285632,ENSG00000285632,lncRNA,28691,3,0,1,0.3559808135032654,4.853646647268288,0,0.0,0,0
SCZ_LOC_8_38260433_rs59498392,8,rs59498392,38260433,1.104e-10,0.0574006067311047,8,-0.48204561933776946,ENSG00000156735,BAG4,protein_coding,83900,7,0,0,0.0,-0.0,1,0.9999769996583436,3,0
SCZ_LOC_8_38260433_rs59498392,8,rs59498392,38260433,1.104e-10,0.0574006067311047,9,-0.4860579605049357,ENSG00000077782,FGFR1,protein_coding,208401,24,0,1,1.1330461502075195,4.562193352466564,1,0.999995613746936,20,1
SCZ_LOC_8_38260433_rs59498392,8,rs59498392,38260433,1.104e-10,0.0574006067311047,10,-0.4959347237270462,ENSG00000196166,LINC03042,lncRNA,268611,27,0,1,0.6039909720420837,7.016450305065022,1,0.9999886866489492,15,1
SCZ_LOC_8_38260433_rs59498392,8,rs59498392,38260433,1.104e-10,0.0574006067311047,11,-0.6082379220210642,ENSG00000175324,LSM1,protein_coding,83703,6,0,0,0.0,-0.0,1,0.9999824782156588,4,0
SCZ_LOC_8_38260433_rs59498392,8,rs59498392,38260433,1.104e-10,0.0574006067311047,12,-0.6696976814751339,ENSG00000156675,RAB11FIP1,protein_coding,360936,37,0,0,0.0,-0.0,1,0.9999949117306196,5,0
SCZ_LOC_8_38260433_rs59498392,8,rs59498392,38260433,1.104e-10,0.0574006067311047,13,-0.6910628112719834,ENSG00000165046,LETM2,protein_coding,125774,12,0,0,0.0,-0.0,1,0.9999909261117612,4,0
SCZ_LOC_8_38260433_rs59498392,8,rs59498392,38260433,1.104e-10,0.0574006067311047,14,-0.8174354340990586,ENSG00000020181,ADGRA2,protein_coding,476242,44,0,0,0.0,-0.0,1,0.9999983110464346,21,0
SCZ_LOC_8_38260433_rs59498392,8,rs59498392,38260433,1.104e-10,0.0574006067311047,15,-0.8790857517625065,ENSG00000147465,STAR,protein_coding,109441,8,0,1,2.2906954288482666,9.16034310110546,1,0.9999959702580188,6,1
SCZ_LOC_8_38260433_rs59498392,8,rs59498392,38260433,1.104e-10,0.0574006067311047,16,-0.9012697983913973,ENSG00000129691,ASH2L,protein_coding,154940,16,0,0,0.0,-0.0,1,0.9999874914811095,3,0
SCZ_LOC_8_38260433_rs59498392,8,rs59498392,38260433,1.104e-10,0.0574006067311047,17,-0.9693152821856206,ENSG00000104221,BRF2,protein_coding,410572,39,0,0,0.0,-0.0,1,0.9999934539294524,12,0
SCZ_LOC_8_38260433_rs59498392,8,rs59498392,38260433,1.104e-10,0.0574006067311047,18,-1.0434718610876388,ENSG00000147471,PLPBP,protein_coding,497838,46,0,0,0.0,-0.0,1,0.9999702450549512,3,0
SCZ_LOC_8_38260433_rs59498392,8,rs59498392,38260433,1.104e-10,0.0574006067311047,19,-1.0505016105501697,ENSG00000253361,ENSG00000253361,lncRNA,300749,33,0,1,1.3726896047592163,15.610661842875109,0,0.0,0,0
SCZ_LOC_8_38260433_rs59498392,8,rs59498392,38260433,1.104e-10,0.0574006067311047,20,-1.2080753727145848,ENSG00000272159,ENSG00000272159,lncRNA,148309,15,0,1,1.2303329706192017,4.280206443550001,0,0.0,0,0
SCZ_LOC_8_38260433_rs59498392,8,rs59498392,38260433,1.104e-10,0.0574006067311047,21,-1.4146413136139604,ENSG00000304882,ENSG00000304882,lncRNA,497431,45,0,0,0.0,-0.0,0,0.0,0,0
SCZ_LOC_8_38260433_rs59498392,8,rs59498392,38260433,1.104e-10,0.0574006067311047,22,-1.6188311481007516,ENSG00000254898,ENSG00000254898,lncRNA,75548,5,0,0,0.0,-0.0,0,0.0,0,0
SCZ_LOC_8_38260433_rs59498392,8,rs59498392,38260433,1.104e-10,0.0574006067311047,23,-1.7680330201753354,ENSG00000253356,ENSG00000253356,lncRNA,111692,9,0,0,0.0,-0.0,0,0.0,0,0
SCZ_LOC_8_38260433_rs59498392,8,rs59498392,38260433,1.104e-10,0.0574006067311047,24,-1.9152529444658073,ENSG00000272092,ENSG00000272092,lncRNA,121931,11,0,0,0.0,-0.0,0,0.0,0,0
SCZ_LOC_8_38260433_rs59498392,8,rs59498392,38260433,1.104e-10,0.0574006067311047,25,-1.945600623323249,ENSG00000296158,ENSG00000296158,lncRNA,384705,38,0,0,0.0,-0.0,0,0.0,0,0
SCZ_LOC_8_38260433_rs59498392,8,rs59498392,38260433,1.104e-10,0.0574006067311047,26,-1.9643629619545162,ENSG00000294776,ENSG00000294776,lncRNA,462137,41,0,0,0.0,-0.0,0,0.0,0,0
SCZ_LOC_8_38260433_rs59498392,8,rs59498392,38260433,1.104e-10,0.0574006067311047,26,-1.9643629619545162,ENSG00000302349,ENSG00000302349,lncRNA,472175,43,0,0,0.0,-0.0,0,0.0,0,0
SCZ_LOC_8_38260433_rs59498392,8,rs59498392,38260433,1.104e-10,0.0574006067311047,26,-1.9643629619545162,ENSG00000254321,ENSG00000254321,lncRNA,444422,40,0,0,0.0,-0.0,0,0.0,0,0
SCZ_LOC_8_38260433_rs59498392,8,rs59498392,38260433,1.104e-10,0.0574006067311047,29,-1.983080023429122,ENSG00000240015,ENSG00000240015,lncRNA,137159,14,0,0,0.0,-0.0,0,0.0,0,0
SCZ_LOC_8_38260433_rs59498392,8,rs59498392,38260433,1.104e-10,0.0574006067311047,30,-1.9906063789324089,ENSG00000260949,ENSG00000260949,lncRNA,197552,22,0,0,0.0,-0.0,0,0.0,0,0
SCZ_LOC_8_38260433_rs59498392,8,rs59498392,38260433,1.104e-10,0.0574006067311047,30,-1.9906063789324089,ENSG00000305763,ENSG00000305763,lncRNA,206063,23,0,0,0.0,-0.0,0,0.0,0,0
SCZ_LOC_8_38260433_rs59498392,8,rs59498392,38260433,1.104e-10,0.0574006067311047,32,-2.0003459558909724,ENSG00000310350,ENSG00000310350,lncRNA,302162,34,0,0,0.0,-0.0,0,0.0,0,0
SCZ_LOC_8_38260433_rs59498392,8,rs59498392,38260433,1.104e-10,0.0574006067311047,33,-2.001663668545022,ENSG00000294778,ENSG00000294778,lncRNA,126590,13,0,0,0.0,-0.0,0,0.0,0,0
SCZ_LOC_8_38260433_rs59498392,8,rs59498392,38260433,1.104e-10,0.0574006067311047,34,-2.021984919617909,ENSG00000298531,ENSG00000298531,lncRNA,300552,32,0,0,0.0,-0.0,0,0.0,0,0
SCZ_LOC_8_38260433_rs59498392,8,rs59498392,38260433,1.104e-10,0.0574006067311047,34,-2.021984919617909,ENSG00000293624,ENSG00000293624,lncRNA,300506,31,0,0,0.0,-0.0,0,0.0,0,0
SCZ_LOC_8_38260433_rs59498392,8,rs59498392,38260433,1.104e-10,0.0574006067311047,36,-2.038410442441953,ENSG00000286677,ENSG00000286677,lncRNA,178311,21,0,0,0.0,-0.0,0,0.0,0,0
SCZ_LOC_8_38260433_rs59498392,8,rs59498392,38260433,1.104e-10,0.0574006067311047,36,-2.038410442441953,ENSG00000272128,ENSG00000272128,lncRNA,160962,18,0,0,0.0,-0.0,0,0.0,0,0
SCZ_LOC_8_38260433_rs59498392,8,rs59498392,38260433,1.104e-10,0.0574006067311047,36,-2.038410442441953,ENSG00000255201,ENSG00000255201,lncRNA,161456,19,0,0,0.0,-0.0,0,0.0,0,0
SCZ_LOC_8_38260433_rs59498392,8,rs59498392,38260433,1.104e-10,0.0574006067311047,36,-2.038410442441953,ENSG00000293142,ENSG00000293142,lncRNA,175231,20,0,0,0.0,-0.0,0,0.0,0,0
SCZ_LOC_8_38260433_rs59498392,8,rs59498392,38260433,1.104e-10,0.0574006067311047,36,-2.038410442441953,ENSG00000307990,ENSG00000307990,lncRNA,155039,17,0,0,0.0,-0.0,0,0.0,0,0
SCZ_LOC_8_38260433_rs59498392,8,rs59498392,38260433,1.104e-10,0.0574006067311047,41,-2.048843097965252,ENSG00000169154,GOT1L1,protein_coding,320309,35,0,0,0.0,-0.0,0,0.0,0,0
SCZ_LOC_8_38260433_rs59498392,8,rs59498392,38260433,1.104e-10,0.0574006067311047,41,-2.048843097965252,ENSG00000289104,ENSG00000289104,lncRNA,352505,36,0,0,0.0,-0.0,0,0.0,0,0
SCZ_LOC_8_38260433_rs59498392,8,rs59498392,38260433,1.104e-10,0.0574006067311047,43,-2.071027943109276,ENSG00000285880,ENSG00000285880,protein_coding,294480,30,0,0,0.0,-0.0,0,0.0,0,0
SCZ_LOC_8_38260433_rs59498392,8,rs59498392,38260433,1.104e-10,0.0574006067311047,43,-2.071027943109276,ENSG00000188778,ADRB3,protein_coding,293834,29,0,0,0.0,-0.0,0,0.0,0,0
SCZ_LOC_8_38260433_rs59498392,8,rs59498392,38260433,1.104e-10,0.0574006067311047,43,-2.071027943109276,ENSG00000295534,ENSG00000295534,lncRNA,250245,26,0,0,0.0,-0.0,0,0.0,0,0
SCZ_LOC_8_38260433_rs59498392,8,rs59498392,38260433,1.104e-10,0.0574006067311047,43,-2.071027943109276,ENSG00000298498,ENSG00000298498,lncRNA,271061,28,0,0,0.0,-0.0,0,0.0,0,0
SCZ_LOC_8_65608361_rs7830315,8,rs7830315,65608361,3.336e-11,-0.0490957108440633,1,1.044278189385173,ENSG00000104442,ARMC1,protein_coding,25856,2,0,1,0.842525839805603,34.03764064056581,1,0.9999765105475148,4,1
SCZ_LOC_8_65608361_rs7830315,8,rs7830315,65608361,3.336e-11,-0.0490957108440633,2,0.442714342147232,ENSG00000066855,MTFR1,protein_coding,36373,3,0,1,0.7148562073707581,5.52601967186112,1,0.999999536690042,7,1
SCZ_LOC_8_65608361_rs7830315,8,rs7830315,65608361,3.336e-11,-0.0490957108440633,3,0.0531756502482842,ENSG00000272010,ENSG00000272010,lncRNA,15889,1,1,1,0.5622914433479309,22.127197094433317,0,0.0,0,0
SCZ_LOC_8_65608361_rs7830315,8,rs7830315,65608361,3.336e-11,-0.0490957108440633,4,-0.24215688199262422,ENSG00000254081,LINC01299,lncRNA,45580,4,0,1,0.9374755024909973,28.664524440988924,1,0.9999991115448076,22,1
SCZ_LOC_8_65608361_rs7830315,8,rs7830315,65608361,3.336e-11,-0.0490957108440633,5,-0.7947227502514909,ENSG00000272192,PDE7A-DT,lncRNA,233745,7,0,1,1.1758596897125244,4.414982036130258,0,0.0,0,0
SCZ_LOC_8_65608361_rs7830315,8,rs7830315,65608361,3.336e-11,-0.0490957108440633,6,-1.5946827025105639,ENSG00000272155,ENSG00000272155,lncRNA,106417,5,0,0,0.0,-0.0,0,0.0,0,0
SCZ_LOC_8_65608361_rs7830315,8,rs7830315,65608361,3.336e-11,-0.0490957108440633,7,-1.6773826462302206,ENSG00000205268,PDE7A,protein_coding,233961,8,0,0,0.0,-0.0,0,0.0,0,0
SCZ_LOC_8_65608361_rs7830315,8,rs7830315,65608361,3.336e-11,-0.0490957108440633,8,-1.740895715960929,ENSG00000309856,ENSG00000309856,lncRNA,172850,6,0,0,0.0,-0.0,0,0.0,0,0
SCZ_LOC_8_65608361_rs7830315,8,rs7830315,65608361,3.336e-11,-0.0490957108440633,9,-1.8825188370464556,ENSG00000305930,ENSG00000305930,lncRNA,343311,10,0,0,0.0,-0.0,0,0.0,0,0
SCZ_LOC_8_65608361_rs7830315,8,rs7830315,65608361,3.336e-11,-0.0490957108440633,10,-1.8830647184635427,ENSG00000305403,ENSG00000305403,lncRNA,263062,9,0,0,0.0,-0.0,0,0.0,0,0
SCZ_LOC_8_65608361_rs7830315,8,rs7830315,65608361,3.336e-11,-0.0490957108440633,11,-2.029738761336927,ENSG00000304400,ENSG00000304400,lncRNA,371382,12,0,0,0.0,-0.0,0,0.0,0,0
SCZ_LOC_8_65608361_rs7830315,8,rs7830315,65608361,3.336e-11,-0.0490957108440633,11,-2.029738761336927,ENSG00000309050,ENSG00000309050,lncRNA,370836,11,0,0,0.0,-0.0,0,0.0,0,0
SCZ_LOC_8_65608361_rs7830315,8,rs7830315,65608361,3.336e-11,-0.0490957108440633,13,-2.070482061692189,ENSG00000309029,ENSG00000309029,lncRNA,413929,15,0,0,0.0,-0.0,0,0.0,0,0
SCZ_LOC_8_65608361_rs7830315,8,rs7830315,65608361,3.336e-11,-0.0490957108440633,14,-2.089244400323456,ENSG00000147570,DNAJC5B,protein_coding,413192,14,0,0,0.0,-0.0,0,0.0,0,0
SCZ_LOC_8_65608361_rs7830315,8,rs7830315,65608361,3.336e-11,-0.0490957108440633,14,-2.089244400323456,ENSG00000299268,ENSG00000299268,lncRNA,392421,13,0,0,0.0,-0.0,0,0.0,0,0
SCZ_LOC_8_65608361_rs7830315,8,rs7830315,65608361,3.336e-11,-0.0490957108440633,14,-2.089244400323456,ENSG00000280725,LINC00251,lncRNA,424151,16,0,0,0.0,-0.0,0,0.0,0,0
SCZ_LOC_8_9744650_rs6989793,8,rs6989793,9744650,1.185e-08,0.0481995135792341,1,-0.015930774565403927,ENSG00000173273,TNKS,protein_coding,188738,8,0,0,0.0,-0.0,1,0.9999630726391632,3,0
SCZ_LOC_8_9744650_rs6989793,8,rs6989793,9744650,1.185e-08,0.0481995135792341,2,-0.017611290580004352,ENSG00000253230,MIR124-1HG,lncRNA,174583,7,0,1,2.286515235900879,6.270729235243375,1,0.9999999976095312,31,1
SCZ_LOC_8_9744650_rs6989793,8,rs6989793,9744650,1.185e-08,0.0481995135792341,3,-0.19865801178995943,ENSG00000175806,MSRA,protein_coding,309642,10,0,1,1.2048989534378052,12.073880442866578,1,0.999987597359428,36,1
SCZ_LOC_8_9744650_rs6989793,8,rs6989793,9744650,1.185e-08,0.0481995135792341,4,-1.2925973313955026,ENSG00000260093,MSRA-DT,lncRNA,310391,11,0,1,0.836976170539856,5.578641214985529,0,0.0,0,0
SCZ_LOC_8_9744650_rs6989793,8,rs6989793,9744650,1.185e-08,0.0481995135792341,5,-1.3290126658314574,ENSG00000285675,ENSG00000285675,lncRNA,402831,13,0,1,1.2301796674728394,20.549219386184898,0,0.0,0,0
SCZ_LOC_8_9744650_rs6989793,8,rs6989793,9744650,1.185e-08,0.0481995135792341,6,-1.484779756299223,ENSG00000293865,ENSG00000293865,lncRNA,58590,1,1,0,0.0,-0.0,0,0.0,0,0
SCZ_LOC_8_9744650_rs6989793,8,rs6989793,9744650,1.185e-08,0.0481995135792341,7,-1.5018086234643104,ENSG00000297618,ENSG00000297618,lncRNA,150207,2,0,0,0.0,-0.0,0,0.0,0,0
SCZ_LOC_8_9744650_rs6989793,8,rs6989793,9744650,1.185e-08,0.0481995135792341,8,-1.581736439753113,ENSG00000297635,ENSG00000297635,lncRNA,152802,3,0,0,0.0,-0.0,0,0.0,0,0
SCZ_LOC_8_9744650_rs6989793,8,rs6989793,9744650,1.185e-08,0.0481995135792341,9,-1.655529931150838,ENSG00000248538,PPP1R3B-DT,lncRNA,592981,18,0,0,0.0,-0.0,0,0.0,0,0
SCZ_LOC_8_9744650_rs6989793,8,rs6989793,9744650,1.185e-08,0.0481995135792341,10,-1.6770969001314477,ENSG00000309875,ENSG00000309875,lncRNA,159843,4,0,0,0.0,-0.0,0,0.0,0,0
SCZ_LOC_8_9744650_rs6989793,8,rs6989793,9744650,1.185e-08,0.0481995135792341,10,-1.6770969001314477,ENSG00000309891,ENSG00000309891,lncRNA,161199,5,0,0,0.0,-0.0,0,0.0,0,0
SCZ_LOC_8_9744650_rs6989793,8,rs6989793,9744650,1.185e-08,0.0481995135792341,12,-1.740895715960929,ENSG00000309740,ENSG00000309740,lncRNA,174319,6,0,0,0.0,-0.0,0,0.0,0,0
SCZ_LOC_8_9744650_rs6989793,8,rs6989793,9744650,1.185e-08,0.0481995135792341,13,-1.8825188370464556,ENSG00000254237,ENSG00000254237,lncRNA,308445,9,0,0,0.0,-0.0,0,0.0,0,0
SCZ_LOC_8_9744650_rs6989793,8,rs6989793,9744650,1.185e-08,0.0481995135792341,14,-2.029738761336927,ENSG00000309827,ENSG00000309827,lncRNA,313051,12,0,0,0.0,-0.0,0,0.0,0,0
SCZ_LOC_8_9744650_rs6989793,8,rs6989793,9744650,1.185e-08,0.0481995135792341,15,-2.089244400323456,ENSG00000298955,ENSG00000298955,lncRNA,419073,14,0,0,0.0,-0.0,0,0.0,0,0
SCZ_LOC_8_9744650_rs6989793,8,rs6989793,9744650,1.185e-08,0.0481995135792341,15,-2.089244400323456,ENSG00000253887,ENSG00000253887,lncRNA,484342,17,0,0,0.0,-0.0,0,0.0,0,0
SCZ_LOC_8_9744650_rs6989793,8,rs6989793,9744650,1.185e-08,0.0481995135792341,15,-2.089244400323456,ENSG00000309843,ENSG00000309843,lncRNA,428166,15,0,0,0.0,-0.0,0,0.0,0,0
SCZ_LOC_8_9744650_rs6989793,8,rs6989793,9744650,1.185e-08,0.0481995135792341,15,-2.089244400323456,ENSG00000309861,ENSG00000309861,lncRNA,450380,16,0,0,0.0,-0.0,0,0.0,0,0
SCZ_LOC_9_129665139_rs13293831,9,rs13293831,129665139,8.725e-09,-0.0591026555948241,1,1.0743043291073635,ENSG00000167157,PRRX2,protein_coding,508,1,1,1,0.9611801505088806,5.404827544295583,0,0.0,0,0
SCZ_LOC_9_129665139_rs13293831,9,rs13293831,129665139,8.725e-09,-0.0591026555948241,2,0.8392474512450251,ENSG00000179058,C9orf50,protein_coding,44038,5,0,0,0.0,-0.0,1,0.999998887656506,58,0
SCZ_LOC_9_129665139_rs13293831,9,rs13293831,129665139,8.725e-09,-0.0591026555948241,3,0.7257864499823843,ENSG00000148335,NTMT1,protein_coding,56255,7,0,1,0.28105780482292175,5.443875266938878,1,0.9999944533543182,12,1
SCZ_LOC_9_129665139_rs13293831,9,rs13293831,129665139,8.725e-09,-0.0591026555948241,4,0.5103849816243207,ENSG00000148344,PTGES,protein_coding,87903,9,0,0,0.0,-0.0,1,0.999999447742244,7,0
SCZ_LOC_9_129665139_rs13293831,9,rs13293831,129665139,8.725e-09,-0.0591026555948241,5,-0.19143588188364608,ENSG00000204054,LINC00963,lncRNA,188193,21,0,1,2.3844103813171387,11.341487860283408,1,0.9999985510220332,28,1
SCZ_LOC_9_129665139_rs13293831,9,rs13293831,129665139,8.725e-09,-0.0591026555948241,6,-0.21785042491993978,ENSG00000148331,ASB6,protein_coding,22970,2,0,0,0.0,-0.0,1,0.9999828610410456,2,0
SCZ_LOC_9_129665139_rs13293831,9,rs13293831,129665139,8.725e-09,-0.0591026555948241,7,-0.2951480199308795,ENSG00000233901,LINC01503,lncRNA,344171,39,0,1,0.7826818227767944,6.365749566610271,1,0.9999969246586295,36,1
SCZ_LOC_9_129665139_rs13293831,9,rs13293831,129665139,8.725e-09,-0.0591026555948241,8,-0.5387675092377001,ENSG00000270755,ENSG00000270755,lncRNA,379574,41,0,1,0.3634778559207916,4.553127515314618,0,0.0,0,0
SCZ_LOC_9_129665139_rs13293831,9,rs13293831,129665139,8.725e-09,-0.0591026555948241,9,-0.5581065594354427,ENSG00000136878,USP20,protein_coding,169559,18,0,1,0.24973079562187195,4.72295848556525,1,0.999988940205528,3,1
SCZ_LOC_9_129665139_rs13293831,9,rs13293831,129665139,8.725e-09,-0.0591026555948241,10,-0.6140519458710836,ENSG00000234789,ENSG00000234789,lncRNA,24688,3,0,0,0.0,-0.0,0,0.0,0,0
SCZ_LOC_9_129665139_rs13293831,9,rs13293831,129665139,8.725e-09,-0.0591026555948241,11,-0.6293956900065574,ENSG00000224307,LINC02975,lncRNA,382713,42,0,1,1.0722756385803223,4.916354583288457,0,0.0,0,0
SCZ_LOC_9_129665139_rs13293831,9,rs13293831,129665139,8.725e-09,-0.0591026555948241,12,-0.8104615551859271,ENSG00000136827,TOR1A,protein_coding,159105,16,0,1,1.1045094728469849,8.062234190987498,1,0.999970390218042,2,1
SCZ_LOC_9_129665139_rs13293831,9,rs13293831,129665139,8.725e-09,-0.0591026555948241,13,-0.908775517401742,ENSG00000227619,ENSG00000227619,lncRNA,90022,10,0,1,1.204280972480774,4.908282255226879,0,0.0,0,0
SCZ_LOC_9_129665139_rs13293831,9,rs13293831,129665139,8.725e-09,-0.0591026555948241,14,-0.9759373701081128,ENSG00000188483,IER5L,protein_coding,486878,47,0,1,0.7111931443214417,5.453827875755879,1,0.9999956741993186,15,1
SCZ_LOC_9_129665139_rs13293831,9,rs13293831,129665139,8.725e-09,-0.0591026555948241,15,-0.9761440652106419,ENSG00000136816,TOR1B,protein_coding,138018,13,0,1,2.148433208465576,12.956430953125807,1,0.999995896525402,2,1
SCZ_LOC_9_129665139_rs13293831,9,rs13293831,129665139,8.725e-09,-0.0591026555948241,16,-1.0825963222705546,ENSG00000187239,FNBP1,protein_coding,378050,40,0,0,0.0,-0.0,1,0.999985752779908,3,0
SCZ_LOC_9_129665139_rs13293831,9,rs13293831,129665139,8.725e-09,-0.0591026555948241,17,-1.1492460557778408,ENSG00000136819,C9orf78,protein_coding,170724,19,0,1,0.32516640424728394,5.021463492507566,1,0.9999889103049192,3,1
SCZ_LOC_9_129665139_rs13293831,9,rs13293831,129665139,8.725e-09,-0.0591026555948241,18,-1.1590741410529664,ENSG00000309409,ENSG00000309409,lncRNA,39920,4,0,0,0.0,-0.0,0,0.0,0,0
SCZ_LOC_9_129665139_rs13293831,9,rs13293831,129665139,8.725e-09,-0.0591026555948241,19,-1.2573653272639087,ENSG00000204055,IER5L-AS1,lncRNA,489332,48,0,1,1.3138854503631592,21.859421573642535,0,0.0,0,0
SCZ_LOC_9_129665139_rs13293831,9,rs13293831,129665139,8.725e-09,-0.0591026555948241,20,-1.4944123512055663,ENSG00000148358,GPR107,protein_coding,388287,44,0,1,0.6982395052909851,5.038939824072835,1,0.9999757438568844,3,1
SCZ_LOC_9_129665139_rs13293831,9,rs13293831,129665139,8.725e-09,-0.0591026555948241,21,-1.4955048259841108,ENSG00000288924,ENSG00000288924,lncRNA,228499,27,0,1,0.3274531662464142,5.693813038618753,0,0.0,0,0
SCZ_LOC_9_129665139_rs13293831,9,rs13293831,129665139,8.725e-09,-0.0591026555948241,22,-1.500086634896175,ENSG00000235007,ENSG00000235007,protein_coding,525726,50,0,0,0.0,-0.0,0,0.0,0,0
SCZ_LOC_9_129665139_rs13293831,9,rs13293831,129665139,8.725e-09,-0.0591026555948241,23,-1.6295820517944264,ENSG00000268707,ENSG00000268707,lncRNA,494705,49,0,1,1.6683465242385864,33.94307123103592,0,0.0,0,0
SCZ_LOC_9_129665139_rs13293831,9,rs13293831,129665139,8.725e-09,-0.0591026555948241,24,-1.7238668487958417,ENSG00000236024,PRRX2-AS1,lncRNA,53608,6,0,0,0.0,-0.0,0,0.0,0,0
SCZ_LOC_9_129665139_rs13293831,9,rs13293831,129665139,8.725e-09,-0.0591026555948241,25,-1.8334183506311317,ENSG00000309427,ENSG00000309427,lncRNA,57348,8,0,0,0.0,-0.0,0,0.0,0,0
SCZ_LOC_9_129665139_rs13293831,9,rs13293831,129665139,8.725e-09,-0.0591026555948241,26,-1.9152529444658073,ENSG00000295529,ENSG00000295529,lncRNA,112460,12,0,0,0.0,-0.0,0,0.0,0,0
SCZ_LOC_9_129665139_rs13293831,9,rs13293831,129665139,8.725e-09,-0.0591026555948241,27,-1.939401390055995,ENSG00000304586,ENSG00000304586,lncRNA,96406,11,0,0,0.0,-0.0,0,0.0,0,0
SCZ_LOC_9_129665139_rs13293831,9,rs13293831,129665139,8.725e-09,-0.0591026555948241,28,-1.945600623323249,ENSG00000303848,ENSG00000303848,lncRNA,343376,38,0,0,0.0,-0.0,0,0.0,0,0
SCZ_LOC_9_129665139_rs13293831,9,rs13293831,129665139,8.725e-09,-0.0591026555948241,29,-1.9477600684968392,ENSG00000302699,ENSG00000302699,lncRNA,243576,29,0,0,0.0,-0.0,0,0.0,0,0
SCZ_LOC_9_129665139_rs13293831,9,rs13293831,129665139,8.725e-09,-0.0591026555948241,29,-1.9477600684968392,ENSG00000302716,ENSG00000302716,lncRNA,232384,28,0,0,0.0,-0.0,0,0.0,0,0
SCZ_LOC_9_129665139_rs13293831,9,rs13293831,129665139,8.725e-09,-0.0591026555948241,31,-1.9643629619545162,ENSG00000196979,GPRACR,lncRNA,479080,46,0,0,0.0,-0.0,0,0.0,0,0
SCZ_LOC_9_129665139_rs13293831,9,rs13293831,129665139,8.725e-09,-0.0591026555948241,31,-1.9643629619545162,ENSG00000303814,ENSG00000303814,lncRNA,382762,43,0,0,0.0,-0.0,0,0.0,0,0
SCZ_LOC_9_129665139_rs13293831,9,rs13293831,129665139,8.725e-09,-0.0591026555948241,31,-1.9643629619545162,ENSG00000289226,ENSG00000289226,lncRNA,388768,45,0,0,0.0,-0.0,0,0.0,0,0
SCZ_LOC_9_129665139_rs13293831,9,rs13293831,129665139,8.725e-09,-0.0591026555948241,34,-1.9906063789324089,ENSG00000300826,ENSG00000300826,lncRNA,204552,23,0,0,0.0,-0.0,0,0.0,0,0
SCZ_LOC_9_129665139_rs13293831,9,rs13293831,129665139,8.725e-09,-0.0591026555948241,34,-1.9906063789324089,ENSG00000230676,ENSG00000230676,lncRNA,202694,22,0,0,0.0,-0.0,0,0.0,0,0
SCZ_LOC_9_129665139_rs13293831,9,rs13293831,129665139,8.725e-09,-0.0591026555948241,36,-1.9920843733748341,ENSG00000303832,ENSG00000303832,lncRNA,329922,37,0,0,0.0,-0.0,0,0.0,0,0
SCZ_LOC_9_129665139_rs13293831,9,rs13293831,129665139,8.725e-09,-0.0591026555948241,37,-2.0003459558909724,ENSG00000296315,ENSG00000296315,lncRNA,302727,36,0,0,0.0,-0.0,0,0.0,0,0
SCZ_LOC_9_129665139_rs13293831,9,rs13293831,129665139,8.725e-09,-0.0591026555948241,38,-2.038410442441953,ENSG00000261334,ENSG00000261334,lncRNA,182601,20,0,0,0.0,-0.0,0,0.0,0,0
SCZ_LOC_9_129665139_rs13293831,9,rs13293831,129665139,8.725e-09,-0.0591026555948241,38,-2.038410442441953,ENSG00000286078,ENSG00000286078,lncRNA,158706,15,0,0,0.0,-0.0,0,0.0,0,0
SCZ_LOC_9_129665139_rs13293831,9,rs13293831,129665139,8.725e-09,-0.0591026555948241,38,-2.038410442441953,ENSG00000298227,ENSG00000298227,lncRNA,147662,14,0,0,0.0,-0.0,0,0.0,0,0
SCZ_LOC_9_129665139_rs13293831,9,rs13293831,129665139,8.725e-09,-0.0591026555948241,38,-2.038410442441953,ENSG00000309757,ENSG00000309757,lncRNA,169410,17,0,0,0.0,-0.0,0,0.0,0,0
SCZ_LOC_9_129665139_rs13293831,9,rs13293831,129665139,8.725e-09,-0.0591026555948241,42,-2.049388979382339,ENSG00000230684,ENSG00000230684,lncRNA,268397,33,0,0,0.0,-0.0,0,0.0,0,0
SCZ_LOC_9_129665139_rs13293831,9,rs13293831,129665139,8.725e-09,-0.0591026555948241,42,-2.049388979382339,ENSG00000295136,ENSG00000295136,lncRNA,283304,35,0,0,0.0,-0.0,0,0.0,0,0
SCZ_LOC_9_129665139_rs13293831,9,rs13293831,129665139,8.725e-09,-0.0591026555948241,42,-2.049388979382339,ENSG00000307513,ENSG00000307513,lncRNA,281945,34,0,0,0.0,-0.0,0,0.0,0,0
SCZ_LOC_9_129665139_rs13293831,9,rs13293831,129665139,8.725e-09,-0.0591026555948241,45,-2.071027943109276,ENSG00000294888,ENSG00000294888,lncRNA,251617,31,0,0,0.0,-0.0,0,0.0,0,0
SCZ_LOC_9_129665139_rs13293831,9,rs13293831,129665139,8.725e-09,-0.0591026555948241,45,-2.071027943109276,ENSG00000294913,ENSG00000294913,lncRNA,251305,30,0,0,0.0,-0.0,0,0.0,0,0
SCZ_LOC_9_129665139_rs13293831,9,rs13293831,129665139,8.725e-09,-0.0591026555948241,45,-2.071027943109276,ENSG00000306179,ENSG00000306179,lncRNA,258502,32,0,0,0.0,-0.0,0,0.0,0,0
SCZ_LOC_9_129665139_rs13293831,9,rs13293831,129665139,8.725e-09,-0.0591026555948241,48,-2.0821970675151693,ENSG00000226355,ENSG00000226355,lncRNA,226923,26,0,0,0.0,-0.0,0,0.0,0,0
SCZ_LOC_9_129665139_rs13293831,9,rs13293831,129665139,8.725e-09,-0.0591026555948241,48,-2.0821970675151693,ENSG00000297491,ENSG00000297491,lncRNA,226598,25,0,0,0.0,-0.0,0,0.0,0,0
SCZ_LOC_9_129665139_rs13293831,9,rs13293831,129665139,8.725e-09,-0.0591026555948241,48,-2.0821970675151693,ENSG00000288956,ENSG00000288956,lncRNA,220876,24,0,0,0.0,-0.0,0,0.0,0,0
SCZ_LOC_9_134786548_rs72761691,9,rs72761691,134786548,2.564e-08,-0.0618966805401821,1,2.6010842409129746,ENSG00000130635,COL5A1,protein_coding,144745,7,0,1,0.4973364770412445,9.85159590156028,1,0.9999973021348708,71,1
SCZ_LOC_9_134786548_rs72761691,9,rs72761691,134786548,2.564e-08,-0.0618966805401821,2,0.7286914718224679,ENSG00000130558,OLFM1,protein_coding,288874,14,0,0,0.0,-0.0,1,0.999997376171932,29,0
SCZ_LOC_9_134786548_rs72761691,9,rs72761691,134786548,2.564e-08,-0.0618966805401821,3,0.44779896240179545,ENSG00000186350,RXRA,protein_coding,469450,19,0,1,0.639695405960083,4.793707146541963,1,0.9999959236365308,34,1
SCZ_LOC_9_134786548_rs72761691,9,rs72761691,134786548,2.564e-08,-0.0618966805401821,4,0.16156789293056809,ENSG00000286502,ENSG00000286502,lncRNA,10877,1,1,1,0.3850387632846832,8.360072738987391,0,0.0,0,0
SCZ_LOC_9_134786548_rs72761691,9,rs72761691,134786548,2.564e-08,-0.0618966805401821,5,0.04025814313680263,ENSG00000160339,FCN2,protein_coding,94262,3,0,1,2.0631263256073,7.025024356829303,1,0.999999995475974,13,1
SCZ_LOC_9_134786548_rs72761691,9,rs72761691,134786548,2.564e-08,-0.0618966805401821,6,-1.334084973073166,ENSG00000233936,ENSG00000233936,lncRNA,466160,18,0,1,0.40631523728370667,5.1351301407316745,0,0.0,0,0
SCZ_LOC_9_134786548_rs72761691,9,rs72761691,134786548,2.564e-08,-0.0618966805401821,7,-1.3658181047850615,ENSG00000236403,ENSG00000236403,lncRNA,141765,6,0,1,0.7122393846511841,5.934051531939191,0,0.0,0,0
SCZ_LOC_9_134786548_rs72761691,9,rs72761691,134786548,2.564e-08,-0.0618966805401821,8,-1.401727897449376,ENSG00000301231,ENSG00000301231,lncRNA,498513,22,0,0,0.0,-0.0,0,0.0,0,0
SCZ_LOC_9_134786548_rs72761691,9,rs72761691,134786548,2.564e-08,-0.0618966805401821,9,-1.4435428714336145,ENSG00000308035,ENSG00000308035,lncRNA,77566,2,0,0,0.0,-0.0,0,0.0,0,0
SCZ_LOC_9_134786548_rs72761691,9,rs72761691,134786548,2.564e-08,-0.0618966805401821,10,-1.491264508262211,ENSG00000228877,ENSG00000228877,lncRNA,344301,16,0,1,0.4548100531101227,5.631306436390935,0,0.0,0,0
SCZ_LOC_9_134786548_rs72761691,9,rs72761691,134786548,2.564e-08,-0.0618966805401821,11,-1.5027174197089501,ENSG00000227958,ENSG00000227958,lncRNA,451133,17,0,1,0.2725245952606201,5.607736852479845,0,0.0,0,0
SCZ_LOC_9_134786548_rs72761691,9,rs72761691,134786548,2.564e-08,-0.0618966805401821,12,-1.5946827025105639,ENSG00000085265,FCN1,protein_coding,131364,4,0,0,0.0,-0.0,0,0.0,0,0
SCZ_LOC_9_134786548_rs72761691,9,rs72761691,134786548,2.564e-08,-0.0618966805401821,13,-1.6217664811186157,ENSG00000204011,COL5A1-AS1,lncRNA,133475,5,0,0,0.0,-0.0,0,0.0,0,0
SCZ_LOC_9_134786548_rs72761691,9,rs72761691,134786548,2.564e-08,-0.0618966805401821,14,-1.8504472177962195,ENSG00000298953,ENSG00000298953,lncRNA,158196,9,0,0,0.0,-0.0,0,0.0,0,0
SCZ_LOC_9_134786548_rs72761691,9,rs72761691,134786548,2.564e-08,-0.0618966805401821,14,-1.8504472177962195,ENSG00000298967,ENSG00000298967,lncRNA,160863,10,0,0,0.0,-0.0,0,0.0,0,0
SCZ_LOC_9_134786548_rs72761691,9,rs72761691,134786548,2.564e-08,-0.0618966805401821,14,-1.8504472177962195,ENSG00000306512,ENSG00000306512,lncRNA,156895,8,0,0,0.0,-0.0,0,0.0,0,0
SCZ_LOC_9_134786548_rs72761691,9,rs72761691,134786548,2.564e-08,-0.0618966805401821,17,-1.9070167681415766,ENSG00000227150,ENSG00000227150,lncRNA,234352,12,0,0,0.0,-0.0,0,0.0,0,0
SCZ_LOC_9_134786548_rs72761691,9,rs72761691,134786548,2.564e-08,-0.0618966805401821,18,-1.9498630785771462,ENSG00000299681,ENSG00000299681,lncRNA,205892,11,0,0,0.0,-0.0,0,0.0,0,0
SCZ_LOC_9_134786548_rs72761691,9,rs72761691,134786548,2.564e-08,-0.0618966805401821,19,-2.070482061692189,ENSG00000307225,ENSG00000307225,lncRNA,343895,15,0,0,0.0,-0.0,0,0.0,0,0
SCZ_LOC_9_134786548_rs72761691,9,rs72761691,134786548,2.564e-08,-0.0618966805401821,20,-2.071027943109276,ENSG00000297129,ENSG00000297129,lncRNA,255039,13,0,0,0.0,-0.0,0,0.0,0,0
SCZ_LOC_9_134786548_rs72761691,9,rs72761691,134786548,2.564e-08,-0.0618966805401821,21,-2.089244400323456,ENSG00000223729,LINC02247,lncRNA,490838,20,0,0,0.0,-0.0,0,0.0,0,0
SCZ_LOC_9_134786548_rs72761691,9,rs72761691,134786548,2.564e-08,-0.0618966805401821,21,-2.089244400323456,ENSG00000303496,ENSG00000303496,lncRNA,491311,21,0,0,0.0,-0.0,0,0.0,0,0
