source,term_id,term_name,fdr,significant,intersection_size,query_size,term_size,background_size,genes,gene_symbols
GO:MF,GO:0005261,monoatomic cation channel activity,0.15947241596108616,False,5,111,26,3629,ENSG00000078795 ENSG00000007402 ENSG00000122986 ENSG00000155511 ENSG00000120903,PKD2L2 CACNA2D2 HVCN1 GRIA1 CHRNA2
GO:MF,GO:0005262,calcium channel activity,0.15947241596108616,False,3,111,10,3629,ENSG00000078795 ENSG00000007402 ENSG00000155511,PKD2L2 CACNA2D2 GRIA1
GO:MF,GO:0015267,channel activity,0.15947241596108616,False,5,111,36,3629,ENSG00000078795 ENSG00000007402 ENSG00000122986 ENSG00000155511 ENSG00000120903,PKD2L2 CACNA2D2 HVCN1 GRIA1 CHRNA2
GO:MF,GO:0015085,calcium ion transmembrane transporter activity,0.15947241596108616,False,3,111,11,3629,ENSG00000078795 ENSG00000007402 ENSG00000155511,PKD2L2 CACNA2D2 GRIA1
GO:MF,GO:0140852,histone ubiquitin ligase activity,0.15947241596108616,False,2,111,3,3629,ENSG00000174579 ENSG00000185619,MSL2 PCGF3
GO:MF,GO:0022803,passive transmembrane transporter activity,0.15947241596108616,False,5,111,36,3629,ENSG00000078795 ENSG00000007402 ENSG00000122986 ENSG00000155511 ENSG00000120903,PKD2L2 CACNA2D2 HVCN1 GRIA1 CHRNA2
GO:MF,GO:0022836,gated channel activity,0.15947241596108616,False,4,111,22,3629,ENSG00000007402 ENSG00000122986 ENSG00000155511 ENSG00000120903,CACNA2D2 HVCN1 GRIA1 CHRNA2
GO:MF,GO:0005216,monoatomic ion channel activity,0.15947241596108616,False,5,111,29,3629,ENSG00000078795 ENSG00000007402 ENSG00000122986 ENSG00000155511 ENSG00000120903,PKD2L2 CACNA2D2 HVCN1 GRIA1 CHRNA2
GO:MF,GO:0008929,methylglyoxal synthase activity,0.1640572158621204,False,1,111,1,3629,ENSG00000111669,TPI1
GO:MF,GO:0015075,monoatomic ion transmembrane transporter activity,0.1640572158621204,False,6,111,59,3629,ENSG00000162753 ENSG00000078795 ENSG00000007402 ENSG00000122986 ENSG00000155511 ENSG00000120903,SLC9C2 PKD2L2 CACNA2D2 HVCN1 GRIA1 CHRNA2
GO:MF,GO:0008656,cysteine-type endopeptidase activator activity involved in apoptotic process,0.1640572158621204,False,1,111,1,3629,ENSG00000103811,CTSH
GO:MF,GO:0140956,histone H3K79 trimethyltransferase activity,0.1640572158621204,False,1,111,1,3629,ENSG00000104885,DOT1L
GO:MF,GO:1904315,transmitter-gated monoatomic ion channel activity involved in regulation of postsynaptic membrane potential,0.1640572158621204,False,2,111,6,3629,ENSG00000155511 ENSG00000120903,GRIA1 CHRNA2
GO:MF,GO:0015386,potassium:proton antiporter activity,0.1640572158621204,False,1,111,1,3629,ENSG00000162753,SLC9C2
GO:MF,GO:0005244,voltage-gated monoatomic ion channel activity,0.1640572158621204,False,2,111,9,3629,ENSG00000007402 ENSG00000122986,CACNA2D2 HVCN1
GO:MF,GO:0008179,adenylate cyclase binding,0.1640572158621204,False,1,111,1,3629,ENSG00000155511,GRIA1
GO:MF,GO:0016505,peptidase activator activity involved in apoptotic process,0.1640572158621204,False,1,111,1,3629,ENSG00000103811,CTSH
GO:MF,GO:0140585,promoter-enhancer loop anchoring activity,0.1640572158621204,False,1,111,1,3629,ENSG00000174579,MSL2
GO:MF,GO:0140587,chromatin loop anchoring activity,0.1640572158621204,False,1,111,1,3629,ENSG00000174579,MSL2
GO:MF,GO:0016773,"phosphotransferase activity, alcohol group as acceptor",0.1640572158621204,False,5,111,55,3629,ENSG00000010810 ENSG00000178093 ENSG00000196182 ENSG00000115085 ENSG00000171174,FYN TSSK6 STK40 ZAP70 RBKS
GO:MF,GO:0140862,histone H2AK119 ubiquitin ligase activity,0.1640572158621204,False,1,111,1,3629,ENSG00000185619,PCGF3
GO:MF,GO:0140993,histone modifying activity,0.1640572158621204,False,5,111,50,3629,ENSG00000174579 ENSG00000104885 ENSG00000185619 ENSG00000178093 ENSG00000196182,MSL2 DOT1L PCGF3 TSSK6 STK40
GO:MF,GO:0022843,voltage-gated monoatomic cation channel activity,0.1640572158621204,False,2,111,8,3629,ENSG00000007402 ENSG00000122986,CACNA2D2 HVCN1
GO:MF,GO:0030165,PDZ domain binding,0.1640572158621204,False,2,111,7,3629,ENSG00000131558 ENSG00000155511,EXOC4 GRIA1
GO:MF,GO:0016861,"intramolecular oxidoreductase activity, interconverting aldoses and ketoses",0.1640572158621204,False,1,111,1,3629,ENSG00000111669,TPI1
GO:MF,GO:0022821,solute:potassium antiporter activity,0.1640572158621204,False,1,111,1,3629,ENSG00000162753,SLC9C2
GO:MF,GO:0022824,transmitter-gated monoatomic ion channel activity,0.1640572158621204,False,2,111,6,3629,ENSG00000155511 ENSG00000120903,GRIA1 CHRNA2
GO:MF,GO:0022832,voltage-gated channel activity,0.1640572158621204,False,2,111,9,3629,ENSG00000007402 ENSG00000122986,CACNA2D2 HVCN1
GO:MF,GO:0016838,"carbon-oxygen lyase activity, acting on phosphates",0.1640572158621204,False,1,111,1,3629,ENSG00000111669,TPI1
GO:MF,GO:0019200,carbohydrate kinase activity,0.1640572158621204,False,1,111,1,3629,ENSG00000171174,RBKS
GO:MF,GO:0141054,histone H2B ubiquitin ligase activity,0.1640572158621204,False,1,111,1,3629,ENSG00000174579,MSL2
GO:MF,GO:0008324,monoatomic cation transmembrane transporter activity,0.1640572158621204,False,6,111,54,3629,ENSG00000162753 ENSG00000078795 ENSG00000007402 ENSG00000122986 ENSG00000155511 ENSG00000120903,SLC9C2 PKD2L2 CACNA2D2 HVCN1 GRIA1 CHRNA2
GO:MF,GO:0031151,histone H3K79 methyltransferase activity,0.1640572158621204,False,1,111,1,3629,ENSG00000104885,DOT1L
GO:MF,GO:0022835,transmitter-gated channel activity,0.1640572158621204,False,2,111,6,3629,ENSG00000155511 ENSG00000120903,GRIA1 CHRNA2
GO:MF,GO:0030171,voltage-gated proton channel activity,0.1640572158621204,False,1,111,1,3629,ENSG00000122986,HVCN1
GO:MF,GO:0106260,DNA-DNA tethering activity,0.1640572158621204,False,1,111,1,3629,ENSG00000174579,MSL2
GO:MF,GO:0022857,transmembrane transporter activity,0.1640572158621204,False,7,111,90,3629,ENSG00000162753 ENSG00000285982 ENSG00000078795 ENSG00000007402 ENSG00000122986 ENSG00000155511 ENSG00000120903,SLC9C2 ENSG00000285982 PKD2L2 CACNA2D2 HVCN1 GRIA1 CHRNA2
GO:MF,GO:0030108,HLA-A specific activating MHC class I receptor activity,0.1640572158621204,False,1,111,1,3629,ENSG00000103811,CTSH
GO:MF,GO:0070851,growth factor receptor binding,0.1640572158621204,False,2,111,8,3629,ENSG00000010810 ENSG00000113070,FYN HBEGF
GO:MF,GO:0032393,MHC class I receptor activity,0.1640572158621204,False,1,111,1,3629,ENSG00000103811,CTSH
GO:MF,GO:0031802,type 5 metabotropic glutamate receptor binding,0.1640572158621204,False,1,111,1,3629,ENSG00000010810,FYN
GO:MF,GO:0070324,thyroid hormone binding,0.1640572158621204,False,1,111,1,3629,ENSG00000103811,CTSH
GO:MF,GO:0032397,activating MHC class I receptor activity,0.1640572158621204,False,1,111,1,3629,ENSG00000103811,CTSH
GO:MF,GO:0030594,neurotransmitter receptor activity,0.1640572158621204,False,2,111,7,3629,ENSG00000155511 ENSG00000120903,GRIA1 CHRNA2
GO:MF,GO:0043014,alpha-tubulin binding,0.1640572158621204,False,2,111,5,3629,ENSG00000066084 ENSG00000010810,DIP2B FYN
GO:MF,GO:0001965,G-protein alpha-subunit binding,0.1640572158621204,False,1,111,1,3629,ENSG00000155511,GRIA1
GO:MF,GO:0035254,glutamate receptor binding,0.1640572158621204,False,2,111,8,3629,ENSG00000010810 ENSG00000155511,FYN GRIA1
GO:MF,GO:0000810,diacylglycerol diphosphate phosphatase activity,0.1640572158621204,False,1,111,1,3629,ENSG00000147535,PLPP5
GO:MF,GO:0004900,erythropoietin receptor activity,0.1640572158621204,False,1,111,1,3629,ENSG00000187266,EPOR
GO:MF,GO:0004971,AMPA glutamate receptor activity,0.1640572158621204,False,1,111,1,3629,ENSG00000155511,GRIA1
GO:MF,GO:0005230,extracellular ligand-gated monoatomic ion channel activity,0.1640572158621204,False,2,111,9,3629,ENSG00000155511 ENSG00000120903,GRIA1 CHRNA2
GO:MF,GO:0046873,metal ion transmembrane transporter activity,0.1640572158621204,False,4,111,36,3629,ENSG00000162753 ENSG00000078795 ENSG00000007402 ENSG00000155511,SLC9C2 PKD2L2 CACNA2D2 GRIA1
GO:MF,GO:0004747,ribokinase activity,0.1640572158621204,False,1,111,1,3629,ENSG00000171174,RBKS
GO:MF,GO:0004807,triose-phosphate isomerase activity,0.1640572158621204,False,1,111,1,3629,ENSG00000111669,TPI1
GO:MF,GO:0004715,non-membrane spanning protein tyrosine kinase activity,0.1640572158621204,False,2,111,8,3629,ENSG00000010810 ENSG00000115085,FYN ZAP70
GO:MF,GO:0005215,transporter activity,0.16876044231880546,False,7,111,100,3629,ENSG00000162753 ENSG00000285982 ENSG00000078795 ENSG00000007402 ENSG00000122986 ENSG00000155511 ENSG00000120903,SLC9C2 ENSG00000285982 PKD2L2 CACNA2D2 HVCN1 GRIA1 CHRNA2
GO:MF,GO:0016301,kinase activity,0.17086091604678819,False,5,111,59,3629,ENSG00000010810 ENSG00000178093 ENSG00000196182 ENSG00000115085 ENSG00000171174,FYN TSSK6 STK40 ZAP70 RBKS
GO:MF,GO:0031681,G-protein beta-subunit binding,0.2141290881839023,False,1,111,2,3629,ENSG00000155511,GRIA1
GO:MF,GO:0030234,enzyme regulator activity,0.2141290881839023,False,7,111,110,3629,ENSG00000010810 ENSG00000103811 ENSG00000213654 ENSG00000035499 ENSG00000149131 ENSG00000221914 ENSG00000113070,FYN CTSH GPSM3 DEPDC1B SERPING1 PPP2R2A HBEGF
GO:MF,GO:0097110,scaffold protein binding,0.2141290881839023,False,2,111,11,3629,ENSG00000010810 ENSG00000155511,FYN GRIA1
GO:MF,GO:0019865,immunoglobulin binding,0.2141290881839023,False,1,111,2,3629,ENSG00000155511,GRIA1
GO:MF,GO:0099094,ligand-gated monoatomic cation channel activity,0.2141290881839023,False,2,111,12,3629,ENSG00000155511 ENSG00000120903,GRIA1 CHRNA2
GO:MF,GO:0031698,beta-2 adrenergic receptor binding,0.2141290881839023,False,1,111,2,3629,ENSG00000155511,GRIA1
GO:MF,GO:0031489,myosin V binding,0.2141290881839023,False,1,111,2,3629,ENSG00000155511,GRIA1
GO:MF,GO:0030297,transmembrane receptor protein tyrosine kinase activator activity,0.2141290881839023,False,1,111,2,3629,ENSG00000113070,HBEGF
GO:MF,GO:0051139,metal cation:proton antiporter activity,0.2141290881839023,False,1,111,2,3629,ENSG00000162753,SLC9C2
GO:MF,GO:0046875,ephrin receptor binding,0.2141290881839023,False,1,111,2,3629,ENSG00000010810,FYN
GO:MF,GO:0004672,protein kinase activity,0.2141290881839023,False,4,111,48,3629,ENSG00000010810 ENSG00000178093 ENSG00000196182 ENSG00000115085,FYN TSSK6 STK40 ZAP70
GO:MF,GO:0022834,ligand-gated channel activity,0.2141290881839023,False,2,111,13,3629,ENSG00000155511 ENSG00000120903,GRIA1 CHRNA2
GO:MF,GO:0022849,glutamate-gated calcium ion channel activity,0.2141290881839023,False,1,111,2,3629,ENSG00000155511,GRIA1
GO:MF,GO:0099507,ligand-gated monoatomic ion channel activity involved in regulation of presynaptic membrane potential,0.2141290881839023,False,1,111,2,3629,ENSG00000155511,GRIA1
GO:MF,GO:0140375,immune receptor activity,0.2141290881839023,False,2,111,12,3629,ENSG00000103811 ENSG00000187266,CTSH EPOR
GO:MF,GO:0141053,histone H2A ubiquitin ligase activity,0.2141290881839023,False,1,111,2,3629,ENSG00000185619,PCGF3
GO:MF,GO:0015385,sodium:proton antiporter activity,0.2141290881839023,False,1,111,2,3629,ENSG00000162753,SLC9C2
GO:MF,GO:0016004,phospholipase activator activity,0.2141290881839023,False,1,111,2,3629,ENSG00000010810,FYN
GO:MF,GO:0015276,ligand-gated monoatomic ion channel activity,0.2141290881839023,False,2,111,13,3629,ENSG00000155511 ENSG00000120903,GRIA1 CHRNA2
GO:MF,GO:0008195,phosphatidate phosphatase activity,0.2141290881839023,False,1,111,2,3629,ENSG00000147535,PLPP5
GO:MF,GO:0008066,glutamate receptor activity,0.2141290881839023,False,1,111,2,3629,ENSG00000155511,GRIA1
GO:MF,GO:0051427,hormone receptor binding,0.2141290881839023,False,1,111,2,3629,ENSG00000155511,GRIA1
GO:MF,GO:0004970,glutamate-gated receptor activity,0.2141290881839023,False,1,111,2,3629,ENSG00000155511,GRIA1
GO:MF,GO:0043028,cysteine-type endopeptidase regulator activity involved in apoptotic process,0.2141290881839023,False,1,111,2,3629,ENSG00000103811,CTSH
GO:MF,GO:0035256,G protein-coupled glutamate receptor binding,0.2141290881839023,False,1,111,2,3629,ENSG00000010810,FYN
GO:MF,GO:0051428,peptide hormone receptor binding,0.2141290881839023,False,1,111,2,3629,ENSG00000155511,GRIA1
GO:MF,GO:0061630,ubiquitin protein ligase activity,0.21575902722035678,False,3,111,30,3629,ENSG00000112659 ENSG00000174579 ENSG00000185619,CUL9 MSL2 PCGF3
GO:MF,GO:0061659,ubiquitin-like protein ligase activity,0.21575902722035678,False,3,111,30,3629,ENSG00000112659 ENSG00000174579 ENSG00000185619,CUL9 MSL2 PCGF3
GO:BP,GO:1905232,cellular response to L-glutamate,0.23240340355150818,False,2,111,2,3629,ENSG00000010810 ENSG00000155511,FYN GRIA1
GO:BP,GO:1902065,response to L-glutamate,0.23240340355150818,False,2,111,2,3629,ENSG00000010810 ENSG00000155511,FYN GRIA1
GO:BP,GO:0043278,response to morphine,0.23240340355150818,False,2,111,2,3629,ENSG00000155511 ENSG00000221914,GRIA1 PPP2R2A
GO:BP,GO:0014072,response to isoquinoline alkaloid,0.23240340355150818,False,2,111,2,3629,ENSG00000155511 ENSG00000221914,GRIA1 PPP2R2A
GO:BP,GO:0050982,detection of mechanical stimulus,0.23240340355150818,False,2,111,2,3629,ENSG00000078795 ENSG00000010810,PKD2L2 FYN
GO:MF,GO:0072371,histone H2AS121 kinase activity,0.23250853485784093,False,2,111,18,3629,ENSG00000178093 ENSG00000196182,TSSK6 STK40
GO:MF,GO:0019787,ubiquitin-like protein transferase activity,0.23250853485784093,False,3,111,37,3629,ENSG00000112659 ENSG00000174579 ENSG00000185619,CUL9 MSL2 PCGF3
GO:MF,GO:0140823,histone H2BS36 kinase activity,0.23250853485784093,False,2,111,18,3629,ENSG00000178093 ENSG00000196182,TSSK6 STK40
GO:MF,GO:0140996,histone H3 kinase activity,0.23250853485784093,False,2,111,18,3629,ENSG00000178093 ENSG00000196182,TSSK6 STK40
GO:MF,GO:0016504,peptidase activator activity,0.23250853485784093,False,1,111,3,3629,ENSG00000103811,CTSH
GO:MF,GO:1990244,histone H2AT120 kinase activity,0.23250853485784093,False,2,111,18,3629,ENSG00000178093 ENSG00000196182,TSSK6 STK40
GO:MF,GO:0072354,histone H3T3 kinase activity,0.23250853485784093,False,2,111,18,3629,ENSG00000178093 ENSG00000196182,TSSK6 STK40
GO:MF,GO:0050997,quaternary ammonium group binding,0.23250853485784093,False,1,111,3,3629,ENSG00000120903,CHRNA2
GO:MF,GO:0050321,tau-protein kinase activity,0.23250853485784093,False,1,111,3,3629,ENSG00000010810,FYN
GO:MF,GO:0031690,adrenergic receptor binding,0.23250853485784093,False,1,111,3,3629,ENSG00000155511,GRIA1
GO:MF,GO:0030296,protein tyrosine kinase activator activity,0.23250853485784093,False,1,111,3,3629,ENSG00000113070,HBEGF
GO:MF,GO:0061134,peptidase regulator activity,0.23250853485784093,False,2,111,16,3629,ENSG00000103811 ENSG00000149131,CTSH SERPING1
GO:MF,GO:0051018,protein kinase A binding,0.23250853485784093,False,1,111,3,3629,ENSG00000155511,GRIA1
GO:MF,GO:0072518,Rho-dependent protein serine/threonine kinase activity,0.23250853485784093,False,2,111,18,3629,ENSG00000178093 ENSG00000196182,TSSK6 STK40
GO:MF,GO:0016860,intramolecular oxidoreductase activity,0.23250853485784093,False,1,111,3,3629,ENSG00000111669,TPI1
GO:MF,GO:0035979,histone H2AXS139 kinase activity,0.23250853485784093,False,2,111,18,3629,ENSG00000178093 ENSG00000196182,TSSK6 STK40
GO:MF,GO:0044022,histone H3S28 kinase activity,0.23250853485784093,False,2,111,18,3629,ENSG00000178093 ENSG00000196182,TSSK6 STK40
GO:MF,GO:0042577,lipid phosphatase activity,0.23250853485784093,False,1,111,3,3629,ENSG00000147535,PLPP5
GO:MF,GO:0004676,3-phosphoinositide-dependent protein kinase activity,0.23250853485784093,False,2,111,18,3629,ENSG00000178093 ENSG00000196182,TSSK6 STK40
GO:MF,GO:0004679,AMP-activated protein kinase activity,0.23250853485784093,False,2,111,18,3629,ENSG00000178093 ENSG00000196182,TSSK6 STK40
GO:MF,GO:0005154,epidermal growth factor receptor binding,0.23250853485784093,False,1,111,3,3629,ENSG00000113070,HBEGF
GO:MF,GO:0060229,lipase activator activity,0.23250853485784093,False,1,111,3,3629,ENSG00000010810,FYN
GO:MF,GO:0140998,histone H2B kinase activity,0.23250853485784093,False,2,111,18,3629,ENSG00000178093 ENSG00000196182,TSSK6 STK40
GO:MF,GO:0015215,nucleotide transmembrane transporter activity,0.23250853485784093,False,1,111,3,3629,ENSG00000285982,ENSG00000285982
GO:MF,GO:0004694,eukaryotic translation initiation factor 2alpha kinase activity,0.23250853485784093,False,2,111,18,3629,ENSG00000178093 ENSG00000196182,TSSK6 STK40
GO:MF,GO:0004711,ribosomal protein S6 kinase activity,0.23250853485784093,False,2,111,18,3629,ENSG00000178093 ENSG00000196182,TSSK6 STK40
GO:MF,GO:0005524,ATP binding,0.23250853485784093,False,7,111,130,3629,ENSG00000010810 ENSG00000112659 ENSG00000237649 ENSG00000178093 ENSG00000196182 ENSG00000115085 ENSG00000171174,FYN CUL9 KIFC1 TSSK6 STK40 ZAP70 RBKS
GO:MF,GO:0008047,enzyme activator activity,0.23250853485784093,False,4,111,54,3629,ENSG00000010810 ENSG00000103811 ENSG00000035499 ENSG00000113070,FYN CTSH DEPDC1B HBEGF
GO:MF,GO:0004713,protein tyrosine kinase activity,0.23250853485784093,False,2,111,15,3629,ENSG00000010810 ENSG00000115085,FYN ZAP70
GO:MF,GO:0015078,proton transmembrane transporter activity,0.23250853485784093,False,2,111,16,3629,ENSG00000162753 ENSG00000122986,SLC9C2 HVCN1
GO:MF,GO:0140828,metal cation:monoatomic cation antiporter activity,0.23250853485784093,False,1,111,3,3629,ENSG00000162753,SLC9C2
GO:MF,GO:0140997,histone H4 kinase activity,0.23250853485784093,False,2,111,18,3629,ENSG00000178093 ENSG00000196182,TSSK6 STK40
GO:MF,GO:0141003,histone H2AX kinase activity,0.23250853485784093,False,2,111,18,3629,ENSG00000178093 ENSG00000196182,TSSK6 STK40
GO:MF,GO:0015631,tubulin binding,0.23250853485784093,False,3,111,37,3629,ENSG00000066084 ENSG00000010810 ENSG00000237649,DIP2B FYN KIFC1
GO:MF,GO:0140855,histone H3S57 kinase activity,0.23250853485784093,False,2,111,18,3629,ENSG00000178093 ENSG00000196182,TSSK6 STK40
GO:MF,GO:0016772,"transferase activity, transferring phosphorus-containing groups",0.23250853485784093,False,5,111,73,3629,ENSG00000010810 ENSG00000178093 ENSG00000196182 ENSG00000115085 ENSG00000171174,FYN TSSK6 STK40 ZAP70 RBKS
GO:MF,GO:0140857,histone H3T45 kinase activity,0.23250853485784093,False,2,111,18,3629,ENSG00000178093 ENSG00000196182,TSSK6 STK40
GO:MF,GO:0140995,histone H2A kinase activity,0.23250853485784093,False,2,111,18,3629,ENSG00000178093 ENSG00000196182,TSSK6 STK40
GO:MF,GO:0035402,histone H3T11 kinase activity,0.23250853485784093,False,2,111,18,3629,ENSG00000178093 ENSG00000196182,TSSK6 STK40
GO:MF,GO:0004842,ubiquitin-protein transferase activity,0.23250853485784093,False,3,111,36,3629,ENSG00000112659 ENSG00000174579 ENSG00000185619,CUL9 MSL2 PCGF3
GO:MF,GO:0044024,histone H2AS1 kinase activity,0.23250853485784093,False,2,111,18,3629,ENSG00000178093 ENSG00000196182,TSSK6 STK40
GO:MF,GO:0044023,histone H4S1 kinase activity,0.23250853485784093,False,2,111,18,3629,ENSG00000178093 ENSG00000196182,TSSK6 STK40
GO:MF,GO:0035175,histone H3S10 kinase activity,0.23250853485784093,False,2,111,18,3629,ENSG00000178093 ENSG00000196182,TSSK6 STK40
GO:MF,GO:0035403,histone H3T6 kinase activity,0.23250853485784093,False,2,111,18,3629,ENSG00000178093 ENSG00000196182,TSSK6 STK40
GO:MF,GO:0035173,histone kinase activity,0.23250853485784093,False,2,111,18,3629,ENSG00000178093 ENSG00000196182,TSSK6 STK40
GO:MF,GO:0044025,histone H2BS14 kinase activity,0.23250853485784093,False,2,111,18,3629,ENSG00000178093 ENSG00000196182,TSSK6 STK40
GO:MF,GO:0016755,aminoacyltransferase activity,0.241071457649097,False,3,111,38,3629,ENSG00000112659 ENSG00000174579 ENSG00000185619,CUL9 MSL2 PCGF3
GO:MF,GO:0004674,protein serine/threonine kinase activity,0.241071457649097,False,3,111,38,3629,ENSG00000010810 ENSG00000178093 ENSG00000196182,FYN TSSK6 STK40
GO:MF,GO:0032559,adenyl ribonucleotide binding,0.2436877556419251,False,7,111,133,3629,ENSG00000010810 ENSG00000112659 ENSG00000237649 ENSG00000178093 ENSG00000196182 ENSG00000115085 ENSG00000171174,FYN CUL9 KIFC1 TSSK6 STK40 ZAP70 RBKS
GO:MF,GO:0004677,DNA-dependent protein kinase activity,0.24456562347662708,False,2,111,19,3629,ENSG00000178093 ENSG00000196182,TSSK6 STK40
GO:MF,GO:0005245,voltage-gated calcium channel activity,0.24456562347662708,False,1,111,4,3629,ENSG00000007402,CACNA2D2
GO:MF,GO:0043274,phospholipase binding,0.24456562347662708,False,1,111,4,3629,ENSG00000010810,FYN
GO:MF,GO:0097718,disordered domain specific binding,0.24456562347662708,False,1,111,4,3629,ENSG00000010810,FYN
GO:MF,GO:0099604,ligand-gated calcium channel activity,0.24456562347662708,False,1,111,4,3629,ENSG00000155511,GRIA1
GO:MF,GO:0022848,acetylcholine-gated monoatomic cation-selective channel activity,0.24456562347662708,False,1,111,4,3629,ENSG00000120903,CHRNA2
GO:MF,GO:0017022,myosin binding,0.24456562347662708,False,1,111,4,3629,ENSG00000155511,GRIA1
GO:MF,GO:0140096,"catalytic activity, acting on a protein",0.24729010526422038,False,9,111,188,3629,ENSG00000010810 ENSG00000103811 ENSG00000112659 ENSG00000174579 ENSG00000104885 ENSG00000185619 ENSG00000178093 ENSG00000196182 ENSG00000115085,FYN CTSH CUL9 MSL2 DOT1L PCGF3 TSSK6 STK40 ZAP70
GO:MF,GO:0016740,transferase activity,0.26362223392829615,False,9,111,191,3629,ENSG00000010810 ENSG00000112659 ENSG00000174579 ENSG00000104885 ENSG00000185619 ENSG00000178093 ENSG00000196182 ENSG00000115085 ENSG00000171174,FYN CUL9 MSL2 DOT1L PCGF3 TSSK6 STK40 ZAP70 RBKS
GO:MF,GO:0042562,hormone binding,0.2745774444847982,False,1,111,5,3629,ENSG00000103811,CTSH
GO:MF,GO:0004896,cytokine receptor activity,0.2745774444847982,False,1,111,5,3629,ENSG00000187266,EPOR
GO:MF,GO:0004177,aminopeptidase activity,0.2745774444847982,False,1,111,5,3629,ENSG00000103811,CTSH
GO:MF,GO:0045309,protein phosphorylated amino acid binding,0.2745774444847982,False,1,111,5,3629,ENSG00000115085,ZAP70
GO:MF,GO:0015464,acetylcholine receptor activity,0.2745774444847982,False,1,111,5,3629,ENSG00000120903,CHRNA2
GO:MF,GO:0015252,proton channel activity,0.2745774444847982,False,1,111,5,3629,ENSG00000122986,HVCN1
GO:MF,GO:0001784,phosphotyrosine residue binding,0.2745774444847982,False,1,111,5,3629,ENSG00000115085,ZAP70
GO:MF,GO:0001664,G protein-coupled receptor binding,0.2745774444847982,False,2,111,22,3629,ENSG00000010810 ENSG00000155511,FYN GRIA1
GO:MF,GO:0015932,nucleobase-containing compound transmembrane transporter activity,0.2745774444847982,False,1,111,5,3629,ENSG00000285982,ENSG00000285982
GO:MF,GO:0015605,organophosphate ester transmembrane transporter activity,0.2745774444847982,False,1,111,5,3629,ENSG00000285982,ENSG00000285982
GO:MF,GO:0098960,postsynaptic neurotransmitter receptor activity,0.2745774444847982,False,1,111,5,3629,ENSG00000120903,CHRNA2
GO:MF,GO:0048156,tau protein binding,0.2745774444847982,False,1,111,5,3629,ENSG00000010810,FYN
GO:MF,GO:0030554,adenyl nucleotide binding,0.2759052023466219,False,7,111,143,3629,ENSG00000010810 ENSG00000112659 ENSG00000237649 ENSG00000178093 ENSG00000196182 ENSG00000115085 ENSG00000171174,FYN CUL9 KIFC1 TSSK6 STK40 ZAP70 RBKS
GO:MF,GO:0060089,molecular transducer activity,0.29670689152314494,False,5,111,94,3629,ENSG00000103811 ENSG00000155511 ENSG00000124557 ENSG00000120903 ENSG00000187266,CTSH GRIA1 BTN1A1 CHRNA2 EPOR
GO:MF,GO:0038023,signaling receptor activity,0.29670689152314494,False,5,111,94,3629,ENSG00000103811 ENSG00000155511 ENSG00000124557 ENSG00000120903 ENSG00000187266,CTSH GRIA1 BTN1A1 CHRNA2 EPOR
GO:MF,GO:0030533,triplet codon-amino acid adaptor activity,0.31569807579008824,False,1,111,6,3629,ENSG00000287279,ENSG00000287279
GO:MF,GO:0005231,excitatory extracellular ligand-gated monoatomic ion channel activity,0.3606012474223571,False,1,111,7,3629,ENSG00000120903,CHRNA2
GO:MF,GO:0031625,ubiquitin protein ligase binding,0.36503791976317246,False,2,111,27,3629,ENSG00000112659 ENSG00000111669,CUL9 TPI1
GO:MF,GO:0035639,purine ribonucleoside triphosphate binding,0.37760268354872,False,7,111,158,3629,ENSG00000010810 ENSG00000112659 ENSG00000237649 ENSG00000178093 ENSG00000196182 ENSG00000115085 ENSG00000171174,FYN CUL9 KIFC1 TSSK6 STK40 ZAP70 RBKS
GO:MF,GO:0019904,protein domain specific binding,0.38076863570798425,False,3,111,52,3629,ENSG00000131558 ENSG00000010810 ENSG00000155511,EXOC4 FYN GRIA1
GO:MF,GO:0044389,ubiquitin-like protein ligase binding,0.38076863570798425,False,2,111,28,3629,ENSG00000112659 ENSG00000111669,CUL9 TPI1
GO:MF,GO:0004888,transmembrane signaling receptor activity,0.3827701965778866,False,4,111,79,3629,ENSG00000103811 ENSG00000155511 ENSG00000120903 ENSG00000187266,CTSH GRIA1 CHRNA2 EPOR
GO:MF,GO:0032555,purine ribonucleotide binding,0.3827701965778866,False,7,111,161,3629,ENSG00000010810 ENSG00000112659 ENSG00000237649 ENSG00000178093 ENSG00000196182 ENSG00000115085 ENSG00000171174,FYN CUL9 KIFC1 TSSK6 STK40 ZAP70 RBKS
GO:MF,GO:0106310,protein serine kinase activity,0.3827701965778866,False,2,111,29,3629,ENSG00000178093 ENSG00000196182,TSSK6 STK40
GO:MF,GO:0140938,histone H3 methyltransferase activity,0.3827701965778866,False,1,111,8,3629,ENSG00000104885,DOT1L
GO:MF,GO:0015079,potassium ion transmembrane transporter activity,0.3827701965778866,False,1,111,8,3629,ENSG00000162753,SLC9C2
GO:MF,GO:0015171,amino acid transmembrane transporter activity,0.3827701965778866,False,1,111,8,3629,ENSG00000155511,GRIA1
GO:MF,GO:0140767,enzyme-substrate adaptor activity,0.3827701965778866,False,1,111,8,3629,ENSG00000221914,PPP2R2A
GO:MF,GO:0032553,ribonucleotide binding,0.38632334001047913,False,7,111,162,3629,ENSG00000010810 ENSG00000112659 ENSG00000237649 ENSG00000178093 ENSG00000196182 ENSG00000115085 ENSG00000171174,FYN CUL9 KIFC1 TSSK6 STK40 ZAP70 RBKS
GO:BP,GO:0009744,response to sucrose,0.39510756705007966,False,1,111,1,3629,ENSG00000155511,GRIA1
GO:BP,GO:0019323,pentose catabolic process,0.39510756705007966,False,1,111,1,3629,ENSG00000171174,RBKS
GO:BP,GO:0010730,negative regulation of hydrogen peroxide biosynthetic process,0.39510756705007966,False,1,111,1,3629,ENSG00000010810,FYN
GO:BP,GO:0010728,regulation of hydrogen peroxide biosynthetic process,0.39510756705007966,False,1,111,1,3629,ENSG00000010810,FYN
GO:BP,GO:0010727,negative regulation of hydrogen peroxide metabolic process,0.39510756705007966,False,1,111,1,3629,ENSG00000010810,FYN
GO:BP,GO:0048341,paraxial mesoderm formation,0.39510756705007966,False,1,111,1,3629,ENSG00000131558,EXOC4
GO:BP,GO:0000304,response to singlet oxygen,0.39510756705007966,False,1,111,1,3629,ENSG00000010810,FYN
GO:BP,GO:0048340,paraxial mesoderm morphogenesis,0.39510756705007966,False,1,111,1,3629,ENSG00000131558,EXOC4
GO:BP,GO:0006071,glycerol metabolic process,0.39510756705007966,False,1,111,1,3629,ENSG00000111669,TPI1
GO:BP,GO:0006014,D-ribose metabolic process,0.39510756705007966,False,1,111,1,3629,ENSG00000171174,RBKS
GO:BP,GO:0071593,lymphocyte aggregation,0.39510756705007966,False,1,111,1,3629,ENSG00000115085,ZAP70
GO:BP,GO:0071418,cellular response to amine stimulus,0.39510756705007966,False,1,111,1,3629,ENSG00000155511,GRIA1
GO:BP,GO:0034285,response to disaccharide,0.39510756705007966,False,1,111,1,3629,ENSG00000155511,GRIA1
GO:BP,GO:0034220,monoatomic ion transmembrane transport,0.39510756705007966,False,7,111,81,3629,ENSG00000162753 ENSG00000078795 ENSG00000010810 ENSG00000007402 ENSG00000122986 ENSG00000155511 ENSG00000120903,SLC9C2 PKD2L2 FYN CACNA2D2 HVCN1 GRIA1 CHRNA2
GO:BP,GO:0090326,positive regulation of locomotion involved in locomotory behavior,0.39510756705007966,False,1,111,1,3629,ENSG00000155511,GRIA1
GO:BP,GO:0090325,regulation of locomotion involved in locomotory behavior,0.39510756705007966,False,1,111,1,3629,ENSG00000155511,GRIA1
GO:BP,GO:0071242,cellular response to ammonium ion,0.39510756705007966,False,1,111,1,3629,ENSG00000155511,GRIA1
GO:BP,GO:0019563,glycerol catabolic process,0.39510756705007966,False,1,111,1,3629,ENSG00000111669,TPI1
GO:BP,GO:0043366,beta selection,0.39510756705007966,False,1,111,1,3629,ENSG00000115085,ZAP70
GO:BP,GO:0019242,methylglyoxal biosynthetic process,0.39510756705007966,False,1,111,1,3629,ENSG00000111669,TPI1
GO:BP,GO:0019321,pentose metabolic process,0.39510756705007966,False,1,111,1,3629,ENSG00000171174,RBKS
GO:BP,GO:0046365,monosaccharide catabolic process,0.39510756705007966,False,2,111,6,3629,ENSG00000111669 ENSG00000171174,TPI1 RBKS
GO:BP,GO:0010813,neuropeptide catabolic process,0.39510756705007966,False,1,111,1,3629,ENSG00000103811,CTSH
GO:BP,GO:0010815,bradykinin catabolic process,0.39510756705007966,False,1,111,1,3629,ENSG00000103811,CTSH
GO:BP,GO:0046835,carbohydrate phosphorylation,0.39510756705007966,False,1,111,1,3629,ENSG00000171174,RBKS
GO:BP,GO:0001101,response to acid chemical,0.39510756705007966,False,2,111,9,3629,ENSG00000010810 ENSG00000155511,FYN GRIA1
GO:BP,GO:0038135,ERBB2-ERBB4 signaling pathway,0.39510756705007966,False,1,111,1,3629,ENSG00000113070,HBEGF
GO:BP,GO:0071229,cellular response to acid chemical,0.39510756705007966,False,2,111,8,3629,ENSG00000010810 ENSG00000155511,FYN GRIA1
GO:BP,GO:0036017,response to erythropoietin,0.39510756705007966,False,1,111,1,3629,ENSG00000187266,EPOR
GO:BP,GO:0036018,cellular response to erythropoietin,0.39510756705007966,False,1,111,1,3629,ENSG00000187266,EPOR
GO:BP,GO:0001869,"negative regulation of complement activation, lectin pathway",0.39510756705007966,False,1,111,1,3629,ENSG00000149131,SERPING1
GO:BP,GO:0055085,transmembrane transport,0.39510756705007966,False,9,111,123,3629,ENSG00000131558 ENSG00000162753 ENSG00000285982 ENSG00000078795 ENSG00000010810 ENSG00000007402 ENSG00000122986 ENSG00000155511 ENSG00000120903,EXOC4 SLC9C2 ENSG00000285982 PKD2L2 FYN CACNA2D2 HVCN1 GRIA1 CHRNA2
GO:BP,GO:0061945,regulation of protein K48-linked ubiquitination,0.39510756705007966,False,1,111,1,3629,ENSG00000141002,TCF25
GO:BP,GO:0001868,"regulation of complement activation, lectin pathway",0.39510756705007966,False,1,111,1,3629,ENSG00000149131,SERPING1
GO:BP,GO:0043200,response to amino acid,0.39510756705007966,False,2,111,8,3629,ENSG00000010810 ENSG00000155511,FYN GRIA1
GO:BP,GO:0050665,hydrogen peroxide biosynthetic process,0.39510756705007966,False,1,111,1,3629,ENSG00000010810,FYN
GO:BP,GO:0009048,dosage compensation by inactivation of X chromosome,0.39510756705007966,False,1,111,1,3629,ENSG00000185619,PCGF3
GO:BP,GO:0006612,protein targeting to membrane,0.39510756705007966,False,2,111,8,3629,ENSG00000285486 ENSG00000010810,ENSG00000285486 FYN
GO:BP,GO:0030382,sperm mitochondrion organization,0.39510756705007966,False,1,111,1,3629,ENSG00000166118,SPATA19
GO:BP,GO:0030449,regulation of complement activation,0.39510756705007966,False,1,111,1,3629,ENSG00000149131,SERPING1
GO:BP,GO:0009582,detection of abiotic stimulus,0.39510756705007966,False,2,111,5,3629,ENSG00000078795 ENSG00000010810,PKD2L2 FYN
GO:BP,GO:0009581,detection of external stimulus,0.39510756705007966,False,2,111,5,3629,ENSG00000078795 ENSG00000010810,PKD2L2 FYN
GO:BP,GO:0070489,T cell aggregation,0.39510756705007966,False,1,111,1,3629,ENSG00000115085,ZAP70
GO:BP,GO:0038162,erythropoietin-mediated signaling pathway,0.39510756705007966,False,1,111,1,3629,ENSG00000187266,EPOR
GO:BP,GO:0038134,ERBB2-EGFR signaling pathway,0.39510756705007966,False,1,111,1,3629,ENSG00000113070,HBEGF
GO:BP,GO:0060992,response to fungicide,0.39510756705007966,False,1,111,1,3629,ENSG00000155511,GRIA1
GO:BP,GO:0060600,dichotomous subdivision of an epithelial terminal unit,0.39510756705007966,False,1,111,1,3629,ENSG00000103811,CTSH
GO:BP,GO:0060816,random inactivation of X chromosome,0.39510756705007966,False,1,111,1,3629,ENSG00000185619,PCGF3
GO:BP,GO:0070486,leukocyte aggregation,0.39510756705007966,False,1,111,1,3629,ENSG00000115085,ZAP70
GO:BP,GO:1903426,regulation of reactive oxygen species biosynthetic process,0.39510756705007966,False,2,111,5,3629,ENSG00000010810 ENSG00000122986,FYN HVCN1
GO:BP,GO:1902914,regulation of protein polyubiquitination,0.39510756705007966,False,1,111,1,3629,ENSG00000141002,TCF25
GO:BP,GO:0099587,inorganic ion import across plasma membrane,0.39510756705007966,False,2,111,7,3629,ENSG00000162753 ENSG00000010810,SLC9C2 FYN
GO:BP,GO:0071230,cellular response to amino acid stimulus,0.39510756705007966,False,2,111,7,3629,ENSG00000010810 ENSG00000155511,FYN GRIA1
GO:BP,GO:0019303,D-ribose catabolic process,0.39510756705007966,False,1,111,1,3629,ENSG00000171174,RBKS
GO:BP,GO:0045838,positive regulation of membrane potential,0.39510756705007966,False,1,111,1,3629,ENSG00000155511,GRIA1
GO:BP,GO:0045916,negative regulation of complement activation,0.39510756705007966,False,1,111,1,3629,ENSG00000149131,SERPING1
GO:BP,GO:0090132,epithelium migration,0.39510756705007966,False,2,111,6,3629,ENSG00000103811 ENSG00000113070,CTSH HBEGF
GO:BP,GO:0090130,tissue migration,0.39510756705007966,False,2,111,7,3629,ENSG00000103811 ENSG00000113070,CTSH HBEGF
GO:BP,GO:0097062,dendritic spine maintenance,0.39510756705007966,False,1,111,1,3629,ENSG00000010810,FYN
GO:BP,GO:1990911,response to psychosocial stress,0.39510756705007966,False,1,111,1,3629,ENSG00000155511,GRIA1
GO:BP,GO:0010310,regulation of hydrogen peroxide metabolic process,0.39510756705007966,False,1,111,1,3629,ENSG00000010810,FYN
GO:BP,GO:0043279,response to alkaloid,0.39510756705007966,False,2,111,7,3629,ENSG00000155511 ENSG00000221914,GRIA1 PPP2R2A
GO:BP,GO:0007215,glutamate receptor signaling pathway,0.39510756705007966,False,2,111,7,3629,ENSG00000010810 ENSG00000155511,FYN GRIA1
GO:BP,GO:1902950,regulation of dendritic spine maintenance,0.39510756705007966,False,1,111,1,3629,ENSG00000010810,FYN
GO:BP,GO:0050966,detection of mechanical stimulus involved in sensory perception of pain,0.39510756705007966,False,1,111,1,3629,ENSG00000010810,FYN
GO:BP,GO:0050974,detection of mechanical stimulus involved in sensory perception,0.39510756705007966,False,1,111,1,3629,ENSG00000010810,FYN
GO:BP,GO:1903409,reactive oxygen species biosynthetic process,0.39510756705007966,False,2,111,6,3629,ENSG00000010810 ENSG00000122986,FYN HVCN1
GO:BP,GO:0090522,vesicle tethering involved in exocytosis,0.39510756705007966,False,1,111,1,3629,ENSG00000131558,EXOC4
GO:BP,GO:0031987,locomotion involved in locomotory behavior,0.39510756705007966,False,1,111,1,3629,ENSG00000155511,GRIA1
GO:BP,GO:0007549,sex-chromosome dosage compensation,0.39510756705007966,False,1,111,1,3629,ENSG00000185619,PCGF3
GO:BP,GO:0031644,regulation of nervous system process,0.39510756705007966,False,2,111,8,3629,ENSG00000155511 ENSG00000120903,GRIA1 CHRNA2
GO:BP,GO:0019405,alditol catabolic process,0.39510756705007966,False,1,111,1,3629,ENSG00000111669,TPI1
GO:BP,GO:0010634,positive regulation of epithelial cell migration,0.39510756705007966,False,2,111,3,3629,ENSG00000103811 ENSG00000113070,CTSH HBEGF
GO:BP,GO:0010632,regulation of epithelial cell migration,0.39510756705007966,False,2,111,4,3629,ENSG00000103811 ENSG00000113070,CTSH HBEGF
GO:BP,GO:0060359,response to ammonium ion,0.39510756705007966,False,1,111,1,3629,ENSG00000155511,GRIA1
GO:BP,GO:0031509,subtelomeric heterochromatin formation,0.39510756705007966,False,1,111,1,3629,ENSG00000104885,DOT1L
GO:BP,GO:0060448,dichotomous subdivision of terminal units involved in lung branching,0.39510756705007966,False,1,111,1,3629,ENSG00000103811,CTSH
GO:BP,GO:1990416,cellular response to brain-derived neurotrophic factor stimulus,0.39510756705007966,False,1,111,1,3629,ENSG00000155511,GRIA1
GO:BP,GO:0060425,lung morphogenesis,0.39510756705007966,False,2,111,7,3629,ENSG00000103811 ENSG00000196182,CTSH STK40
GO:BP,GO:1990708,conditioned place preference,0.39510756705007966,False,1,111,1,3629,ENSG00000155511,GRIA1
GO:BP,GO:0010631,epithelial cell migration,0.39510756705007966,False,2,111,6,3629,ENSG00000103811 ENSG00000113070,CTSH HBEGF
GO:BP,GO:0051549,positive regulation of keratinocyte migration,0.39510756705007966,False,1,111,1,3629,ENSG00000113070,HBEGF
GO:BP,GO:0061041,regulation of wound healing,0.39510756705007966,False,2,111,9,3629,ENSG00000149131 ENSG00000113070,SERPING1 HBEGF
GO:BP,GO:0046174,polyol catabolic process,0.39510756705007966,False,1,111,1,3629,ENSG00000111669,TPI1
GO:BP,GO:0051451,myoblast migration,0.39510756705007966,False,1,111,1,3629,ENSG00000023902,PLEKHO1
GO:BP,GO:0098659,inorganic cation import across plasma membrane,0.39510756705007966,False,2,111,7,3629,ENSG00000162753 ENSG00000010810,SLC9C2 FYN
GO:BP,GO:0051497,negative regulation of stress fiber assembly,0.39510756705007966,False,1,111,1,3629,ENSG00000158106,RHPN1
GO:BP,GO:1902951,negative regulation of dendritic spine maintenance,0.39510756705007966,False,1,111,1,3629,ENSG00000010810,FYN
GO:BP,GO:2000756,regulation of peptidyl-lysine acetylation,0.39510756705007966,False,1,111,1,3629,ENSG00000066084,DIP2B
GO:BP,GO:1905664,regulation of calcium ion import across plasma membrane,0.39510756705007966,False,1,111,1,3629,ENSG00000010810,FYN
GO:BP,GO:2000758,positive regulation of peptidyl-lysine acetylation,0.39510756705007966,False,1,111,1,3629,ENSG00000066084,DIP2B
GO:BP,GO:0045471,response to ethanol,0.39510756705007966,False,2,111,8,3629,ENSG00000010810 ENSG00000155511,FYN GRIA1
GO:BP,GO:0050852,T cell receptor signaling pathway,0.4040325518352782,False,3,111,23,3629,ENSG00000010810 ENSG00000124557 ENSG00000115085,FYN BTN1A1 ZAP70
GO:MF,GO:0004867,serine-type endopeptidase inhibitor activity,0.411543568619068,False,1,111,9,3629,ENSG00000149131,SERPING1
GO:MF,GO:0015297,antiporter activity,0.411543568619068,False,1,111,9,3629,ENSG00000162753,SLC9C2
GO:MF,GO:0001540,amyloid-beta binding,0.411543568619068,False,1,111,9,3629,ENSG00000155511,GRIA1
GO:MF,GO:0098772,molecular function regulator activity,0.41625013421782087,False,7,111,167,3629,ENSG00000010810 ENSG00000103811 ENSG00000213654 ENSG00000035499 ENSG00000149131 ENSG00000221914 ENSG00000113070,FYN CTSH GPSM3 DEPDC1B SERPING1 PPP2R2A HBEGF
GO:MF,GO:1901363,heterocyclic compound binding,0.4223835523712267,False,8,111,197,3629,ENSG00000010810 ENSG00000112659 ENSG00000120903 ENSG00000237649 ENSG00000178093 ENSG00000196182 ENSG00000115085 ENSG00000171174,FYN CUL9 CHRNA2 KIFC1 TSSK6 STK40 ZAP70 RBKS
GO:BP,GO:0006811,monoatomic ion transport,0.42500522873516156,False,7,111,101,3629,ENSG00000162753 ENSG00000078795 ENSG00000010810 ENSG00000007402 ENSG00000122986 ENSG00000155511 ENSG00000120903,SLC9C2 PKD2L2 FYN CACNA2D2 HVCN1 GRIA1 CHRNA2
GO:MF,GO:0004197,cysteine-type endopeptidase activity,0.43094678425703725,False,1,111,10,3629,ENSG00000103811,CTSH
GO:MF,GO:0097367,carbohydrate derivative binding,0.43094678425703725,False,8,111,199,3629,ENSG00000010810 ENSG00000112659 ENSG00000237649 ENSG00000113070 ENSG00000178093 ENSG00000196182 ENSG00000115085 ENSG00000171174,FYN CUL9 KIFC1 HBEGF TSSK6 STK40 ZAP70 RBKS
GO:MF,GO:0051219,phosphoprotein binding,0.43094678425703725,False,1,111,10,3629,ENSG00000115085,ZAP70
GO:MF,GO:0016746,acyltransferase activity,0.43094678425703725,False,3,111,58,3629,ENSG00000112659 ENSG00000174579 ENSG00000185619,CUL9 MSL2 PCGF3
GO:MF,GO:0017076,purine nucleotide binding,0.43094678425703725,False,7,111,171,3629,ENSG00000010810 ENSG00000112659 ENSG00000237649 ENSG00000178093 ENSG00000196182 ENSG00000115085 ENSG00000171174,FYN CUL9 KIFC1 TSSK6 STK40 ZAP70 RBKS
GO:MF,GO:0016835,carbon-oxygen lyase activity,0.43094678425703725,False,1,111,10,3629,ENSG00000111669,TPI1
GO:CC,GO:0005786,"signal recognition particle, endoplasmic reticulum targeting",0.43637997595627326,False,1,111,2,3629,ENSG00000285486,ENSG00000285486
GO:CC,GO:0072487,MSL complex,0.43637997595627326,False,1,111,1,3629,ENSG00000174579,MSL2
GO:CC,GO:0097386,glial cell projection,0.43637997595627326,False,1,111,1,3629,ENSG00000010810,FYN
GO:CC,GO:0097208,alveolar lamellar body,0.43637997595627326,False,1,111,2,3629,ENSG00000103811,CTSH
GO:CC,GO:0000805,X chromosome,0.43637997595627326,False,1,111,1,3629,ENSG00000185619,PCGF3
GO:CC,GO:0048500,signal recognition particle,0.43637997595627326,False,1,111,2,3629,ENSG00000285486,ENSG00000285486
GO:CC,GO:0048786,presynaptic active zone,0.43637997595627326,False,2,111,6,3629,ENSG00000007402 ENSG00000155511,CACNA2D2 GRIA1
GO:CC,GO:0048787,presynaptic active zone membrane,0.43637997595627326,False,2,111,3,3629,ENSG00000007402 ENSG00000155511,CACNA2D2 GRIA1
GO:CC,GO:0097729,9+2 motile cilium,0.43637997595627326,False,3,111,21,3629,ENSG00000166118 ENSG00000122986 ENSG00000178093,SPATA19 HVCN1 TSSK6
GO:CC,GO:0097486,multivesicular body lumen,0.43637997595627326,False,1,111,2,3629,ENSG00000103811,CTSH
GO:CC,GO:0098878,neurotransmitter receptor complex,0.43637997595627326,False,2,111,8,3629,ENSG00000155511 ENSG00000120903,GRIA1 CHRNA2
GO:CC,GO:0044308,axonal spine,0.43637997595627326,False,1,111,1,3629,ENSG00000155511,GRIA1
GO:CC,GO:0044298,cell body membrane,0.43637997595627326,False,1,111,2,3629,ENSG00000155511,GRIA1
GO:CC,GO:0098802,plasma membrane signaling receptor complex,0.43637997595627326,False,3,111,19,3629,ENSG00000155511 ENSG00000120903 ENSG00000115085,GRIA1 CHRNA2 ZAP70
GO:CC,GO:0000145,exocyst,0.43637997595627326,False,1,111,1,3629,ENSG00000131558,EXOC4
GO:CC,GO:1902495,transmembrane transporter complex,0.43637997595627326,False,4,111,40,3629,ENSG00000007402 ENSG00000122986 ENSG00000155511 ENSG00000120903,CACNA2D2 HVCN1 GRIA1 CHRNA2
GO:CC,GO:1990635,proximal dendrite,0.43637997595627326,False,1,111,1,3629,ENSG00000155511,GRIA1
GO:CC,GO:0120025,plasma membrane bounded cell projection,0.43637997595627326,False,11,111,204,3629,ENSG00000131558 ENSG00000066084 ENSG00000166118 ENSG00000010810 ENSG00000122986 ENSG00000155511 ENSG00000023902 ENSG00000120903 ENSG00000157823 ENSG00000178093 ENSG00000168778,EXOC4 DIP2B SPATA19 FYN HVCN1 GRIA1 PLEKHO1 CHRNA2 AP3S2 TSSK6 TCTN2
GO:CC,GO:0034702,monoatomic ion channel complex,0.43637997595627326,False,4,111,27,3629,ENSG00000007402 ENSG00000122986 ENSG00000155511 ENSG00000120903,CACNA2D2 HVCN1 GRIA1 CHRNA2
GO:CC,GO:0099544,perisynaptic space,0.43637997595627326,False,1,111,1,3629,ENSG00000155511,GRIA1
GO:CC,GO:0032809,neuronal cell body membrane,0.43637997595627326,False,1,111,2,3629,ENSG00000155511,GRIA1
GO:CC,GO:0032584,growth cone membrane,0.43637997595627326,False,1,111,1,3629,ENSG00000131558,EXOC4
GO:CC,GO:0031011,Ino80 complex,0.43637997595627326,False,1,111,2,3629,ENSG00000169592,INO80E
GO:CC,GO:0035102,PRC1 complex,0.43637997595627326,False,1,111,2,3629,ENSG00000185619,PCGF3
GO:CC,GO:0036195,muscle cell projection membrane,0.43637997595627326,False,1,111,1,3629,ENSG00000023902,PLEKHO1
GO:CC,GO:0036194,muscle cell projection,0.43637997595627326,False,1,111,1,3629,ENSG00000023902,PLEKHO1
GO:CC,GO:0036126,sperm flagellum,0.43637997595627326,False,3,111,19,3629,ENSG00000166118 ENSG00000122986 ENSG00000178093,SPATA19 HVCN1 TSSK6
GO:CC,GO:0035748,myelin sheath abaxonal region,0.43637997595627326,False,1,111,2,3629,ENSG00000131558,EXOC4
GO:CC,GO:0120111,neuron projection cytoplasm,0.43637997595627326,False,2,111,12,3629,ENSG00000120903 ENSG00000157823,CHRNA2 AP3S2
GO:CC,GO:0042995,cell projection,0.43637997595627326,False,11,111,208,3629,ENSG00000131558 ENSG00000066084 ENSG00000166118 ENSG00000010810 ENSG00000122986 ENSG00000155511 ENSG00000023902 ENSG00000120903 ENSG00000157823 ENSG00000178093 ENSG00000168778,EXOC4 DIP2B SPATA19 FYN HVCN1 GRIA1 PLEKHO1 CHRNA2 AP3S2 TSSK6 TCTN2
GO:CC,GO:0042599,lamellar body,0.43637997595627326,False,1,111,2,3629,ENSG00000103811,CTSH
GO:CC,GO:0042734,presynaptic membrane,0.43637997595627326,False,2,111,13,3629,ENSG00000007402 ENSG00000155511,CACNA2D2 GRIA1
GO:CC,GO:0031906,late endosome lumen,0.43637997595627326,False,1,111,2,3629,ENSG00000103811,CTSH
GO:CC,GO:0031514,motile cilium,0.43637997595627326,False,3,111,24,3629,ENSG00000166118 ENSG00000122986 ENSG00000178093,SPATA19 HVCN1 TSSK6
GO:CC,GO:1990112,RQC complex,0.43637997595627326,False,1,111,1,3629,ENSG00000141002,TCF25
GO:CC,GO:1990351,transporter complex,0.43637997595627326,False,4,111,42,3629,ENSG00000007402 ENSG00000122986 ENSG00000155511 ENSG00000120903,CACNA2D2 HVCN1 GRIA1 CHRNA2
GO:CC,GO:0031253,cell projection membrane,0.43637997595627326,False,3,111,26,3629,ENSG00000155511 ENSG00000023902 ENSG00000168778,GRIA1 PLEKHO1 TCTN2
GO:CC,GO:0030666,endocytic vesicle membrane,0.438446979489717,False,3,111,30,3629,ENSG00000122986 ENSG00000155511 ENSG00000113070,HVCN1 GRIA1 HBEGF
GO:BP,GO:0098916,anterograde trans-synaptic signaling,0.4386119839940815,False,5,111,65,3629,ENSG00000131558 ENSG00000010810 ENSG00000007402 ENSG00000155511 ENSG00000120903,EXOC4 FYN CACNA2D2 GRIA1 CHRNA2
GO:BP,GO:0099537,trans-synaptic signaling,0.4386119839940815,False,5,111,65,3629,ENSG00000131558 ENSG00000010810 ENSG00000007402 ENSG00000155511 ENSG00000120903,EXOC4 FYN CACNA2D2 GRIA1 CHRNA2
GO:BP,GO:0043383,negative T cell selection,0.4386119839940815,False,1,111,2,3629,ENSG00000115085,ZAP70
GO:BP,GO:0043247,telomere maintenance in response to DNA damage,0.4386119839940815,False,1,111,2,3629,ENSG00000169592,INO80E
GO:BP,GO:0002920,regulation of humoral immune response,0.4386119839940815,False,1,111,2,3629,ENSG00000149131,SERPING1
GO:BP,GO:0060046,regulation of acrosome reaction,0.4386119839940815,False,1,111,2,3629,ENSG00000122986,HVCN1
GO:BP,GO:0090279,regulation of calcium ion import,0.4386119839940815,False,1,111,2,3629,ENSG00000010810,FYN
GO:BP,GO:0035654,"clathrin-coated vesicle cargo loading, AP-3-mediated",0.4386119839940815,False,1,111,2,3629,ENSG00000157823,AP3S2
GO:BP,GO:0035652,clathrin-coated vesicle cargo loading,0.4386119839940815,False,1,111,2,3629,ENSG00000157823,AP3S2
GO:BP,GO:0010226,response to lithium ion,0.4386119839940815,False,1,111,2,3629,ENSG00000155511,GRIA1
GO:BP,GO:0099022,vesicle tethering,0.4386119839940815,False,1,111,2,3629,ENSG00000131558,EXOC4
GO:BP,GO:0098655,monoatomic cation transmembrane transport,0.4386119839940815,False,5,111,68,3629,ENSG00000162753 ENSG00000078795 ENSG00000010810 ENSG00000007402 ENSG00000122986,SLC9C2 PKD2L2 FYN CACNA2D2 HVCN1
GO:BP,GO:0098719,sodium ion import across plasma membrane,0.4386119839940815,False,1,111,2,3629,ENSG00000162753,SLC9C2
GO:BP,GO:0098739,import across plasma membrane,0.4386119839940815,False,2,111,12,3629,ENSG00000162753 ENSG00000010810,SLC9C2 FYN
GO:BP,GO:0098828,modulation of inhibitory postsynaptic potential,0.4386119839940815,False,1,111,2,3629,ENSG00000120903,CHRNA2
GO:BP,GO:0051453,regulation of intracellular pH,0.4386119839940815,False,2,111,12,3629,ENSG00000162753 ENSG00000122986,SLC9C2 HVCN1
GO:BP,GO:0051547,regulation of keratinocyte migration,0.4386119839940815,False,1,111,2,3629,ENSG00000113070,HBEGF
GO:BP,GO:0051546,keratinocyte migration,0.4386119839940815,False,1,111,2,3629,ENSG00000113070,HBEGF
GO:BP,GO:0002921,negative regulation of humoral immune response,0.4386119839940815,False,1,111,2,3629,ENSG00000149131,SERPING1
GO:BP,GO:0097067,cellular response to thyroid hormone stimulus,0.4386119839940815,False,1,111,2,3629,ENSG00000103811,CTSH
GO:BP,GO:0007268,chemical synaptic transmission,0.4386119839940815,False,5,111,65,3629,ENSG00000131558 ENSG00000010810 ENSG00000007402 ENSG00000155511 ENSG00000120903,EXOC4 FYN CACNA2D2 GRIA1 CHRNA2
GO:BP,GO:1905430,cellular response to glycine,0.4386119839940815,False,1,111,2,3629,ENSG00000010810,FYN
GO:BP,GO:0016183,synaptic vesicle coating,0.4386119839940815,False,1,111,2,3629,ENSG00000157823,AP3S2
GO:BP,GO:0048339,paraxial mesoderm development,0.4386119839940815,False,1,111,2,3629,ENSG00000131558,EXOC4
GO:BP,GO:1905429,response to glycine,0.4386119839940815,False,1,111,2,3629,ENSG00000010810,FYN
GO:BP,GO:0016185,synaptic vesicle budding from presynaptic endocytic zone membrane,0.4386119839940815,False,1,111,2,3629,ENSG00000157823,AP3S2
GO:BP,GO:0010952,positive regulation of peptidase activity,0.4386119839940815,False,1,111,2,3629,ENSG00000103811,CTSH
GO:BP,GO:0001656,metanephros development,0.4386119839940815,False,1,111,2,3629,ENSG00000103811,CTSH
GO:BP,GO:1901985,positive regulation of protein acetylation,0.4386119839940815,False,1,111,2,3629,ENSG00000066084,DIP2B
GO:BP,GO:0038026,reelin-mediated signaling pathway,0.4386119839940815,False,1,111,2,3629,ENSG00000010810,FYN
GO:BP,GO:0060211,regulation of nuclear-transcribed mRNA poly(A) tail shortening,0.4386119839940815,False,1,111,2,3629,ENSG00000100354,TNRC6B
GO:BP,GO:0060213,positive regulation of nuclear-transcribed mRNA poly(A) tail shortening,0.4386119839940815,False,1,111,2,3629,ENSG00000100354,TNRC6B
GO:BP,GO:0060080,inhibitory postsynaptic potential,0.4386119839940815,False,1,111,2,3629,ENSG00000120903,CHRNA2
GO:BP,GO:0060155,platelet dense granule organization,0.4386119839940815,False,1,111,2,3629,ENSG00000157823,AP3S2
GO:BP,GO:1900449,regulation of glutamate receptor signaling pathway,0.4386119839940815,False,1,111,2,3629,ENSG00000010810,FYN
GO:BP,GO:1901679,nucleotide transmembrane transport,0.4386119839940815,False,1,111,2,3629,ENSG00000285982,ENSG00000285982
GO:BP,GO:0071294,cellular response to zinc ion,0.4386119839940815,False,1,111,2,3629,ENSG00000122986,HVCN1
GO:BP,GO:1900153,"positive regulation of nuclear-transcribed mRNA catabolic process, deadenylation-dependent decay",0.4386119839940815,False,1,111,2,3629,ENSG00000100354,TNRC6B
GO:BP,GO:0019682,glyceraldehyde-3-phosphate metabolic process,0.4386119839940815,False,1,111,2,3629,ENSG00000111669,TPI1
GO:BP,GO:0045060,negative thymic T cell selection,0.4386119839940815,False,1,111,2,3629,ENSG00000115085,ZAP70
GO:BP,GO:0006892,post-Golgi vesicle-mediated transport,0.4386119839940815,False,2,111,11,3629,ENSG00000131558 ENSG00000157823,EXOC4 AP3S2
GO:BP,GO:0060024,rhythmic synaptic transmission,0.4386119839940815,False,1,111,2,3629,ENSG00000007402,CACNA2D2
GO:BP,GO:1900017,positive regulation of cytokine production involved in inflammatory response,0.4386119839940815,False,1,111,2,3629,ENSG00000213654,GPSM3
GO:BP,GO:0008360,regulation of cell shape,0.4386119839940815,False,2,111,12,3629,ENSG00000010810 ENSG00000023902,FYN PLEKHO1
GO:BP,GO:0090313,regulation of protein targeting to membrane,0.4386119839940815,False,1,111,2,3629,ENSG00000010810,FYN
GO:BP,GO:0050851,antigen receptor-mediated signaling pathway,0.4386119839940815,False,3,111,25,3629,ENSG00000010810 ENSG00000124557 ENSG00000115085,FYN BTN1A1 ZAP70
GO:BP,GO:0090314,positive regulation of protein targeting to membrane,0.4386119839940815,False,1,111,2,3629,ENSG00000010810,FYN
GO:BP,GO:0035264,multicellular organism growth,0.4386119839940815,False,2,111,13,3629,ENSG00000007402 ENSG00000196182,CACNA2D2 STK40
GO:BP,GO:0035313,"wound healing, spreading of epidermal cells",0.4386119839940815,False,1,111,2,3629,ENSG00000113070,HBEGF
GO:BP,GO:0050808,synapse organization,0.4386119839940815,False,4,111,42,3629,ENSG00000173114 ENSG00000010810 ENSG00000007402 ENSG00000155511,LRRN3 FYN CACNA2D2 GRIA1
GO:BP,GO:0040017,positive regulation of locomotion,0.4386119839940815,False,4,111,48,3629,ENSG00000103811 ENSG00000213654 ENSG00000155511 ENSG00000113070,CTSH GPSM3 GRIA1 HBEGF
GO:BP,GO:0048870,cell motility,0.4386119839940815,False,8,111,131,3629,ENSG00000010810 ENSG00000103811 ENSG00000213654 ENSG00000035499 ENSG00000023902 ENSG00000113070 ENSG00000178093 ENSG00000115085,FYN CTSH GPSM3 DEPDC1B PLEKHO1 HBEGF TSSK6 ZAP70
GO:BP,GO:0038130,ERBB4 signaling pathway,0.4386119839940815,False,1,111,2,3629,ENSG00000113070,HBEGF
GO:BP,GO:1901983,regulation of protein acetylation,0.4386119839940815,False,1,111,2,3629,ENSG00000066084,DIP2B
GO:BP,GO:0006617,"SRP-dependent cotranslational protein targeting to membrane, signal sequence recognition",0.4386119839940815,False,1,111,2,3629,ENSG00000285486,ENSG00000285486
GO:BP,GO:0065008,regulation of biological quality,0.4386119839940815,False,12,111,228,3629,ENSG00000173114 ENSG00000162753 ENSG00000066084 ENSG00000100354 ENSG00000010810 ENSG00000103811 ENSG00000007402 ENSG00000122986 ENSG00000155511 ENSG00000149131 ENSG00000023902 ENSG00000120903,LRRN3 SLC9C2 DIP2B TNRC6B FYN CTSH CACNA2D2 HVCN1 GRIA1 SERPING1 PLEKHO1 CHRNA2
GO:BP,GO:0070142,synaptic vesicle budding,0.4386119839940815,False,1,111,2,3629,ENSG00000157823,AP3S2
GO:BP,GO:0006614,SRP-dependent cotranslational protein targeting to membrane,0.4386119839940815,False,1,111,2,3629,ENSG00000285486,ENSG00000285486
GO:BP,GO:2000677,regulation of transcription regulatory region DNA binding,0.4386119839940815,False,1,111,2,3629,ENSG00000104885,DOT1L
GO:BP,GO:2000377,regulation of reactive oxygen species metabolic process,0.4386119839940815,False,2,111,12,3629,ENSG00000010810 ENSG00000122986,FYN HVCN1
GO:BP,GO:0018108,peptidyl-tyrosine phosphorylation,0.4386119839940815,False,2,111,13,3629,ENSG00000010810 ENSG00000115085,FYN ZAP70
GO:BP,GO:0016477,cell migration,0.4386119839940815,False,7,111,115,3629,ENSG00000010810 ENSG00000103811 ENSG00000213654 ENSG00000035499 ENSG00000023902 ENSG00000113070 ENSG00000115085,FYN CTSH GPSM3 DEPDC1B PLEKHO1 HBEGF ZAP70
GO:BP,GO:0018212,peptidyl-tyrosine modification,0.4386119839940815,False,2,111,13,3629,ENSG00000010810 ENSG00000115085,FYN ZAP70
GO:BP,GO:0046166,glyceraldehyde-3-phosphate biosynthetic process,0.4386119839940815,False,1,111,2,3629,ENSG00000111669,TPI1
GO:BP,GO:0046164,alcohol catabolic process,0.4386119839940815,False,1,111,2,3629,ENSG00000111669,TPI1
GO:BP,GO:0009438,methylglyoxal metabolic process,0.4386119839940815,False,1,111,2,3629,ENSG00000111669,TPI1
GO:BP,GO:0060382,regulation of DNA strand elongation,0.4386119839940815,False,1,111,2,3629,ENSG00000169592,INO80E
GO:BP,GO:1903232,melanosome assembly,0.4386119839940815,False,1,111,2,3629,ENSG00000157823,AP3S2
GO:BP,GO:0043129,surfactant homeostasis,0.4386119839940815,False,1,111,2,3629,ENSG00000103811,CTSH
GO:BP,GO:0042743,hydrogen peroxide metabolic process,0.4386119839940815,False,1,111,2,3629,ENSG00000010810,FYN
GO:BP,GO:0006098,pentose-phosphate shunt,0.4386119839940815,False,1,111,2,3629,ENSG00000171174,RBKS
GO:BP,GO:1904507,positive regulation of telomere maintenance in response to DNA damage,0.4386119839940815,False,1,111,2,3629,ENSG00000169592,INO80E
GO:BP,GO:1904505,regulation of telomere maintenance in response to DNA damage,0.4386119839940815,False,1,111,2,3629,ENSG00000169592,INO80E
GO:BP,GO:1903533,regulation of protein targeting,0.4386119839940815,False,1,111,2,3629,ENSG00000010810,FYN
GO:BP,GO:0099536,synaptic signaling,0.44251140664697103,False,5,111,70,3629,ENSG00000131558 ENSG00000010810 ENSG00000007402 ENSG00000155511 ENSG00000120903,EXOC4 FYN CACNA2D2 GRIA1 CHRNA2
GO:BP,GO:0050900,leukocyte migration,0.44259274256749037,False,3,111,30,3629,ENSG00000010810 ENSG00000213654 ENSG00000115085,FYN GPSM3 ZAP70
GO:BP,GO:0070588,calcium ion transmembrane transport,0.44259274256749037,False,3,111,30,3629,ENSG00000078795 ENSG00000010810 ENSG00000007402,PKD2L2 FYN CACNA2D2
GO:BP,GO:2000369,regulation of clathrin-dependent endocytosis,0.44969827556842323,False,1,111,3,3629,ENSG00000128891,CCDC32
GO:BP,GO:1990858,cellular response to lectin,0.44969827556842323,False,1,111,3,3629,ENSG00000010810,FYN
GO:BP,GO:0010043,response to zinc ion,0.44969827556842323,False,1,111,3,3629,ENSG00000122986,HVCN1
GO:BP,GO:1905475,regulation of protein localization to membrane,0.44969827556842323,False,2,111,16,3629,ENSG00000010810 ENSG00000007402,FYN CACNA2D2
GO:BP,GO:1905146,lysosomal protein catabolic process,0.44969827556842323,False,1,111,3,3629,ENSG00000103811,CTSH
GO:BP,GO:1990840,response to lectin,0.44969827556842323,False,1,111,3,3629,ENSG00000010810,FYN
GO:BP,GO:0061621,canonical glycolysis,0.44969827556842323,False,1,111,3,3629,ENSG00000111669,TPI1
GO:BP,GO:0061718,glucose catabolic process to pyruvate,0.44969827556842323,False,1,111,3,3629,ENSG00000111669,TPI1
GO:BP,GO:0061620,glycolytic process through glucose-6-phosphate,0.44969827556842323,False,1,111,3,3629,ENSG00000111669,TPI1
GO:BP,GO:0042730,fibrinolysis,0.44969827556842323,False,1,111,3,3629,ENSG00000149131,SERPING1
GO:BP,GO:0006740,NADPH regeneration,0.44969827556842323,False,1,111,3,3629,ENSG00000171174,RBKS
GO:BP,GO:0006613,cotranslational protein targeting to membrane,0.44969827556842323,False,1,111,3,3629,ENSG00000285486,ENSG00000285486
GO:BP,GO:0038128,ERBB2 signaling pathway,0.44969827556842323,False,1,111,3,3629,ENSG00000113070,HBEGF
GO:BP,GO:0035459,vesicle cargo loading,0.44969827556842323,False,1,111,3,3629,ENSG00000157823,AP3S2
GO:BP,GO:0071316,cellular response to nicotine,0.44969827556842323,False,1,111,3,3629,ENSG00000120903,CHRNA2
GO:BP,GO:0006605,protein targeting,0.44969827556842323,False,2,111,16,3629,ENSG00000285486 ENSG00000010810,ENSG00000285486 FYN
GO:BP,GO:0006904,vesicle docking involved in exocytosis,0.44969827556842323,False,1,111,3,3629,ENSG00000131558,EXOC4
GO:BP,GO:0035092,sperm DNA condensation,0.44969827556842323,False,1,111,3,3629,ENSG00000178093,TSSK6
GO:BP,GO:0072673,lamellipodium morphogenesis,0.44969827556842323,False,1,111,3,3629,ENSG00000023902,PLEKHO1
GO:BP,GO:0006893,Golgi to plasma membrane transport,0.44969827556842323,False,1,111,3,3629,ENSG00000131558,EXOC4
GO:BP,GO:0072599,establishment of protein localization to endoplasmic reticulum,0.44969827556842323,False,1,111,3,3629,ENSG00000285486,ENSG00000285486
GO:BP,GO:0035278,miRNA-mediated gene silencing by inhibition of translation,0.44969827556842323,False,1,111,3,3629,ENSG00000100354,TNRC6B
GO:BP,GO:0007039,protein catabolic process in the vacuole,0.44969827556842323,False,1,111,3,3629,ENSG00000103811,CTSH
GO:BP,GO:0072344,rescue of stalled cytosolic ribosome,0.44969827556842323,False,1,111,3,3629,ENSG00000141002,TCF25
GO:BP,GO:0060079,excitatory postsynaptic potential,0.44969827556842323,False,2,111,15,3629,ENSG00000155511 ENSG00000120903,GRIA1 CHRNA2
GO:BP,GO:0038096,Fc-gamma receptor signaling pathway involved in phagocytosis,0.44969827556842323,False,1,111,3,3629,ENSG00000010810,FYN
GO:BP,GO:0060322,head development,0.44969827556842323,False,4,111,52,3629,ENSG00000128891 ENSG00000010810 ENSG00000155511 ENSG00000187266,CCDC32 FYN GRIA1 EPOR
GO:BP,GO:0007216,G protein-coupled glutamate receptor signaling pathway,0.44969827556842323,False,1,111,3,3629,ENSG00000010810,FYN
GO:BP,GO:0097066,response to thyroid hormone,0.44969827556842323,False,1,111,3,3629,ENSG00000103811,CTSH
GO:BP,GO:0097305,response to alcohol,0.44969827556842323,False,2,111,14,3629,ENSG00000010810 ENSG00000155511,FYN GRIA1
GO:BP,GO:0006007,glucose catabolic process,0.44969827556842323,False,1,111,3,3629,ENSG00000111669,TPI1
GO:BP,GO:0090303,positive regulation of wound healing,0.44969827556842323,False,1,111,3,3629,ENSG00000113070,HBEGF
GO:BP,GO:0051239,regulation of multicellular organismal process,0.44969827556842323,False,13,111,277,3629,ENSG00000173114 ENSG00000169592 ENSG00000066084 ENSG00000010810 ENSG00000103811 ENSG00000007402 ENSG00000213654 ENSG00000155511 ENSG00000124557 ENSG00000149131 ENSG00000120903 ENSG00000113070 ENSG00000115085,LRRN3 INO80E DIP2B FYN CTSH CACNA2D2 GPSM3 GRIA1 BTN1A1 SERPING1 CHRNA2 HBEGF ZAP70
GO:BP,GO:0051156,glucose 6-phosphate metabolic process,0.44969827556842323,False,1,111,3,3629,ENSG00000171174,RBKS
GO:BP,GO:0098703,calcium ion import across plasma membrane,0.44969827556842323,False,1,111,3,3629,ENSG00000010810,FYN
GO:BP,GO:0030641,regulation of cellular pH,0.44969827556842323,False,2,111,14,3629,ENSG00000162753 ENSG00000122986,SLC9C2 HVCN1
GO:BP,GO:0003016,respiratory system process,0.44969827556842323,False,1,111,3,3629,ENSG00000196182,STK40
GO:BP,GO:0007289,spermatid nucleus differentiation,0.44969827556842323,False,1,111,3,3629,ENSG00000178093,TSSK6
GO:BP,GO:0099565,"chemical synaptic transmission, postsynaptic",0.44969827556842323,False,2,111,15,3629,ENSG00000155511 ENSG00000120903,GRIA1 CHRNA2
GO:BP,GO:0002223,stimulatory C-type lectin receptor signaling pathway,0.44969827556842323,False,1,111,3,3629,ENSG00000010810,FYN
GO:BP,GO:0019751,polyol metabolic process,0.44969827556842323,False,1,111,3,3629,ENSG00000111669,TPI1
GO:BP,GO:0022616,DNA strand elongation,0.44969827556842323,False,1,111,3,3629,ENSG00000169592,INO80E
GO:BP,GO:1900151,"regulation of nuclear-transcribed mRNA catabolic process, deadenylation-dependent decay",0.44969827556842323,False,1,111,3,3629,ENSG00000100354,TNRC6B
GO:BP,GO:0007612,learning,0.44969827556842323,False,2,111,15,3629,ENSG00000010810 ENSG00000155511,FYN GRIA1
GO:BP,GO:0002431,Fc receptor mediated stimulatory signaling pathway,0.44969827556842323,False,1,111,3,3629,ENSG00000010810,FYN
GO:BP,GO:0045059,positive thymic T cell selection,0.44969827556842323,False,1,111,3,3629,ENSG00000115085,ZAP70
GO:BP,GO:0051101,regulation of DNA binding,0.44969827556842323,False,1,111,3,3629,ENSG00000104885,DOT1L
GO:BP,GO:0045047,protein targeting to ER,0.44969827556842323,False,1,111,3,3629,ENSG00000285486,ENSG00000285486
GO:BP,GO:0031396,regulation of protein ubiquitination,0.44969827556842323,False,2,111,15,3629,ENSG00000010810 ENSG00000141002,FYN TCF25
GO:BP,GO:0032438,melanosome organization,0.44969827556842323,False,1,111,3,3629,ENSG00000157823,AP3S2
GO:BP,GO:0032232,negative regulation of actin filament bundle assembly,0.44969827556842323,False,1,111,3,3629,ENSG00000158106,RHPN1
GO:BP,GO:0098657,import into cell,0.44969827556842323,False,5,111,77,3629,ENSG00000128891 ENSG00000162753 ENSG00000010810 ENSG00000155511 ENSG00000157823,CCDC32 SLC9C2 FYN GRIA1 AP3S2
GO:BP,GO:0099505,regulation of presynaptic membrane potential,0.44969827556842323,False,1,111,3,3629,ENSG00000155511,GRIA1
GO:BP,GO:0099514,synaptic vesicle cytoskeletal transport,0.44969827556842323,False,1,111,3,3629,ENSG00000157823,AP3S2
GO:BP,GO:0099517,synaptic vesicle transport along microtubule,0.44969827556842323,False,1,111,3,3629,ENSG00000157823,AP3S2
GO:BP,GO:1902600,proton transmembrane transport,0.44969827556842323,False,2,111,15,3629,ENSG00000162753 ENSG00000122986,SLC9C2 HVCN1
GO:BP,GO:1903427,negative regulation of reactive oxygen species biosynthetic process,0.44969827556842323,False,1,111,3,3629,ENSG00000010810,FYN
GO:BP,GO:0001919,regulation of receptor recycling,0.44969827556842323,False,1,111,3,3629,ENSG00000155511,GRIA1
GO:BP,GO:0016311,dephosphorylation,0.44969827556842323,False,2,111,16,3629,ENSG00000221914 ENSG00000147535,PPP2R2A PLPP5
GO:BP,GO:0016310,phosphorylation,0.44969827556842323,False,5,111,76,3629,ENSG00000010810 ENSG00000178093 ENSG00000196182 ENSG00000115085 ENSG00000171174,FYN TSSK6 STK40 ZAP70 RBKS
GO:BP,GO:1903034,regulation of response to wounding,0.44969827556842323,False,2,111,14,3629,ENSG00000149131 ENSG00000113070,SERPING1 HBEGF
GO:BP,GO:0046697,decidualization,0.44969827556842323,False,1,111,3,3629,ENSG00000187266,EPOR
GO:BP,GO:0048520,positive regulation of behavior,0.44969827556842323,False,1,111,3,3629,ENSG00000155511,GRIA1
GO:BP,GO:0001867,"complement activation, lectin pathway",0.44969827556842323,False,1,111,3,3629,ENSG00000149131,SERPING1
GO:BP,GO:1904646,cellular response to amyloid-beta,0.44969827556842323,False,1,111,3,3629,ENSG00000010810,FYN
GO:BP,GO:1904645,response to amyloid-beta,0.44969827556842323,False,1,111,3,3629,ENSG00000010810,FYN
GO:BP,GO:1904491,protein localization to ciliary transition zone,0.44969827556842323,False,1,111,3,3629,ENSG00000168778,TCTN2
GO:BP,GO:0048490,anterograde synaptic vesicle transport,0.44969827556842323,False,1,111,3,3629,ENSG00000157823,AP3S2
GO:BP,GO:0048753,pigment granule organization,0.44969827556842323,False,1,111,3,3629,ENSG00000157823,AP3S2
GO:BP,GO:0009612,response to mechanical stimulus,0.44969827556842323,False,2,111,15,3629,ENSG00000078795 ENSG00000010810,PKD2L2 FYN
GO:BP,GO:1902656,calcium ion import into cytosol,0.44969827556842323,False,1,111,3,3629,ENSG00000010810,FYN
GO:BP,GO:0014075,response to amine,0.44969827556842323,False,1,111,3,3629,ENSG00000155511,GRIA1
GO:BP,GO:0002429,immune response-activating cell surface receptor signaling pathway,0.4525926921932478,False,3,111,35,3629,ENSG00000010810 ENSG00000124557 ENSG00000115085,FYN BTN1A1 ZAP70
GO:BP,GO:0051650,establishment of vesicle localization,0.454497997900955,False,2,111,17,3629,ENSG00000131558 ENSG00000157823,EXOC4 AP3S2
GO:BP,GO:0007416,synapse assembly,0.454497997900955,False,2,111,17,3629,ENSG00000173114 ENSG00000155511,LRRN3 GRIA1
GO:BP,GO:0060078,regulation of postsynaptic membrane potential,0.454497997900955,False,2,111,17,3629,ENSG00000155511 ENSG00000120903,GRIA1 CHRNA2
GO:BP,GO:0072593,reactive oxygen species metabolic process,0.454497997900955,False,2,111,17,3629,ENSG00000010810 ENSG00000122986,FYN HVCN1
GO:BP,GO:0030323,respiratory tube development,0.454497997900955,False,2,111,17,3629,ENSG00000103811 ENSG00000196182,CTSH STK40
GO:BP,GO:0016052,carbohydrate catabolic process,0.454497997900955,False,2,111,17,3629,ENSG00000111669 ENSG00000171174,TPI1 RBKS
GO:BP,GO:0006885,regulation of pH,0.454497997900955,False,2,111,17,3629,ENSG00000162753 ENSG00000122986,SLC9C2 HVCN1
GO:BP,GO:0030324,lung development,0.454497997900955,False,2,111,17,3629,ENSG00000103811 ENSG00000196182,CTSH STK40
GO:BP,GO:0003015,heart process,0.454497997900955,False,2,111,17,3629,ENSG00000010810 ENSG00000113070,FYN HBEGF
GO:MF,GO:0044325,transmembrane transporter binding,0.4547168216702972,False,1,111,11,3629,ENSG00000010810,FYN
GO:MF,GO:0003777,microtubule motor activity,0.4547168216702972,False,1,111,11,3629,ENSG00000237649,KIFC1
GO:MF,GO:0016278,lysine N-methyltransferase activity,0.4547168216702972,False,1,111,11,3629,ENSG00000104885,DOT1L
GO:MF,GO:0008238,exopeptidase activity,0.4547168216702972,False,1,111,11,3629,ENSG00000103811,CTSH
GO:MF,GO:0016279,protein-lysine N-methyltransferase activity,0.4547168216702972,False,1,111,11,3629,ENSG00000104885,DOT1L
GO:CC,GO:0031256,leading edge membrane,0.4563540556005726,False,2,111,14,3629,ENSG00000155511 ENSG00000023902,GRIA1 PLEKHO1
GO:CC,GO:0030424,axon,0.45872592220792685,False,4,111,54,3629,ENSG00000131558 ENSG00000066084 ENSG00000155511 ENSG00000157823,EXOC4 DIP2B GRIA1 AP3S2
GO:CC,GO:0042101,T cell receptor complex,0.45872592220792685,False,1,111,3,3629,ENSG00000115085,ZAP70
GO:CC,GO:0031904,endosome lumen,0.45872592220792685,False,1,111,3,3629,ENSG00000103811,CTSH
GO:CC,GO:0036038,MKS complex,0.45872592220792685,False,1,111,3,3629,ENSG00000168778,TCTN2
GO:CC,GO:0000159,protein phosphatase type 2A complex,0.45872592220792685,False,1,111,3,3629,ENSG00000221914,PPP2R2A
GO:CC,GO:0097545,axonemal doublet microtubule,0.45872592220792685,False,1,111,3,3629,ENSG00000178093,TSSK6
GO:CC,GO:0043209,myelin sheath,0.45872592220792685,False,1,111,3,3629,ENSG00000131558,EXOC4
GO:CC,GO:0043235,receptor complex,0.45872592220792685,False,3,111,33,3629,ENSG00000155511 ENSG00000120903 ENSG00000115085,GRIA1 CHRNA2 ZAP70
GO:CC,GO:0043198,dendritic shaft,0.45872592220792685,False,1,111,3,3629,ENSG00000155511,GRIA1
GO:CC,GO:0160110,axonemal microtubule doublet inner sheath,0.45872592220792685,False,1,111,3,3629,ENSG00000178093,TSSK6
GO:CC,GO:0032281,AMPA glutamate receptor complex,0.45872592220792685,False,1,111,3,3629,ENSG00000155511,GRIA1
GO:CC,GO:0032591,dendritic spine membrane,0.45872592220792685,False,1,111,3,3629,ENSG00000155511,GRIA1
GO:CC,GO:0043204,perikaryon,0.45872592220792685,False,2,111,15,3629,ENSG00000066084 ENSG00000010810,DIP2B FYN
GO:BP,GO:0034330,cell junction organization,0.4605060863533122,False,4,111,57,3629,ENSG00000173114 ENSG00000010810 ENSG00000007402 ENSG00000155511,LRRN3 FYN CACNA2D2 GRIA1
GO:BP,GO:0030517,negative regulation of axon extension,0.46563189993972376,False,1,111,4,3629,ENSG00000066084,DIP2B
GO:BP,GO:0002862,negative regulation of inflammatory response to antigenic stimulus,0.46563189993972376,False,1,111,4,3629,ENSG00000010810,FYN
GO:BP,GO:0090148,membrane fission,0.46563189993972376,False,1,111,4,3629,ENSG00000131558,EXOC4
GO:BP,GO:0002768,immune response-regulating cell surface receptor signaling pathway,0.46563189993972376,False,3,111,38,3629,ENSG00000010810 ENSG00000124557 ENSG00000115085,FYN BTN1A1 ZAP70
GO:BP,GO:0019228,neuronal action potential,0.46563189993972376,False,1,111,4,3629,ENSG00000155511,GRIA1
GO:BP,GO:0045061,thymic T cell selection,0.46563189993972376,False,1,111,4,3629,ENSG00000115085,ZAP70
GO:BP,GO:0007340,acrosome reaction,0.46563189993972376,False,1,111,4,3629,ENSG00000122986,HVCN1
GO:BP,GO:0035235,ionotropic glutamate receptor signaling pathway,0.46563189993972376,False,1,111,4,3629,ENSG00000155511,GRIA1
GO:BP,GO:0051602,response to electrical stimulus,0.46563189993972376,False,1,111,4,3629,ENSG00000155511,GRIA1
GO:BP,GO:0032790,ribosome disassembly,0.46563189993972376,False,1,111,4,3629,ENSG00000141002,TCF25
GO:BP,GO:0043171,peptide catabolic process,0.46563189993972376,False,1,111,4,3629,ENSG00000103811,CTSH
GO:BP,GO:0042220,response to cocaine,0.46563189993972376,False,1,111,4,3629,ENSG00000155511,GRIA1
GO:BP,GO:0006739,NADP+ metabolic process,0.46563189993972376,False,1,111,4,3629,ENSG00000171174,RBKS
GO:BP,GO:0060541,respiratory system development,0.46563189993972376,False,2,111,18,3629,ENSG00000103811 ENSG00000196182,CTSH STK40
GO:BP,GO:2000378,negative regulation of reactive oxygen species metabolic process,0.46563189993972376,False,1,111,4,3629,ENSG00000010810,FYN
GO:BP,GO:0061615,glycolytic process through fructose-6-phosphate,0.46563189993972376,False,1,111,4,3629,ENSG00000111669,TPI1
GO:BP,GO:0060441,epithelial tube branching involved in lung morphogenesis,0.46563189993972376,False,1,111,4,3629,ENSG00000103811,CTSH
GO:BP,GO:0007018,microtubule-based movement,0.46563189993972376,False,3,111,37,3629,ENSG00000157823 ENSG00000237649 ENSG00000178093,AP3S2 KIFC1 TSSK6
GO:BP,GO:0060142,regulation of syncytium formation by plasma membrane fusion,0.46563189993972376,False,1,111,4,3629,ENSG00000023902,PLEKHO1
GO:BP,GO:0006862,nucleotide transport,0.46563189993972376,False,1,111,4,3629,ENSG00000285982,ENSG00000285982
GO:BP,GO:0006513,protein monoubiquitination,0.46563189993972376,False,1,111,4,3629,ENSG00000174579,MSL2
GO:BP,GO:0006812,monoatomic cation transport,0.46563189993972376,False,5,111,85,3629,ENSG00000162753 ENSG00000078795 ENSG00000010810 ENSG00000007402 ENSG00000122986,SLC9C2 PKD2L2 FYN CACNA2D2 HVCN1
GO:BP,GO:0038094,Fc-gamma receptor signaling pathway,0.46563189993972376,False,1,111,4,3629,ENSG00000010810,FYN
GO:BP,GO:0036211,protein modification process,0.46563189993972376,False,9,111,185,3629,ENSG00000066084 ENSG00000010810 ENSG00000112659 ENSG00000141002 ENSG00000174579 ENSG00000221914 ENSG00000178093 ENSG00000196182 ENSG00000115085,DIP2B FYN CUL9 TCF25 MSL2 PPP2R2A TSSK6 STK40 ZAP70
GO:BP,GO:0060135,maternal process involved in female pregnancy,0.46563189993972376,False,1,111,4,3629,ENSG00000187266,EPOR
GO:BP,GO:0071467,cellular response to pH,0.46563189993972376,False,1,111,4,3629,ENSG00000122986,HVCN1
GO:BP,GO:1990090,cellular response to nerve growth factor stimulus,0.46563189993972376,False,1,111,4,3629,ENSG00000155511,GRIA1
GO:BP,GO:1990089,response to nerve growth factor,0.46563189993972376,False,1,111,4,3629,ENSG00000155511,GRIA1
GO:BP,GO:0048278,vesicle docking,0.46563189993972376,False,1,111,4,3629,ENSG00000131558,EXOC4
GO:BP,GO:0000289,nuclear-transcribed mRNA poly(A) tail shortening,0.46563189993972376,False,1,111,4,3629,ENSG00000100354,TNRC6B
GO:BP,GO:0046633,alpha-beta T cell proliferation,0.46563189993972376,False,1,111,4,3629,ENSG00000115085,ZAP70
GO:BP,GO:0001893,maternal placenta development,0.46563189993972376,False,1,111,4,3629,ENSG00000187266,EPOR
GO:BP,GO:0051648,vesicle localization,0.46563189993972376,False,2,111,19,3629,ENSG00000131558 ENSG00000157823,EXOC4 AP3S2
GO:BP,GO:0046641,positive regulation of alpha-beta T cell proliferation,0.46563189993972376,False,1,111,4,3629,ENSG00000115085,ZAP70
GO:BP,GO:0099633,protein localization to postsynaptic specialization membrane,0.46563189993972376,False,1,111,4,3629,ENSG00000007402,CACNA2D2
GO:BP,GO:0099645,neurotransmitter receptor localization to postsynaptic specialization membrane,0.46563189993972376,False,1,111,4,3629,ENSG00000007402,CACNA2D2
GO:BP,GO:0046184,aldehyde biosynthetic process,0.46563189993972376,False,1,111,4,3629,ENSG00000111669,TPI1
GO:BP,GO:1902176,negative regulation of oxidative stress-induced intrinsic apoptotic signaling pathway,0.46563189993972376,False,1,111,4,3629,ENSG00000010810,FYN
GO:BP,GO:0002182,cytoplasmic translational elongation,0.46563189993972376,False,1,111,4,3629,ENSG00000141002,TCF25
GO:BP,GO:0002250,adaptive immune response,0.46563189993972376,False,4,111,61,3629,ENSG00000010810 ENSG00000103811 ENSG00000149131 ENSG00000115085,FYN CTSH SERPING1 ZAP70
GO:BP,GO:0019722,calcium-mediated signaling,0.46563189993972376,False,2,111,19,3629,ENSG00000155511 ENSG00000115085,GRIA1 ZAP70
GO:BP,GO:0140719,constitutive heterochromatin formation,0.46563189993972376,False,1,111,4,3629,ENSG00000104885,DOT1L
GO:BP,GO:0003013,circulatory system process,0.46563189993972376,False,3,111,38,3629,ENSG00000010810 ENSG00000149131 ENSG00000113070,FYN SERPING1 HBEGF
GO:BP,GO:0007271,"synaptic transmission, cholinergic",0.46563189993972376,False,1,111,4,3629,ENSG00000120903,CHRNA2
GO:BP,GO:0098696,regulation of neurotransmitter receptor localization to postsynaptic specialization membrane,0.46563189993972376,False,1,111,4,3629,ENSG00000007402,CACNA2D2
GO:BP,GO:0002764,immune response-regulating signaling pathway,0.46563189993972376,False,4,111,61,3629,ENSG00000010810 ENSG00000103811 ENSG00000124557 ENSG00000115085,FYN CTSH BTN1A1 ZAP70
GO:BP,GO:0006091,generation of precursor metabolites and energy,0.46563189993972376,False,3,111,39,3629,ENSG00000111669 ENSG00000196182 ENSG00000171174,TPI1 STK40 RBKS
GO:BP,GO:0051668,localization within membrane,0.46563189993972376,False,4,111,61,3629,ENSG00000131558 ENSG00000285486 ENSG00000010810 ENSG00000007402,EXOC4 ENSG00000285486 FYN CACNA2D2
GO:BP,GO:1901739,regulation of myoblast fusion,0.46563189993972376,False,1,111,4,3629,ENSG00000023902,PLEKHO1
GO:BP,GO:0046677,response to antibiotic,0.46563189993972376,False,1,111,4,3629,ENSG00000155511,GRIA1
GO:BP,GO:0048013,ephrin receptor signaling pathway,0.46563189993972376,False,1,111,4,3629,ENSG00000010810,FYN
GO:BP,GO:1903320,regulation of protein modification by small protein conjugation or removal,0.46563189993972376,False,2,111,18,3629,ENSG00000010810 ENSG00000141002,FYN TCF25
GO:BP,GO:0046839,phospholipid dephosphorylation,0.46563189993972376,False,1,111,4,3629,ENSG00000147535,PLPP5
GO:BP,GO:0001667,ameboidal-type cell migration,0.46563189993972376,False,2,111,18,3629,ENSG00000103811 ENSG00000113070,CTSH HBEGF
GO:BP,GO:0046640,regulation of alpha-beta T cell proliferation,0.46563189993972376,False,1,111,4,3629,ENSG00000115085,ZAP70
GO:BP,GO:1901873,regulation of post-translational protein modification,0.46563189993972376,False,2,111,18,3629,ENSG00000010810 ENSG00000141002,FYN TCF25
GO:MF,GO:0008092,cytoskeletal protein binding,0.4702570933329692,False,4,111,91,3629,ENSG00000066084 ENSG00000010810 ENSG00000155511 ENSG00000237649,DIP2B FYN GRIA1 KIFC1
GO:MF,GO:0140677,molecular function activator activity,0.4702570933329692,False,4,111,91,3629,ENSG00000010810 ENSG00000103811 ENSG00000035499 ENSG00000113070,FYN CTSH DEPDC1B HBEGF
GO:MF,GO:0004866,endopeptidase inhibitor activity,0.4762415269598664,False,1,111,12,3629,ENSG00000149131,SERPING1
GO:MF,GO:0042054,histone methyltransferase activity,0.4762415269598664,False,1,111,12,3629,ENSG00000104885,DOT1L
GO:MF,GO:0008083,growth factor activity,0.4762415269598664,False,1,111,12,3629,ENSG00000113070,HBEGF
GO:CC,GO:0043005,neuron projection,0.48161184470655166,False,6,111,104,3629,ENSG00000131558 ENSG00000066084 ENSG00000010810 ENSG00000155511 ENSG00000120903 ENSG00000157823,EXOC4 DIP2B FYN GRIA1 CHRNA2 AP3S2
GO:CC,GO:0097060,synaptic membrane,0.48161184470655166,False,3,111,36,3629,ENSG00000007402 ENSG00000155511 ENSG00000120903,CACNA2D2 GRIA1 CHRNA2
GO:BP,GO:0006816,calcium ion transport,0.48358015791073716,False,3,111,40,3629,ENSG00000078795 ENSG00000010810 ENSG00000007402,PKD2L2 FYN CACNA2D2
GO:BP,GO:0006793,phosphorus metabolic process,0.4859297678582481,False,8,111,163,3629,ENSG00000010810 ENSG00000221914 ENSG00000111669 ENSG00000178093 ENSG00000196182 ENSG00000147535 ENSG00000115085 ENSG00000171174,FYN PPP2R2A TPI1 TSSK6 STK40 PLPP5 ZAP70 RBKS
GO:BP,GO:0006796,phosphate-containing compound metabolic process,0.4859297678582481,False,8,111,163,3629,ENSG00000010810 ENSG00000221914 ENSG00000111669 ENSG00000178093 ENSG00000196182 ENSG00000147535 ENSG00000115085 ENSG00000171174,FYN PPP2R2A TPI1 TSSK6 STK40 PLPP5 ZAP70 RBKS
GO:BP,GO:0046496,nicotinamide nucleotide metabolic process,0.4859297678582481,False,2,111,20,3629,ENSG00000111669 ENSG00000171174,TPI1 RBKS
GO:BP,GO:0016567,protein ubiquitination,0.49076265186413254,False,4,111,63,3629,ENSG00000010810 ENSG00000112659 ENSG00000141002 ENSG00000174579,FYN CUL9 TCF25 MSL2
GO:BP,GO:0050777,negative regulation of immune response,0.4925604616507189,False,2,111,22,3629,ENSG00000010810 ENSG00000149131,FYN SERPING1
GO:BP,GO:0046622,positive regulation of organ growth,0.4925604616507189,False,1,111,5,3629,ENSG00000007402,CACNA2D2
GO:BP,GO:0048286,lung alveolus development,0.4925604616507189,False,1,111,5,3629,ENSG00000196182,STK40
GO:BP,GO:0046620,regulation of organ growth,0.4925604616507189,False,1,111,5,3629,ENSG00000007402,CACNA2D2
GO:BP,GO:0018394,peptidyl-lysine acetylation,0.4925604616507189,False,1,111,5,3629,ENSG00000066084,DIP2B
GO:BP,GO:1902175,regulation of oxidative stress-induced intrinsic apoptotic signaling pathway,0.4925604616507189,False,1,111,5,3629,ENSG00000010810,FYN
GO:BP,GO:0050807,regulation of synapse organization,0.4925604616507189,False,2,111,21,3629,ENSG00000173114 ENSG00000010810,LRRN3 FYN
GO:BP,GO:0050795,regulation of behavior,0.4925604616507189,False,1,111,5,3629,ENSG00000155511,GRIA1
GO:BP,GO:0002534,cytokine production involved in inflammatory response,0.4925604616507189,False,1,111,5,3629,ENSG00000213654,GPSM3
GO:BP,GO:0045927,positive regulation of growth,0.4925604616507189,False,2,111,22,3629,ENSG00000007402 ENSG00000113070,CACNA2D2 HBEGF
GO:BP,GO:0019320,hexose catabolic process,0.4925604616507189,False,1,111,5,3629,ENSG00000111669,TPI1
GO:BP,GO:1900015,regulation of cytokine production involved in inflammatory response,0.4925604616507189,False,1,111,5,3629,ENSG00000213654,GPSM3
GO:BP,GO:0050803,regulation of synapse structure or activity,0.4925604616507189,False,2,111,22,3629,ENSG00000173114 ENSG00000010810,LRRN3 FYN
GO:BP,GO:0051246,regulation of protein metabolic process,0.4925604616507189,False,6,111,116,3629,ENSG00000066084 ENSG00000100354 ENSG00000010810 ENSG00000103811 ENSG00000082153 ENSG00000141002,DIP2B TNRC6B FYN CTSH BZW1 TCF25
GO:BP,GO:0140056,organelle localization by membrane tethering,0.4925604616507189,False,1,111,5,3629,ENSG00000131558,EXOC4
GO:BP,GO:0021510,spinal cord development,0.4925604616507189,False,1,111,5,3629,ENSG00000155511,GRIA1
GO:BP,GO:0044042,glucan metabolic process,0.4925604616507189,False,1,111,5,3629,ENSG00000196182,STK40
GO:BP,GO:0051492,regulation of stress fiber assembly,0.4925604616507189,False,1,111,5,3629,ENSG00000158106,RHPN1
GO:BP,GO:0042181,ketone biosynthetic process,0.4925604616507189,False,1,111,5,3629,ENSG00000111669,TPI1
GO:BP,GO:0040014,regulation of multicellular organism growth,0.4925604616507189,False,1,111,5,3629,ENSG00000007402,CACNA2D2
GO:BP,GO:0060326,cell chemotaxis,0.4925604616507189,False,2,111,21,3629,ENSG00000213654 ENSG00000113070,GPSM3 HBEGF
GO:BP,GO:0052547,regulation of peptidase activity,0.4925604616507189,False,1,111,5,3629,ENSG00000103811,CTSH
GO:BP,GO:0022604,regulation of cell morphogenesis,0.4925604616507189,False,2,111,22,3629,ENSG00000010810 ENSG00000023902,FYN PLEKHO1
GO:BP,GO:0022406,membrane docking,0.4925604616507189,False,1,111,5,3629,ENSG00000131558,EXOC4
GO:BP,GO:0044319,"wound healing, spreading of cells",0.4925604616507189,False,1,111,5,3629,ENSG00000113070,HBEGF
GO:BP,GO:0044057,regulation of system process,0.4925604616507189,False,3,111,42,3629,ENSG00000155511 ENSG00000120903 ENSG00000113070,GRIA1 CHRNA2 HBEGF
GO:BP,GO:0005977,glycogen metabolic process,0.4925604616507189,False,1,111,5,3629,ENSG00000196182,STK40
GO:BP,GO:0031638,zymogen activation,0.4925604616507189,False,1,111,5,3629,ENSG00000103811,CTSH
GO:BP,GO:0034765,regulation of monoatomic ion transmembrane transport,0.4925604616507189,False,2,111,21,3629,ENSG00000010810 ENSG00000155511,FYN GRIA1
GO:BP,GO:0036120,cellular response to platelet-derived growth factor stimulus,0.4925604616507189,False,1,111,5,3629,ENSG00000010810,FYN
GO:BP,GO:0031648,protein destabilization,0.4925604616507189,False,1,111,5,3629,ENSG00000103811,CTSH
GO:BP,GO:0071806,protein transmembrane transport,0.4925604616507189,False,1,111,5,3629,ENSG00000131558,EXOC4
GO:BP,GO:0090505,epiboly involved in wound healing,0.4925604616507189,False,1,111,5,3629,ENSG00000113070,HBEGF
GO:BP,GO:0090504,epiboly,0.4925604616507189,False,1,111,5,3629,ENSG00000113070,HBEGF
GO:BP,GO:0048266,behavioral response to pain,0.4925604616507189,False,1,111,5,3629,ENSG00000155511,GRIA1
GO:BP,GO:0048640,negative regulation of developmental growth,0.4925604616507189,False,1,111,5,3629,ENSG00000066084,DIP2B
GO:BP,GO:0072524,pyridine-containing compound metabolic process,0.4925604616507189,False,2,111,21,3629,ENSG00000111669 ENSG00000171174,TPI1 RBKS
GO:BP,GO:0090150,establishment of protein localization to membrane,0.4925604616507189,False,2,111,21,3629,ENSG00000285486 ENSG00000010810,ENSG00000285486 FYN
GO:BP,GO:0071359,cellular response to dsRNA,0.4925604616507189,False,1,111,5,3629,ENSG00000155511,GRIA1
GO:BP,GO:0006896,Golgi to vacuole transport,0.4925604616507189,False,1,111,5,3629,ENSG00000157823,AP3S2
GO:BP,GO:0006897,endocytosis,0.4925604616507189,False,4,111,66,3629,ENSG00000128891 ENSG00000010810 ENSG00000155511 ENSG00000157823,CCDC32 FYN GRIA1 AP3S2
GO:BP,GO:0072132,mesenchyme morphogenesis,0.4925604616507189,False,1,111,5,3629,ENSG00000131558,EXOC4
GO:BP,GO:0038093,Fc receptor signaling pathway,0.4925604616507189,False,1,111,5,3629,ENSG00000010810,FYN
GO:BP,GO:1902473,regulation of protein localization to synapse,0.4925604616507189,False,1,111,5,3629,ENSG00000007402,CACNA2D2
GO:BP,GO:0048638,regulation of developmental growth,0.4925604616507189,False,2,111,21,3629,ENSG00000066084 ENSG00000007402,DIP2B CACNA2D2
GO:BP,GO:1903036,positive regulation of response to wounding,0.4925604616507189,False,1,111,5,3629,ENSG00000113070,HBEGF
GO:BP,GO:1902683,regulation of receptor localization to synapse,0.4925604616507189,False,1,111,5,3629,ENSG00000007402,CACNA2D2
GO:MF,GO:0030414,peptidase inhibitor activity,0.4982080378326393,False,1,111,13,3629,ENSG00000149131,SERPING1
GO:MF,GO:0019888,protein phosphatase regulator activity,0.4982080378326393,False,1,111,13,3629,ENSG00000221914,PPP2R2A
GO:MF,GO:0000166,nucleotide binding,0.4982080378326393,False,7,111,184,3629,ENSG00000010810 ENSG00000112659 ENSG00000237649 ENSG00000178093 ENSG00000196182 ENSG00000115085 ENSG00000171174,FYN CUL9 KIFC1 TSSK6 STK40 ZAP70 RBKS
GO:MF,GO:0046943,carboxylic acid transmembrane transporter activity,0.4982080378326393,False,1,111,13,3629,ENSG00000155511,GRIA1
GO:MF,GO:1901265,nucleoside phosphate binding,0.5014253583398788,False,7,111,185,3629,ENSG00000010810 ENSG00000112659 ENSG00000237649 ENSG00000178093 ENSG00000196182 ENSG00000115085 ENSG00000171174,FYN CUL9 KIFC1 TSSK6 STK40 ZAP70 RBKS
GO:BP,GO:0019226,transmission of nerve impulse,0.5028428249554837,False,1,111,6,3629,ENSG00000155511,GRIA1
GO:BP,GO:0050804,modulation of chemical synaptic transmission,0.5028428249554837,False,3,111,46,3629,ENSG00000010810 ENSG00000007402 ENSG00000155511,FYN CACNA2D2 GRIA1
GO:BP,GO:0030101,natural killer cell activation,0.5028428249554837,False,1,111,6,3629,ENSG00000010810,FYN
GO:BP,GO:0106027,neuron projection organization,0.5028428249554837,False,1,111,6,3629,ENSG00000010810,FYN
GO:BP,GO:0006468,protein phosphorylation,0.5028428249554837,False,4,111,69,3629,ENSG00000010810 ENSG00000178093 ENSG00000196182 ENSG00000115085,FYN TSSK6 STK40 ZAP70
GO:BP,GO:0007528,neuromuscular junction development,0.5028428249554837,False,1,111,6,3629,ENSG00000007402,CACNA2D2
GO:BP,GO:0007631,feeding behavior,0.5028428249554837,False,1,111,6,3629,ENSG00000010810,FYN
GO:BP,GO:0007616,long-term memory,0.5028428249554837,False,1,111,6,3629,ENSG00000155511,GRIA1
GO:BP,GO:0043412,macromolecule modification,0.5028428249554837,False,9,111,200,3629,ENSG00000066084 ENSG00000010810 ENSG00000112659 ENSG00000141002 ENSG00000174579 ENSG00000221914 ENSG00000178093 ENSG00000196182 ENSG00000115085,DIP2B FYN CUL9 TCF25 MSL2 PPP2R2A TSSK6 STK40 ZAP70
GO:BP,GO:0030335,positive regulation of cell migration,0.5028428249554837,False,3,111,44,3629,ENSG00000103811 ENSG00000213654 ENSG00000113070,CTSH GPSM3 HBEGF
GO:BP,GO:0060292,long-term synaptic depression,0.5028428249554837,False,1,111,6,3629,ENSG00000155511,GRIA1
GO:BP,GO:0030001,metal ion transport,0.5028428249554837,False,4,111,70,3629,ENSG00000162753 ENSG00000078795 ENSG00000010810 ENSG00000007402,SLC9C2 PKD2L2 FYN CACNA2D2
GO:BP,GO:0031348,negative regulation of defense response,0.5028428249554837,False,2,111,24,3629,ENSG00000010810 ENSG00000149131,FYN SERPING1
GO:BP,GO:0061512,protein localization to cilium,0.5028428249554837,False,1,111,6,3629,ENSG00000168778,TCTN2
GO:BP,GO:0097581,lamellipodium organization,0.5028428249554837,False,1,111,6,3629,ENSG00000023902,PLEKHO1
GO:BP,GO:0098815,modulation of excitatory postsynaptic potential,0.5028428249554837,False,1,111,6,3629,ENSG00000155511,GRIA1
GO:BP,GO:0035249,"synaptic transmission, glutamatergic",0.5028428249554837,False,1,111,6,3629,ENSG00000155511,GRIA1
GO:BP,GO:0032446,protein modification by small protein conjugation,0.5028428249554837,False,4,111,70,3629,ENSG00000010810 ENSG00000112659 ENSG00000141002 ENSG00000174579,FYN CUL9 TCF25 MSL2
GO:BP,GO:0006898,receptor-mediated endocytosis,0.5028428249554837,False,2,111,23,3629,ENSG00000128891 ENSG00000155511,CCDC32 GRIA1
GO:BP,GO:0006903,vesicle targeting,0.5028428249554837,False,1,111,6,3629,ENSG00000131558,EXOC4
GO:BP,GO:0032355,response to estradiol,0.5028428249554837,False,1,111,6,3629,ENSG00000155511,GRIA1
GO:BP,GO:0007274,neuromuscular synaptic transmission,0.5028428249554837,False,1,111,6,3629,ENSG00000120903,CHRNA2
GO:BP,GO:0097061,dendritic spine organization,0.5028428249554837,False,1,111,6,3629,ENSG00000010810,FYN
GO:BP,GO:0007166,cell surface receptor signaling pathway,0.5028428249554837,False,10,111,231,3629,ENSG00000010810 ENSG00000155511 ENSG00000035499 ENSG00000124557 ENSG00000120903 ENSG00000104885 ENSG00000187266 ENSG00000113070 ENSG00000168778 ENSG00000115085,FYN GRIA1 DEPDC1B BTN1A1 CHRNA2 DOT1L EPOR HBEGF TCTN2 ZAP70
GO:BP,GO:0006412,translation,0.5028428249554837,False,4,111,68,3629,ENSG00000100354 ENSG00000082153 ENSG00000287279 ENSG00000141002,TNRC6B BZW1 ENSG00000287279 TCF25
GO:BP,GO:0030195,negative regulation of blood coagulation,0.5028428249554837,False,1,111,6,3629,ENSG00000149131,SERPING1
GO:BP,GO:0006112,energy reserve metabolic process,0.5028428249554837,False,1,111,6,3629,ENSG00000196182,STK40
GO:BP,GO:0008089,anterograde axonal transport,0.5028428249554837,False,1,111,6,3629,ENSG00000157823,AP3S2
GO:BP,GO:0005996,monosaccharide metabolic process,0.5028428249554837,False,2,111,23,3629,ENSG00000111669 ENSG00000171174,TPI1 RBKS
GO:BP,GO:0009268,response to pH,0.5028428249554837,False,1,111,6,3629,ENSG00000122986,HVCN1
GO:BP,GO:0002253,activation of immune response,0.5028428249554837,False,4,111,69,3629,ENSG00000010810 ENSG00000124557 ENSG00000149131 ENSG00000115085,FYN BTN1A1 SERPING1 ZAP70
GO:BP,GO:0099177,regulation of trans-synaptic signaling,0.5028428249554837,False,3,111,46,3629,ENSG00000010810 ENSG00000007402 ENSG00000155511,FYN CACNA2D2 GRIA1
GO:BP,GO:0031295,T cell costimulation,0.5028428249554837,False,1,111,6,3629,ENSG00000010810,FYN
GO:BP,GO:0099518,vesicle cytoskeletal trafficking,0.5028428249554837,False,1,111,6,3629,ENSG00000157823,AP3S2
GO:BP,GO:0031294,lymphocyte costimulation,0.5028428249554837,False,1,111,6,3629,ENSG00000010810,FYN
GO:BP,GO:0062237,protein localization to postsynapse,0.5028428249554837,False,1,111,6,3629,ENSG00000007402,CACNA2D2
GO:BP,GO:0046685,response to arsenic-containing substance,0.5028428249554837,False,1,111,6,3629,ENSG00000155511,GRIA1
GO:BP,GO:0048265,response to pain,0.5028428249554837,False,1,111,6,3629,ENSG00000155511,GRIA1
GO:BP,GO:0047496,vesicle transport along microtubule,0.5028428249554837,False,1,111,6,3629,ENSG00000157823,AP3S2
GO:BP,GO:1903539,protein localization to postsynaptic membrane,0.5028428249554837,False,1,111,6,3629,ENSG00000007402,CACNA2D2
GO:BP,GO:1903008,organelle disassembly,0.5028428249554837,False,1,111,6,3629,ENSG00000141002,TCF25
GO:BP,GO:0048193,Golgi vesicle transport,0.5028428249554837,False,2,111,23,3629,ENSG00000131558 ENSG00000157823,EXOC4 AP3S2
GO:BP,GO:0006901,vesicle coating,0.5028428249554837,False,1,111,6,3629,ENSG00000157823,AP3S2
GO:BP,GO:0070509,calcium ion import,0.5028428249554837,False,1,111,6,3629,ENSG00000010810,FYN
GO:BP,GO:0050798,activated T cell proliferation,0.5028428249554837,False,1,111,6,3629,ENSG00000010810,FYN
GO:BP,GO:0045995,regulation of embryonic development,0.5028428249554837,False,1,111,6,3629,ENSG00000169592,INO80E
GO:BP,GO:0048661,positive regulation of smooth muscle cell proliferation,0.5028428249554837,False,1,111,6,3629,ENSG00000113070,HBEGF
GO:BP,GO:0050819,negative regulation of coagulation,0.5028428249554837,False,1,111,6,3629,ENSG00000149131,SERPING1
GO:BP,GO:1900047,negative regulation of hemostasis,0.5028428249554837,False,1,111,6,3629,ENSG00000149131,SERPING1
GO:BP,GO:0160307,protein biosynthetic process,0.5028428249554837,False,4,111,68,3629,ENSG00000100354 ENSG00000082153 ENSG00000287279 ENSG00000141002,TNRC6B BZW1 ENSG00000287279 TCF25
GO:BP,GO:0002532,production of molecular mediator involved in inflammatory response,0.5028428249554837,False,1,111,6,3629,ENSG00000213654,GPSM3
GO:BP,GO:0019233,sensory perception of pain,0.5028428249554837,False,1,111,6,3629,ENSG00000010810,FYN
GO:BP,GO:0014812,muscle cell migration,0.5028428249554837,False,1,111,6,3629,ENSG00000023902,PLEKHO1
GO:BP,GO:2000463,positive regulation of excitatory postsynaptic potential,0.5028428249554837,False,1,111,6,3629,ENSG00000155511,GRIA1
GO:BP,GO:2000147,positive regulation of cell motility,0.5028428249554837,False,3,111,46,3629,ENSG00000103811 ENSG00000213654 ENSG00000113070,CTSH GPSM3 HBEGF
GO:BP,GO:0050771,negative regulation of axonogenesis,0.5028428249554837,False,1,111,6,3629,ENSG00000066084,DIP2B
GO:BP,GO:1990806,ligand-gated ion channel signaling pathway,0.5028428249554837,False,1,111,6,3629,ENSG00000155511,GRIA1
GO:CC,GO:0000803,sex chromosome,0.5052840776344879,False,1,111,4,3629,ENSG00000185619,PCGF3
GO:CC,GO:0043025,neuronal cell body,0.5052840776344879,False,3,111,39,3629,ENSG00000066084 ENSG00000010810 ENSG00000155511,DIP2B FYN GRIA1
GO:CC,GO:0034703,cation channel complex,0.5052840776344879,False,2,111,19,3629,ENSG00000007402 ENSG00000120903,CACNA2D2 CHRNA2
GO:CC,GO:0098797,plasma membrane protein complex,0.5052840776344879,False,4,111,61,3629,ENSG00000007402 ENSG00000155511 ENSG00000120903 ENSG00000115085,CACNA2D2 GRIA1 CHRNA2 ZAP70
GO:CC,GO:0099092,"postsynaptic density, intracellular component",0.5052840776344879,False,1,111,4,3629,ENSG00000155511,GRIA1
GO:CC,GO:0005892,acetylcholine-gated channel complex,0.5052840776344879,False,1,111,4,3629,ENSG00000120903,CHRNA2
GO:CC,GO:0060170,ciliary membrane,0.5052840776344879,False,1,111,4,3629,ENSG00000168778,TCTN2
GO:CC,GO:0097038,perinuclear endoplasmic reticulum,0.5052840776344879,False,1,111,4,3629,ENSG00000010810,FYN
GO:MF,GO:0008170,N-methyltransferase activity,0.5082427382404356,False,1,111,14,3629,ENSG00000104885,DOT1L
GO:MF,GO:0008276,protein methyltransferase activity,0.5082427382404356,False,1,111,14,3629,ENSG00000104885,DOT1L
GO:MF,GO:0120544,polypeptide conformation or assembly isomerase activity,0.5082427382404356,False,1,111,14,3629,ENSG00000237649,KIFC1
GO:MF,GO:0061135,endopeptidase regulator activity,0.5082427382404356,False,1,111,14,3629,ENSG00000149131,SERPING1
GO:MF,GO:0030295,protein kinase activator activity,0.5082427382404356,False,1,111,14,3629,ENSG00000113070,HBEGF
GO:MF,GO:0003774,cytoskeletal motor activity,0.5082427382404356,False,1,111,14,3629,ENSG00000237649,KIFC1
GO:MF,GO:0019209,kinase activator activity,0.5082427382404356,False,1,111,14,3629,ENSG00000113070,HBEGF
GO:BP,GO:0030900,forebrain development,0.5089101564008806,False,2,111,25,3629,ENSG00000010810 ENSG00000155511,FYN GRIA1
GO:BP,GO:0051606,detection of stimulus,0.5089101564008806,False,2,111,26,3629,ENSG00000078795 ENSG00000010810,PKD2L2 FYN
GO:BP,GO:0110020,regulation of actomyosin structure organization,0.5089101564008806,False,1,111,7,3629,ENSG00000158106,RHPN1
GO:BP,GO:0120039,plasma membrane bounded cell projection morphogenesis,0.5089101564008806,False,3,111,48,3629,ENSG00000066084 ENSG00000010810 ENSG00000023902,DIP2B FYN PLEKHO1
GO:BP,GO:0010038,response to metal ion,0.5089101564008806,False,2,111,25,3629,ENSG00000122986 ENSG00000155511,HVCN1 GRIA1
GO:BP,GO:1904892,regulation of receptor signaling pathway via STAT,0.5089101564008806,False,1,111,7,3629,ENSG00000104885,DOT1L
GO:BP,GO:0000768,syncytium formation by plasma membrane fusion,0.5089101564008806,False,1,111,7,3629,ENSG00000023902,PLEKHO1
GO:BP,GO:0048858,cell projection morphogenesis,0.5089101564008806,False,3,111,50,3629,ENSG00000066084 ENSG00000010810 ENSG00000023902,DIP2B FYN PLEKHO1
GO:BP,GO:0048584,positive regulation of response to stimulus,0.5089101564008806,False,10,111,234,3629,ENSG00000169592 ENSG00000010810 ENSG00000103811 ENSG00000213654 ENSG00000155511 ENSG00000035499 ENSG00000124557 ENSG00000149131 ENSG00000113070 ENSG00000115085,INO80E FYN CTSH GPSM3 GRIA1 DEPDC1B BTN1A1 SERPING1 HBEGF ZAP70
GO:BP,GO:0033059,cellular pigmentation,0.5089101564008806,False,1,111,7,3629,ENSG00000157823,AP3S2
GO:BP,GO:0033077,T cell differentiation in thymus,0.5089101564008806,False,1,111,7,3629,ENSG00000115085,ZAP70
GO:BP,GO:0032231,regulation of actin filament bundle assembly,0.5089101564008806,False,1,111,7,3629,ENSG00000158106,RHPN1
GO:BP,GO:0072384,organelle transport along microtubule,0.5089101564008806,False,1,111,7,3629,ENSG00000157823,AP3S2
GO:BP,GO:0006900,vesicle budding from membrane,0.5089101564008806,False,1,111,7,3629,ENSG00000157823,AP3S2
GO:BP,GO:0006949,syncytium formation,0.5089101564008806,False,1,111,7,3629,ENSG00000023902,PLEKHO1
GO:BP,GO:0034762,regulation of transmembrane transport,0.5089101564008806,False,2,111,26,3629,ENSG00000010810 ENSG00000155511,FYN GRIA1
GO:BP,GO:0046425,regulation of receptor signaling pathway via JAK-STAT,0.5089101564008806,False,1,111,7,3629,ENSG00000104885,DOT1L
GO:BP,GO:0045862,positive regulation of proteolysis,0.5089101564008806,False,1,111,7,3629,ENSG00000103811,CTSH
GO:BP,GO:0002011,morphogenesis of an epithelial sheet,0.5089101564008806,False,1,111,7,3629,ENSG00000113070,HBEGF
GO:BP,GO:0050850,positive regulation of calcium-mediated signaling,0.5089101564008806,False,1,111,7,3629,ENSG00000115085,ZAP70
GO:BP,GO:0097479,synaptic vesicle localization,0.5089101564008806,False,1,111,7,3629,ENSG00000157823,AP3S2
GO:BP,GO:0031397,negative regulation of protein ubiquitination,0.5089101564008806,False,1,111,7,3629,ENSG00000010810,FYN
GO:BP,GO:0072583,clathrin-dependent endocytosis,0.5089101564008806,False,1,111,7,3629,ENSG00000128891,CCDC32
GO:BP,GO:0033619,membrane protein proteolysis,0.5089101564008806,False,1,111,7,3629,ENSG00000103811,CTSH
GO:BP,GO:0007420,brain development,0.5089101564008806,False,3,111,48,3629,ENSG00000010810 ENSG00000155511 ENSG00000187266,FYN GRIA1 EPOR
GO:BP,GO:0031399,regulation of protein modification process,0.5089101564008806,False,3,111,49,3629,ENSG00000066084 ENSG00000010810 ENSG00000141002,DIP2B FYN TCF25
GO:BP,GO:0002861,regulation of inflammatory response to antigenic stimulus,0.5089101564008806,False,1,111,7,3629,ENSG00000010810,FYN
GO:BP,GO:0051656,establishment of organelle localization,0.5089101564008806,False,2,111,25,3629,ENSG00000131558 ENSG00000157823,EXOC4 AP3S2
GO:BP,GO:0043331,response to dsRNA,0.5089101564008806,False,1,111,7,3629,ENSG00000155511,GRIA1
GO:BP,GO:0007585,respiratory gaseous exchange by respiratory system,0.5089101564008806,False,1,111,7,3629,ENSG00000196182,STK40
GO:BP,GO:0040029,epigenetic regulation of gene expression,0.5089101564008806,False,3,111,49,3629,ENSG00000174579 ENSG00000104885 ENSG00000185619,MSL2 DOT1L PCGF3
GO:BP,GO:0051965,positive regulation of synapse assembly,0.5089101564008806,False,1,111,7,3629,ENSG00000173114,LRRN3
GO:BP,GO:0030193,regulation of blood coagulation,0.5089101564008806,False,1,111,7,3629,ENSG00000149131,SERPING1
GO:BP,GO:0022603,regulation of anatomical structure morphogenesis,0.5089101564008806,False,4,111,74,3629,ENSG00000066084 ENSG00000010810 ENSG00000103811 ENSG00000023902,DIP2B FYN CTSH PLEKHO1
GO:BP,GO:0042692,muscle cell differentiation,0.5089101564008806,False,2,111,26,3629,ENSG00000007402 ENSG00000023902,CACNA2D2 PLEKHO1
GO:BP,GO:0007565,female pregnancy,0.5089101564008806,False,1,111,7,3629,ENSG00000187266,EPOR
GO:BP,GO:1900046,regulation of hemostasis,0.5089101564008806,False,1,111,7,3629,ENSG00000149131,SERPING1
GO:BP,GO:0045454,cell redox homeostasis,0.5089101564008806,False,1,111,7,3629,ENSG00000122986,HVCN1
GO:BP,GO:0050818,regulation of coagulation,0.5089101564008806,False,1,111,7,3629,ENSG00000149131,SERPING1
GO:BP,GO:0044282,small molecule catabolic process,0.5089101564008806,False,2,111,26,3629,ENSG00000111669 ENSG00000171174,TPI1 RBKS
GO:BP,GO:0140253,cell-cell fusion,0.5089101564008806,False,1,111,7,3629,ENSG00000023902,PLEKHO1
GO:BP,GO:0006081,aldehyde metabolic process,0.5089101564008806,False,1,111,7,3629,ENSG00000111669,TPI1
GO:BP,GO:0005975,carbohydrate metabolic process,0.5089101564008806,False,3,111,48,3629,ENSG00000111669 ENSG00000196182 ENSG00000171174,TPI1 STK40 RBKS
GO:BP,GO:0005976,polysaccharide metabolic process,0.5089101564008806,False,1,111,7,3629,ENSG00000196182,STK40
GO:BP,GO:0001881,receptor recycling,0.5089101564008806,False,1,111,7,3629,ENSG00000155511,GRIA1
GO:BP,GO:1901698,response to nitrogen compound,0.5089101564008806,False,4,111,73,3629,ENSG00000010810 ENSG00000155511 ENSG00000120903 ENSG00000221914,FYN GRIA1 CHRNA2 PPP2R2A
GO:BP,GO:0046638,positive regulation of alpha-beta T cell differentiation,0.5089101564008806,False,1,111,7,3629,ENSG00000115085,ZAP70
GO:BP,GO:0048489,synaptic vesicle transport,0.5089101564008806,False,1,111,7,3629,ENSG00000157823,AP3S2
GO:BP,GO:0071805,potassium ion transmembrane transport,0.5089101564008806,False,1,111,7,3629,ENSG00000162753,SLC9C2
GO:BP,GO:0070828,heterochromatin organization,0.5089101564008806,False,2,111,25,3629,ENSG00000104885 ENSG00000185619,DOT1L PCGF3
GO:BP,GO:0036119,response to platelet-derived growth factor,0.5089101564008806,False,1,111,7,3629,ENSG00000010810,FYN
GO:BP,GO:0007520,myoblast fusion,0.5089101564008806,False,1,111,7,3629,ENSG00000023902,PLEKHO1
GO:BP,GO:0061045,negative regulation of wound healing,0.5089101564008806,False,1,111,7,3629,ENSG00000149131,SERPING1
GO:BP,GO:0031345,negative regulation of cell projection organization,0.5089101564008806,False,2,111,25,3629,ENSG00000066084 ENSG00000010810,DIP2B FYN
GO:BP,GO:0070887,cellular response to chemical stimulus,0.5089101564008806,False,7,111,150,3629,ENSG00000010810 ENSG00000103811 ENSG00000122986 ENSG00000213654 ENSG00000155511 ENSG00000120903 ENSG00000113070,FYN CTSH HVCN1 GPSM3 GRIA1 CHRNA2 HBEGF
GO:BP,GO:0006518,peptide metabolic process,0.5089101564008806,False,1,111,7,3629,ENSG00000103811,CTSH
GO:BP,GO:0031507,heterochromatin formation,0.5089101564008806,False,2,111,25,3629,ENSG00000104885 ENSG00000185619,DOT1L PCGF3
GO:BP,GO:0098930,axonal transport,0.5089101564008806,False,1,111,7,3629,ENSG00000157823,AP3S2
GO:MF,GO:0016853,isomerase activity,0.5136420547426296,False,2,111,41,3629,ENSG00000237649 ENSG00000111669,KIFC1 TPI1
GO:BP,GO:0042098,T cell proliferation,0.5168276988285369,False,2,111,27,3629,ENSG00000010810 ENSG00000115085,FYN ZAP70
GO:MF,GO:0042802,identical protein binding,0.5231126405082147,False,7,111,191,3629,ENSG00000153406 ENSG00000010810 ENSG00000122986 ENSG00000155511 ENSG00000187266 ENSG00000111669 ENSG00000171174,NMRAL1 FYN HVCN1 GRIA1 EPOR TPI1 RBKS
GO:BP,GO:0048332,mesoderm morphogenesis,0.5389677309842533,False,1,111,8,3629,ENSG00000131558,EXOC4
GO:BP,GO:1901890,positive regulation of cell junction assembly,0.5389677309842533,False,1,111,8,3629,ENSG00000173114,LRRN3
GO:BP,GO:0018193,peptidyl-amino acid modification,0.5389677309842533,False,3,111,53,3629,ENSG00000066084 ENSG00000010810 ENSG00000115085,DIP2B FYN ZAP70
GO:BP,GO:0046637,regulation of alpha-beta T cell differentiation,0.5389677309842533,False,1,111,8,3629,ENSG00000115085,ZAP70
GO:BP,GO:0043149,stress fiber assembly,0.5389677309842533,False,1,111,8,3629,ENSG00000158106,RHPN1
GO:BP,GO:0051640,organelle localization,0.5389677309842533,False,3,111,52,3629,ENSG00000131558 ENSG00000157823 ENSG00000237649,EXOC4 AP3S2 KIFC1
GO:BP,GO:0043368,positive T cell selection,0.5389677309842533,False,1,111,8,3629,ENSG00000115085,ZAP70
GO:BP,GO:0048589,developmental growth,0.5389677309842533,False,3,111,53,3629,ENSG00000066084 ENSG00000007402 ENSG00000196182,DIP2B CACNA2D2 STK40
GO:BP,GO:0001508,action potential,0.5389677309842533,False,1,111,8,3629,ENSG00000155511,GRIA1
GO:BP,GO:0097120,receptor localization to synapse,0.5389677309842533,False,1,111,8,3629,ENSG00000007402,CACNA2D2
GO:BP,GO:0007267,cell-cell signaling,0.5389677309842533,False,5,111,104,3629,ENSG00000131558 ENSG00000010810 ENSG00000007402 ENSG00000155511 ENSG00000120903,EXOC4 FYN CACNA2D2 GRIA1 CHRNA2
GO:BP,GO:0006414,translational elongation,0.5389677309842533,False,1,111,8,3629,ENSG00000141002,TCF25
GO:BP,GO:0040012,regulation of locomotion,0.5389677309842533,False,4,111,78,3629,ENSG00000103811 ENSG00000213654 ENSG00000155511 ENSG00000113070,CTSH GPSM3 GRIA1 HBEGF
GO:BP,GO:0043112,receptor metabolic process,0.5389677309842533,False,1,111,8,3629,ENSG00000155511,GRIA1
GO:BP,GO:0006473,protein acetylation,0.5389677309842533,False,1,111,8,3629,ENSG00000066084,DIP2B
GO:BP,GO:0045814,"negative regulation of gene expression, epigenetic",0.5389677309842533,False,2,111,28,3629,ENSG00000104885 ENSG00000185619,DOT1L PCGF3
GO:BP,GO:0002437,inflammatory response to antigenic stimulus,0.5389677309842533,False,1,111,8,3629,ENSG00000010810,FYN
GO:BP,GO:1901874,negative regulation of post-translational protein modification,0.5389677309842533,False,1,111,8,3629,ENSG00000010810,FYN
GO:BP,GO:0050805,negative regulation of synaptic transmission,0.5389677309842533,False,1,111,8,3629,ENSG00000155511,GRIA1
GO:BP,GO:0030038,contractile actin filament bundle assembly,0.5389677309842533,False,1,111,8,3629,ENSG00000158106,RHPN1
GO:BP,GO:0035094,response to nicotine,0.5389677309842533,False,1,111,8,3629,ENSG00000120903,CHRNA2
GO:BP,GO:0033363,secretory granule organization,0.5389677309842533,False,1,111,8,3629,ENSG00000157823,AP3S2
GO:BP,GO:0072678,T cell migration,0.5389677309842533,False,1,111,8,3629,ENSG00000115085,ZAP70
GO:BP,GO:0001707,mesoderm formation,0.5389677309842533,False,1,111,8,3629,ENSG00000131558,EXOC4
GO:BP,GO:1903321,negative regulation of protein modification by small protein conjugation or removal,0.5389677309842533,False,1,111,8,3629,ENSG00000010810,FYN
GO:BP,GO:0000288,"nuclear-transcribed mRNA catabolic process, deadenylation-dependent decay",0.5389677309842533,False,1,111,8,3629,ENSG00000100354,TNRC6B
GO:BP,GO:0048010,vascular endothelial growth factor receptor signaling pathway,0.5389677309842533,False,1,111,8,3629,ENSG00000010810,FYN
GO:BP,GO:0006958,"complement activation, classical pathway",0.5389677309842533,False,1,111,8,3629,ENSG00000149131,SERPING1
GO:BP,GO:0006813,potassium ion transport,0.5389677309842533,False,1,111,8,3629,ENSG00000162753,SLC9C2
GO:BP,GO:0070647,protein modification by small protein conjugation or removal,0.5405702146733312,False,4,111,79,3629,ENSG00000010810 ENSG00000112659 ENSG00000141002 ENSG00000174579,FYN CUL9 TCF25 MSL2
GO:BP,GO:0007409,axonogenesis,0.5408790518325379,False,2,111,29,3629,ENSG00000066084 ENSG00000010810,DIP2B FYN
GO:MF,GO:0030695,GTPase regulator activity,0.5433297651287915,False,2,111,44,3629,ENSG00000213654 ENSG00000035499,GPSM3 DEPDC1B
GO:MF,GO:0004252,serine-type endopeptidase activity,0.5433297651287915,False,1,111,16,3629,ENSG00000103811,CTSH
GO:MF,GO:0019208,phosphatase regulator activity,0.5433297651287915,False,1,111,16,3629,ENSG00000221914,PPP2R2A
GO:MF,GO:0060589,nucleoside-triphosphatase regulator activity,0.5433297651287915,False,2,111,44,3629,ENSG00000213654 ENSG00000035499,GPSM3 DEPDC1B
GO:MF,GO:0015081,sodium ion transmembrane transporter activity,0.5433297651287915,False,1,111,16,3629,ENSG00000162753,SLC9C2
GO:MF,GO:0008234,cysteine-type peptidase activity,0.5433297651287915,False,1,111,16,3629,ENSG00000103811,CTSH
GO:CC,GO:0008328,ionotropic glutamate receptor complex,0.5439108328123838,False,1,111,5,3629,ENSG00000155511,GRIA1
GO:CC,GO:0008287,protein serine/threonine phosphatase complex,0.5439108328123838,False,1,111,6,3629,ENSG00000221914,PPP2R2A
GO:CC,GO:0030425,dendrite,0.5439108328123838,False,3,111,47,3629,ENSG00000066084 ENSG00000010810 ENSG00000155511,DIP2B FYN GRIA1
GO:CC,GO:0031093,platelet alpha granule lumen,0.5439108328123838,False,1,111,6,3629,ENSG00000149131,SERPING1
GO:CC,GO:0030123,AP-3 adaptor complex,0.5439108328123838,False,1,111,5,3629,ENSG00000157823,AP3S2
GO:CC,GO:0005771,multivesicular body,0.5439108328123838,False,1,111,6,3629,ENSG00000103811,CTSH
GO:CC,GO:0005769,early endosome,0.5439108328123838,False,3,111,45,3629,ENSG00000155511 ENSG00000157823 ENSG00000237649,GRIA1 AP3S2 KIFC1
GO:CC,GO:0001772,immunological synapse,0.5439108328123838,False,1,111,6,3629,ENSG00000115085,ZAP70
GO:CC,GO:0030139,endocytic vesicle,0.5439108328123838,False,3,111,42,3629,ENSG00000122986 ENSG00000155511 ENSG00000113070,HVCN1 GRIA1 HBEGF
GO:CC,GO:0035579,specific granule membrane,0.5439108328123838,False,1,111,6,3629,ENSG00000122986,HVCN1
GO:CC,GO:0035869,ciliary transition zone,0.5439108328123838,False,1,111,6,3629,ENSG00000168778,TCTN2
GO:CC,GO:0045121,membrane raft,0.5439108328123838,False,2,111,24,3629,ENSG00000010810 ENSG00000115085,FYN ZAP70
GO:CC,GO:0000151,ubiquitin ligase complex,0.5439108328123838,False,2,111,24,3629,ENSG00000112659 ENSG00000185619,CUL9 PCGF3
GO:CC,GO:0032590,dendrite membrane,0.5439108328123838,False,1,111,5,3629,ENSG00000155511,GRIA1
GO:CC,GO:0032589,neuron projection membrane,0.5439108328123838,False,1,111,6,3629,ENSG00000155511,GRIA1
GO:CC,GO:0097225,sperm midpiece,0.5439108328123838,False,1,111,5,3629,ENSG00000166118,SPATA19
GO:CC,GO:0099091,"postsynaptic specialization, intracellular component",0.5439108328123838,False,1,111,5,3629,ENSG00000155511,GRIA1
GO:CC,GO:1902562,H4 histone acetyltransferase complex,0.5439108328123838,False,1,111,5,3629,ENSG00000174579,MSL2
GO:CC,GO:1903293,phosphatase complex,0.5439108328123838,False,1,111,6,3629,ENSG00000221914,PPP2R2A
GO:CC,GO:0098857,membrane microdomain,0.5439108328123838,False,2,111,24,3629,ENSG00000010810 ENSG00000115085,FYN ZAP70
GO:CC,GO:0098590,plasma membrane region,0.5439108328123838,False,6,111,114,3629,ENSG00000007402 ENSG00000122986 ENSG00000155511 ENSG00000023902 ENSG00000120903 ENSG00000168778,CACNA2D2 HVCN1 GRIA1 PLEKHO1 CHRNA2 TCTN2
GO:CC,GO:0097447,dendritic tree,0.5439108328123838,False,3,111,47,3629,ENSG00000066084 ENSG00000010810 ENSG00000155511,DIP2B FYN GRIA1
GO:CC,GO:0097346,INO80-type complex,0.5439108328123838,False,1,111,6,3629,ENSG00000169592,INO80E
GO:BP,GO:0006470,protein dephosphorylation,0.5475800362655354,False,1,111,9,3629,ENSG00000221914,PPP2R2A
GO:BP,GO:0070301,cellular response to hydrogen peroxide,0.5475800362655354,False,1,111,9,3629,ENSG00000010810,FYN
GO:BP,GO:0035195,miRNA-mediated post-transcriptional gene silencing,0.5475800362655354,False,1,111,9,3629,ENSG00000100354,TNRC6B
GO:BP,GO:0031623,receptor internalization,0.5475800362655354,False,1,111,9,3629,ENSG00000155511,GRIA1
GO:BP,GO:0035194,regulatory ncRNA-mediated post-transcriptional gene silencing,0.5475800362655354,False,1,111,9,3629,ENSG00000100354,TNRC6B
GO:BP,GO:0035418,protein localization to synapse,0.5475800362655354,False,1,111,9,3629,ENSG00000007402,CACNA2D2
GO:BP,GO:0006094,gluconeogenesis,0.5475800362655354,False,1,111,9,3629,ENSG00000111669,TPI1
GO:BP,GO:0006446,regulation of translational initiation,0.5475800362655354,False,1,111,9,3629,ENSG00000082153,BZW1
GO:BP,GO:0031503,protein-containing complex localization,0.5475800362655354,False,1,111,9,3629,ENSG00000007402,CACNA2D2
GO:BP,GO:0043269,regulation of monoatomic ion transport,0.5475800362655354,False,2,111,31,3629,ENSG00000010810 ENSG00000155511,FYN GRIA1
GO:BP,GO:0043954,cellular component maintenance,0.5475800362655354,False,1,111,9,3629,ENSG00000010810,FYN
GO:BP,GO:0051240,positive regulation of multicellular organismal process,0.5475800362655354,False,7,111,164,3629,ENSG00000173114 ENSG00000010810 ENSG00000103811 ENSG00000007402 ENSG00000213654 ENSG00000155511 ENSG00000115085,LRRN3 FYN CTSH CACNA2D2 GPSM3 GRIA1 ZAP70
GO:BP,GO:0140029,exocytic process,0.5475800362655354,False,1,111,9,3629,ENSG00000131558,EXOC4
GO:BP,GO:0008631,intrinsic apoptotic signaling pathway in response to oxidative stress,0.5475800362655354,False,1,111,9,3629,ENSG00000010810,FYN
GO:BP,GO:0030516,regulation of axon extension,0.5475800362655354,False,1,111,9,3629,ENSG00000066084,DIP2B
GO:BP,GO:0061061,muscle structure development,0.5475800362655354,False,3,111,56,3629,ENSG00000007402 ENSG00000023902 ENSG00000113070,CACNA2D2 PLEKHO1 HBEGF
GO:BP,GO:0061387,regulation of extent of cell growth,0.5475800362655354,False,1,111,9,3629,ENSG00000066084,DIP2B
GO:BP,GO:0042177,negative regulation of protein catabolic process,0.5475800362655354,False,1,111,9,3629,ENSG00000010810,FYN
GO:BP,GO:0060291,long-term synaptic potentiation,0.5475800362655354,False,1,111,9,3629,ENSG00000155511,GRIA1
GO:BP,GO:0006417,regulation of translation,0.5475800362655354,False,2,111,31,3629,ENSG00000100354 ENSG00000082153,TNRC6B BZW1
GO:BP,GO:0050770,regulation of axonogenesis,0.5475800362655354,False,1,111,9,3629,ENSG00000066084,DIP2B
GO:BP,GO:0050848,regulation of calcium-mediated signaling,0.5475800362655354,False,1,111,9,3629,ENSG00000115085,ZAP70
GO:BP,GO:0045058,T cell selection,0.5475800362655354,False,1,111,9,3629,ENSG00000115085,ZAP70
GO:BP,GO:1905477,positive regulation of protein localization to membrane,0.5475800362655354,False,1,111,9,3629,ENSG00000010810,FYN
GO:BP,GO:2000026,regulation of multicellular organismal development,0.5475800362655354,False,6,111,136,3629,ENSG00000173114 ENSG00000169592 ENSG00000066084 ENSG00000010810 ENSG00000103811 ENSG00000115085,LRRN3 INO80E DIP2B FYN CTSH ZAP70
GO:BP,GO:0021987,cerebral cortex development,0.5475800362655354,False,1,111,9,3629,ENSG00000155511,GRIA1
GO:BP,GO:0019319,hexose biosynthetic process,0.5475800362655354,False,1,111,9,3629,ENSG00000111669,TPI1
GO:BP,GO:0140238,presynaptic endocytosis,0.5475800362655354,False,1,111,9,3629,ENSG00000157823,AP3S2
GO:BP,GO:0043687,post-translational protein modification,0.5475800362655354,False,4,111,81,3629,ENSG00000010810 ENSG00000112659 ENSG00000141002 ENSG00000174579,FYN CUL9 TCF25 MSL2
GO:BP,GO:0046364,monosaccharide biosynthetic process,0.5475800362655354,False,1,111,9,3629,ENSG00000111669,TPI1
GO:BP,GO:0044703,multi-organism reproductive process,0.5475800362655354,False,1,111,9,3629,ENSG00000187266,EPOR
GO:BP,GO:0140962,multicellular organismal-level chemical homeostasis,0.5475800362655354,False,1,111,9,3629,ENSG00000103811,CTSH
GO:BP,GO:0044782,cilium organization,0.5475800362655354,False,2,111,30,3629,ENSG00000128891 ENSG00000168778,CCDC32 TCTN2
GO:BP,GO:0040008,regulation of growth,0.5475800362655354,False,3,111,55,3629,ENSG00000066084 ENSG00000007402 ENSG00000113070,DIP2B CACNA2D2 HBEGF
GO:BP,GO:0007611,learning or memory,0.5475800362655354,False,2,111,31,3629,ENSG00000010810 ENSG00000155511,FYN GRIA1
GO:BP,GO:0048729,tissue morphogenesis,0.5475800362655354,False,3,111,54,3629,ENSG00000131558 ENSG00000103811 ENSG00000113070,EXOC4 CTSH HBEGF
GO:BP,GO:0090307,mitotic spindle assembly,0.5475800362655354,False,1,111,9,3629,ENSG00000237649,KIFC1
GO:BP,GO:0032206,positive regulation of telomere maintenance,0.5475800362655354,False,1,111,9,3629,ENSG00000169592,INO80E
GO:BP,GO:0034329,cell junction assembly,0.5475800362655354,False,2,111,31,3629,ENSG00000173114 ENSG00000155511,LRRN3 GRIA1
GO:BP,GO:0032102,negative regulation of response to external stimulus,0.5475800362655354,False,2,111,31,3629,ENSG00000010810 ENSG00000149131,FYN SERPING1
GO:BP,GO:0036465,synaptic vesicle recycling,0.5475800362655354,False,1,111,9,3629,ENSG00000157823,AP3S2
GO:BP,GO:0046635,positive regulation of alpha-beta T cell activation,0.5475800362655354,False,1,111,9,3629,ENSG00000115085,ZAP70
GO:BP,GO:0048488,synaptic vesicle endocytosis,0.5475800362655354,False,1,111,9,3629,ENSG00000157823,AP3S2
GO:BP,GO:0009628,response to abiotic stimulus,0.5475800362655354,False,4,111,82,3629,ENSG00000078795 ENSG00000010810 ENSG00000122986 ENSG00000155511,PKD2L2 FYN HVCN1 GRIA1
GO:BP,GO:0002455,humoral immune response mediated by circulating immunoglobulin,0.5475800362655354,False,1,111,9,3629,ENSG00000149131,SERPING1
GO:BP,GO:0050776,regulation of immune response,0.5475800362655354,False,5,111,107,3629,ENSG00000010810 ENSG00000103811 ENSG00000124557 ENSG00000149131 ENSG00000115085,FYN CTSH BTN1A1 SERPING1 ZAP70
GO:CC,GO:0036464,cytoplasmic ribonucleoprotein granule,0.5505835708967792,False,2,111,25,3629,ENSG00000100354 ENSG00000103811,TNRC6B CTSH
GO:CC,GO:0005905,clathrin-coated pit,0.5505835708967792,False,1,111,8,3629,ENSG00000128891,CCDC32
GO:CC,GO:0090543,Flemming body,0.5505835708967792,False,1,111,7,3629,ENSG00000131558,EXOC4
GO:CC,GO:0005902,microvillus,0.5505835708967792,False,1,111,7,3629,ENSG00000131558,EXOC4
GO:CC,GO:0009897,external side of plasma membrane,0.5505835708967792,False,3,111,49,3629,ENSG00000155511 ENSG00000124557 ENSG00000187266,GRIA1 BTN1A1 EPOR
GO:CC,GO:0030119,AP-type membrane coat adaptor complex,0.5505835708967792,False,1,111,8,3629,ENSG00000157823,AP3S2
GO:CC,GO:0009986,cell surface,0.5505835708967792,False,4,111,79,3629,ENSG00000155511 ENSG00000124557 ENSG00000187266 ENSG00000113070,GRIA1 BTN1A1 EPOR HBEGF
GO:CC,GO:0030662,coated vesicle membrane,0.5505835708967792,False,2,111,29,3629,ENSG00000155511 ENSG00000113070,GRIA1 HBEGF
GO:CC,GO:0044297,cell body,0.5505835708967792,False,3,111,48,3629,ENSG00000066084 ENSG00000010810 ENSG00000155511,DIP2B FYN GRIA1
GO:CC,GO:0031519,PcG protein complex,0.5505835708967792,False,1,111,7,3629,ENSG00000185619,PCGF3
GO:CC,GO:0033116,endoplasmic reticulum-Golgi intermediate compartment membrane,0.5505835708967792,False,1,111,8,3629,ENSG00000155511,GRIA1
GO:CC,GO:0032587,ruffle membrane,0.5505835708967792,False,1,111,8,3629,ENSG00000023902,PLEKHO1
GO:CC,GO:0031594,neuromuscular junction,0.5505835708967792,False,1,111,7,3629,ENSG00000155511,GRIA1
GO:CC,GO:0098796,membrane protein complex,0.5505835708967792,False,6,111,129,3629,ENSG00000007402 ENSG00000122986 ENSG00000155511 ENSG00000120903 ENSG00000157823 ENSG00000115085,CACNA2D2 HVCN1 GRIA1 CHRNA2 AP3S2 ZAP70
GO:CC,GO:0005929,cilium,0.5505835708967792,False,4,111,74,3629,ENSG00000166118 ENSG00000122986 ENSG00000178093 ENSG00000168778,SPATA19 HVCN1 TSSK6 TCTN2
GO:CC,GO:0005891,voltage-gated calcium channel complex,0.5505835708967792,False,1,111,7,3629,ENSG00000007402,CACNA2D2
GO:CC,GO:0045202,synapse,0.5505835708967792,False,6,111,133,3629,ENSG00000131558 ENSG00000010810 ENSG00000007402 ENSG00000155511 ENSG00000120903 ENSG00000221914,EXOC4 FYN CACNA2D2 GRIA1 CHRNA2 PPP2R2A
GO:CC,GO:0045211,postsynaptic membrane,0.5505835708967792,False,2,111,29,3629,ENSG00000155511 ENSG00000120903,GRIA1 CHRNA2
GO:CC,GO:0060076,excitatory synapse,0.5505835708967792,False,1,111,7,3629,ENSG00000155511,GRIA1
GO:CC,GO:0099023,vesicle tethering complex,0.5505835708967792,False,1,111,8,3629,ENSG00000131558,EXOC4
GO:CC,GO:0098982,GABA-ergic synapse,0.5505835708967792,False,1,111,8,3629,ENSG00000007402,CACNA2D2
GO:CC,GO:1904115,axon cytoplasm,0.5505835708967792,False,1,111,8,3629,ENSG00000157823,AP3S2
GO:CC,GO:0098685,Schaffer collateral - CA1 synapse,0.5505835708967792,False,1,111,8,3629,ENSG00000010810,FYN
GO:MF,GO:0016829,lyase activity,0.5586952369687277,False,1,111,17,3629,ENSG00000111669,TPI1
GO:MF,GO:0008236,serine-type peptidase activity,0.5586952369687277,False,1,111,17,3629,ENSG00000103811,CTSH
GO:MF,GO:0017171,serine hydrolase activity,0.5586952369687277,False,1,111,17,3629,ENSG00000103811,CTSH
GO:MF,GO:0000287,magnesium ion binding,0.5586952369687277,False,1,111,17,3629,ENSG00000178093,TSSK6
GO:BP,GO:0014902,myotube differentiation,0.562743449254759,False,1,111,10,3629,ENSG00000023902,PLEKHO1
GO:BP,GO:1901699,cellular response to nitrogen compound,0.562743449254759,False,3,111,58,3629,ENSG00000010810 ENSG00000155511 ENSG00000120903,FYN GRIA1 CHRNA2
GO:BP,GO:1901342,regulation of vasculature development,0.562743449254759,False,2,111,33,3629,ENSG00000010810 ENSG00000103811,FYN CTSH
GO:BP,GO:0044706,multi-multicellular organism process,0.562743449254759,False,1,111,10,3629,ENSG00000187266,EPOR
GO:BP,GO:0002757,immune response-activating signaling pathway,0.562743449254759,False,3,111,57,3629,ENSG00000010810 ENSG00000124557 ENSG00000115085,FYN BTN1A1 ZAP70
GO:BP,GO:0043543,protein acylation,0.562743449254759,False,1,111,10,3629,ENSG00000066084,DIP2B
GO:BP,GO:0045765,regulation of angiogenesis,0.562743449254759,False,2,111,32,3629,ENSG00000010810 ENSG00000103811,FYN CTSH
GO:BP,GO:0040007,growth,0.562743449254759,False,4,111,85,3629,ENSG00000066084 ENSG00000007402 ENSG00000113070 ENSG00000196182,DIP2B CACNA2D2 HBEGF STK40
GO:BP,GO:0042060,wound healing,0.562743449254759,False,2,111,32,3629,ENSG00000149131 ENSG00000113070,SERPING1 HBEGF
GO:BP,GO:0095500,acetylcholine receptor signaling pathway,0.562743449254759,False,1,111,10,3629,ENSG00000120903,CHRNA2
GO:BP,GO:0042542,response to hydrogen peroxide,0.562743449254759,False,1,111,10,3629,ENSG00000010810,FYN
GO:BP,GO:0016441,post-transcriptional gene silencing,0.562743449254759,False,1,111,10,3629,ENSG00000100354,TNRC6B
GO:BP,GO:0042391,regulation of membrane potential,0.562743449254759,False,2,111,32,3629,ENSG00000155511 ENSG00000120903,GRIA1 CHRNA2
GO:BP,GO:0016043,cellular component organization,0.562743449254759,False,23,111,652,3629,ENSG00000173114 ENSG00000128891 ENSG00000131558 ENSG00000285486 ENSG00000158106 ENSG00000169592 ENSG00000066084 ENSG00000166118 ENSG00000010810 ENSG00000007402 ENSG00000112659 ENSG00000155511 ENSG00000023902 ENSG00000141002 ENSG00000174579 ENSG00000104885 ENSG00000157823 ENSG00000237649 ENSG00000185619 ENSG00000113070 ENSG00000178093 ENSG00000196182 ENSG00000168778,LRRN3 CCDC32 EXOC4 ENSG00000285486 RHPN1 INO80E DIP2B SPATA19 FYN CACNA2D2 CUL9 GRIA1 PLEKHO1 TCF25 MSL2 DOT1L AP3S2 KIFC1 PCGF3 HBEGF TSSK6 STK40 TCTN2
GO:BP,GO:0098876,vesicle-mediated transport to the plasma membrane,0.562743449254759,False,1,111,10,3629,ENSG00000131558,EXOC4
GO:BP,GO:0097722,sperm motility,0.562743449254759,False,1,111,10,3629,ENSG00000178093,TSSK6
GO:BP,GO:0008306,associative learning,0.562743449254759,False,1,111,10,3629,ENSG00000155511,GRIA1
GO:BP,GO:0008284,positive regulation of cell population proliferation,0.562743449254759,False,4,111,85,3629,ENSG00000103811 ENSG00000187266 ENSG00000113070 ENSG00000115085,CTSH EPOR HBEGF ZAP70
GO:BP,GO:1903035,negative regulation of response to wounding,0.562743449254759,False,1,111,10,3629,ENSG00000149131,SERPING1
GO:BP,GO:1905144,response to acetylcholine,0.562743449254759,False,1,111,10,3629,ENSG00000120903,CHRNA2
GO:BP,GO:0046651,lymphocyte proliferation,0.562743449254759,False,2,111,32,3629,ENSG00000010810 ENSG00000115085,FYN ZAP70
GO:BP,GO:0007259,cell surface receptor signaling pathway via JAK-STAT,0.562743449254759,False,1,111,10,3629,ENSG00000104885,DOT1L
GO:BP,GO:0007080,mitotic metaphase chromosome alignment,0.562743449254759,False,1,111,10,3629,ENSG00000237649,KIFC1
GO:BP,GO:0001764,neuron migration,0.562743449254759,False,1,111,10,3629,ENSG00000010810,FYN
GO:BP,GO:0032526,response to retinoic acid,0.562743449254759,False,1,111,10,3629,ENSG00000103811,CTSH
GO:BP,GO:0051128,regulation of cellular component organization,0.562743449254759,False,9,111,227,3629,ENSG00000173114 ENSG00000128891 ENSG00000158106 ENSG00000169592 ENSG00000066084 ENSG00000010810 ENSG00000112659 ENSG00000023902 ENSG00000113070,LRRN3 CCDC32 RHPN1 INO80E DIP2B FYN CUL9 PLEKHO1 HBEGF
GO:BP,GO:0001890,placenta development,0.562743449254759,False,1,111,10,3629,ENSG00000187266,EPOR
GO:BP,GO:0001704,formation of primary germ layer,0.562743449254759,False,1,111,10,3629,ENSG00000131558,EXOC4
GO:BP,GO:0008015,blood circulation,0.562743449254759,False,2,111,33,3629,ENSG00000149131 ENSG00000113070,SERPING1 HBEGF
GO:BP,GO:0030317,flagellated sperm motility,0.562743449254759,False,1,111,10,3629,ENSG00000178093,TSSK6
GO:BP,GO:0008088,axo-dendritic transport,0.562743449254759,False,1,111,10,3629,ENSG00000157823,AP3S2
GO:BP,GO:0051899,membrane depolarization,0.562743449254759,False,1,111,10,3629,ENSG00000120903,CHRNA2
GO:BP,GO:0050768,negative regulation of neurogenesis,0.562743449254759,False,1,111,10,3629,ENSG00000066084,DIP2B
GO:BP,GO:0032943,mononuclear cell proliferation,0.562743449254759,False,2,111,32,3629,ENSG00000010810 ENSG00000115085,FYN ZAP70
GO:BP,GO:1905145,cellular response to acetylcholine,0.562743449254759,False,1,111,10,3629,ENSG00000120903,CHRNA2
GO:BP,GO:2001235,positive regulation of apoptotic signaling pathway,0.562743449254759,False,1,111,10,3629,ENSG00000103811,CTSH
GO:MF,GO:0016791,phosphatase activity,0.580627354973954,False,1,111,18,3629,ENSG00000147535,PLPP5
GO:BP,GO:0050890,cognition,0.5839351102413736,False,2,111,34,3629,ENSG00000010810 ENSG00000155511,FYN GRIA1
GO:BP,GO:0042330,taxis,0.5839351102413736,False,2,111,34,3629,ENSG00000213654 ENSG00000113070,GPSM3 HBEGF
GO:BP,GO:0006935,chemotaxis,0.5839351102413736,False,2,111,34,3629,ENSG00000213654 ENSG00000113070,GPSM3 HBEGF
GO:MF,GO:0043168,anion binding,0.5841910267928345,False,7,111,204,3629,ENSG00000010810 ENSG00000112659 ENSG00000237649 ENSG00000178093 ENSG00000196182 ENSG00000115085 ENSG00000171174,FYN CUL9 KIFC1 TSSK6 STK40 ZAP70 RBKS
GO:BP,GO:0048675,axon extension,0.5845035471325521,False,1,111,11,3629,ENSG00000066084,DIP2B
GO:BP,GO:0007017,microtubule-based process,0.5845035471325521,False,4,111,88,3629,ENSG00000112659 ENSG00000157823 ENSG00000237649 ENSG00000178093,CUL9 AP3S2 KIFC1 TSSK6
GO:BP,GO:0050727,regulation of inflammatory response,0.5845035471325521,False,2,111,35,3629,ENSG00000010810 ENSG00000213654,FYN GPSM3
GO:BP,GO:0048660,regulation of smooth muscle cell proliferation,0.5845035471325521,False,1,111,11,3629,ENSG00000113070,HBEGF
GO:BP,GO:0030003,intracellular monoatomic cation homeostasis,0.5845035471325521,False,2,111,35,3629,ENSG00000162753 ENSG00000122986,SLC9C2 HVCN1
GO:BP,GO:0030258,lipid modification,0.5845035471325521,False,1,111,11,3629,ENSG00000147535,PLPP5
GO:BP,GO:0033555,multicellular organismal response to stress,0.5845035471325521,False,1,111,11,3629,ENSG00000155511,GRIA1
GO:BP,GO:0072676,lymphocyte migration,0.5845035471325521,False,1,111,11,3629,ENSG00000115085,ZAP70
GO:BP,GO:0002220,innate immune response activating cell surface receptor signaling pathway,0.5845035471325521,False,1,111,11,3629,ENSG00000010810,FYN
GO:BP,GO:0051961,negative regulation of nervous system development,0.5845035471325521,False,1,111,11,3629,ENSG00000066084,DIP2B
GO:BP,GO:0051960,regulation of nervous system development,0.5845035471325521,False,2,111,35,3629,ENSG00000173114 ENSG00000066084,LRRN3 DIP2B
GO:BP,GO:0071840,cellular component organization or biogenesis,0.5845035471325521,False,23,111,663,3629,ENSG00000173114 ENSG00000128891 ENSG00000131558 ENSG00000285486 ENSG00000158106 ENSG00000169592 ENSG00000066084 ENSG00000166118 ENSG00000010810 ENSG00000007402 ENSG00000112659 ENSG00000155511 ENSG00000023902 ENSG00000141002 ENSG00000174579 ENSG00000104885 ENSG00000157823 ENSG00000237649 ENSG00000185619 ENSG00000113070 ENSG00000178093 ENSG00000196182 ENSG00000168778,LRRN3 CCDC32 EXOC4 ENSG00000285486 RHPN1 INO80E DIP2B SPATA19 FYN CACNA2D2 CUL9 GRIA1 PLEKHO1 TCF25 MSL2 DOT1L AP3S2 KIFC1 PCGF3 HBEGF TSSK6 STK40 TCTN2
GO:BP,GO:0098926,postsynaptic signal transduction,0.5845035471325521,False,1,111,11,3629,ENSG00000120903,CHRNA2
GO:BP,GO:0097696,cell surface receptor signaling pathway via STAT,0.5845035471325521,False,1,111,11,3629,ENSG00000104885,DOT1L
GO:BP,GO:0002690,positive regulation of leukocyte chemotaxis,0.5845035471325521,False,1,111,11,3629,ENSG00000213654,GPSM3
GO:BP,GO:1902414,protein localization to cell junction,0.5845035471325521,False,1,111,11,3629,ENSG00000007402,CACNA2D2
GO:BP,GO:1900182,positive regulation of protein localization to nucleus,0.5845035471325521,False,1,111,11,3629,ENSG00000010810,FYN
GO:BP,GO:0043473,pigmentation,0.5845035471325521,False,1,111,11,3629,ENSG00000157823,AP3S2
GO:BP,GO:0045824,negative regulation of innate immune response,0.5845035471325521,False,1,111,11,3629,ENSG00000149131,SERPING1
GO:BP,GO:0042180,ketone metabolic process,0.5845035471325521,False,1,111,11,3629,ENSG00000111669,TPI1
GO:BP,GO:0099072,regulation of postsynaptic membrane neurotransmitter receptor levels,0.5845035471325521,False,1,111,11,3629,ENSG00000007402,CACNA2D2
GO:BP,GO:0040011,locomotion,0.5845035471325521,False,4,111,89,3629,ENSG00000103811 ENSG00000213654 ENSG00000155511 ENSG00000113070,CTSH GPSM3 GRIA1 HBEGF
GO:BP,GO:0015980,energy derivation by oxidation of organic compounds,0.5845035471325521,False,2,111,35,3629,ENSG00000111669 ENSG00000196182,TPI1 STK40
GO:BP,GO:0051345,positive regulation of hydrolase activity,0.5845035471325521,False,1,111,11,3629,ENSG00000103811,CTSH
GO:BP,GO:0009179,purine ribonucleoside diphosphate metabolic process,0.5853124906521867,False,1,111,12,3629,ENSG00000111669,TPI1
GO:BP,GO:0000281,mitotic cytokinesis,0.5853124906521867,False,1,111,12,3629,ENSG00000131558,EXOC4
GO:BP,GO:0032204,regulation of telomere maintenance,0.5853124906521867,False,1,111,12,3629,ENSG00000169592,INO80E
GO:BP,GO:0006956,complement activation,0.5853124906521867,False,1,111,12,3629,ENSG00000149131,SERPING1
GO:BP,GO:0051017,actin filament bundle assembly,0.5853124906521867,False,1,111,12,3629,ENSG00000158106,RHPN1
GO:BP,GO:0009134,nucleoside diphosphate catabolic process,0.5853124906521867,False,1,111,12,3629,ENSG00000111669,TPI1
GO:BP,GO:0009137,purine nucleoside diphosphate catabolic process,0.5853124906521867,False,1,111,12,3629,ENSG00000111669,TPI1
GO:BP,GO:2001243,negative regulation of intrinsic apoptotic signaling pathway,0.5853124906521867,False,1,111,12,3629,ENSG00000010810,FYN
GO:BP,GO:0002688,regulation of leukocyte chemotaxis,0.5853124906521867,False,1,111,12,3629,ENSG00000213654,GPSM3
GO:BP,GO:0035725,sodium ion transmembrane transport,0.5853124906521867,False,1,111,12,3629,ENSG00000162753,SLC9C2
GO:BP,GO:0009185,ribonucleoside diphosphate metabolic process,0.5853124906521867,False,1,111,12,3629,ENSG00000111669,TPI1
GO:BP,GO:0046031,ADP metabolic process,0.5853124906521867,False,1,111,12,3629,ENSG00000111669,TPI1
GO:BP,GO:0061157,mRNA destabilization,0.5853124906521867,False,1,111,12,3629,ENSG00000100354,TNRC6B
GO:BP,GO:0061014,positive regulation of mRNA catabolic process,0.5853124906521867,False,1,111,12,3629,ENSG00000100354,TNRC6B
GO:BP,GO:0009135,purine nucleoside diphosphate metabolic process,0.5853124906521867,False,1,111,12,3629,ENSG00000111669,TPI1
GO:BP,GO:0019364,pyridine nucleotide catabolic process,0.5853124906521867,False,1,111,12,3629,ENSG00000111669,TPI1
GO:BP,GO:0009191,ribonucleoside diphosphate catabolic process,0.5853124906521867,False,1,111,12,3629,ENSG00000111669,TPI1
GO:BP,GO:0009181,purine ribonucleoside diphosphate catabolic process,0.5853124906521867,False,1,111,12,3629,ENSG00000111669,TPI1
GO:BP,GO:0021543,pallium development,0.5853124906521867,False,1,111,12,3629,ENSG00000155511,GRIA1
GO:BP,GO:0006096,glycolytic process,0.5853124906521867,False,1,111,12,3629,ENSG00000111669,TPI1
GO:BP,GO:0007498,mesoderm development,0.5853124906521867,False,1,111,12,3629,ENSG00000131558,EXOC4
GO:BP,GO:0046634,regulation of alpha-beta T cell activation,0.5853124906521867,False,1,111,12,3629,ENSG00000115085,ZAP70
GO:BP,GO:0001539,cilium or flagellum-dependent cell motility,0.5853124906521867,False,1,111,12,3629,ENSG00000178093,TSSK6
GO:BP,GO:0050778,positive regulation of immune response,0.5853124906521867,False,4,111,92,3629,ENSG00000010810 ENSG00000124557 ENSG00000149131 ENSG00000115085,FYN BTN1A1 SERPING1 ZAP70
GO:BP,GO:0007224,smoothened signaling pathway,0.5853124906521867,False,1,111,12,3629,ENSG00000168778,TCTN2
GO:BP,GO:1904018,positive regulation of vasculature development,0.5853124906521867,False,1,111,12,3629,ENSG00000103811,CTSH
GO:BP,GO:0048583,regulation of response to stimulus,0.5853124906521867,False,13,111,361,3629,ENSG00000169592 ENSG00000010810 ENSG00000103811 ENSG00000213654 ENSG00000155511 ENSG00000035499 ENSG00000124557 ENSG00000149131 ENSG00000120903 ENSG00000104885 ENSG00000113070 ENSG00000196182 ENSG00000115085,INO80E FYN CTSH GPSM3 GRIA1 DEPDC1B BTN1A1 SERPING1 CHRNA2 DOT1L HBEGF STK40 ZAP70
GO:BP,GO:0048639,positive regulation of developmental growth,0.5853124906521867,False,1,111,12,3629,ENSG00000007402,CACNA2D2
GO:BP,GO:0048659,smooth muscle cell proliferation,0.5853124906521867,False,1,111,12,3629,ENSG00000113070,HBEGF
GO:BP,GO:0002832,negative regulation of response to biotic stimulus,0.5853124906521867,False,1,111,12,3629,ENSG00000149131,SERPING1
GO:BP,GO:0006338,chromatin remodeling,0.5853124906521867,False,6,111,147,3629,ENSG00000169592 ENSG00000174579 ENSG00000104885 ENSG00000185619 ENSG00000178093 ENSG00000196182,INO80E MSL2 DOT1L PCGF3 TSSK6 STK40
GO:BP,GO:0031047,regulatory ncRNA-mediated gene silencing,0.5853124906521867,False,1,111,12,3629,ENSG00000100354,TNRC6B
GO:BP,GO:0051963,regulation of synapse assembly,0.5853124906521867,False,1,111,12,3629,ENSG00000173114,LRRN3
GO:BP,GO:0060294,cilium movement involved in cell motility,0.5853124906521867,False,1,111,12,3629,ENSG00000178093,TSSK6
GO:BP,GO:0009132,nucleoside diphosphate metabolic process,0.5853124906521867,False,1,111,12,3629,ENSG00000111669,TPI1
GO:BP,GO:0001913,T cell mediated cytotoxicity,0.5853124906521867,False,1,111,12,3629,ENSG00000103811,CTSH
GO:BP,GO:0070936,protein K48-linked ubiquitination,0.5853124906521867,False,1,111,12,3629,ENSG00000141002,TCF25
GO:BP,GO:0046032,ADP catabolic process,0.5853124906521867,False,1,111,12,3629,ENSG00000111669,TPI1
GO:BP,GO:0006873,intracellular monoatomic ion homeostasis,0.5853124906521867,False,2,111,36,3629,ENSG00000162753 ENSG00000122986,SLC9C2 HVCN1
GO:BP,GO:0060285,cilium-dependent cell motility,0.5853124906521867,False,1,111,12,3629,ENSG00000178093,TSSK6
GO:BP,GO:0045766,positive regulation of angiogenesis,0.5853124906521867,False,1,111,12,3629,ENSG00000103811,CTSH
GO:BP,GO:2001233,regulation of apoptotic signaling pathway,0.5853124906521867,False,2,111,36,3629,ENSG00000010810 ENSG00000103811,FYN CTSH
GO:BP,GO:0009743,response to carbohydrate,0.5853124906521867,False,1,111,12,3629,ENSG00000155511,GRIA1
GO:BP,GO:0061564,axon development,0.5853124906521867,False,2,111,36,3629,ENSG00000066084 ENSG00000010810,DIP2B FYN
GO:BP,GO:0050870,positive regulation of T cell activation,0.5880136874217938,False,2,111,37,3629,ENSG00000010810 ENSG00000115085,FYN ZAP70
GO:CC,GO:0034704,calcium channel complex,0.5894455143757609,False,1,111,9,3629,ENSG00000007402,CACNA2D2
GO:CC,GO:0031091,platelet alpha granule,0.5894455143757609,False,1,111,9,3629,ENSG00000149131,SERPING1
GO:CC,GO:1904724,tertiary granule lumen,0.5894455143757609,False,1,111,9,3629,ENSG00000103811,CTSH
GO:BP,GO:0019538,protein metabolic process,0.5906569300363603,False,13,111,363,3629,ENSG00000066084 ENSG00000100354 ENSG00000010810 ENSG00000103811 ENSG00000112659 ENSG00000082153 ENSG00000287279 ENSG00000141002 ENSG00000174579 ENSG00000221914 ENSG00000178093 ENSG00000196182 ENSG00000115085,DIP2B TNRC6B FYN CTSH CUL9 BZW1 ENSG00000287279 TCF25 MSL2 PPP2R2A TSSK6 STK40 ZAP70
GO:CC,GO:0031983,vesicle lumen,0.5991477060936452,False,2,111,32,3629,ENSG00000103811 ENSG00000149131,CTSH SERPING1
GO:CC,GO:0060205,cytoplasmic vesicle lumen,0.5991477060936452,False,2,111,32,3629,ENSG00000103811 ENSG00000149131,CTSH SERPING1
GO:CC,GO:0034774,secretory granule lumen,0.5991477060936452,False,2,111,32,3629,ENSG00000103811 ENSG00000149131,CTSH SERPING1
GO:CC,GO:0005768,endosome,0.5991477060936452,False,5,111,112,3629,ENSG00000010810 ENSG00000103811 ENSG00000155511 ENSG00000157823 ENSG00000237649,FYN CTSH GRIA1 AP3S2 KIFC1
GO:BP,GO:1903039,positive regulation of leukocyte cell-cell adhesion,0.603930563316979,False,2,111,38,3629,ENSG00000010810 ENSG00000115085,FYN ZAP70
GO:BP,GO:0002449,lymphocyte mediated immunity,0.603930563316979,False,2,111,38,3629,ENSG00000103811 ENSG00000149131,CTSH SERPING1
GO:BP,GO:0002684,positive regulation of immune system process,0.603930563316979,False,5,111,123,3629,ENSG00000010810 ENSG00000213654 ENSG00000124557 ENSG00000149131 ENSG00000115085,FYN GPSM3 BTN1A1 SERPING1 ZAP70
GO:BP,GO:0070661,leukocyte proliferation,0.603930563316979,False,2,111,38,3629,ENSG00000010810 ENSG00000115085,FYN ZAP70
GO:BP,GO:0140014,mitotic nuclear division,0.603930563316979,False,2,111,38,3629,ENSG00000112659 ENSG00000237649,CUL9 KIFC1
GO:BP,GO:0015748,organophosphate ester transport,0.6059231881486328,False,1,111,13,3629,ENSG00000285982,ENSG00000285982
GO:BP,GO:0072526,pyridine-containing compound catabolic process,0.6059231881486328,False,1,111,13,3629,ENSG00000111669,TPI1
GO:BP,GO:0042102,positive regulation of T cell proliferation,0.6059231881486328,False,1,111,13,3629,ENSG00000115085,ZAP70
GO:BP,GO:0061572,actin filament bundle organization,0.6059231881486328,False,1,111,13,3629,ENSG00000158106,RHPN1
GO:BP,GO:0050779,RNA destabilization,0.6059231881486328,False,1,111,13,3629,ENSG00000100354,TNRC6B
GO:BP,GO:0034614,cellular response to reactive oxygen species,0.6059231881486328,False,1,111,13,3629,ENSG00000010810,FYN
GO:BP,GO:0050793,regulation of developmental process,0.6059231881486328,False,8,111,214,3629,ENSG00000173114 ENSG00000169592 ENSG00000066084 ENSG00000010810 ENSG00000103811 ENSG00000007402 ENSG00000023902 ENSG00000115085,LRRN3 INO80E DIP2B FYN CTSH CACNA2D2 PLEKHO1 ZAP70
GO:BP,GO:0050671,positive regulation of lymphocyte proliferation,0.6059231881486328,False,1,111,13,3629,ENSG00000115085,ZAP70
GO:BP,GO:0050806,positive regulation of synaptic transmission,0.6059231881486328,False,1,111,13,3629,ENSG00000155511,GRIA1
GO:BP,GO:0050729,positive regulation of inflammatory response,0.6059231881486328,False,1,111,13,3629,ENSG00000213654,GPSM3
GO:BP,GO:0007369,gastrulation,0.6059231881486328,False,1,111,13,3629,ENSG00000131558,EXOC4
GO:BP,GO:0046632,alpha-beta T cell differentiation,0.6059231881486328,False,1,111,13,3629,ENSG00000115085,ZAP70
GO:BP,GO:0035265,organ growth,0.6059231881486328,False,1,111,13,3629,ENSG00000007402,CACNA2D2
GO:BP,GO:0032946,positive regulation of mononuclear cell proliferation,0.6059231881486328,False,1,111,13,3629,ENSG00000115085,ZAP70
GO:CC,GO:0043197,dendritic spine,0.607117797555587,False,1,111,10,3629,ENSG00000155511,GRIA1
GO:CC,GO:0000152,nuclear ubiquitin ligase complex,0.607117797555587,False,1,111,10,3629,ENSG00000185619,PCGF3
GO:CC,GO:0005871,kinesin complex,0.607117797555587,False,1,111,10,3629,ENSG00000237649,KIFC1
GO:BP,GO:0002009,morphogenesis of an epithelium,0.611387715860953,False,2,111,39,3629,ENSG00000103811 ENSG00000113070,CTSH HBEGF
GO:BP,GO:0097485,neuron projection guidance,0.6180748554025637,False,1,111,14,3629,ENSG00000010810,FYN
GO:BP,GO:2001252,positive regulation of chromosome organization,0.6180748554025637,False,1,111,14,3629,ENSG00000169592,INO80E
GO:BP,GO:0010970,transport along microtubule,0.6180748554025637,False,1,111,14,3629,ENSG00000157823,AP3S2
GO:BP,GO:1903313,positive regulation of mRNA metabolic process,0.6180748554025637,False,1,111,14,3629,ENSG00000100354,TNRC6B
GO:BP,GO:1903169,regulation of calcium ion transmembrane transport,0.6180748554025637,False,1,111,14,3629,ENSG00000010810,FYN
GO:BP,GO:0048754,branching morphogenesis of an epithelial tube,0.6180748554025637,False,1,111,14,3629,ENSG00000103811,CTSH
GO:BP,GO:0008016,regulation of heart contraction,0.6180748554025637,False,1,111,14,3629,ENSG00000113070,HBEGF
GO:BP,GO:0007411,axon guidance,0.6180748554025637,False,1,111,14,3629,ENSG00000010810,FYN
GO:BP,GO:0048667,cell morphogenesis involved in neuron differentiation,0.6180748554025637,False,2,111,40,3629,ENSG00000066084 ENSG00000010810,DIP2B FYN
GO:BP,GO:0006275,regulation of DNA replication,0.6180748554025637,False,1,111,14,3629,ENSG00000169592,INO80E
GO:BP,GO:0048813,dendrite morphogenesis,0.6180748554025637,False,1,111,14,3629,ENSG00000010810,FYN
GO:BP,GO:0006090,pyruvate metabolic process,0.6180748554025637,False,1,111,14,3629,ENSG00000111669,TPI1
GO:BP,GO:1904375,regulation of protein localization to cell periphery,0.6180748554025637,False,1,111,14,3629,ENSG00000007402,CACNA2D2
GO:BP,GO:0051251,positive regulation of lymphocyte activation,0.6180748554025637,False,2,111,40,3629,ENSG00000010810 ENSG00000115085,FYN ZAP70
GO:BP,GO:0048259,regulation of receptor-mediated endocytosis,0.6180748554025637,False,1,111,14,3629,ENSG00000128891,CCDC32
GO:BP,GO:0000956,nuclear-transcribed mRNA catabolic process,0.6180748554025637,False,1,111,14,3629,ENSG00000100354,TNRC6B
GO:BP,GO:0000077,DNA damage checkpoint signaling,0.6180748554025637,False,1,111,14,3629,ENSG00000104885,DOT1L
GO:BP,GO:0031570,DNA integrity checkpoint signaling,0.6180748554025637,False,1,111,14,3629,ENSG00000104885,DOT1L
GO:BP,GO:0050954,sensory perception of mechanical stimulus,0.6180748554025637,False,1,111,14,3629,ENSG00000010810,FYN
GO:BP,GO:0120036,plasma membrane bounded cell projection organization,0.6180748554025637,False,5,111,126,3629,ENSG00000128891 ENSG00000066084 ENSG00000010810 ENSG00000023902 ENSG00000168778,CCDC32 DIP2B FYN PLEKHO1 TCTN2
GO:BP,GO:0099175,regulation of postsynapse organization,0.6180748554025637,False,1,111,14,3629,ENSG00000010810,FYN
GO:BP,GO:0006006,glucose metabolic process,0.6180748554025637,False,1,111,14,3629,ENSG00000111669,TPI1
GO:BP,GO:0055001,muscle cell development,0.6180748554025637,False,1,111,14,3629,ENSG00000007402,CACNA2D2
GO:BP,GO:0030162,regulation of proteolysis,0.6180748554025637,False,1,111,14,3629,ENSG00000103811,CTSH
GO:BP,GO:0072657,protein localization to membrane,0.6180748554025637,False,2,111,40,3629,ENSG00000010810 ENSG00000007402,FYN CACNA2D2
GO:BP,GO:0002460,adaptive immune response based on somatic recombination of immune receptors built from immunoglobulin superfamily domains,0.6180748554025637,False,2,111,40,3629,ENSG00000103811 ENSG00000149131,CTSH SERPING1
GO:BP,GO:0006413,translational initiation,0.6180748554025637,False,1,111,14,3629,ENSG00000082153,BZW1
GO:BP,GO:0030030,cell projection organization,0.6184204596679015,False,5,111,128,3629,ENSG00000128891 ENSG00000066084 ENSG00000010810 ENSG00000023902 ENSG00000168778,CCDC32 DIP2B FYN PLEKHO1 TCTN2
GO:BP,GO:0060341,regulation of cellular localization,0.6242008469211774,False,2,111,41,3629,ENSG00000010810 ENSG00000007402,FYN CACNA2D2
GO:BP,GO:0002696,positive regulation of leukocyte activation,0.6242008469211774,False,2,111,41,3629,ENSG00000010810 ENSG00000115085,FYN ZAP70
GO:BP,GO:0050867,positive regulation of cell activation,0.6242008469211774,False,2,111,41,3629,ENSG00000010810 ENSG00000115085,FYN ZAP70
GO:CC,GO:1902493,acetyltransferase complex,0.6263108896401381,False,1,111,11,3629,ENSG00000174579,MSL2
GO:CC,GO:0005886,plasma membrane,0.6263108896401381,False,16,111,445,3629,ENSG00000131558 ENSG00000162753 ENSG00000197465 ENSG00000010810 ENSG00000007402 ENSG00000122986 ENSG00000213654 ENSG00000155511 ENSG00000124557 ENSG00000023902 ENSG00000120903 ENSG00000187266 ENSG00000113070 ENSG00000168778 ENSG00000147535 ENSG00000115085,EXOC4 SLC9C2 GYPE FYN CACNA2D2 HVCN1 GPSM3 GRIA1 BTN1A1 PLEKHO1 CHRNA2 EPOR HBEGF TCTN2 PLPP5 ZAP70
GO:CC,GO:0005793,endoplasmic reticulum-Golgi intermediate compartment,0.6263108896401381,False,1,111,11,3629,ENSG00000155511,GRIA1
GO:CC,GO:0031248,protein acetyltransferase complex,0.6263108896401381,False,1,111,11,3629,ENSG00000174579,MSL2
GO:CC,GO:0044309,neuron spine,0.6263108896401381,False,1,111,11,3629,ENSG00000155511,GRIA1
GO:CC,GO:0000123,histone acetyltransferase complex,0.6263108896401381,False,1,111,11,3629,ENSG00000174579,MSL2
GO:BP,GO:0022409,positive regulation of cell-cell adhesion,0.6282621521827723,False,2,111,42,3629,ENSG00000010810 ENSG00000115085,FYN ZAP70
GO:BP,GO:0071248,cellular response to metal ion,0.6282621521827723,False,1,111,15,3629,ENSG00000122986,HVCN1
GO:BP,GO:0030307,positive regulation of cell growth,0.6282621521827723,False,1,111,15,3629,ENSG00000113070,HBEGF
GO:BP,GO:1900180,regulation of protein localization to nucleus,0.6282621521827723,False,1,111,15,3629,ENSG00000010810,FYN
GO:BP,GO:0003341,cilium movement,0.6282621521827723,False,1,111,15,3629,ENSG00000178093,TSSK6
GO:BP,GO:0017148,negative regulation of translation,0.6282621521827723,False,1,111,15,3629,ENSG00000100354,TNRC6B
GO:BP,GO:0009154,purine ribonucleotide catabolic process,0.6282621521827723,False,1,111,15,3629,ENSG00000111669,TPI1
GO:BP,GO:0002181,cytoplasmic translation,0.6282621521827723,False,1,111,15,3629,ENSG00000141002,TCF25
GO:BP,GO:0070665,positive regulation of leukocyte proliferation,0.6282621521827723,False,1,111,15,3629,ENSG00000115085,ZAP70
GO:BP,GO:0008361,regulation of cell size,0.6282621521827723,False,1,111,15,3629,ENSG00000066084,DIP2B
GO:BP,GO:0080134,regulation of response to stress,0.6282621521827723,False,5,111,131,3629,ENSG00000169592 ENSG00000010810 ENSG00000213654 ENSG00000149131 ENSG00000113070,INO80E FYN GPSM3 SERPING1 HBEGF
GO:BP,GO:0030334,regulation of cell migration,0.6282621521827723,False,3,111,71,3629,ENSG00000103811 ENSG00000213654 ENSG00000113070,CTSH GPSM3 HBEGF
GO:BP,GO:0030177,positive regulation of Wnt signaling pathway,0.6282621521827723,False,1,111,15,3629,ENSG00000035499,DEPDC1B
GO:BP,GO:0007338,single fertilization,0.6282621521827723,False,1,111,15,3629,ENSG00000122986,HVCN1
GO:BP,GO:0048511,rhythmic process,0.6282621521827723,False,1,111,15,3629,ENSG00000167074,TEF
GO:BP,GO:0030705,cytoskeleton-dependent intracellular transport,0.6282621521827723,False,1,111,15,3629,ENSG00000157823,AP3S2
GO:BP,GO:0030595,leukocyte chemotaxis,0.6282621521827723,False,1,111,15,3629,ENSG00000213654,GPSM3
GO:BP,GO:0007626,locomotory behavior,0.6282621521827723,False,1,111,15,3629,ENSG00000155511,GRIA1
GO:BP,GO:0007417,central nervous system development,0.6282621521827723,False,3,111,70,3629,ENSG00000010810 ENSG00000155511 ENSG00000187266,FYN GRIA1 EPOR
GO:BP,GO:0050921,positive regulation of chemotaxis,0.6282621521827723,False,1,111,15,3629,ENSG00000213654,GPSM3
GO:BP,GO:0007173,epidermal growth factor receptor signaling pathway,0.6282621521827723,False,1,111,15,3629,ENSG00000113070,HBEGF
GO:BP,GO:0032200,telomere organization,0.6282621521827723,False,2,111,42,3629,ENSG00000169592 ENSG00000104885,INO80E DOT1L
GO:BP,GO:2001242,regulation of intrinsic apoptotic signaling pathway,0.6282621521827723,False,1,111,15,3629,ENSG00000010810,FYN
GO:BP,GO:0007052,mitotic spindle organization,0.6282621521827723,False,1,111,15,3629,ENSG00000237649,KIFC1
GO:CC,GO:0016020,membrane,0.632293146898643,False,28,111,825,3629,ENSG00000173114 ENSG00000128891 ENSG00000131558 ENSG00000162753 ENSG00000197465 ENSG00000285982 ENSG00000078795 ENSG00000066084 ENSG00000166118 ENSG00000010810 ENSG00000007402 ENSG00000161652 ENSG00000082153 ENSG00000122986 ENSG00000213654 ENSG00000168631 ENSG00000155511 ENSG00000124557 ENSG00000023902 ENSG00000120903 ENSG00000187266 ENSG00000157823 ENSG00000237649 ENSG00000185619 ENSG00000113070 ENSG00000168778 ENSG00000147535 ENSG00000115085,LRRN3 CCDC32 EXOC4 SLC9C2 GYPE ENSG00000285982 PKD2L2 DIP2B SPATA19 FYN CACNA2D2 IZUMO2 BZW1 HVCN1 GPSM3 MUCL3 GRIA1 BTN1A1 PLEKHO1 CHRNA2 EPOR AP3S2 KIFC1 PCGF3 HBEGF TCTN2 PLPP5 ZAP70
GO:CC,GO:0071944,cell periphery,0.632293146898643,False,17,111,481,3629,ENSG00000173114 ENSG00000131558 ENSG00000162753 ENSG00000197465 ENSG00000010810 ENSG00000007402 ENSG00000122986 ENSG00000213654 ENSG00000155511 ENSG00000124557 ENSG00000023902 ENSG00000120903 ENSG00000187266 ENSG00000113070 ENSG00000168778 ENSG00000147535 ENSG00000115085,LRRN3 EXOC4 SLC9C2 GYPE FYN CACNA2D2 HVCN1 GPSM3 GRIA1 BTN1A1 PLEKHO1 CHRNA2 EPOR HBEGF TCTN2 PLPP5 ZAP70
GO:BP,GO:0043066,negative regulation of apoptotic process,0.637742220084592,False,3,111,72,3629,ENSG00000010810 ENSG00000103811 ENSG00000196182,FYN CTSH STK40
GO:MF,GO:0008201,heparin binding,0.6380178132740507,False,1,111,21,3629,ENSG00000113070,HBEGF
GO:MF,GO:0031490,chromatin DNA binding,0.6380178132740507,False,1,111,21,3629,ENSG00000174579,MSL2
GO:MF,GO:0019887,protein kinase regulator activity,0.6380178132740507,False,1,111,21,3629,ENSG00000113070,HBEGF
GO:BP,GO:0006163,purine nucleotide metabolic process,0.6386548097023179,False,2,111,43,3629,ENSG00000111669 ENSG00000171174,TPI1 RBKS
GO:BP,GO:0003008,system process,0.6386548097023179,False,6,111,163,3629,ENSG00000010810 ENSG00000155511 ENSG00000149131 ENSG00000120903 ENSG00000113070 ENSG00000196182,FYN GRIA1 SERPING1 CHRNA2 HBEGF STK40
GO:BP,GO:0001558,regulation of cell growth,0.6386548097023179,False,2,111,43,3629,ENSG00000066084 ENSG00000113070,DIP2B HBEGF
GO:MF,GO:0060090,molecular adaptor activity,0.6404070939590558,False,4,111,117,3629,ENSG00000287279 ENSG00000174579 ENSG00000104885 ENSG00000221914,ENSG00000287279 MSL2 DOT1L PPP2R2A
GO:CC,GO:0048475,coated membrane,0.6423237741974479,False,1,111,12,3629,ENSG00000157823,AP3S2
GO:CC,GO:0099501,exocytic vesicle membrane,0.6423237741974479,False,1,111,12,3629,ENSG00000155511,GRIA1
GO:CC,GO:0030117,membrane coat,0.6423237741974479,False,1,111,12,3629,ENSG00000157823,AP3S2
GO:CC,GO:0030672,synaptic vesicle membrane,0.6423237741974479,False,1,111,12,3629,ENSG00000155511,GRIA1
GO:BP,GO:1901888,regulation of cell junction assembly,0.6444187904762017,False,1,111,16,3629,ENSG00000173114,LRRN3
GO:BP,GO:0002682,regulation of immune system process,0.6444187904762017,False,6,111,165,3629,ENSG00000010810 ENSG00000103811 ENSG00000213654 ENSG00000124557 ENSG00000149131 ENSG00000115085,FYN CTSH GPSM3 BTN1A1 SERPING1 ZAP70
GO:BP,GO:0002443,leukocyte mediated immunity,0.6444187904762017,False,2,111,44,3629,ENSG00000103811 ENSG00000149131,CTSH SERPING1
GO:BP,GO:0002698,negative regulation of immune effector process,0.6444187904762017,False,1,111,16,3629,ENSG00000149131,SERPING1
GO:BP,GO:0009261,ribonucleotide catabolic process,0.6444187904762017,False,1,111,16,3629,ENSG00000111669,TPI1
GO:BP,GO:0048167,regulation of synaptic plasticity,0.6444187904762017,False,1,111,16,3629,ENSG00000155511,GRIA1
GO:BP,GO:0002683,negative regulation of immune system process,0.6444187904762017,False,2,111,44,3629,ENSG00000010810 ENSG00000149131,FYN SERPING1
GO:BP,GO:0038127,ERBB signaling pathway,0.6444187904762017,False,1,111,16,3629,ENSG00000113070,HBEGF
GO:BP,GO:0060047,heart contraction,0.6444187904762017,False,1,111,16,3629,ENSG00000113070,HBEGF
GO:BP,GO:0061640,cytoskeleton-dependent cytokinesis,0.6444187904762017,False,1,111,16,3629,ENSG00000131558,EXOC4
GO:BP,GO:0050728,negative regulation of inflammatory response,0.6444187904762017,False,1,111,16,3629,ENSG00000010810,FYN
GO:BP,GO:0033002,muscle cell proliferation,0.6444187904762017,False,1,111,16,3629,ENSG00000113070,HBEGF
GO:BP,GO:0006195,purine nucleotide catabolic process,0.6444187904762017,False,1,111,16,3629,ENSG00000111669,TPI1
GO:BP,GO:0006325,chromatin organization,0.6444187904762017,False,6,111,165,3629,ENSG00000169592 ENSG00000174579 ENSG00000104885 ENSG00000185619 ENSG00000178093 ENSG00000196182,INO80E MSL2 DOT1L PCGF3 TSSK6 STK40
GO:BP,GO:1903522,regulation of blood circulation,0.6444187904762017,False,1,111,16,3629,ENSG00000113070,HBEGF
GO:BP,GO:1990138,neuron projection extension,0.6461084729899582,False,1,111,17,3629,ENSG00000066084,DIP2B
GO:BP,GO:2000145,regulation of cell motility,0.6461084729899582,False,3,111,75,3629,ENSG00000103811 ENSG00000213654 ENSG00000113070,CTSH GPSM3 HBEGF
GO:BP,GO:2000181,negative regulation of blood vessel morphogenesis,0.6461084729899582,False,1,111,17,3629,ENSG00000010810,FYN
GO:BP,GO:1903037,regulation of leukocyte cell-cell adhesion,0.6461084729899582,False,2,111,45,3629,ENSG00000010810 ENSG00000115085,FYN ZAP70
GO:BP,GO:0048518,positive regulation of biological process,0.6461084729899582,False,18,111,546,3629,ENSG00000173114 ENSG00000167074 ENSG00000169592 ENSG00000066084 ENSG00000100354 ENSG00000010810 ENSG00000103811 ENSG00000007402 ENSG00000213654 ENSG00000155511 ENSG00000035499 ENSG00000124557 ENSG00000149131 ENSG00000174579 ENSG00000104885 ENSG00000187266 ENSG00000113070 ENSG00000115085,LRRN3 TEF INO80E DIP2B TNRC6B FYN CTSH CACNA2D2 GPSM3 GRIA1 DEPDC1B BTN1A1 SERPING1 MSL2 DOT1L EPOR HBEGF ZAP70
GO:BP,GO:0048812,neuron projection morphogenesis,0.6461084729899582,False,2,111,45,3629,ENSG00000066084 ENSG00000010810,DIP2B FYN
GO:BP,GO:0000302,response to reactive oxygen species,0.6461084729899582,False,1,111,17,3629,ENSG00000010810,FYN
GO:BP,GO:0048646,anatomical structure formation involved in morphogenesis,0.6461084729899582,False,4,111,106,3629,ENSG00000131558 ENSG00000010810 ENSG00000103811 ENSG00000023902,EXOC4 FYN CTSH PLEKHO1
GO:BP,GO:0050863,regulation of T cell activation,0.6461084729899582,False,2,111,45,3629,ENSG00000010810 ENSG00000115085,FYN ZAP70
GO:BP,GO:0031400,negative regulation of protein modification process,0.6461084729899582,False,1,111,17,3629,ENSG00000010810,FYN
GO:BP,GO:0051094,positive regulation of developmental process,0.6461084729899582,False,4,111,104,3629,ENSG00000173114 ENSG00000103811 ENSG00000007402 ENSG00000115085,LRRN3 CTSH CACNA2D2 ZAP70
GO:BP,GO:0051098,regulation of binding,0.6461084729899582,False,1,111,17,3629,ENSG00000104885,DOT1L
GO:BP,GO:0051494,negative regulation of cytoskeleton organization,0.6461084729899582,False,1,111,17,3629,ENSG00000158106,RHPN1
GO:BP,GO:0007088,regulation of mitotic nuclear division,0.6461084729899582,False,1,111,17,3629,ENSG00000112659,CUL9
GO:BP,GO:0006997,nucleus organization,0.6461084729899582,False,1,111,17,3629,ENSG00000178093,TSSK6
GO:BP,GO:0046631,alpha-beta T cell activation,0.6461084729899582,False,1,111,17,3629,ENSG00000115085,ZAP70
GO:BP,GO:0061138,morphogenesis of a branching epithelium,0.6461084729899582,False,1,111,17,3629,ENSG00000103811,CTSH
GO:BP,GO:0009117,nucleotide metabolic process,0.6461084729899582,False,2,111,45,3629,ENSG00000111669 ENSG00000171174,TPI1 RBKS
GO:BP,GO:0055082,intracellular chemical homeostasis,0.6461084729899582,False,2,111,45,3629,ENSG00000162753 ENSG00000122986,SLC9C2 HVCN1
GO:BP,GO:0051783,regulation of nuclear division,0.6461084729899582,False,1,111,17,3629,ENSG00000112659,CUL9
GO:BP,GO:0030308,negative regulation of cell growth,0.6461084729899582,False,1,111,17,3629,ENSG00000066084,DIP2B
GO:BP,GO:0051225,spindle assembly,0.6461084729899582,False,1,111,17,3629,ENSG00000237649,KIFC1
GO:BP,GO:0045582,positive regulation of T cell differentiation,0.6461084729899582,False,1,111,17,3629,ENSG00000115085,ZAP70
GO:BP,GO:0010975,regulation of neuron projection development,0.6461084729899582,False,2,111,45,3629,ENSG00000066084 ENSG00000010810,DIP2B FYN
GO:BP,GO:0016192,vesicle-mediated transport,0.6461084729899582,False,5,111,137,3629,ENSG00000128891 ENSG00000131558 ENSG00000010810 ENSG00000155511 ENSG00000157823,CCDC32 EXOC4 FYN GRIA1 AP3S2
GO:BP,GO:0016485,protein processing,0.6461084729899582,False,1,111,17,3629,ENSG00000103811,CTSH
GO:BP,GO:0016064,immunoglobulin mediated immune response,0.6461084729899582,False,1,111,17,3629,ENSG00000149131,SERPING1
GO:BP,GO:0016525,negative regulation of angiogenesis,0.6461084729899582,False,1,111,17,3629,ENSG00000010810,FYN
GO:BP,GO:0009611,response to wounding,0.6461084729899582,False,2,111,45,3629,ENSG00000149131 ENSG00000113070,SERPING1 HBEGF
GO:BP,GO:0002687,positive regulation of leukocyte migration,0.6461084729899582,False,1,111,17,3629,ENSG00000213654,GPSM3
GO:BP,GO:0071560,cellular response to transforming growth factor beta stimulus,0.6461084729899582,False,1,111,17,3629,ENSG00000010810,FYN
GO:BP,GO:0071559,response to transforming growth factor beta,0.6461084729899582,False,1,111,17,3629,ENSG00000010810,FYN
GO:BP,GO:0010976,positive regulation of neuron projection development,0.6461084729899582,False,1,111,17,3629,ENSG00000010810,FYN
GO:BP,GO:1901343,negative regulation of vasculature development,0.6461084729899582,False,1,111,17,3629,ENSG00000010810,FYN
GO:BP,GO:0007169,cell surface receptor protein tyrosine kinase signaling pathway,0.6469833736717231,False,2,111,46,3629,ENSG00000010810 ENSG00000113070,FYN HBEGF
GO:BP,GO:0055080,monoatomic cation homeostasis,0.6469833736717231,False,2,111,46,3629,ENSG00000162753 ENSG00000122986,SLC9C2 HVCN1
GO:BP,GO:0043069,negative regulation of programmed cell death,0.6469833736717231,False,3,111,76,3629,ENSG00000010810 ENSG00000103811 ENSG00000196182,FYN CTSH STK40
GO:BP,GO:0050801,monoatomic ion homeostasis,0.6469833736717231,False,2,111,46,3629,ENSG00000162753 ENSG00000122986,SLC9C2 HVCN1
GO:BP,GO:0019318,hexose metabolic process,0.6470953132828104,False,1,111,18,3629,ENSG00000111669,TPI1
GO:BP,GO:0006814,sodium ion transport,0.6470953132828104,False,1,111,18,3629,ENSG00000162753,SLC9C2
GO:BP,GO:0072523,purine-containing compound catabolic process,0.6470953132828104,False,1,111,18,3629,ENSG00000111669,TPI1
GO:BP,GO:0019724,B cell mediated immunity,0.6470953132828104,False,1,111,18,3629,ENSG00000149131,SERPING1
GO:BP,GO:0051310,metaphase chromosome alignment,0.6470953132828104,False,1,111,18,3629,ENSG00000237649,KIFC1
GO:BP,GO:0000910,cytokinesis,0.6470953132828104,False,1,111,18,3629,ENSG00000131558,EXOC4
GO:BP,GO:0022402,cell cycle process,0.6470953132828104,False,5,111,140,3629,ENSG00000131558 ENSG00000112659 ENSG00000104885 ENSG00000221914 ENSG00000237649,EXOC4 CUL9 DOT1L PPP2R2A KIFC1
GO:BP,GO:0007613,memory,0.6470953132828104,False,1,111,18,3629,ENSG00000155511,GRIA1
GO:BP,GO:0001822,kidney development,0.6470953132828104,False,1,111,18,3629,ENSG00000103811,CTSH
GO:BP,GO:0051146,striated muscle cell differentiation,0.6470953132828104,False,1,111,18,3629,ENSG00000023902,PLEKHO1
GO:BP,GO:0016358,dendrite development,0.6470953132828104,False,1,111,18,3629,ENSG00000010810,FYN
GO:BP,GO:1901292,nucleoside phosphate catabolic process,0.6470953132828104,False,1,111,18,3629,ENSG00000111669,TPI1
GO:BP,GO:0016051,carbohydrate biosynthetic process,0.6470953132828104,False,1,111,18,3629,ENSG00000111669,TPI1
GO:BP,GO:0009566,fertilization,0.6470953132828104,False,1,111,18,3629,ENSG00000122986,HVCN1
GO:BP,GO:0009166,nucleotide catabolic process,0.6470953132828104,False,1,111,18,3629,ENSG00000111669,TPI1
GO:BP,GO:0021537,telencephalon development,0.6470953132828104,False,1,111,18,3629,ENSG00000155511,GRIA1
GO:BP,GO:0050920,regulation of chemotaxis,0.6470953132828104,False,1,111,18,3629,ENSG00000213654,GPSM3
GO:BP,GO:0031347,regulation of defense response,0.6470953132828104,False,3,111,78,3629,ENSG00000010810 ENSG00000213654 ENSG00000149131,FYN GPSM3 SERPING1
GO:BP,GO:0001763,morphogenesis of a branching structure,0.6470953132828104,False,1,111,18,3629,ENSG00000103811,CTSH
GO:BP,GO:2000241,regulation of reproductive process,0.6470953132828104,False,1,111,18,3629,ENSG00000122986,HVCN1
GO:BP,GO:0051129,negative regulation of cellular component organization,0.6470953132828104,False,3,111,77,3629,ENSG00000158106 ENSG00000066084 ENSG00000010810,RHPN1 DIP2B FYN
GO:BP,GO:0007159,leukocyte cell-cell adhesion,0.6470953132828104,False,2,111,47,3629,ENSG00000010810 ENSG00000115085,FYN ZAP70
GO:BP,GO:0000723,telomere maintenance,0.6470953132828104,False,1,111,18,3629,ENSG00000169592,INO80E
GO:BP,GO:1902850,microtubule cytoskeleton organization involved in mitosis,0.6470953132828104,False,1,111,18,3629,ENSG00000237649,KIFC1
GO:BP,GO:0007049,cell cycle,0.6470953132828104,False,6,111,169,3629,ENSG00000131558 ENSG00000169592 ENSG00000112659 ENSG00000104885 ENSG00000221914 ENSG00000237649,EXOC4 INO80E CUL9 DOT1L PPP2R2A KIFC1
GO:BP,GO:0007034,vacuolar transport,0.6470953132828104,False,1,111,18,3629,ENSG00000157823,AP3S2
GO:BP,GO:0010977,negative regulation of neuron projection development,0.6470953132828104,False,1,111,18,3629,ENSG00000066084,DIP2B
GO:BP,GO:0009966,regulation of signal transduction,0.6470953132828104,False,9,111,265,3629,ENSG00000010810 ENSG00000103811 ENSG00000155511 ENSG00000035499 ENSG00000120903 ENSG00000104885 ENSG00000113070 ENSG00000196182 ENSG00000115085,FYN CTSH GRIA1 DEPDC1B CHRNA2 DOT1L HBEGF STK40 ZAP70
GO:BP,GO:0045621,positive regulation of lymphocyte differentiation,0.6470953132828104,False,1,111,18,3629,ENSG00000115085,ZAP70
GO:BP,GO:0003006,developmental process involved in reproduction,0.6470953132828104,False,3,111,77,3629,ENSG00000166118 ENSG00000187266 ENSG00000178093,SPATA19 EPOR TSSK6
GO:BP,GO:0010646,regulation of cell communication,0.6515629833652776,False,10,111,299,3629,ENSG00000010810 ENSG00000103811 ENSG00000007402 ENSG00000155511 ENSG00000035499 ENSG00000120903 ENSG00000104885 ENSG00000113070 ENSG00000196182 ENSG00000115085,FYN CTSH CACNA2D2 GRIA1 DEPDC1B CHRNA2 DOT1L HBEGF STK40 ZAP70
GO:MF,GO:0015291,secondary active transmembrane transporter activity,0.6533842466274068,False,1,111,22,3629,ENSG00000162753,SLC9C2
GO:BP,GO:0016049,cell growth,0.6542132817790788,False,2,111,48,3629,ENSG00000066084 ENSG00000113070,DIP2B HBEGF
GO:BP,GO:0048609,multicellular organismal reproductive process,0.6570936302745326,False,3,111,79,3629,ENSG00000166118 ENSG00000187266 ENSG00000178093,SPATA19 EPOR TSSK6
GO:BP,GO:0000902,cell morphogenesis,0.65915136177103,False,3,111,80,3629,ENSG00000066084 ENSG00000010810 ENSG00000023902,DIP2B FYN PLEKHO1
GO:BP,GO:0001909,leukocyte mediated cytotoxicity,0.65915136177103,False,1,111,19,3629,ENSG00000103811,CTSH
GO:BP,GO:1904951,positive regulation of establishment of protein localization,0.65915136177103,False,1,111,19,3629,ENSG00000010810,FYN
GO:BP,GO:0031032,actomyosin structure organization,0.65915136177103,False,1,111,19,3629,ENSG00000158106,RHPN1
GO:BP,GO:0048588,developmental cell growth,0.65915136177103,False,1,111,19,3629,ENSG00000066084,DIP2B
GO:BP,GO:0023051,regulation of signaling,0.65915136177103,False,10,111,301,3629,ENSG00000010810 ENSG00000103811 ENSG00000007402 ENSG00000155511 ENSG00000035499 ENSG00000120903 ENSG00000104885 ENSG00000113070 ENSG00000196182 ENSG00000115085,FYN CTSH CACNA2D2 GRIA1 DEPDC1B CHRNA2 DOT1L HBEGF STK40 ZAP70
GO:BP,GO:0051248,negative regulation of protein metabolic process,0.65915136177103,False,2,111,49,3629,ENSG00000100354 ENSG00000010810,TNRC6B FYN
GO:BP,GO:0051897,positive regulation of phosphatidylinositol 3-kinase/protein kinase B signal transduction,0.65915136177103,False,1,111,19,3629,ENSG00000113070,HBEGF
GO:BP,GO:0099504,synaptic vesicle cycle,0.65915136177103,False,1,111,19,3629,ENSG00000157823,AP3S2
GO:BP,GO:0099111,microtubule-based transport,0.65915136177103,False,1,111,19,3629,ENSG00000157823,AP3S2
GO:BP,GO:0015931,nucleobase-containing compound transport,0.65915136177103,False,1,111,19,3629,ENSG00000285982,ENSG00000285982
GO:BP,GO:0072001,renal system development,0.65915136177103,False,1,111,19,3629,ENSG00000103811,CTSH
GO:BP,GO:0045926,negative regulation of growth,0.65915136177103,False,1,111,19,3629,ENSG00000066084,DIP2B
GO:BP,GO:0071674,mononuclear cell migration,0.65915136177103,False,1,111,19,3629,ENSG00000115085,ZAP70
GO:BP,GO:0097553,calcium ion transmembrane import into cytosol,0.65915136177103,False,1,111,19,3629,ENSG00000010810,FYN
GO:CC,GO:0042581,specific granule,0.6604743644799002,False,1,111,13,3629,ENSG00000122986,HVCN1
GO:CC,GO:0030669,clathrin-coated endocytic vesicle membrane,0.6604743644799002,False,1,111,13,3629,ENSG00000113070,HBEGF
GO:CC,GO:0030670,phagocytic vesicle membrane,0.6604743644799002,False,1,111,13,3629,ENSG00000122986,HVCN1
GO:CC,GO:0005884,actin filament,0.6604743644799002,False,1,111,13,3629,ENSG00000010810,FYN
GO:CC,GO:0001726,ruffle,0.6604743644799002,False,1,111,13,3629,ENSG00000023902,PLEKHO1
GO:CC,GO:0005875,microtubule associated complex,0.6612394480889444,False,1,111,15,3629,ENSG00000237649,KIFC1
GO:CC,GO:0012507,ER to Golgi transport vesicle membrane,0.6612394480889444,False,1,111,16,3629,ENSG00000155511,GRIA1
GO:CC,GO:0005930,axoneme,0.6612394480889444,False,1,111,14,3629,ENSG00000178093,TSSK6
GO:CC,GO:0005911,cell-cell junction,0.6612394480889444,False,2,111,43,3629,ENSG00000155511 ENSG00000115085,GRIA1 ZAP70
GO:CC,GO:0014069,postsynaptic density,0.6612394480889444,False,2,111,41,3629,ENSG00000010810 ENSG00000155511,FYN GRIA1
GO:CC,GO:0030426,growth cone,0.6612394480889444,False,1,111,16,3629,ENSG00000131558,EXOC4
GO:CC,GO:0030427,site of polarized growth,0.6612394480889444,False,1,111,16,3629,ENSG00000131558,EXOC4
GO:CC,GO:0031252,cell leading edge,0.6612394480889444,False,2,111,40,3629,ENSG00000155511 ENSG00000023902,GRIA1 PLEKHO1
GO:CC,GO:0032279,asymmetric synapse,0.6612394480889444,False,2,111,42,3629,ENSG00000010810 ENSG00000155511,FYN GRIA1
GO:CC,GO:0036477,somatodendritic compartment,0.6612394480889444,False,3,111,71,3629,ENSG00000066084 ENSG00000010810 ENSG00000155511,DIP2B FYN GRIA1
GO:CC,GO:0031461,cullin-RING ubiquitin ligase complex,0.6612394480889444,False,1,111,16,3629,ENSG00000112659,CUL9
GO:CC,GO:0000932,P-body,0.6612394480889444,False,1,111,14,3629,ENSG00000100354,TNRC6B
GO:CC,GO:0097014,ciliary plasm,0.6612394480889444,False,1,111,15,3629,ENSG00000178093,TSSK6
GO:CC,GO:0070820,tertiary granule,0.6612394480889444,False,1,111,14,3629,ENSG00000103811,CTSH
GO:CC,GO:1904813,ficolin-1-rich granule lumen,0.6612394480889444,False,1,111,14,3629,ENSG00000103811,CTSH
GO:CC,GO:0055038,recycling endosome membrane,0.6612394480889444,False,1,111,16,3629,ENSG00000155511,GRIA1
GO:CC,GO:1990234,transferase complex,0.6612394480889444,False,3,111,69,3629,ENSG00000112659 ENSG00000174579 ENSG00000185619,CUL9 MSL2 PCGF3
GO:CC,GO:0140535,intracellular protein-containing complex,0.6612394480889444,False,3,111,69,3629,ENSG00000112659 ENSG00000174579 ENSG00000185619,CUL9 MSL2 PCGF3
GO:CC,GO:0098794,postsynapse,0.6612394480889444,False,3,111,69,3629,ENSG00000010810 ENSG00000155511 ENSG00000120903,FYN GRIA1 CHRNA2
GO:CC,GO:0045334,clathrin-coated endocytic vesicle,0.6612394480889444,False,1,111,15,3629,ENSG00000113070,HBEGF
GO:CC,GO:0101002,ficolin-1-rich granule,0.6612394480889444,False,1,111,15,3629,ENSG00000103811,CTSH
GO:CC,GO:0099503,secretory vesicle,0.6612394480889444,False,4,111,101,3629,ENSG00000103811 ENSG00000122986 ENSG00000155511 ENSG00000149131,CTSH HVCN1 GRIA1 SERPING1
GO:CC,GO:0099572,postsynaptic specialization,0.6612394480889444,False,2,111,43,3629,ENSG00000010810 ENSG00000155511,FYN GRIA1
GO:CC,GO:0098839,postsynaptic density membrane,0.6612394480889444,False,1,111,16,3629,ENSG00000155511,GRIA1
GO:BP,GO:0006753,nucleoside phosphate metabolic process,0.6659747995026737,False,2,111,51,3629,ENSG00000111669 ENSG00000171174,TPI1 RBKS
GO:BP,GO:0018205,peptidyl-lysine modification,0.6659747995026737,False,1,111,20,3629,ENSG00000066084,DIP2B
GO:BP,GO:0030163,protein catabolic process,0.6659747995026737,False,3,111,81,3629,ENSG00000010810 ENSG00000103811 ENSG00000112659,FYN CTSH CUL9
GO:BP,GO:0006955,immune response,0.6659747995026737,False,6,111,177,3629,ENSG00000010810 ENSG00000103811 ENSG00000122986 ENSG00000124557 ENSG00000149131 ENSG00000115085,FYN CTSH HVCN1 BTN1A1 SERPING1 ZAP70
GO:BP,GO:0042221,response to chemical,0.6659747995026737,False,9,111,273,3629,ENSG00000010810 ENSG00000103811 ENSG00000122986 ENSG00000213654 ENSG00000155511 ENSG00000120903 ENSG00000221914 ENSG00000187266 ENSG00000113070,FYN CTSH HVCN1 GPSM3 GRIA1 CHRNA2 PPP2R2A EPOR HBEGF
GO:BP,GO:0016241,regulation of macroautophagy,0.6659747995026737,False,1,111,20,3629,ENSG00000131558,EXOC4
GO:BP,GO:0002685,regulation of leukocyte migration,0.6659747995026737,False,1,111,20,3629,ENSG00000213654,GPSM3
GO:BP,GO:0045785,positive regulation of cell adhesion,0.6659747995026737,False,2,111,51,3629,ENSG00000010810 ENSG00000115085,FYN ZAP70
GO:BP,GO:0048878,chemical homeostasis,0.6659747995026737,False,3,111,81,3629,ENSG00000162753 ENSG00000103811 ENSG00000122986,SLC9C2 CTSH HVCN1
GO:BP,GO:0051726,regulation of cell cycle,0.6659747995026737,False,4,111,113,3629,ENSG00000169592 ENSG00000112659 ENSG00000104885 ENSG00000221914,INO80E CUL9 DOT1L PPP2R2A
GO:BP,GO:0032870,cellular response to hormone stimulus,0.6659747995026737,False,2,111,51,3629,ENSG00000103811 ENSG00000155511,CTSH GRIA1
GO:BP,GO:0007596,blood coagulation,0.6659747995026737,False,1,111,20,3629,ENSG00000149131,SERPING1
GO:BP,GO:0001525,angiogenesis,0.6659747995026737,False,2,111,51,3629,ENSG00000010810 ENSG00000103811,FYN CTSH
GO:BP,GO:0099003,vesicle-mediated transport in synapse,0.6659747995026737,False,1,111,20,3629,ENSG00000157823,AP3S2
GO:BP,GO:0099173,postsynapse organization,0.6659747995026737,False,1,111,20,3629,ENSG00000010810,FYN
GO:BP,GO:0010721,negative regulation of cell development,0.6659747995026737,False,1,111,20,3629,ENSG00000066084,DIP2B
GO:BP,GO:0007286,spermatid development,0.6659747995026737,False,1,111,20,3629,ENSG00000178093,TSSK6
GO:BP,GO:1904062,regulation of monoatomic cation transmembrane transport,0.6659747995026737,False,1,111,20,3629,ENSG00000010810,FYN
GO:BP,GO:0009967,positive regulation of signal transduction,0.6659747995026737,False,5,111,146,3629,ENSG00000103811 ENSG00000155511 ENSG00000035499 ENSG00000113070 ENSG00000115085,CTSH GRIA1 DEPDC1B HBEGF ZAP70
GO:BP,GO:0050817,coagulation,0.6659747995026737,False,1,111,20,3629,ENSG00000149131,SERPING1
GO:BP,GO:0050906,detection of stimulus involved in sensory perception,0.6659747995026737,False,1,111,20,3629,ENSG00000010810,FYN
GO:BP,GO:0050000,chromosome localization,0.6659747995026737,False,1,111,20,3629,ENSG00000237649,KIFC1
GO:BP,GO:0007599,hemostasis,0.6659747995026737,False,1,111,20,3629,ENSG00000149131,SERPING1
GO:BP,GO:0051249,regulation of lymphocyte activation,0.6659747995026737,False,2,111,50,3629,ENSG00000010810 ENSG00000115085,FYN ZAP70
GO:BP,GO:0045088,regulation of innate immune response,0.6659747995026737,False,2,111,50,3629,ENSG00000010810 ENSG00000149131,FYN SERPING1
GO:BP,GO:0045739,positive regulation of DNA repair,0.6659747995026737,False,1,111,20,3629,ENSG00000169592,INO80E
GO:BP,GO:0002456,T cell mediated immunity,0.6659747995026737,False,1,111,20,3629,ENSG00000103811,CTSH
GO:BP,GO:0048515,spermatid differentiation,0.6659747995026737,False,1,111,20,3629,ENSG00000178093,TSSK6
GO:MF,GO:0019207,kinase regulator activity,0.6708102357402688,False,1,111,23,3629,ENSG00000113070,HBEGF
GO:BP,GO:0009057,macromolecule catabolic process,0.6715654960509019,False,4,111,115,3629,ENSG00000100354 ENSG00000010810 ENSG00000103811 ENSG00000112659,TNRC6B FYN CTSH CUL9
GO:CC,GO:0098984,neuron to neuron synapse,0.6717774401284744,False,2,111,45,3629,ENSG00000010810 ENSG00000155511,FYN GRIA1
GO:CC,GO:0099634,postsynaptic specialization membrane,0.6717774401284744,False,1,111,17,3629,ENSG00000155511,GRIA1
GO:CC,GO:0030135,coated vesicle,0.6717774401284744,False,2,111,46,3629,ENSG00000155511 ENSG00000113070,GRIA1 HBEGF
GO:CC,GO:0030665,clathrin-coated vesicle membrane,0.6717774401284744,False,1,111,17,3629,ENSG00000113070,HBEGF
GO:CC,GO:0045171,intercellular bridge,0.6717774401284744,False,1,111,17,3629,ENSG00000120903,CHRNA2
GO:CC,GO:0035770,ribonucleoprotein granule,0.6717774401284744,False,3,111,76,3629,ENSG00000100354 ENSG00000103811 ENSG00000187266,TNRC6B CTSH EPOR
GO:CC,GO:0030134,COPII-coated ER to Golgi transport vesicle,0.6804246833215984,False,1,111,18,3629,ENSG00000155511,GRIA1
GO:CC,GO:0098858,actin-based cell projection,0.6804246833215984,False,1,111,18,3629,ENSG00000131558,EXOC4
GO:CC,GO:0070603,SWI/SNF superfamily-type complex,0.6804246833215984,False,1,111,18,3629,ENSG00000169592,INO80E
GO:CC,GO:0045335,phagocytic vesicle,0.6804246833215984,False,1,111,18,3629,ENSG00000122986,HVCN1
GO:BP,GO:0034599,cellular response to oxidative stress,0.6807346910080562,False,1,111,21,3629,ENSG00000010810,FYN
GO:BP,GO:0042770,signal transduction in response to DNA damage,0.6807346910080562,False,1,111,21,3629,ENSG00000104885,DOT1L
GO:BP,GO:0045580,regulation of T cell differentiation,0.6807346910080562,False,1,111,21,3629,ENSG00000115085,ZAP70
GO:BP,GO:0043488,regulation of mRNA stability,0.6807346910080562,False,1,111,21,3629,ENSG00000100354,TNRC6B
GO:BP,GO:1902904,negative regulation of supramolecular fiber organization,0.6807346910080562,False,1,111,21,3629,ENSG00000158106,RHPN1
GO:BP,GO:0050794,regulation of cellular process,0.6807346910080562,False,31,111,992,3629,ENSG00000173114 ENSG00000128891 ENSG00000131558 ENSG00000167074 ENSG00000158106 ENSG00000169592 ENSG00000066084 ENSG00000100354 ENSG00000010810 ENSG00000103811 ENSG00000007402 ENSG00000112659 ENSG00000082153 ENSG00000122986 ENSG00000213654 ENSG00000155511 ENSG00000035499 ENSG00000124557 ENSG00000023902 ENSG00000141002 ENSG00000120903 ENSG00000174579 ENSG00000104885 ENSG00000221914 ENSG00000187266 ENSG00000185619 ENSG00000113070 ENSG00000167157 ENSG00000196182 ENSG00000168778 ENSG00000115085,LRRN3 CCDC32 EXOC4 TEF RHPN1 INO80E DIP2B TNRC6B FYN CTSH CACNA2D2 CUL9 BZW1 HVCN1 GPSM3 GRIA1 DEPDC1B BTN1A1 PLEKHO1 TCF25 CHRNA2 MSL2 DOT1L PPP2R2A EPOR PCGF3 HBEGF PRRX2 STK40 TCTN2 ZAP70
GO:BP,GO:0050789,regulation of biological process,0.6817202686417375,False,32,111,1025,3629,ENSG00000173114 ENSG00000128891 ENSG00000131558 ENSG00000167074 ENSG00000158106 ENSG00000169592 ENSG00000066084 ENSG00000100354 ENSG00000010810 ENSG00000103811 ENSG00000007402 ENSG00000112659 ENSG00000082153 ENSG00000122986 ENSG00000213654 ENSG00000155511 ENSG00000035499 ENSG00000124557 ENSG00000149131 ENSG00000023902 ENSG00000141002 ENSG00000120903 ENSG00000174579 ENSG00000104885 ENSG00000221914 ENSG00000187266 ENSG00000185619 ENSG00000113070 ENSG00000167157 ENSG00000196182 ENSG00000168778 ENSG00000115085,LRRN3 CCDC32 EXOC4 TEF RHPN1 INO80E DIP2B TNRC6B FYN CTSH CACNA2D2 CUL9 BZW1 HVCN1 GPSM3 GRIA1 DEPDC1B BTN1A1 SERPING1 PLEKHO1 TCF25 CHRNA2 MSL2 DOT1L PPP2R2A EPOR PCGF3 HBEGF PRRX2 STK40 TCTN2 ZAP70
GO:BP,GO:0019637,organophosphate metabolic process,0.6824407137860545,False,3,111,85,3629,ENSG00000111669 ENSG00000147535 ENSG00000171174,TPI1 PLPP5 RBKS
GO:BP,GO:0010608,post-transcriptional regulation of gene expression,0.6824407137860545,False,2,111,53,3629,ENSG00000100354 ENSG00000082153,TNRC6B BZW1
GO:BP,GO:0034655,nucleobase-containing compound catabolic process,0.6824407137860545,False,2,111,53,3629,ENSG00000100354 ENSG00000111669,TNRC6B TPI1
GO:BP,GO:0072521,purine-containing compound metabolic process,0.6824407137860545,False,2,111,53,3629,ENSG00000111669 ENSG00000171174,TPI1 RBKS
GO:BP,GO:0031349,positive regulation of defense response,0.6824407137860545,False,2,111,53,3629,ENSG00000010810 ENSG00000213654,FYN GPSM3
GO:BP,GO:0007283,spermatogenesis,0.6824407137860545,False,2,111,53,3629,ENSG00000166118 ENSG00000178093,SPATA19 TSSK6
GO:BP,GO:0055086,nucleobase-containing small molecule metabolic process,0.6824407137860545,False,2,111,53,3629,ENSG00000111669 ENSG00000171174,TPI1 RBKS
GO:BP,GO:0071363,cellular response to growth factor stimulus,0.6824407137860545,False,2,111,53,3629,ENSG00000010810 ENSG00000155511,FYN GRIA1
GO:CC,GO:0030054,cell junction,0.6836957077671993,False,7,111,204,3629,ENSG00000131558 ENSG00000010810 ENSG00000007402 ENSG00000155511 ENSG00000120903 ENSG00000221914 ENSG00000115085,EXOC4 FYN CACNA2D2 GRIA1 CHRNA2 PPP2R2A ZAP70
GO:BP,GO:0065007,biological regulation,0.6838174380413062,False,33,111,1060,3629,ENSG00000173114 ENSG00000128891 ENSG00000131558 ENSG00000162753 ENSG00000167074 ENSG00000158106 ENSG00000169592 ENSG00000066084 ENSG00000100354 ENSG00000010810 ENSG00000103811 ENSG00000007402 ENSG00000112659 ENSG00000082153 ENSG00000122986 ENSG00000213654 ENSG00000155511 ENSG00000035499 ENSG00000124557 ENSG00000149131 ENSG00000023902 ENSG00000141002 ENSG00000120903 ENSG00000174579 ENSG00000104885 ENSG00000221914 ENSG00000187266 ENSG00000185619 ENSG00000113070 ENSG00000167157 ENSG00000196182 ENSG00000168778 ENSG00000115085,LRRN3 CCDC32 EXOC4 SLC9C2 TEF RHPN1 INO80E DIP2B TNRC6B FYN CTSH CACNA2D2 CUL9 BZW1 HVCN1 GPSM3 GRIA1 DEPDC1B BTN1A1 SERPING1 PLEKHO1 TCF25 CHRNA2 MSL2 DOT1L PPP2R2A EPOR PCGF3 HBEGF PRRX2 STK40 TCTN2 ZAP70
GO:BP,GO:0010604,positive regulation of macromolecule metabolic process,0.6858570819822751,False,9,111,280,3629,ENSG00000167074 ENSG00000169592 ENSG00000066084 ENSG00000100354 ENSG00000103811 ENSG00000213654 ENSG00000155511 ENSG00000174579 ENSG00000104885,TEF INO80E DIP2B TNRC6B CTSH GPSM3 GRIA1 MSL2 DOT1L
GO:BP,GO:0070371,ERK1 and ERK2 cascade,0.6869057524839686,False,1,111,22,3629,ENSG00000103811,CTSH
GO:BP,GO:0006909,phagocytosis,0.6869057524839686,False,1,111,22,3629,ENSG00000010810,FYN
GO:BP,GO:0061013,regulation of mRNA catabolic process,0.6869057524839686,False,1,111,22,3629,ENSG00000100354,TNRC6B
GO:BP,GO:0060560,developmental growth involved in morphogenesis,0.6869057524839686,False,1,111,22,3629,ENSG00000066084,DIP2B
GO:BP,GO:0051962,positive regulation of nervous system development,0.6869057524839686,False,1,111,22,3629,ENSG00000173114,LRRN3
GO:BP,GO:0046034,ATP metabolic process,0.6869057524839686,False,1,111,22,3629,ENSG00000111669,TPI1
GO:BP,GO:0051924,regulation of calcium ion transport,0.6869057524839686,False,1,111,22,3629,ENSG00000010810,FYN
GO:BP,GO:0051234,establishment of localization,0.6869057524839686,False,12,111,378,3629,ENSG00000128891 ENSG00000131558 ENSG00000162753 ENSG00000285486 ENSG00000285982 ENSG00000078795 ENSG00000010810 ENSG00000007402 ENSG00000122986 ENSG00000155511 ENSG00000120903 ENSG00000157823,CCDC32 EXOC4 SLC9C2 ENSG00000285486 ENSG00000285982 PKD2L2 FYN CACNA2D2 HVCN1 GRIA1 CHRNA2 AP3S2
GO:BP,GO:1903708,positive regulation of hemopoiesis,0.6869057524839686,False,1,111,22,3629,ENSG00000115085,ZAP70
GO:BP,GO:1902107,positive regulation of leukocyte differentiation,0.6869057524839686,False,1,111,22,3629,ENSG00000115085,ZAP70
GO:MF,GO:0008757,S-adenosylmethionine-dependent methyltransferase activity,0.6874645982485603,False,1,111,24,3629,ENSG00000104885,DOT1L
GO:BP,GO:1901700,response to oxygen-containing compound,0.6880392443278706,False,4,111,119,3629,ENSG00000010810 ENSG00000103811 ENSG00000155511 ENSG00000120903,FYN CTSH GRIA1 CHRNA2
GO:BP,GO:0009056,catabolic process,0.6900252201891558,False,7,111,217,3629,ENSG00000131558 ENSG00000100354 ENSG00000010810 ENSG00000103811 ENSG00000112659 ENSG00000111669 ENSG00000171174,EXOC4 TNRC6B FYN CTSH CUL9 TPI1 RBKS
GO:BP,GO:0019222,regulation of metabolic process,0.6909485382450338,False,18,111,576,3629,ENSG00000131558 ENSG00000167074 ENSG00000169592 ENSG00000066084 ENSG00000100354 ENSG00000010810 ENSG00000103811 ENSG00000082153 ENSG00000122986 ENSG00000213654 ENSG00000155511 ENSG00000124557 ENSG00000141002 ENSG00000174579 ENSG00000104885 ENSG00000185619 ENSG00000167157 ENSG00000196182,EXOC4 TEF INO80E DIP2B TNRC6B FYN CTSH BZW1 HVCN1 GPSM3 GRIA1 BTN1A1 TCF25 MSL2 DOT1L PCGF3 PRRX2 STK40
GO:BP,GO:0010564,regulation of cell cycle process,0.6909485382450338,False,3,111,87,3629,ENSG00000112659 ENSG00000104885 ENSG00000221914,CUL9 DOT1L PPP2R2A
GO:BP,GO:0001906,cell killing,0.6922138720532753,False,1,111,23,3629,ENSG00000103811,CTSH
GO:BP,GO:0000075,cell cycle checkpoint signaling,0.6922138720532753,False,1,111,23,3629,ENSG00000104885,DOT1L
GO:BP,GO:0051336,regulation of hydrolase activity,0.6922138720532753,False,1,111,23,3629,ENSG00000103811,CTSH
GO:BP,GO:0007610,behavior,0.6922138720532753,False,2,111,55,3629,ENSG00000010810 ENSG00000155511,FYN GRIA1
GO:BP,GO:0051254,positive regulation of RNA metabolic process,0.6922138720532753,False,5,111,154,3629,ENSG00000167074 ENSG00000169592 ENSG00000100354 ENSG00000174579 ENSG00000104885,TEF INO80E TNRC6B MSL2 DOT1L
GO:BP,GO:0022414,reproductive process,0.6922138720532753,False,4,111,121,3629,ENSG00000166118 ENSG00000122986 ENSG00000187266 ENSG00000178093,SPATA19 HVCN1 EPOR TSSK6
GO:BP,GO:0048232,male gamete generation,0.6922138720532753,False,2,111,55,3629,ENSG00000166118 ENSG00000178093,SPATA19 TSSK6
GO:BP,GO:0062197,cellular response to chemical stress,0.6922138720532753,False,1,111,23,3629,ENSG00000010810,FYN
GO:BP,GO:0002694,regulation of leukocyte activation,0.6922138720532753,False,2,111,55,3629,ENSG00000010810 ENSG00000115085,FYN ZAP70
GO:BP,GO:0051983,regulation of chromosome segregation,0.6922138720532753,False,1,111,23,3629,ENSG00000221914,PPP2R2A
GO:BP,GO:0070848,response to growth factor,0.6922138720532753,False,2,111,55,3629,ENSG00000010810 ENSG00000155511,FYN GRIA1
GO:BP,GO:0009205,purine ribonucleoside triphosphate metabolic process,0.6922138720532753,False,1,111,23,3629,ENSG00000111669,TPI1
GO:BP,GO:0071375,cellular response to peptide hormone stimulus,0.6922138720532753,False,1,111,23,3629,ENSG00000155511,GRIA1
GO:BP,GO:0042129,regulation of T cell proliferation,0.6922138720532753,False,1,111,23,3629,ENSG00000115085,ZAP70
GO:BP,GO:0043487,regulation of RNA stability,0.6922138720532753,False,1,111,23,3629,ENSG00000100354,TNRC6B
GO:BP,GO:0009887,animal organ morphogenesis,0.6922138720532753,False,3,111,88,3629,ENSG00000131558 ENSG00000103811 ENSG00000196182,EXOC4 CTSH STK40
GO:BP,GO:0009636,response to toxic substance,0.6922138720532753,False,1,111,23,3629,ENSG00000155511,GRIA1
GO:BP,GO:1901701,cellular response to oxygen-containing compound,0.6922138720532753,False,3,111,88,3629,ENSG00000010810 ENSG00000155511 ENSG00000120903,FYN GRIA1 CHRNA2
GO:CC,GO:0031901,early endosome membrane,0.6963769792293506,False,1,111,19,3629,ENSG00000155511,GRIA1
GO:CC,GO:0031410,cytoplasmic vesicle,0.6963769792293506,False,8,111,239,3629,ENSG00000010810 ENSG00000103811 ENSG00000122986 ENSG00000155511 ENSG00000149131 ENSG00000157823 ENSG00000237649 ENSG00000113070,FYN CTSH HVCN1 GRIA1 SERPING1 AP3S2 KIFC1 HBEGF
GO:CC,GO:0097708,intracellular vesicle,0.6963769792293506,False,8,111,239,3629,ENSG00000010810 ENSG00000103811 ENSG00000122986 ENSG00000155511 ENSG00000149131 ENSG00000157823 ENSG00000237649 ENSG00000113070,FYN CTSH HVCN1 GRIA1 SERPING1 AP3S2 KIFC1 HBEGF
GO:BP,GO:0019725,cellular homeostasis,0.6964804703939351,False,2,111,56,3629,ENSG00000162753 ENSG00000122986,SLC9C2 HVCN1
GO:BP,GO:1903047,mitotic cell cycle process,0.6968612344156729,False,3,111,89,3629,ENSG00000131558 ENSG00000112659 ENSG00000237649,EXOC4 CUL9 KIFC1
GO:BP,GO:0048856,anatomical structure development,0.6977157424149847,False,15,111,483,3629,ENSG00000173114 ENSG00000128891 ENSG00000131558 ENSG00000169592 ENSG00000066084 ENSG00000010810 ENSG00000103811 ENSG00000007402 ENSG00000155511 ENSG00000023902 ENSG00000187266 ENSG00000113070 ENSG00000178093 ENSG00000196182 ENSG00000115085,LRRN3 CCDC32 EXOC4 INO80E DIP2B FYN CTSH CACNA2D2 GRIA1 PLEKHO1 EPOR HBEGF TSSK6 STK40 ZAP70
GO:BP,GO:0045619,regulation of lymphocyte differentiation,0.701290909428595,False,1,111,24,3629,ENSG00000115085,ZAP70
GO:BP,GO:0009144,purine nucleoside triphosphate metabolic process,0.701290909428595,False,1,111,24,3629,ENSG00000111669,TPI1
GO:BP,GO:0002831,regulation of response to biotic stimulus,0.701290909428595,False,2,111,57,3629,ENSG00000010810 ENSG00000149131,FYN SERPING1
GO:BP,GO:0006996,organelle organization,0.701290909428595,False,11,111,354,3629,ENSG00000128891 ENSG00000158106 ENSG00000169592 ENSG00000166118 ENSG00000112659 ENSG00000141002 ENSG00000104885 ENSG00000157823 ENSG00000237649 ENSG00000178093 ENSG00000168778,CCDC32 RHPN1 INO80E SPATA19 CUL9 TCF25 DOT1L AP3S2 KIFC1 TSSK6 TCTN2
GO:BP,GO:0022407,regulation of cell-cell adhesion,0.701290909428595,False,2,111,57,3629,ENSG00000010810 ENSG00000115085,FYN ZAP70
GO:BP,GO:0010959,regulation of metal ion transport,0.701290909428595,False,1,111,24,3629,ENSG00000010810,FYN
GO:BP,GO:0048513,animal organ development,0.701290909428595,False,7,111,222,3629,ENSG00000131558 ENSG00000010810 ENSG00000103811 ENSG00000155511 ENSG00000187266 ENSG00000113070 ENSG00000196182,EXOC4 FYN CTSH GRIA1 EPOR HBEGF STK40
GO:BP,GO:0007051,spindle organization,0.701290909428595,False,1,111,24,3629,ENSG00000237649,KIFC1
GO:BP,GO:0010629,negative regulation of gene expression,0.701290909428595,False,4,111,123,3629,ENSG00000100354 ENSG00000010810 ENSG00000104885 ENSG00000185619,TNRC6B FYN DOT1L PCGF3
GO:BP,GO:0032944,regulation of mononuclear cell proliferation,0.701290909428595,False,1,111,24,3629,ENSG00000115085,ZAP70
GO:BP,GO:0050670,regulation of lymphocyte proliferation,0.701290909428595,False,1,111,24,3629,ENSG00000115085,ZAP70
GO:BP,GO:0009653,anatomical structure morphogenesis,0.7038038213839929,False,7,111,223,3629,ENSG00000131558 ENSG00000066084 ENSG00000010810 ENSG00000103811 ENSG00000023902 ENSG00000113070 ENSG00000196182,EXOC4 DIP2B FYN CTSH PLEKHO1 HBEGF STK40
GO:CC,GO:0030496,midbody,0.7059955662379248,False,1,111,20,3629,ENSG00000131558,EXOC4
GO:CC,GO:0072562,blood microparticle,0.7059955662379248,False,1,111,20,3629,ENSG00000149131,SERPING1
GO:CC,GO:1904949,ATPase complex,0.7059955662379248,False,1,111,20,3629,ENSG00000169592,INO80E
GO:BP,GO:0071495,cellular response to endogenous stimulus,0.7093893075425355,False,3,111,92,3629,ENSG00000010810 ENSG00000103811 ENSG00000155511,FYN CTSH GRIA1
GO:BP,GO:0042113,B cell activation,0.7093893075425355,False,1,111,25,3629,ENSG00000115085,ZAP70
GO:BP,GO:0009410,response to xenobiotic stimulus,0.7093893075425355,False,1,111,25,3629,ENSG00000155511,GRIA1
GO:BP,GO:0110053,regulation of actin filament organization,0.7093893075425355,False,1,111,25,3629,ENSG00000158106,RHPN1
GO:BP,GO:0000209,protein polyubiquitination,0.7093893075425355,False,1,111,25,3629,ENSG00000141002,TCF25
GO:BP,GO:0006887,exocytosis,0.7093893075425355,False,1,111,25,3629,ENSG00000131558,EXOC4
GO:BP,GO:0023056,positive regulation of signaling,0.7093893075425355,False,5,111,159,3629,ENSG00000103811 ENSG00000155511 ENSG00000035499 ENSG00000113070 ENSG00000115085,CTSH GRIA1 DEPDC1B HBEGF ZAP70
GO:BP,GO:0009141,nucleoside triphosphate metabolic process,0.7093893075425355,False,1,111,25,3629,ENSG00000111669,TPI1
GO:BP,GO:0010647,positive regulation of cell communication,0.7093893075425355,False,5,111,159,3629,ENSG00000103811 ENSG00000155511 ENSG00000035499 ENSG00000113070 ENSG00000115085,CTSH GRIA1 DEPDC1B HBEGF ZAP70
GO:BP,GO:0141124,intracellular signaling cassette,0.7093893075425355,False,5,111,159,3629,ENSG00000103811 ENSG00000155511 ENSG00000113070 ENSG00000196182 ENSG00000115085,CTSH GRIA1 HBEGF STK40 ZAP70
GO:BP,GO:0009894,regulation of catabolic process,0.7093893075425355,False,3,111,92,3629,ENSG00000131558 ENSG00000100354 ENSG00000010810,EXOC4 TNRC6B FYN
GO:BP,GO:0050865,regulation of cell activation,0.7093893075425355,False,2,111,58,3629,ENSG00000010810 ENSG00000115085,FYN ZAP70
GO:BP,GO:0051179,localization,0.7093893075425355,False,14,111,455,3629,ENSG00000128891 ENSG00000131558 ENSG00000162753 ENSG00000285486 ENSG00000285982 ENSG00000078795 ENSG00000010810 ENSG00000007402 ENSG00000122986 ENSG00000155511 ENSG00000120903 ENSG00000157823 ENSG00000237649 ENSG00000168778,CCDC32 EXOC4 SLC9C2 ENSG00000285486 ENSG00000285982 PKD2L2 FYN CACNA2D2 HVCN1 GRIA1 CHRNA2 AP3S2 KIFC1 TCTN2
GO:BP,GO:1901136,carbohydrate derivative catabolic process,0.7093893075425355,False,1,111,25,3629,ENSG00000111669,TPI1
GO:BP,GO:0032502,developmental process,0.7098650149701109,False,16,111,523,3629,ENSG00000173114 ENSG00000128891 ENSG00000131558 ENSG00000169592 ENSG00000066084 ENSG00000166118 ENSG00000010810 ENSG00000103811 ENSG00000007402 ENSG00000155511 ENSG00000023902 ENSG00000187266 ENSG00000113070 ENSG00000178093 ENSG00000196182 ENSG00000115085,LRRN3 CCDC32 EXOC4 INO80E DIP2B SPATA19 FYN CTSH CACNA2D2 GRIA1 PLEKHO1 EPOR HBEGF TSSK6 STK40 ZAP70
GO:BP,GO:0009889,regulation of biosynthetic process,0.7133216181141331,False,15,111,491,3629,ENSG00000167074 ENSG00000169592 ENSG00000100354 ENSG00000010810 ENSG00000103811 ENSG00000082153 ENSG00000122986 ENSG00000213654 ENSG00000155511 ENSG00000124557 ENSG00000174579 ENSG00000104885 ENSG00000185619 ENSG00000167157 ENSG00000196182,TEF INO80E TNRC6B FYN CTSH BZW1 HVCN1 GPSM3 GRIA1 BTN1A1 MSL2 DOT1L PCGF3 PRRX2 STK40
GO:BP,GO:0009605,response to external stimulus,0.7187483050507225,False,6,111,194,3629,ENSG00000078795 ENSG00000010810 ENSG00000122986 ENSG00000213654 ENSG00000149131 ENSG00000113070,PKD2L2 FYN HVCN1 GPSM3 SERPING1 HBEGF
GO:BP,GO:0051241,negative regulation of multicellular organismal process,0.7188845468393845,False,3,111,94,3629,ENSG00000066084 ENSG00000010810 ENSG00000149131,DIP2B FYN SERPING1
GO:BP,GO:0060485,mesenchyme development,0.7188845468393845,False,1,111,26,3629,ENSG00000131558,EXOC4
GO:BP,GO:0007059,chromosome segregation,0.7188845468393845,False,2,111,60,3629,ENSG00000221914 ENSG00000237649,PPP2R2A KIFC1
GO:BP,GO:0010557,positive regulation of macromolecule biosynthetic process,0.7188845468393845,False,7,111,228,3629,ENSG00000167074 ENSG00000169592 ENSG00000103811 ENSG00000213654 ENSG00000155511 ENSG00000174579 ENSG00000104885,TEF INO80E CTSH GPSM3 GRIA1 MSL2 DOT1L
GO:BP,GO:0042110,T cell activation,0.7188845468393845,False,2,111,60,3629,ENSG00000010810 ENSG00000115085,FYN ZAP70
GO:BP,GO:0042176,regulation of protein catabolic process,0.7188845468393845,False,1,111,26,3629,ENSG00000010810,FYN
GO:BP,GO:0097190,apoptotic signaling pathway,0.7188845468393845,False,2,111,60,3629,ENSG00000010810 ENSG00000103811,FYN CTSH
GO:BP,GO:0019882,antigen processing and presentation,0.7188845468393845,False,1,111,26,3629,ENSG00000103811,CTSH
GO:BP,GO:0070925,organelle assembly,0.7188845468393845,False,3,111,94,3629,ENSG00000157823 ENSG00000237649 ENSG00000168778,AP3S2 KIFC1 TCTN2
GO:MF,GO:0005096,GTPase activator activity,0.7191734885197756,False,1,111,26,3629,ENSG00000035499,DEPDC1B
GO:MF,GO:0005102,signaling receptor binding,0.7191734885197756,False,4,111,128,3629,ENSG00000010810 ENSG00000155511 ENSG00000124557 ENSG00000113070,FYN GRIA1 BTN1A1 HBEGF
GO:BP,GO:0009893,positive regulation of metabolic process,0.7233265808847487,False,9,111,296,3629,ENSG00000167074 ENSG00000169592 ENSG00000066084 ENSG00000100354 ENSG00000103811 ENSG00000213654 ENSG00000155511 ENSG00000174579 ENSG00000104885,TEF INO80E DIP2B TNRC6B CTSH GPSM3 GRIA1 MSL2 DOT1L
GO:BP,GO:0006810,transport,0.7249718170918797,False,11,111,363,3629,ENSG00000128891 ENSG00000131558 ENSG00000162753 ENSG00000285982 ENSG00000078795 ENSG00000010810 ENSG00000007402 ENSG00000122986 ENSG00000155511 ENSG00000120903 ENSG00000157823,CCDC32 EXOC4 SLC9C2 ENSG00000285982 PKD2L2 FYN CACNA2D2 HVCN1 GRIA1 CHRNA2 AP3S2
GO:BP,GO:0000280,nuclear division,0.7250091936450671,False,2,111,61,3629,ENSG00000112659 ENSG00000237649,CUL9 KIFC1
GO:BP,GO:0033993,response to lipid,0.7250091936450671,False,2,111,61,3629,ENSG00000103811 ENSG00000155511,CTSH GRIA1
GO:CC,GO:0008021,synaptic vesicle,0.7269847327119203,False,1,111,21,3629,ENSG00000155511,GRIA1
GO:BP,GO:0009060,aerobic respiration,0.7298298849563014,False,1,111,27,3629,ENSG00000111669,TPI1
GO:BP,GO:0046434,organophosphate catabolic process,0.7298298849563014,False,1,111,27,3629,ENSG00000111669,TPI1
GO:BP,GO:0043434,response to peptide hormone,0.7298298849563014,False,1,111,27,3629,ENSG00000155511,GRIA1
GO:BP,GO:0051896,regulation of phosphatidylinositol 3-kinase/protein kinase B signal transduction,0.7298298849563014,False,1,111,27,3629,ENSG00000113070,HBEGF
GO:BP,GO:0006066,alcohol metabolic process,0.7298298849563014,False,1,111,27,3629,ENSG00000111669,TPI1
GO:MF,GO:0005539,glycosaminoglycan binding,0.7298931964769091,False,1,111,27,3629,ENSG00000113070,HBEGF
GO:MF,GO:0008017,microtubule binding,0.7298931964769091,False,1,111,27,3629,ENSG00000237649,KIFC1
GO:BP,GO:0000165,MAPK cascade,0.7305082919010141,False,2,111,62,3629,ENSG00000103811 ENSG00000196182,CTSH STK40
GO:BP,GO:0009725,response to hormone,0.7305082919010141,False,2,111,62,3629,ENSG00000103811 ENSG00000155511,CTSH GRIA1
GO:BP,GO:0048514,blood vessel morphogenesis,0.7305082919010141,False,2,111,62,3629,ENSG00000010810 ENSG00000103811,FYN CTSH
GO:BP,GO:0060255,regulation of macromolecule metabolic process,0.7331156807963612,False,16,111,534,3629,ENSG00000167074 ENSG00000169592 ENSG00000066084 ENSG00000100354 ENSG00000010810 ENSG00000103811 ENSG00000082153 ENSG00000213654 ENSG00000155511 ENSG00000124557 ENSG00000141002 ENSG00000174579 ENSG00000104885 ENSG00000185619 ENSG00000167157 ENSG00000196182,TEF INO80E DIP2B TNRC6B FYN CTSH BZW1 GPSM3 GRIA1 BTN1A1 TCF25 MSL2 DOT1L PCGF3 PRRX2 STK40
GO:BP,GO:0035295,tube development,0.7331156807963612,False,3,111,98,3629,ENSG00000010810 ENSG00000103811 ENSG00000196182,FYN CTSH STK40
GO:BP,GO:0070663,regulation of leukocyte proliferation,0.7331156807963612,False,1,111,28,3629,ENSG00000115085,ZAP70
GO:BP,GO:0000226,microtubule cytoskeleton organization,0.7331156807963612,False,2,111,63,3629,ENSG00000112659 ENSG00000237649,CUL9 KIFC1
GO:BP,GO:0035556,intracellular signal transduction,0.7331156807963612,False,8,111,266,3629,ENSG00000010810 ENSG00000103811 ENSG00000155511 ENSG00000035499 ENSG00000104885 ENSG00000113070 ENSG00000196182 ENSG00000115085,FYN CTSH GRIA1 DEPDC1B DOT1L HBEGF STK40 ZAP70
GO:BP,GO:0120035,regulation of plasma membrane bounded cell projection organization,0.7331156807963612,False,2,111,63,3629,ENSG00000066084 ENSG00000010810,DIP2B FYN
GO:BP,GO:0060271,cilium assembly,0.7331156807963612,False,1,111,28,3629,ENSG00000168778,TCTN2
GO:BP,GO:0050767,regulation of neurogenesis,0.7331156807963612,False,1,111,28,3629,ENSG00000066084,DIP2B
GO:BP,GO:0051247,positive regulation of protein metabolic process,0.7331156807963612,False,2,111,63,3629,ENSG00000066084 ENSG00000103811,DIP2B CTSH
GO:BP,GO:0033365,protein localization to organelle,0.7331156807963612,False,3,111,97,3629,ENSG00000010810 ENSG00000007402 ENSG00000168778,FYN CACNA2D2 TCTN2
GO:BP,GO:0032880,regulation of protein localization,0.7331156807963612,False,2,111,63,3629,ENSG00000010810 ENSG00000007402,FYN CACNA2D2
GO:BP,GO:2001234,negative regulation of apoptotic signaling pathway,0.7331156807963612,False,1,111,28,3629,ENSG00000010810,FYN
GO:BP,GO:0032101,regulation of response to external stimulus,0.7331156807963612,False,3,111,98,3629,ENSG00000010810 ENSG00000213654 ENSG00000149131,FYN GPSM3 SERPING1
GO:BP,GO:0031401,positive regulation of protein modification process,0.7331156807963612,False,1,111,28,3629,ENSG00000066084,DIP2B
GO:BP,GO:1903311,regulation of mRNA metabolic process,0.7331156807963612,False,1,111,28,3629,ENSG00000100354,TNRC6B
GO:BP,GO:0032259,methylation,0.7331156807963612,False,1,111,28,3629,ENSG00000104885,DOT1L
GO:BP,GO:0009891,positive regulation of biosynthetic process,0.7368408799786358,False,7,111,235,3629,ENSG00000167074 ENSG00000169592 ENSG00000103811 ENSG00000213654 ENSG00000155511 ENSG00000174579 ENSG00000104885,TEF INO80E CTSH GPSM3 GRIA1 MSL2 DOT1L
GO:CC,GO:0070382,exocytic vesicle,0.7389512174397705,False,1,111,22,3629,ENSG00000155511,GRIA1
GO:CC,GO:0098793,presynapse,0.7389512174397705,False,2,111,54,3629,ENSG00000007402 ENSG00000155511,CACNA2D2 GRIA1
GO:CC,GO:0005741,mitochondrial outer membrane,0.7389512174397705,False,1,111,22,3629,ENSG00000166118,SPATA19
GO:BP,GO:0031344,regulation of cell projection organization,0.7392622328682933,False,2,111,64,3629,ENSG00000066084 ENSG00000010810,DIP2B FYN
GO:MF,GO:0016741,"transferase activity, transferring one-carbon groups",0.7404867796712611,False,1,111,28,3629,ENSG00000104885,DOT1L
GO:MF,GO:0008168,methyltransferase activity,0.7404867796712611,False,1,111,28,3629,ENSG00000104885,DOT1L
GO:CC,GO:0030141,secretory granule,0.7421893766516126,False,3,111,87,3629,ENSG00000103811 ENSG00000122986 ENSG00000149131,CTSH HVCN1 SERPING1
GO:BP,GO:0006402,mRNA catabolic process,0.7425389414258019,False,1,111,29,3629,ENSG00000100354,TNRC6B
GO:BP,GO:0045333,cellular respiration,0.7425389414258019,False,1,111,29,3629,ENSG00000111669,TPI1
GO:BP,GO:0048285,organelle fission,0.7425389414258019,False,2,111,65,3629,ENSG00000112659 ENSG00000237649,CUL9 KIFC1
GO:BP,GO:0061024,membrane organization,0.7425389414258019,False,2,111,65,3629,ENSG00000131558 ENSG00000157823,EXOC4 AP3S2
GO:BP,GO:0070201,regulation of establishment of protein localization,0.7425389414258019,False,1,111,29,3629,ENSG00000010810,FYN
GO:BP,GO:0051301,cell division,0.7425389414258019,False,2,111,65,3629,ENSG00000131558 ENSG00000237649,EXOC4 KIFC1
GO:BP,GO:1990778,protein localization to cell periphery,0.7425389414258019,False,1,111,29,3629,ENSG00000007402,CACNA2D2
GO:BP,GO:0031647,regulation of protein stability,0.7425389414258019,False,1,111,29,3629,ENSG00000103811,CTSH
GO:BP,GO:0051276,chromosome organization,0.7425389414258019,False,3,111,100,3629,ENSG00000169592 ENSG00000104885 ENSG00000237649,INO80E DOT1L KIFC1
GO:BP,GO:0050877,nervous system process,0.7425389414258019,False,3,111,100,3629,ENSG00000010810 ENSG00000155511 ENSG00000120903,FYN GRIA1 CHRNA2
GO:MF,GO:0042803,protein homodimerization activity,0.7454938841330309,False,2,111,64,3629,ENSG00000122986 ENSG00000111669,HVCN1 TPI1
GO:BP,GO:0010468,regulation of gene expression,0.7455885344802946,False,14,111,474,3629,ENSG00000167074 ENSG00000169592 ENSG00000100354 ENSG00000010810 ENSG00000103811 ENSG00000082153 ENSG00000213654 ENSG00000155511 ENSG00000124557 ENSG00000174579 ENSG00000104885 ENSG00000185619 ENSG00000167157 ENSG00000196182,TEF INO80E TNRC6B FYN CTSH BZW1 GPSM3 GRIA1 BTN1A1 MSL2 DOT1L PCGF3 PRRX2 STK40
GO:BP,GO:0002252,immune effector process,0.7479887509446799,False,2,111,66,3629,ENSG00000103811 ENSG00000149131,CTSH SERPING1
GO:BP,GO:0032103,positive regulation of response to external stimulus,0.7479887509446799,False,2,111,66,3629,ENSG00000010810 ENSG00000213654,FYN GPSM3
GO:BP,GO:0030111,regulation of Wnt signaling pathway,0.7479887509446799,False,1,111,30,3629,ENSG00000035499,DEPDC1B
GO:BP,GO:0006282,regulation of DNA repair,0.7479887509446799,False,1,111,30,3629,ENSG00000169592,INO80E
GO:BP,GO:0097193,intrinsic apoptotic signaling pathway,0.7479887509446799,False,1,111,30,3629,ENSG00000010810,FYN
GO:BP,GO:1902105,regulation of leukocyte differentiation,0.7479887509446799,False,1,111,30,3629,ENSG00000115085,ZAP70
GO:BP,GO:0043491,phosphatidylinositol 3-kinase/protein kinase B signal transduction,0.7479887509446799,False,1,111,30,3629,ENSG00000113070,HBEGF
GO:BP,GO:0048522,positive regulation of cellular process,0.7479887509446799,False,15,111,509,3629,ENSG00000173114 ENSG00000167074 ENSG00000169592 ENSG00000066084 ENSG00000100354 ENSG00000010810 ENSG00000103811 ENSG00000213654 ENSG00000155511 ENSG00000035499 ENSG00000174579 ENSG00000104885 ENSG00000187266 ENSG00000113070 ENSG00000115085,LRRN3 TEF INO80E DIP2B TNRC6B FYN CTSH GPSM3 GRIA1 DEPDC1B MSL2 DOT1L EPOR HBEGF ZAP70
GO:BP,GO:1901988,negative regulation of cell cycle phase transition,0.7479887509446799,False,1,111,30,3629,ENSG00000104885,DOT1L
GO:MF,GO:0042578,phosphoric ester hydrolase activity,0.750387873933673,False,1,111,29,3629,ENSG00000147535,PLPP5
GO:BP,GO:0045184,establishment of protein localization,0.7506541934453167,False,4,111,137,3629,ENSG00000131558 ENSG00000285486 ENSG00000010810 ENSG00000157823,EXOC4 ENSG00000285486 FYN AP3S2
GO:BP,GO:0010556,regulation of macromolecule biosynthetic process,0.7539370625577708,False,14,111,478,3629,ENSG00000167074 ENSG00000169592 ENSG00000100354 ENSG00000010810 ENSG00000103811 ENSG00000082153 ENSG00000213654 ENSG00000155511 ENSG00000124557 ENSG00000174579 ENSG00000104885 ENSG00000185619 ENSG00000167157 ENSG00000196182,TEF INO80E TNRC6B FYN CTSH BZW1 GPSM3 GRIA1 BTN1A1 MSL2 DOT1L PCGF3 PRRX2 STK40
GO:BP,GO:0007517,muscle organ development,0.7539930155988191,False,1,111,31,3629,ENSG00000113070,HBEGF
GO:BP,GO:0060562,epithelial tube morphogenesis,0.7539930155988191,False,1,111,31,3629,ENSG00000103811,CTSH
GO:BP,GO:0031346,positive regulation of cell projection organization,0.7539930155988191,False,1,111,31,3629,ENSG00000010810,FYN
GO:BP,GO:0030100,regulation of endocytosis,0.7539930155988191,False,1,111,31,3629,ENSG00000128891,CCDC32
GO:BP,GO:0072594,establishment of protein localization to organelle,0.7539930155988191,False,1,111,31,3629,ENSG00000285486,ENSG00000285486
GO:BP,GO:0009150,purine ribonucleotide metabolic process,0.7539930155988191,False,1,111,31,3629,ENSG00000111669,TPI1
GO:BP,GO:0000278,mitotic cell cycle,0.7539930155988191,False,3,111,103,3629,ENSG00000131558 ENSG00000112659 ENSG00000237649,EXOC4 CUL9 KIFC1
GO:BP,GO:0045087,innate immune response,0.7539930155988191,False,3,111,103,3629,ENSG00000010810 ENSG00000122986 ENSG00000149131,FYN HVCN1 SERPING1
GO:BP,GO:0072359,circulatory system development,0.7539930155988191,False,3,111,103,3629,ENSG00000010810 ENSG00000103811 ENSG00000187266,FYN CTSH EPOR
GO:BP,GO:0019953,sexual reproduction,0.7539930155988191,False,3,111,103,3629,ENSG00000166118 ENSG00000122986 ENSG00000178093,SPATA19 HVCN1 TSSK6
GO:BP,GO:0045893,positive regulation of DNA-templated transcription,0.7552575304648025,False,4,111,139,3629,ENSG00000167074 ENSG00000169592 ENSG00000174579 ENSG00000104885,TEF INO80E MSL2 DOT1L
GO:BP,GO:1902680,positive regulation of RNA biosynthetic process,0.7552575304648025,False,4,111,139,3629,ENSG00000167074 ENSG00000169592 ENSG00000174579 ENSG00000104885,TEF INO80E MSL2 DOT1L
GO:MF,GO:1901681,sulfur compound binding,0.7564242503096259,False,1,111,30,3629,ENSG00000113070,HBEGF
GO:MF,GO:0031267,small GTPase binding,0.7564242503096259,False,1,111,30,3629,ENSG00000155511,GRIA1
GO:MF,GO:0120543,macromolecular conformation isomerase activity,0.7564242503096259,False,1,111,30,3629,ENSG00000237649,KIFC1
GO:BP,GO:0016050,vesicle organization,0.7630757725026908,False,1,111,32,3629,ENSG00000157823,AP3S2
GO:BP,GO:0000070,mitotic sister chromatid segregation,0.7630757725026908,False,1,111,32,3629,ENSG00000237649,KIFC1
GO:BP,GO:0006959,humoral immune response,0.7630757725026908,False,1,111,32,3629,ENSG00000149131,SERPING1
GO:BP,GO:0033044,regulation of chromosome organization,0.7630757725026908,False,1,111,32,3629,ENSG00000169592,INO80E
GO:BP,GO:0009259,ribonucleotide metabolic process,0.7630757725026908,False,1,111,32,3629,ENSG00000111669,TPI1
GO:BP,GO:0006401,RNA catabolic process,0.7664929876532001,False,1,111,33,3629,ENSG00000100354,TNRC6B
GO:BP,GO:0071214,cellular response to abiotic stimulus,0.7664929876532001,False,1,111,33,3629,ENSG00000122986,HVCN1
GO:BP,GO:0010948,negative regulation of cell cycle process,0.7664929876532001,False,1,111,33,3629,ENSG00000104885,DOT1L
GO:BP,GO:0007167,enzyme-linked receptor protein signaling pathway,0.7664929876532001,False,2,111,70,3629,ENSG00000010810 ENSG00000113070,FYN HBEGF
GO:BP,GO:0104004,cellular response to environmental stimulus,0.7664929876532001,False,1,111,33,3629,ENSG00000122986,HVCN1
GO:BP,GO:0140546,defense response to symbiont,0.7664929876532001,False,3,111,106,3629,ENSG00000010810 ENSG00000122986 ENSG00000149131,FYN HVCN1 SERPING1
GO:BP,GO:0034504,protein localization to nucleus,0.7664929876532001,False,1,111,33,3629,ENSG00000010810,FYN
GO:BP,GO:0009719,response to endogenous stimulus,0.7664929876532001,False,3,111,106,3629,ENSG00000010810 ENSG00000103811 ENSG00000155511,FYN CTSH GRIA1
GO:BP,GO:0051130,positive regulation of cellular component organization,0.7664929876532001,False,3,111,107,3629,ENSG00000173114 ENSG00000169592 ENSG00000010810,LRRN3 INO80E FYN
GO:BP,GO:0031667,response to nutrient levels,0.7664929876532001,False,1,111,33,3629,ENSG00000155511,GRIA1
GO:BP,GO:0007276,gamete generation,0.7664929876532001,False,2,111,70,3629,ENSG00000166118 ENSG00000178093,SPATA19 TSSK6
GO:BP,GO:0006644,phospholipid metabolic process,0.7664929876532001,False,1,111,33,3629,ENSG00000147535,PLPP5
GO:BP,GO:0019693,ribose phosphate metabolic process,0.7664929876532001,False,1,111,33,3629,ENSG00000111669,TPI1
GO:BP,GO:0010628,positive regulation of gene expression,0.7664929876532001,False,3,111,107,3629,ENSG00000103811 ENSG00000213654 ENSG00000155511,CTSH GPSM3 GRIA1
GO:BP,GO:0023052,signaling,0.7665421173541503,False,15,111,521,3629,ENSG00000131558 ENSG00000158106 ENSG00000010810 ENSG00000103811 ENSG00000007402 ENSG00000155511 ENSG00000035499 ENSG00000124557 ENSG00000120903 ENSG00000104885 ENSG00000187266 ENSG00000113070 ENSG00000196182 ENSG00000168778 ENSG00000115085,EXOC4 RHPN1 FYN CTSH CACNA2D2 GRIA1 DEPDC1B BTN1A1 CHRNA2 DOT1L EPOR HBEGF STK40 TCTN2 ZAP70
GO:MF,GO:0003729,mRNA binding,0.7682428651562342,False,1,111,31,3629,ENSG00000287279,ENSG00000287279
GO:BP,GO:0006954,inflammatory response,0.7684621566075087,False,2,111,71,3629,ENSG00000010810 ENSG00000213654,FYN GPSM3
GO:CC,GO:0012506,vesicle membrane,0.7702067724022444,False,4,111,126,3629,ENSG00000122986 ENSG00000155511 ENSG00000157823 ENSG00000113070,HVCN1 GRIA1 AP3S2 HBEGF
GO:CC,GO:0031968,organelle outer membrane,0.7702067724022444,False,1,111,25,3629,ENSG00000166118,SPATA19
GO:CC,GO:0098552,side of membrane,0.7702067724022444,False,3,111,91,3629,ENSG00000155511 ENSG00000124557 ENSG00000187266,GRIA1 BTN1A1 EPOR
GO:CC,GO:1902494,catalytic complex,0.7702067724022444,False,5,111,157,3629,ENSG00000169592 ENSG00000112659 ENSG00000174579 ENSG00000221914 ENSG00000185619,INO80E CUL9 MSL2 PPP2R2A PCGF3
GO:CC,GO:0098978,glutamatergic synapse,0.7702067724022444,False,2,111,57,3629,ENSG00000155511 ENSG00000221914,GRIA1 PPP2R2A
GO:CC,GO:0150034,distal axon,0.7702067724022444,False,1,111,25,3629,ENSG00000131558,EXOC4
GO:CC,GO:0019867,outer membrane,0.7702067724022444,False,1,111,25,3629,ENSG00000166118,SPATA19
GO:CC,GO:0030659,cytoplasmic vesicle membrane,0.7702067724022444,False,4,111,125,3629,ENSG00000122986 ENSG00000155511 ENSG00000157823 ENSG00000113070,HVCN1 GRIA1 AP3S2 HBEGF
GO:CC,GO:0030667,secretory granule membrane,0.7711891653989409,False,1,111,26,3629,ENSG00000122986,HVCN1
GO:CC,GO:0005938,cell cortex,0.7711891653989409,False,1,111,26,3629,ENSG00000131558,EXOC4
GO:CC,GO:0072686,mitotic spindle,0.7711891653989409,False,1,111,26,3629,ENSG00000237649,KIFC1
GO:CC,GO:0055037,recycling endosome,0.7711891653989409,False,1,111,26,3629,ENSG00000155511,GRIA1
GO:BP,GO:0007154,cell communication,0.7717075869981012,False,15,111,523,3629,ENSG00000131558 ENSG00000158106 ENSG00000010810 ENSG00000103811 ENSG00000007402 ENSG00000155511 ENSG00000035499 ENSG00000124557 ENSG00000120903 ENSG00000104885 ENSG00000187266 ENSG00000113070 ENSG00000196182 ENSG00000168778 ENSG00000115085,EXOC4 RHPN1 FYN CTSH CACNA2D2 GRIA1 DEPDC1B BTN1A1 CHRNA2 DOT1L EPOR HBEGF STK40 TCTN2 ZAP70
GO:BP,GO:0098542,defense response to other organism,0.7717075869981012,False,3,111,108,3629,ENSG00000010810 ENSG00000122986 ENSG00000149131,FYN HVCN1 SERPING1
GO:BP,GO:0032535,regulation of cellular component size,0.7722605201272481,False,1,111,34,3629,ENSG00000066084,DIP2B
GO:BP,GO:0050878,regulation of body fluid levels,0.7722605201272481,False,1,111,34,3629,ENSG00000149131,SERPING1
GO:BP,GO:0001568,blood vessel development,0.7722605201272481,False,2,111,72,3629,ENSG00000010810 ENSG00000103811,FYN CTSH
GO:BP,GO:0141188,nucleic acid catabolic process,0.7722605201272481,False,1,111,34,3629,ENSG00000100354,TNRC6B
GO:BP,GO:0043085,positive regulation of catalytic activity,0.7722605201272481,False,1,111,34,3629,ENSG00000103811,CTSH
GO:BP,GO:0002758,innate immune response-activating signaling pathway,0.7722605201272481,False,1,111,34,3629,ENSG00000010810,FYN
GO:MF,GO:0003713,transcription coactivator activity,0.7795060054869505,False,1,111,32,3629,ENSG00000104885,DOT1L
GO:BP,GO:0006974,DNA damage response,0.7804660870241406,False,3,111,110,3629,ENSG00000169592 ENSG00000174579 ENSG00000104885,INO80E MSL2 DOT1L
GO:BP,GO:0030217,T cell differentiation,0.7804660870241406,False,1,111,35,3629,ENSG00000115085,ZAP70
GO:BP,GO:0009895,negative regulation of catabolic process,0.7804660870241406,False,1,111,35,3629,ENSG00000010810,FYN
GO:BP,GO:0007281,germ cell development,0.7804660870241406,False,1,111,35,3629,ENSG00000178093,TSSK6
GO:BP,GO:0032956,regulation of actin cytoskeleton organization,0.7804660870241406,False,1,111,35,3629,ENSG00000158106,RHPN1
GO:BP,GO:0019221,cytokine-mediated signaling pathway,0.7804660870241406,False,1,111,35,3629,ENSG00000187266,EPOR
GO:BP,GO:0008283,cell population proliferation,0.7830819932244613,False,5,111,183,3629,ENSG00000010810 ENSG00000103811 ENSG00000187266 ENSG00000113070 ENSG00000115085,FYN CTSH EPOR HBEGF ZAP70
GO:BP,GO:0016236,macroautophagy,0.7844309544733217,False,1,111,36,3629,ENSG00000131558,EXOC4
GO:BP,GO:0032879,regulation of localization,0.7844309544733217,False,4,111,148,3629,ENSG00000128891 ENSG00000010810 ENSG00000007402 ENSG00000155511,CCDC32 FYN CACNA2D2 GRIA1
GO:BP,GO:0006260,DNA replication,0.7844309544733217,False,1,111,36,3629,ENSG00000169592,INO80E
GO:BP,GO:0002697,regulation of immune effector process,0.7844309544733217,False,1,111,36,3629,ENSG00000149131,SERPING1
GO:BP,GO:0002376,immune system process,0.7844309544733217,False,7,111,255,3629,ENSG00000010810 ENSG00000103811 ENSG00000122986 ENSG00000213654 ENSG00000124557 ENSG00000149131 ENSG00000115085,FYN CTSH HVCN1 GPSM3 BTN1A1 SERPING1 ZAP70
GO:BP,GO:0010506,regulation of autophagy,0.7844309544733217,False,1,111,36,3629,ENSG00000131558,EXOC4
GO:BP,GO:0002218,activation of innate immune response,0.7844309544733217,False,1,111,36,3629,ENSG00000010810,FYN
GO:BP,GO:0022412,cellular process involved in reproduction in multicellular organism,0.7844309544733217,False,1,111,36,3629,ENSG00000178093,TSSK6
GO:BP,GO:1901135,carbohydrate derivative metabolic process,0.7844309544733217,False,2,111,75,3629,ENSG00000111669 ENSG00000171174,TPI1 RBKS
GO:BP,GO:0051054,positive regulation of DNA metabolic process,0.7844309544733217,False,1,111,36,3629,ENSG00000169592,INO80E
GO:BP,GO:0006979,response to oxidative stress,0.7844309544733217,False,1,111,36,3629,ENSG00000010810,FYN
GO:MF,GO:0048018,receptor ligand activity,0.7869554117775358,False,1,111,33,3629,ENSG00000113070,HBEGF
GO:MF,GO:0051020,GTPase binding,0.7869554117775358,False,1,111,33,3629,ENSG00000155511,GRIA1
GO:BP,GO:0001944,vasculature development,0.7904833385919504,False,2,111,76,3629,ENSG00000010810 ENSG00000103811,FYN CTSH
GO:BP,GO:0046649,lymphocyte activation,0.7904833385919504,False,2,111,76,3629,ENSG00000010810 ENSG00000115085,FYN ZAP70
GO:BP,GO:0051641,cellular localization,0.7904833385919504,False,5,111,186,3629,ENSG00000131558 ENSG00000285486 ENSG00000010810 ENSG00000007402 ENSG00000157823,EXOC4 ENSG00000285486 FYN CACNA2D2 AP3S2
GO:BP,GO:0022411,cellular component disassembly,0.7918064459939581,False,1,111,37,3629,ENSG00000141002,TCF25
GO:BP,GO:0016055,Wnt signaling pathway,0.7918064459939581,False,1,111,37,3629,ENSG00000035499,DEPDC1B
GO:MF,GO:0022804,active transmembrane transporter activity,0.7938599427127256,False,1,111,34,3629,ENSG00000162753,SLC9C2
GO:MF,GO:0004857,enzyme inhibitor activity,0.7938599427127256,False,1,111,34,3629,ENSG00000149131,SERPING1
GO:BP,GO:0001816,cytokine production,0.7948913515378592,False,2,111,77,3629,ENSG00000213654 ENSG00000124557,GPSM3 BTN1A1
GO:BP,GO:0001817,regulation of cytokine production,0.7948913515378592,False,2,111,77,3629,ENSG00000213654 ENSG00000124557,GPSM3 BTN1A1
GO:BP,GO:0030155,regulation of cell adhesion,0.7948913515378592,False,2,111,77,3629,ENSG00000010810 ENSG00000115085,FYN ZAP70
GO:BP,GO:0051716,cellular response to stimulus,0.7952334772821078,False,17,111,605,3629,ENSG00000158106 ENSG00000169592 ENSG00000010810 ENSG00000103811 ENSG00000122986 ENSG00000213654 ENSG00000155511 ENSG00000035499 ENSG00000124557 ENSG00000120903 ENSG00000174579 ENSG00000104885 ENSG00000187266 ENSG00000113070 ENSG00000196182 ENSG00000168778 ENSG00000115085,RHPN1 INO80E FYN CTSH HVCN1 GPSM3 GRIA1 DEPDC1B BTN1A1 CHRNA2 MSL2 DOT1L EPOR HBEGF STK40 TCTN2 ZAP70
GO:BP,GO:0042981,regulation of apoptotic process,0.7952334772821078,False,3,111,115,3629,ENSG00000010810 ENSG00000103811 ENSG00000196182,FYN CTSH STK40
GO:BP,GO:0032970,regulation of actin filament-based process,0.7979052672655259,False,1,111,38,3629,ENSG00000158106,RHPN1
GO:BP,GO:1903829,positive regulation of protein localization,0.7979052672655259,False,1,111,38,3629,ENSG00000010810,FYN
GO:BP,GO:0032501,multicellular organismal process,0.7988299459306388,False,16,111,573,3629,ENSG00000173114 ENSG00000131558 ENSG00000169592 ENSG00000066084 ENSG00000010810 ENSG00000103811 ENSG00000007402 ENSG00000213654 ENSG00000155511 ENSG00000124557 ENSG00000149131 ENSG00000120903 ENSG00000187266 ENSG00000113070 ENSG00000196182 ENSG00000115085,LRRN3 EXOC4 INO80E DIP2B FYN CTSH CACNA2D2 GPSM3 GRIA1 BTN1A1 SERPING1 CHRNA2 EPOR HBEGF STK40 ZAP70
GO:BP,GO:0033043,regulation of organelle organization,0.7988299459306388,False,3,111,116,3629,ENSG00000158106 ENSG00000169592 ENSG00000112659,RHPN1 INO80E CUL9
GO:MF,GO:0061629,RNA polymerase II-specific DNA-binding transcription factor binding,0.8002456402825989,False,1,111,35,3629,ENSG00000104885,DOT1L
GO:MF,GO:0030546,signaling receptor activator activity,0.8002456402825989,False,1,111,35,3629,ENSG00000113070,HBEGF
GO:BP,GO:0007507,heart development,0.8013964596934048,False,1,111,39,3629,ENSG00000187266,EPOR
GO:BP,GO:0000819,sister chromatid segregation,0.8013964596934048,False,1,111,39,3629,ENSG00000237649,KIFC1
GO:BP,GO:0010720,positive regulation of cell development,0.8013964596934048,False,1,111,39,3629,ENSG00000115085,ZAP70
GO:BP,GO:1901137,carbohydrate derivative biosynthetic process,0.8013964596934048,False,1,111,39,3629,ENSG00000111669,TPI1
GO:BP,GO:0010639,negative regulation of organelle organization,0.8013964596934048,False,1,111,39,3629,ENSG00000158106,RHPN1
GO:BP,GO:0090407,organophosphate biosynthetic process,0.8013964596934048,False,1,111,39,3629,ENSG00000111669,TPI1
GO:BP,GO:0120031,plasma membrane bounded cell projection assembly,0.8013964596934048,False,1,111,39,3629,ENSG00000168778,TCTN2
GO:BP,GO:0042127,regulation of cell population proliferation,0.8013964596934048,False,4,111,154,3629,ENSG00000103811 ENSG00000187266 ENSG00000113070 ENSG00000115085,CTSH EPOR HBEGF ZAP70
GO:CC,GO:0005788,endoplasmic reticulum lumen,0.8044820201439861,False,1,111,28,3629,ENSG00000149131,SERPING1
GO:MF,GO:0042277,peptide binding,0.806137324522598,False,1,111,36,3629,ENSG00000155511,GRIA1
GO:MF,GO:0004175,endopeptidase activity,0.806137324522598,False,1,111,36,3629,ENSG00000103811,CTSH
GO:BP,GO:0006281,DNA repair,0.8070264827587965,False,2,111,80,3629,ENSG00000169592 ENSG00000104885,INO80E DOT1L
GO:BP,GO:0043067,regulation of programmed cell death,0.8096662431625649,False,3,111,119,3629,ENSG00000010810 ENSG00000103811 ENSG00000196182,FYN CTSH STK40
GO:BP,GO:0045786,negative regulation of cell cycle,0.8096662431625649,False,1,111,40,3629,ENSG00000104885,DOT1L
GO:BP,GO:0035239,tube morphogenesis,0.8142461673080424,False,2,111,82,3629,ENSG00000010810 ENSG00000103811,FYN CTSH
GO:BP,GO:0140694,membraneless organelle assembly,0.8142461673080424,False,1,111,41,3629,ENSG00000237649,KIFC1
GO:BP,GO:0007015,actin filament organization,0.8142461673080424,False,1,111,41,3629,ENSG00000158106,RHPN1
GO:BP,GO:0009888,tissue development,0.8142461673080424,False,4,111,158,3629,ENSG00000131558 ENSG00000103811 ENSG00000187266 ENSG00000113070,EXOC4 CTSH EPOR HBEGF
GO:BP,GO:0030031,cell projection assembly,0.8142461673080424,False,1,111,41,3629,ENSG00000168778,TCTN2
GO:BP,GO:0080090,regulation of primary metabolic process,0.8142461673080424,False,12,111,444,3629,ENSG00000167074 ENSG00000169592 ENSG00000066084 ENSG00000100354 ENSG00000010810 ENSG00000103811 ENSG00000082153 ENSG00000141002 ENSG00000174579 ENSG00000104885 ENSG00000185619 ENSG00000167157,TEF INO80E DIP2B TNRC6B FYN CTSH BZW1 TCF25 MSL2 DOT1L PCGF3 PRRX2
GO:BP,GO:0045089,positive regulation of innate immune response,0.8142461673080424,False,1,111,41,3629,ENSG00000010810,FYN
GO:BP,GO:0090066,regulation of anatomical structure size,0.8142461673080424,False,1,111,41,3629,ENSG00000066084,DIP2B
GO:BP,GO:0051049,regulation of transport,0.8151126913190666,False,3,111,121,3629,ENSG00000128891 ENSG00000010810 ENSG00000155511,CCDC32 FYN GRIA1
GO:MF,GO:0003824,catalytic activity,0.8185201307442891,False,13,111,468,3629,ENSG00000010810 ENSG00000103811 ENSG00000112659 ENSG00000174579 ENSG00000104885 ENSG00000237649 ENSG00000185619 ENSG00000111669 ENSG00000178093 ENSG00000196182 ENSG00000147535 ENSG00000115085 ENSG00000171174,FYN CTSH CUL9 MSL2 DOT1L KIFC1 PCGF3 TPI1 TSSK6 STK40 PLPP5 ZAP70 RBKS
GO:MF,GO:0016462,pyrophosphatase activity,0.8185201307442891,False,2,111,78,3629,ENSG00000237649 ENSG00000147535,KIFC1 PLPP5
GO:MF,GO:0016818,"hydrolase activity, acting on acid anhydrides, in phosphorus-containing anhydrides",0.8185201307442891,False,2,111,78,3629,ENSG00000237649 ENSG00000147535,KIFC1 PLPP5
GO:MF,GO:0016817,"hydrolase activity, acting on acid anhydrides",0.8185201307442891,False,2,111,78,3629,ENSG00000237649 ENSG00000147535,KIFC1 PLPP5
GO:BP,GO:0007165,signal transduction,0.8194869117626814,False,13,111,481,3629,ENSG00000158106 ENSG00000010810 ENSG00000103811 ENSG00000155511 ENSG00000035499 ENSG00000124557 ENSG00000120903 ENSG00000104885 ENSG00000187266 ENSG00000113070 ENSG00000196182 ENSG00000168778 ENSG00000115085,RHPN1 FYN CTSH GRIA1 DEPDC1B BTN1A1 CHRNA2 DOT1L EPOR HBEGF STK40 TCTN2 ZAP70
GO:BP,GO:1902903,regulation of supramolecular fiber organization,0.8196531897595951,False,1,111,42,3629,ENSG00000158106,RHPN1
GO:BP,GO:0032787,monocarboxylic acid metabolic process,0.8196531897595951,False,1,111,42,3629,ENSG00000111669,TPI1
GO:BP,GO:0008150,biological_process,0.8196531897595951,False,44,111,1526,3629,ENSG00000173114 ENSG00000128891 ENSG00000131558 ENSG00000162753 ENSG00000167074 ENSG00000285486 ENSG00000285982 ENSG00000158106 ENSG00000169592 ENSG00000078795 ENSG00000066084 ENSG00000100354 ENSG00000166118 ENSG00000010810 ENSG00000103811 ENSG00000007402 ENSG00000112659 ENSG00000082153 ENSG00000122986 ENSG00000213654 ENSG00000155511 ENSG00000035499 ENSG00000124557 ENSG00000149131 ENSG00000023902 ENSG00000287279 ENSG00000141002 ENSG00000120903 ENSG00000174579 ENSG00000104885 ENSG00000221914 ENSG00000187266 ENSG00000157823 ENSG00000237649 ENSG00000185619 ENSG00000113070 ENSG00000111669 ENSG00000167157 ENSG00000178093 ENSG00000196182 ENSG00000168778 ENSG00000147535 ENSG00000115085 ENSG00000171174,LRRN3 CCDC32 EXOC4 SLC9C2 TEF ENSG00000285486 ENSG00000285982 RHPN1 INO80E PKD2L2 DIP2B TNRC6B SPATA19 FYN CTSH CACNA2D2 CUL9 BZW1 HVCN1 GPSM3 GRIA1 DEPDC1B BTN1A1 SERPING1 PLEKHO1 ENSG00000287279 TCF25 CHRNA2 MSL2 DOT1L PPP2R2A EPOR AP3S2 KIFC1 PCGF3 HBEGF TPI1 PRRX2 TSSK6 STK40 TCTN2 PLPP5 ZAP70 RBKS
GO:BP,GO:0006310,DNA recombination,0.8196531897595951,False,1,111,42,3629,ENSG00000169592,INO80E
GO:CC,GO:0099513,polymeric cytoskeletal fiber,0.8209730075205428,False,2,111,65,3629,ENSG00000010810 ENSG00000237649,FYN KIFC1
GO:BP,GO:0098609,cell-cell adhesion,0.8230043510391792,False,2,111,84,3629,ENSG00000010810 ENSG00000115085,FYN ZAP70
GO:BP,GO:0009987,cellular process,0.8246862477764288,False,43,111,1496,3629,ENSG00000173114 ENSG00000128891 ENSG00000131558 ENSG00000162753 ENSG00000167074 ENSG00000285486 ENSG00000285982 ENSG00000158106 ENSG00000169592 ENSG00000078795 ENSG00000066084 ENSG00000100354 ENSG00000166118 ENSG00000010810 ENSG00000103811 ENSG00000007402 ENSG00000112659 ENSG00000082153 ENSG00000122986 ENSG00000213654 ENSG00000155511 ENSG00000035499 ENSG00000124557 ENSG00000023902 ENSG00000287279 ENSG00000141002 ENSG00000120903 ENSG00000174579 ENSG00000104885 ENSG00000221914 ENSG00000187266 ENSG00000157823 ENSG00000237649 ENSG00000185619 ENSG00000113070 ENSG00000111669 ENSG00000167157 ENSG00000178093 ENSG00000196182 ENSG00000168778 ENSG00000147535 ENSG00000115085 ENSG00000171174,LRRN3 CCDC32 EXOC4 SLC9C2 TEF ENSG00000285486 ENSG00000285982 RHPN1 INO80E PKD2L2 DIP2B TNRC6B SPATA19 FYN CTSH CACNA2D2 CUL9 BZW1 HVCN1 GPSM3 GRIA1 DEPDC1B BTN1A1 PLEKHO1 ENSG00000287279 TCF25 CHRNA2 MSL2 DOT1L PPP2R2A EPOR AP3S2 KIFC1 PCGF3 HBEGF TPI1 PRRX2 TSSK6 STK40 TCTN2 PLPP5 ZAP70 RBKS
GO:BP,GO:0031175,neuron projection development,0.8282529376790002,False,2,111,85,3629,ENSG00000066084 ENSG00000010810,DIP2B FYN
GO:CC,GO:0000228,nuclear chromosome,0.8309415891156382,False,1,111,30,3629,ENSG00000169592,INO80E
GO:BP,GO:0043065,positive regulation of apoptotic process,0.8314680367321158,False,1,111,44,3629,ENSG00000103811,CTSH
GO:BP,GO:0002833,positive regulation of response to biotic stimulus,0.8314680367321158,False,1,111,44,3629,ENSG00000010810,FYN
GO:BP,GO:0007005,mitochondrion organization,0.8314680367321158,False,1,111,44,3629,ENSG00000166118,SPATA19
GO:BP,GO:0060284,regulation of cell development,0.8314680367321158,False,2,111,86,3629,ENSG00000066084 ENSG00000115085,DIP2B ZAP70
GO:BP,GO:0043068,positive regulation of programmed cell death,0.8314680367321158,False,1,111,44,3629,ENSG00000103811,CTSH
GO:BP,GO:0051093,negative regulation of developmental process,0.8338625098579407,False,2,111,87,3629,ENSG00000066084 ENSG00000010810,DIP2B FYN
GO:BP,GO:0006952,defense response,0.8338625098579407,False,4,111,165,3629,ENSG00000010810 ENSG00000122986 ENSG00000213654 ENSG00000149131,FYN HVCN1 GPSM3 SERPING1
GO:BP,GO:0044087,regulation of cellular component biogenesis,0.8338625098579407,False,2,111,87,3629,ENSG00000173114 ENSG00000158106,LRRN3 RHPN1
GO:BP,GO:0060429,epithelium development,0.8338625098579407,False,2,111,87,3629,ENSG00000103811 ENSG00000113070,CTSH HBEGF
GO:BP,GO:0009790,embryo development,0.8338625098579407,False,2,111,87,3629,ENSG00000131558 ENSG00000169592,EXOC4 INO80E
GO:BP,GO:0050896,response to stimulus,0.8342511971835171,False,20,111,733,3629,ENSG00000158106 ENSG00000169592 ENSG00000078795 ENSG00000010810 ENSG00000103811 ENSG00000122986 ENSG00000213654 ENSG00000155511 ENSG00000035499 ENSG00000124557 ENSG00000149131 ENSG00000120903 ENSG00000174579 ENSG00000104885 ENSG00000221914 ENSG00000187266 ENSG00000113070 ENSG00000196182 ENSG00000168778 ENSG00000115085,RHPN1 INO80E PKD2L2 FYN CTSH HVCN1 GPSM3 GRIA1 DEPDC1B BTN1A1 SERPING1 CHRNA2 MSL2 DOT1L PPP2R2A EPOR HBEGF STK40 TCTN2 ZAP70
GO:BP,GO:0048598,embryonic morphogenesis,0.8342511971835171,False,1,111,45,3629,ENSG00000131558,EXOC4
GO:BP,GO:0009896,positive regulation of catabolic process,0.8342511971835171,False,1,111,45,3629,ENSG00000100354,TNRC6B
GO:BP,GO:0007275,multicellular organism development,0.8344043794823803,False,10,111,385,3629,ENSG00000173114 ENSG00000131558 ENSG00000169592 ENSG00000066084 ENSG00000010810 ENSG00000103811 ENSG00000155511 ENSG00000187266 ENSG00000196182 ENSG00000115085,LRRN3 EXOC4 INO80E DIP2B FYN CTSH GRIA1 EPOR STK40 ZAP70
GO:CC,GO:0048471,perinuclear region of cytoplasm,0.8353252124403215,False,2,111,67,3629,ENSG00000153406 ENSG00000010810,NMRAL1 FYN
GO:CC,GO:0099080,supramolecular complex,0.8358739402563476,False,5,111,173,3629,ENSG00000100354 ENSG00000010810 ENSG00000103811 ENSG00000187266 ENSG00000237649,TNRC6B FYN CTSH EPOR KIFC1
GO:BP,GO:0044283,small molecule biosynthetic process,0.8396728327976947,False,1,111,46,3629,ENSG00000111669,TPI1
GO:BP,GO:0007399,nervous system development,0.8396728327976947,False,5,111,205,3629,ENSG00000173114 ENSG00000066084 ENSG00000010810 ENSG00000155511 ENSG00000187266,LRRN3 DIP2B FYN GRIA1 EPOR
GO:BP,GO:0030098,lymphocyte differentiation,0.8396728327976947,False,1,111,46,3629,ENSG00000115085,ZAP70
GO:BP,GO:0022607,cellular component assembly,0.8404535849472651,False,9,111,352,3629,ENSG00000173114 ENSG00000285486 ENSG00000158106 ENSG00000155511 ENSG00000104885 ENSG00000157823 ENSG00000237649 ENSG00000185619 ENSG00000168778,LRRN3 ENSG00000285486 RHPN1 GRIA1 DOT1L AP3S2 KIFC1 PCGF3 TCTN2
GO:BP,GO:0051604,protein maturation,0.8455413192272868,False,1,111,47,3629,ENSG00000103811,CTSH
GO:BP,GO:0045944,positive regulation of transcription by RNA polymerase II,0.8455413192272868,False,2,111,90,3629,ENSG00000167074 ENSG00000104885,TEF DOT1L
GO:BP,GO:0065009,regulation of molecular function,0.8492317028101202,False,2,111,91,3629,ENSG00000103811 ENSG00000104885,CTSH DOT1L
GO:BP,GO:0045321,leukocyte activation,0.8492317028101202,False,2,111,91,3629,ENSG00000010810 ENSG00000115085,FYN ZAP70
GO:BP,GO:0044089,positive regulation of cellular component biogenesis,0.8511316639584525,False,1,111,48,3629,ENSG00000173114,LRRN3
GO:MF,GO:0030545,signaling receptor regulator activity,0.8554848504930064,False,1,111,42,3629,ENSG00000113070,HBEGF
GO:BP,GO:0010467,gene expression,0.8566997742515012,False,16,111,607,3629,ENSG00000167074 ENSG00000169592 ENSG00000100354 ENSG00000010810 ENSG00000103811 ENSG00000082153 ENSG00000213654 ENSG00000155511 ENSG00000124557 ENSG00000287279 ENSG00000141002 ENSG00000174579 ENSG00000104885 ENSG00000185619 ENSG00000167157 ENSG00000196182,TEF INO80E TNRC6B FYN CTSH BZW1 GPSM3 GRIA1 BTN1A1 ENSG00000287279 TCF25 MSL2 DOT1L PCGF3 PRRX2 STK40
GO:BP,GO:0044093,positive regulation of molecular function,0.8572009007649424,False,1,111,49,3629,ENSG00000103811,CTSH
GO:MF,GO:0045296,cadherin binding,0.8584243031584414,False,1,111,43,3629,ENSG00000082153,BZW1
GO:MF,GO:0140678,molecular function inhibitor activity,0.8584243031584414,False,1,111,43,3629,ENSG00000149131,SERPING1
GO:CC,GO:0030136,clathrin-coated vesicle,0.8590783467800523,False,1,111,33,3629,ENSG00000113070,HBEGF
GO:CC,GO:0030312,external encapsulating structure,0.8590783467800523,False,1,111,34,3629,ENSG00000173114,LRRN3
GO:CC,GO:0030658,transport vesicle membrane,0.8590783467800523,False,1,111,33,3629,ENSG00000155511,GRIA1
GO:CC,GO:0000781,"chromosome, telomeric region",0.8590783467800523,False,1,111,34,3629,ENSG00000104885,DOT1L
GO:CC,GO:0032991,protein-containing complex,0.8590783467800523,False,17,111,590,3629,ENSG00000131558 ENSG00000285486 ENSG00000169592 ENSG00000007402 ENSG00000112659 ENSG00000122986 ENSG00000155511 ENSG00000141002 ENSG00000120903 ENSG00000174579 ENSG00000104885 ENSG00000221914 ENSG00000157823 ENSG00000237649 ENSG00000185619 ENSG00000168778 ENSG00000115085,EXOC4 ENSG00000285486 INO80E CACNA2D2 CUL9 HVCN1 GRIA1 TCF25 CHRNA2 MSL2 DOT1L PPP2R2A AP3S2 KIFC1 PCGF3 TCTN2 ZAP70
GO:CC,GO:0031012,extracellular matrix,0.8590783467800523,False,1,111,34,3629,ENSG00000173114,LRRN3
GO:BP,GO:0098813,nuclear chromosome segregation,0.8622661662965629,False,1,111,50,3629,ENSG00000237649,KIFC1
GO:BP,GO:0010638,positive regulation of organelle organization,0.8622661662965629,False,1,111,50,3629,ENSG00000169592,INO80E
GO:BP,GO:0060627,regulation of vesicle-mediated transport,0.8622661662965629,False,1,111,50,3629,ENSG00000128891,CCDC32
GO:CC,GO:0070161,anchoring junction,0.8640169573119143,False,2,111,73,3629,ENSG00000155511 ENSG00000115085,GRIA1 ZAP70
GO:MF,GO:0016887,ATP hydrolysis activity,0.8643999116201334,False,1,111,44,3629,ENSG00000237649,KIFC1
GO:CC,GO:0005770,late endosome,0.8646392749869253,False,1,111,35,3629,ENSG00000103811,CTSH
GO:BP,GO:0042592,homeostatic process,0.865560403912061,False,3,111,136,3629,ENSG00000162753 ENSG00000103811 ENSG00000122986,SLC9C2 CTSH HVCN1
GO:BP,GO:1902531,regulation of intracellular signal transduction,0.8666740139806833,False,4,111,176,3629,ENSG00000010810 ENSG00000113070 ENSG00000196182 ENSG00000115085,FYN HBEGF STK40 ZAP70
GO:BP,GO:0007600,sensory perception,0.8670811663133411,False,1,111,51,3629,ENSG00000010810,FYN
GO:BP,GO:0044085,cellular component biogenesis,0.8699765461664205,False,9,111,365,3629,ENSG00000173114 ENSG00000285486 ENSG00000158106 ENSG00000155511 ENSG00000104885 ENSG00000157823 ENSG00000237649 ENSG00000185619 ENSG00000168778,LRRN3 ENSG00000285486 RHPN1 GRIA1 DOT1L AP3S2 KIFC1 PCGF3 TCTN2
GO:MF,GO:0003712,transcription coregulator activity,0.8700433116576528,False,1,111,45,3629,ENSG00000104885,DOT1L
GO:BP,GO:0043408,regulation of MAPK cascade,0.8724099869307289,False,1,111,52,3629,ENSG00000196182,STK40
GO:BP,GO:0007010,cytoskeleton organization,0.8749944893837476,False,3,111,139,3629,ENSG00000158106 ENSG00000112659 ENSG00000237649,RHPN1 CUL9 KIFC1
GO:BP,GO:1903131,mononuclear cell differentiation,0.8752392656674571,False,1,111,53,3629,ENSG00000115085,ZAP70
GO:BP,GO:0006950,response to stress,0.8752392656674571,False,9,111,368,3629,ENSG00000169592 ENSG00000010810 ENSG00000122986 ENSG00000213654 ENSG00000155511 ENSG00000149131 ENSG00000174579 ENSG00000104885 ENSG00000113070,INO80E FYN HVCN1 GPSM3 GRIA1 SERPING1 MSL2 DOT1L HBEGF
GO:BP,GO:0006511,ubiquitin-dependent protein catabolic process,0.8752392656674571,False,1,111,53,3629,ENSG00000112659,CUL9
GO:BP,GO:1903706,regulation of hemopoiesis,0.8752392656674571,False,1,111,53,3629,ENSG00000115085,ZAP70
GO:BP,GO:0019941,modification-dependent protein catabolic process,0.8763365740078316,False,1,111,54,3629,ENSG00000112659,CUL9
GO:BP,GO:0051707,response to other organism,0.8763365740078316,False,3,111,141,3629,ENSG00000010810 ENSG00000122986 ENSG00000149131,FYN HVCN1 SERPING1
GO:BP,GO:0001819,positive regulation of cytokine production,0.8763365740078316,False,1,111,54,3629,ENSG00000213654,GPSM3
GO:BP,GO:0010256,endomembrane system organization,0.8763365740078316,False,1,111,54,3629,ENSG00000157823,AP3S2
GO:BP,GO:0048666,neuron development,0.8763365740078316,False,2,111,99,3629,ENSG00000066084 ENSG00000010810,DIP2B FYN
GO:BP,GO:0043632,modification-dependent macromolecule catabolic process,0.8763365740078316,False,1,111,54,3629,ENSG00000112659,CUL9
GO:BP,GO:0043207,response to external biotic stimulus,0.8763365740078316,False,3,111,141,3629,ENSG00000010810 ENSG00000122986 ENSG00000149131,FYN HVCN1 SERPING1
GO:BP,GO:0051493,regulation of cytoskeleton organization,0.8817366757139298,False,1,111,55,3629,ENSG00000158106,RHPN1
GO:BP,GO:0008104,intracellular protein localization,0.8839112838152523,False,5,111,224,3629,ENSG00000131558 ENSG00000010810 ENSG00000007402 ENSG00000157823 ENSG00000168778,EXOC4 FYN CACNA2D2 AP3S2 TCTN2
GO:BP,GO:1902533,positive regulation of intracellular signal transduction,0.8839112838152523,False,2,111,102,3629,ENSG00000113070 ENSG00000115085,HBEGF ZAP70
GO:BP,GO:0009607,response to biotic stimulus,0.8839112838152523,False,3,111,144,3629,ENSG00000010810 ENSG00000122986 ENSG00000149131,FYN HVCN1 SERPING1
GO:BP,GO:0006914,autophagy,0.8839112838152523,False,1,111,56,3629,ENSG00000131558,EXOC4
GO:BP,GO:0061919,process utilizing autophagic mechanism,0.8839112838152523,False,1,111,56,3629,ENSG00000131558,EXOC4
GO:BP,GO:0071705,nitrogen compound transport,0.8873933254191708,False,1,111,57,3629,ENSG00000285982,ENSG00000285982
GO:BP,GO:0080135,regulation of cellular response to stress,0.8873933254191708,False,1,111,57,3629,ENSG00000169592,INO80E
GO:BP,GO:0001775,cell activation,0.8873933254191708,False,2,111,103,3629,ENSG00000010810 ENSG00000115085,FYN ZAP70
GO:BP,GO:0009059,macromolecule biosynthetic process,0.8914356835063156,False,16,111,633,3629,ENSG00000167074 ENSG00000169592 ENSG00000100354 ENSG00000010810 ENSG00000103811 ENSG00000082153 ENSG00000213654 ENSG00000155511 ENSG00000124557 ENSG00000287279 ENSG00000141002 ENSG00000174579 ENSG00000104885 ENSG00000185619 ENSG00000167157 ENSG00000196182,TEF INO80E TNRC6B FYN CTSH BZW1 GPSM3 GRIA1 BTN1A1 ENSG00000287279 TCF25 MSL2 DOT1L PCGF3 PRRX2 STK40
GO:MF,GO:0140297,DNA-binding transcription factor binding,0.8919912488710319,False,1,111,48,3629,ENSG00000104885,DOT1L
GO:CC,GO:0005813,centrosome,0.8927928294396944,False,2,111,77,3629,ENSG00000131558 ENSG00000237649,EXOC4 KIFC1
GO:BP,GO:0002521,leukocyte differentiation,0.8963417028284224,False,1,111,59,3629,ENSG00000115085,ZAP70
GO:BP,GO:0033554,cellular response to stress,0.8963417028284224,False,4,111,190,3629,ENSG00000169592 ENSG00000010810 ENSG00000174579 ENSG00000104885,INO80E FYN MSL2 DOT1L
GO:BP,GO:1901987,regulation of cell cycle phase transition,0.8989803436428485,False,1,111,60,3629,ENSG00000104885,DOT1L
GO:BP,GO:0045596,negative regulation of cell differentiation,0.8989803436428485,False,1,111,60,3629,ENSG00000066084,DIP2B
GO:BP,GO:0071345,cellular response to cytokine stimulus,0.8989803436428485,False,1,111,60,3629,ENSG00000187266,EPOR
GO:BP,GO:0044419,biological process involved in interspecies interaction between organisms,0.9003475474979469,False,3,111,151,3629,ENSG00000010810 ENSG00000122986 ENSG00000149131,FYN HVCN1 SERPING1
GO:BP,GO:0006886,intracellular protein transport,0.9009667229275871,False,1,111,61,3629,ENSG00000157823,AP3S2
GO:BP,GO:0051052,regulation of DNA metabolic process,0.9009667229275871,False,1,111,61,3629,ENSG00000169592,INO80E
GO:BP,GO:0050790,regulation of catalytic activity,0.9009667229275871,False,1,111,61,3629,ENSG00000103811,CTSH
GO:MF,GO:0030674,protein-macromolecule adaptor activity,0.9033569494274744,False,2,111,94,3629,ENSG00000104885 ENSG00000221914,DOT1L PPP2R2A
GO:BP,GO:0007346,regulation of mitotic cell cycle,0.9050690709566088,False,1,111,62,3629,ENSG00000112659,CUL9
GO:BP,GO:0010558,negative regulation of macromolecule biosynthetic process,0.9075738140302575,False,4,111,196,3629,ENSG00000100354 ENSG00000010810 ENSG00000104885 ENSG00000185619,TNRC6B FYN DOT1L PCGF3
GO:BP,GO:0045597,positive regulation of cell differentiation,0.9082495332594434,False,1,111,63,3629,ENSG00000115085,ZAP70
GO:BP,GO:0048871,multicellular organismal-level homeostasis,0.9107474200711962,False,1,111,64,3629,ENSG00000103811,CTSH
GO:BP,GO:0009058,biosynthetic process,0.9107474200711962,False,18,111,721,3629,ENSG00000167074 ENSG00000169592 ENSG00000100354 ENSG00000010810 ENSG00000103811 ENSG00000082153 ENSG00000122986 ENSG00000213654 ENSG00000155511 ENSG00000124557 ENSG00000287279 ENSG00000141002 ENSG00000174579 ENSG00000104885 ENSG00000185619 ENSG00000111669 ENSG00000167157 ENSG00000196182,TEF INO80E TNRC6B FYN CTSH BZW1 HVCN1 GPSM3 GRIA1 BTN1A1 ENSG00000287279 TCF25 MSL2 DOT1L PCGF3 TPI1 PRRX2 STK40
GO:BP,GO:0006915,apoptotic process,0.9107474200711962,False,3,111,156,3629,ENSG00000010810 ENSG00000103811 ENSG00000196182,FYN CTSH STK40
GO:CC,GO:0005829,cytosol,0.9107700344291764,False,14,111,508,3629,ENSG00000131558 ENSG00000158106 ENSG00000153406 ENSG00000100354 ENSG00000010810 ENSG00000103811 ENSG00000112659 ENSG00000155511 ENSG00000141002 ENSG00000221914 ENSG00000111669 ENSG00000196182 ENSG00000115085 ENSG00000171174,EXOC4 RHPN1 NMRAL1 TNRC6B FYN CTSH CUL9 GRIA1 TCF25 PPP2R2A TPI1 STK40 ZAP70 RBKS
GO:BP,GO:0032940,secretion by cell,0.9125064607601381,False,1,111,65,3629,ENSG00000131558,EXOC4
GO:BP,GO:0008152,metabolic process,0.9125064607601381,False,26,111,1003,3629,ENSG00000131558 ENSG00000167074 ENSG00000169592 ENSG00000066084 ENSG00000100354 ENSG00000010810 ENSG00000103811 ENSG00000112659 ENSG00000082153 ENSG00000122986 ENSG00000213654 ENSG00000155511 ENSG00000124557 ENSG00000287279 ENSG00000141002 ENSG00000174579 ENSG00000104885 ENSG00000221914 ENSG00000185619 ENSG00000111669 ENSG00000167157 ENSG00000178093 ENSG00000196182 ENSG00000147535 ENSG00000115085 ENSG00000171174,EXOC4 TEF INO80E DIP2B TNRC6B FYN CTSH CUL9 BZW1 HVCN1 GPSM3 GRIA1 BTN1A1 ENSG00000287279 TCF25 MSL2 DOT1L PPP2R2A PCGF3 TPI1 PRRX2 TSSK6 STK40 PLPP5 ZAP70 RBKS
GO:BP,GO:0044770,cell cycle phase transition,0.9125064607601381,False,1,111,65,3629,ENSG00000104885,DOT1L
GO:BP,GO:0009890,negative regulation of biosynthetic process,0.9125064607601381,False,4,111,200,3629,ENSG00000100354 ENSG00000010810 ENSG00000104885 ENSG00000185619,TNRC6B FYN DOT1L PCGF3
GO:BP,GO:0030036,actin cytoskeleton organization,0.9150255970335307,False,1,111,66,3629,ENSG00000158106,RHPN1
GO:BP,GO:0030182,neuron differentiation,0.9150255970335307,False,2,111,115,3629,ENSG00000066084 ENSG00000010810,DIP2B FYN
GO:BP,GO:1902532,negative regulation of intracellular signal transduction,0.917316770473392,False,1,111,67,3629,ENSG00000010810,FYN
GO:BP,GO:0012501,programmed cell death,0.917316770473392,False,3,111,161,3629,ENSG00000010810 ENSG00000103811 ENSG00000196182,FYN CTSH STK40
GO:BP,GO:0008219,cell death,0.917316770473392,False,3,111,161,3629,ENSG00000010810 ENSG00000103811 ENSG00000196182,FYN CTSH STK40
GO:BP,GO:0051252,regulation of RNA metabolic process,0.917460319708303,False,7,111,325,3629,ENSG00000167074 ENSG00000169592 ENSG00000100354 ENSG00000174579 ENSG00000104885 ENSG00000185619 ENSG00000167157,TEF INO80E TNRC6B MSL2 DOT1L PCGF3 PRRX2
GO:BP,GO:0140352,export from cell,0.917460319708303,False,1,111,68,3629,ENSG00000131558,EXOC4
GO:BP,GO:0048699,generation of neurons,0.917460319708303,False,2,111,117,3629,ENSG00000066084 ENSG00000010810,DIP2B FYN
GO:BP,GO:0043170,macromolecule metabolic process,0.917460319708303,False,21,111,837,3629,ENSG00000167074 ENSG00000169592 ENSG00000066084 ENSG00000100354 ENSG00000010810 ENSG00000103811 ENSG00000112659 ENSG00000082153 ENSG00000213654 ENSG00000155511 ENSG00000124557 ENSG00000287279 ENSG00000141002 ENSG00000174579 ENSG00000104885 ENSG00000221914 ENSG00000185619 ENSG00000167157 ENSG00000178093 ENSG00000196182 ENSG00000115085,TEF INO80E DIP2B TNRC6B FYN CTSH CUL9 BZW1 GPSM3 GRIA1 BTN1A1 ENSG00000287279 TCF25 MSL2 DOT1L PPP2R2A PCGF3 PRRX2 TSSK6 STK40 ZAP70
GO:BP,GO:0048731,system development,0.9186978200246048,False,7,111,326,3629,ENSG00000173114 ENSG00000066084 ENSG00000010810 ENSG00000103811 ENSG00000155511 ENSG00000187266 ENSG00000196182,LRRN3 DIP2B FYN CTSH GRIA1 EPOR STK40
GO:BP,GO:0006508,proteolysis,0.9196438098331676,False,1,111,69,3629,ENSG00000103811,CTSH
GO:BP,GO:0007155,cell adhesion,0.9199289767021663,False,2,111,119,3629,ENSG00000010810 ENSG00000115085,FYN ZAP70
GO:BP,GO:0019752,carboxylic acid metabolic process,0.9218356809328728,False,1,111,70,3629,ENSG00000111669,TPI1
GO:MF,GO:0008233,peptidase activity,0.9221071933245367,False,1,111,53,3629,ENSG00000103811,CTSH
GO:MF,GO:0019899,enzyme binding,0.9241974592397096,False,4,111,187,3629,ENSG00000010810 ENSG00000112659 ENSG00000155511 ENSG00000111669,FYN CUL9 GRIA1 TPI1
GO:MF,GO:0000978,RNA polymerase II cis-regulatory region sequence-specific DNA binding,0.9241974592397096,False,2,111,102,3629,ENSG00000167074 ENSG00000167157,TEF PRRX2
GO:MF,GO:0019901,protein kinase binding,0.9241974592397096,False,1,111,57,3629,ENSG00000155511,GRIA1
GO:MF,GO:0050839,cell adhesion molecule binding,0.9241974592397096,False,1,111,58,3629,ENSG00000082153,BZW1
GO:MF,GO:0140657,ATP-dependent activity,0.9241974592397096,False,1,111,58,3629,ENSG00000237649,KIFC1
GO:MF,GO:0003723,RNA binding,0.9241974592397096,False,4,111,188,3629,ENSG00000100354 ENSG00000082153 ENSG00000111011 ENSG00000287279,TNRC6B BZW1 RSRC2 ENSG00000287279
GO:MF,GO:0000987,cis-regulatory region sequence-specific DNA binding,0.9241974592397096,False,2,111,106,3629,ENSG00000167074 ENSG00000167157,TEF PRRX2
GO:MF,GO:0008134,transcription factor binding,0.9241974592397096,False,1,111,56,3629,ENSG00000104885,DOT1L
GO:MF,GO:0016788,"hydrolase activity, acting on ester bonds",0.9241974592397096,False,1,111,55,3629,ENSG00000147535,PLPP5
GO:MF,GO:0005509,calcium ion binding,0.9241974592397096,False,1,111,59,3629,ENSG00000078795,PKD2L2
GO:BP,GO:0043436,oxoacid metabolic process,0.9266224889052337,False,1,111,72,3629,ENSG00000111669,TPI1
GO:BP,GO:0006082,organic acid metabolic process,0.9266224889052337,False,1,111,72,3629,ENSG00000111669,TPI1
GO:BP,GO:0030029,actin filament-based process,0.9266224889052337,False,1,111,72,3629,ENSG00000158106,RHPN1
GO:CC,GO:0005737,cytoplasm,0.9268986715224876,False,30,111,1057,3629,ENSG00000131558 ENSG00000285486 ENSG00000158106 ENSG00000153406 ENSG00000066084 ENSG00000100354 ENSG00000166118 ENSG00000010810 ENSG00000103811 ENSG00000112659 ENSG00000082153 ENSG00000122986 ENSG00000213654 ENSG00000155511 ENSG00000149131 ENSG00000023902 ENSG00000141002 ENSG00000120903 ENSG00000104885 ENSG00000221914 ENSG00000157823 ENSG00000237649 ENSG00000113070 ENSG00000111669 ENSG00000178093 ENSG00000196182 ENSG00000168778 ENSG00000147535 ENSG00000115085 ENSG00000171174,EXOC4 ENSG00000285486 RHPN1 NMRAL1 DIP2B TNRC6B SPATA19 FYN CTSH CUL9 BZW1 HVCN1 GPSM3 GRIA1 SERPING1 PLEKHO1 TCF25 CHRNA2 DOT1L PPP2R2A AP3S2 KIFC1 HBEGF TPI1 TSSK6 STK40 TCTN2 PLPP5 ZAP70 RBKS
GO:BP,GO:0006259,DNA metabolic process,0.9274692630208021,False,2,111,123,3629,ENSG00000169592 ENSG00000104885,INO80E DOT1L
GO:CC,GO:0016324,apical plasma membrane,0.9282034679555897,False,1,111,42,3629,ENSG00000122986,HVCN1
GO:CC,GO:0098588,bounding membrane of organelle,0.9282034679555897,False,5,111,197,3629,ENSG00000166118 ENSG00000122986 ENSG00000155511 ENSG00000113070 ENSG00000168778,SPATA19 HVCN1 GRIA1 HBEGF TCTN2
GO:BP,GO:0046903,secretion,0.9284612249745374,False,1,111,73,3629,ENSG00000131558,EXOC4
GO:BP,GO:0015031,protein transport,0.9286092013773493,False,2,111,124,3629,ENSG00000131558 ENSG00000157823,EXOC4 AP3S2
GO:BP,GO:0033036,macromolecule localization,0.9290085457596866,False,5,111,256,3629,ENSG00000131558 ENSG00000010810 ENSG00000007402 ENSG00000157823 ENSG00000168778,EXOC4 FYN CACNA2D2 AP3S2 TCTN2
GO:BP,GO:0034097,response to cytokine,0.9290085457596866,False,1,111,74,3629,ENSG00000187266,EPOR
GO:BP,GO:0048468,cell development,0.9290085457596866,False,5,111,256,3629,ENSG00000066084 ENSG00000010810 ENSG00000007402 ENSG00000178093 ENSG00000115085,DIP2B FYN CACNA2D2 TSSK6 ZAP70
GO:BP,GO:2001141,regulation of RNA biosynthetic process,0.9299903004541037,False,6,111,299,3629,ENSG00000167074 ENSG00000169592 ENSG00000174579 ENSG00000104885 ENSG00000185619 ENSG00000167157,TEF INO80E MSL2 DOT1L PCGF3 PRRX2
GO:BP,GO:0097435,supramolecular fiber organization,0.9299903004541037,False,1,111,75,3629,ENSG00000158106,RHPN1
GO:BP,GO:1901652,response to peptide,0.9299903004541037,False,1,111,75,3629,ENSG00000187266,EPOR
GO:BP,GO:0006355,regulation of DNA-templated transcription,0.9299903004541037,False,6,111,299,3629,ENSG00000167074 ENSG00000169592 ENSG00000174579 ENSG00000104885 ENSG00000185619 ENSG00000167157,TEF INO80E MSL2 DOT1L PCGF3 PRRX2
GO:BP,GO:0044238,primary metabolic process,0.9327632856388828,False,21,111,861,3629,ENSG00000167074 ENSG00000169592 ENSG00000066084 ENSG00000100354 ENSG00000010810 ENSG00000103811 ENSG00000112659 ENSG00000082153 ENSG00000287279 ENSG00000141002 ENSG00000174579 ENSG00000104885 ENSG00000221914 ENSG00000185619 ENSG00000111669 ENSG00000167157 ENSG00000178093 ENSG00000196182 ENSG00000147535 ENSG00000115085 ENSG00000171174,TEF INO80E DIP2B TNRC6B FYN CTSH CUL9 BZW1 ENSG00000287279 TCF25 MSL2 DOT1L PPP2R2A PCGF3 TPI1 PRRX2 TSSK6 STK40 PLPP5 ZAP70 RBKS
GO:BP,GO:0044281,small molecule metabolic process,0.9341190275141816,False,2,111,129,3629,ENSG00000111669 ENSG00000171174,TPI1 RBKS
GO:BP,GO:0016071,mRNA metabolic process,0.9345489960824604,False,1,111,78,3629,ENSG00000100354,TNRC6B
GO:BP,GO:0007186,G protein-coupled receptor signaling pathway,0.9345489960824604,False,1,111,78,3629,ENSG00000010810,FYN
GO:CC,GO:0005819,spindle,0.9357372083022321,False,1,111,44,3629,ENSG00000237649,KIFC1
GO:CC,GO:0099512,supramolecular fiber,0.9357372083022321,False,2,111,86,3629,ENSG00000010810 ENSG00000237649,FYN KIFC1
GO:CC,GO:0099081,supramolecular polymer,0.9357372083022321,False,2,111,86,3629,ENSG00000010810 ENSG00000237649,FYN KIFC1
GO:MF,GO:0019900,kinase binding,0.9359951401247043,False,1,111,62,3629,ENSG00000155511,GRIA1
GO:BP,GO:0010605,negative regulation of macromolecule metabolic process,0.9383486364879762,False,4,111,223,3629,ENSG00000100354 ENSG00000010810 ENSG00000104885 ENSG00000185619,TNRC6B FYN DOT1L PCGF3
GO:BP,GO:0006351,DNA-templated transcription,0.9383486364879762,False,6,111,307,3629,ENSG00000167074 ENSG00000169592 ENSG00000174579 ENSG00000104885 ENSG00000185619 ENSG00000167157,TEF INO80E MSL2 DOT1L PCGF3 PRRX2
GO:CC,GO:0005874,microtubule,0.9411420027782144,False,1,111,45,3629,ENSG00000237649,KIFC1
GO:BP,GO:0045595,regulation of cell differentiation,0.9432556349293315,False,2,111,135,3629,ENSG00000066084 ENSG00000115085,DIP2B ZAP70
GO:BP,GO:0019219,regulation of nucleobase-containing compound metabolic process,0.9445361966282307,False,7,111,353,3629,ENSG00000167074 ENSG00000169592 ENSG00000100354 ENSG00000174579 ENSG00000104885 ENSG00000185619 ENSG00000167157,TEF INO80E TNRC6B MSL2 DOT1L PCGF3 PRRX2
GO:BP,GO:0022008,neurogenesis,0.9456283538458299,False,2,111,137,3629,ENSG00000066084 ENSG00000010810,DIP2B FYN
GO:MF,GO:0003682,chromatin binding,0.9466618962435491,False,1,111,65,3629,ENSG00000174579,MSL2
GO:BP,GO:0010648,negative regulation of cell communication,0.9485776721787632,False,2,111,139,3629,ENSG00000010810 ENSG00000155511,FYN GRIA1
GO:BP,GO:0023057,negative regulation of signaling,0.9495978428439229,False,2,111,140,3629,ENSG00000010810 ENSG00000155511,FYN GRIA1
GO:MF,GO:0003690,double-stranded DNA binding,0.95280191290192,False,3,111,161,3629,ENSG00000167074 ENSG00000174579 ENSG00000167157,TEF MSL2 PRRX2
GO:CC,GO:0015629,actin cytoskeleton,0.9553234789241877,False,1,111,47,3629,ENSG00000010810,FYN
GO:BP,GO:0006357,regulation of transcription by RNA polymerase II,0.9559647589092375,False,4,111,238,3629,ENSG00000167074 ENSG00000104885 ENSG00000185619 ENSG00000167157,TEF DOT1L PCGF3 PRRX2
GO:BP,GO:0048519,negative regulation of biological process,0.9560419146055666,False,10,111,486,3629,ENSG00000158106 ENSG00000066084 ENSG00000100354 ENSG00000010810 ENSG00000103811 ENSG00000155511 ENSG00000149131 ENSG00000104885 ENSG00000185619 ENSG00000196182,RHPN1 DIP2B TNRC6B FYN CTSH GRIA1 SERPING1 DOT1L PCGF3 STK40
GO:BP,GO:0009892,negative regulation of metabolic process,0.9560419146055666,False,4,111,240,3629,ENSG00000100354 ENSG00000010810 ENSG00000104885 ENSG00000185619,TNRC6B FYN DOT1L PCGF3
GO:BP,GO:0048869,cellular developmental process,0.9560419146055666,False,7,111,368,3629,ENSG00000066084 ENSG00000166118 ENSG00000010810 ENSG00000007402 ENSG00000023902 ENSG00000178093 ENSG00000115085,DIP2B SPATA19 FYN CACNA2D2 PLEKHO1 TSSK6 ZAP70
GO:BP,GO:0030154,cell differentiation,0.9560419146055666,False,7,111,368,3629,ENSG00000066084 ENSG00000166118 ENSG00000010810 ENSG00000007402 ENSG00000023902 ENSG00000178093 ENSG00000115085,DIP2B SPATA19 FYN CACNA2D2 PLEKHO1 TSSK6 ZAP70
GO:CC,GO:0030133,transport vesicle,0.959724896621748,False,1,111,48,3629,ENSG00000155511,GRIA1
GO:BP,GO:0051649,establishment of localization in cell,0.9605827287622715,False,2,111,150,3629,ENSG00000131558 ENSG00000157823,EXOC4 AP3S2
GO:BP,GO:0006366,transcription by RNA polymerase II,0.9620066731828436,False,4,111,247,3629,ENSG00000167074 ENSG00000104885 ENSG00000185619 ENSG00000167157,TEF DOT1L PCGF3 PRRX2
GO:MF,GO:0044877,protein-containing complex binding,0.9623662781700865,False,2,111,123,3629,ENSG00000155511 ENSG00000178093,GRIA1 TSSK6
GO:MF,GO:0017111,ribonucleoside triphosphate phosphatase activity,0.9623662781700865,False,1,111,72,3629,ENSG00000237649,KIFC1
GO:MF,GO:0000981,"DNA-binding transcription factor activity, RNA polymerase II-specific",0.9623662781700865,False,2,111,121,3629,ENSG00000167074 ENSG00000167157,TEF PRRX2
GO:CC,GO:0016607,nuclear speck,0.9638167416553856,False,1,111,49,3629,ENSG00000187266,EPOR
GO:CC,GO:0000785,chromatin,0.9649257927478244,False,4,111,183,3629,ENSG00000167074 ENSG00000169592 ENSG00000174579 ENSG00000167157,TEF INO80E MSL2 PRRX2
GO:CC,GO:0140168,nuclear ribonucleoprotein granule,0.9649257927478244,False,1,111,53,3629,ENSG00000187266,EPOR
GO:CC,GO:0005615,extracellular space,0.9649257927478244,False,7,111,293,3629,ENSG00000173114 ENSG00000066084 ENSG00000103811 ENSG00000124557 ENSG00000149131 ENSG00000113070 ENSG00000111669,LRRN3 DIP2B CTSH BTN1A1 SERPING1 HBEGF TPI1
GO:CC,GO:0005694,chromosome,0.9649257927478244,False,6,111,254,3629,ENSG00000167074 ENSG00000169592 ENSG00000174579 ENSG00000104885 ENSG00000185619 ENSG00000167157,TEF INO80E MSL2 DOT1L PCGF3 PRRX2
GO:CC,GO:0031982,vesicle,0.9649257927478244,False,10,111,401,3629,ENSG00000066084 ENSG00000010810 ENSG00000103811 ENSG00000122986 ENSG00000155511 ENSG00000149131 ENSG00000157823 ENSG00000237649 ENSG00000113070 ENSG00000111669,DIP2B FYN CTSH HVCN1 GRIA1 SERPING1 AP3S2 KIFC1 HBEGF TPI1
GO:CC,GO:0005815,microtubule organizing center,0.9649257927478244,False,2,111,100,3629,ENSG00000131558 ENSG00000237649,EXOC4 KIFC1
GO:CC,GO:0045177,apical part of cell,0.9649257927478244,False,1,111,51,3629,ENSG00000122986,HVCN1
GO:CC,GO:0005576,extracellular region,0.9649257927478244,False,9,111,373,3629,ENSG00000173114 ENSG00000066084 ENSG00000103811 ENSG00000155511 ENSG00000124557 ENSG00000149131 ENSG00000187266 ENSG00000113070 ENSG00000111669,LRRN3 DIP2B CTSH GRIA1 BTN1A1 SERPING1 EPOR HBEGF TPI1
GO:CC,GO:0005575,cellular_component,0.9649257927478244,False,46,111,1638,3629,ENSG00000173114 ENSG00000128891 ENSG00000131558 ENSG00000162753 ENSG00000197465 ENSG00000167074 ENSG00000285486 ENSG00000285982 ENSG00000158106 ENSG00000169592 ENSG00000153406 ENSG00000078795 ENSG00000066084 ENSG00000100354 ENSG00000166118 ENSG00000010810 ENSG00000103811 ENSG00000007402 ENSG00000112659 ENSG00000161652 ENSG00000082153 ENSG00000122986 ENSG00000213654 ENSG00000168631 ENSG00000155511 ENSG00000124557 ENSG00000149131 ENSG00000023902 ENSG00000141002 ENSG00000120903 ENSG00000174579 ENSG00000104885 ENSG00000221914 ENSG00000187266 ENSG00000157823 ENSG00000237649 ENSG00000185619 ENSG00000113070 ENSG00000111669 ENSG00000167157 ENSG00000178093 ENSG00000196182 ENSG00000168778 ENSG00000147535 ENSG00000115085 ENSG00000171174,LRRN3 CCDC32 EXOC4 SLC9C2 GYPE TEF ENSG00000285486 ENSG00000285982 RHPN1 INO80E NMRAL1 PKD2L2 DIP2B TNRC6B SPATA19 FYN CTSH CACNA2D2 CUL9 IZUMO2 BZW1 HVCN1 GPSM3 MUCL3 GRIA1 BTN1A1 SERPING1 PLEKHO1 TCF25 CHRNA2 MSL2 DOT1L PPP2R2A EPOR AP3S2 KIFC1 PCGF3 HBEGF TPI1 PRRX2 TSSK6 STK40 TCTN2 PLPP5 ZAP70 RBKS
GO:CC,GO:0110165,cellular anatomical structure,0.9649257927478244,False,46,111,1630,3629,ENSG00000173114 ENSG00000128891 ENSG00000131558 ENSG00000162753 ENSG00000197465 ENSG00000167074 ENSG00000285486 ENSG00000285982 ENSG00000158106 ENSG00000169592 ENSG00000153406 ENSG00000078795 ENSG00000066084 ENSG00000100354 ENSG00000166118 ENSG00000010810 ENSG00000103811 ENSG00000007402 ENSG00000112659 ENSG00000161652 ENSG00000082153 ENSG00000122986 ENSG00000213654 ENSG00000168631 ENSG00000155511 ENSG00000124557 ENSG00000149131 ENSG00000023902 ENSG00000141002 ENSG00000120903 ENSG00000174579 ENSG00000104885 ENSG00000221914 ENSG00000187266 ENSG00000157823 ENSG00000237649 ENSG00000185619 ENSG00000113070 ENSG00000111669 ENSG00000167157 ENSG00000178093 ENSG00000196182 ENSG00000168778 ENSG00000147535 ENSG00000115085 ENSG00000171174,LRRN3 CCDC32 EXOC4 SLC9C2 GYPE TEF ENSG00000285486 ENSG00000285982 RHPN1 INO80E NMRAL1 PKD2L2 DIP2B TNRC6B SPATA19 FYN CTSH CACNA2D2 CUL9 IZUMO2 BZW1 HVCN1 GPSM3 MUCL3 GRIA1 BTN1A1 SERPING1 PLEKHO1 TCF25 CHRNA2 MSL2 DOT1L PPP2R2A EPOR AP3S2 KIFC1 PCGF3 HBEGF TPI1 PRRX2 TSSK6 STK40 TCTN2 PLPP5 ZAP70 RBKS
GO:BP,GO:0006629,lipid metabolic process,0.965790166157754,False,1,111,99,3629,ENSG00000147535,PLPP5
GO:BP,GO:0048585,negative regulation of response to stimulus,0.9658826721614667,False,2,111,156,3629,ENSG00000010810 ENSG00000149131,FYN SERPING1
GO:MF,GO:0003674,molecular_function,0.9675519206641036,False,42,111,1587,3629,ENSG00000173114 ENSG00000128891 ENSG00000131558 ENSG00000162753 ENSG00000167074 ENSG00000285982 ENSG00000158106 ENSG00000169592 ENSG00000153406 ENSG00000078795 ENSG00000066084 ENSG00000100354 ENSG00000010810 ENSG00000103811 ENSG00000007402 ENSG00000112659 ENSG00000082153 ENSG00000122986 ENSG00000213654 ENSG00000111011 ENSG00000155511 ENSG00000035499 ENSG00000124557 ENSG00000149131 ENSG00000023902 ENSG00000287279 ENSG00000141002 ENSG00000120903 ENSG00000174579 ENSG00000104885 ENSG00000221914 ENSG00000187266 ENSG00000237649 ENSG00000185619 ENSG00000113070 ENSG00000111669 ENSG00000167157 ENSG00000178093 ENSG00000196182 ENSG00000147535 ENSG00000115085 ENSG00000171174,LRRN3 CCDC32 EXOC4 SLC9C2 TEF ENSG00000285982 RHPN1 INO80E NMRAL1 PKD2L2 DIP2B TNRC6B FYN CTSH CACNA2D2 CUL9 BZW1 HVCN1 GPSM3 RSRC2 GRIA1 DEPDC1B BTN1A1 SERPING1 PLEKHO1 ENSG00000287279 TCF25 CHRNA2 MSL2 DOT1L PPP2R2A EPOR KIFC1 PCGF3 HBEGF TPI1 PRRX2 TSSK6 STK40 PLPP5 ZAP70 RBKS
GO:MF,GO:0140110,transcription regulator activity,0.9675519206641036,False,3,111,173,3629,ENSG00000167074 ENSG00000104885 ENSG00000167157,TEF DOT1L PRRX2
GO:MF,GO:0000977,RNA polymerase II transcription regulatory region sequence-specific DNA binding,0.9675519206641036,False,2,111,128,3629,ENSG00000167074 ENSG00000167157,TEF PRRX2
GO:MF,GO:0003700,DNA-binding transcription factor activity,0.9675519206641036,False,2,111,130,3629,ENSG00000167074 ENSG00000167157,TEF PRRX2
GO:BP,GO:0048523,negative regulation of cellular process,0.9684420177297492,False,9,111,468,3629,ENSG00000158106 ENSG00000066084 ENSG00000100354 ENSG00000010810 ENSG00000103811 ENSG00000155511 ENSG00000104885 ENSG00000185619 ENSG00000196182,RHPN1 DIP2B TNRC6B FYN CTSH GRIA1 DOT1L PCGF3 STK40
GO:BP,GO:0030097,hemopoiesis,0.9700454621019057,False,1,111,104,3629,ENSG00000115085,ZAP70
GO:MF,GO:0001067,transcription regulatory region nucleic acid binding,0.9711836704287213,False,2,111,140,3629,ENSG00000167074 ENSG00000167157,TEF PRRX2
GO:MF,GO:0005515,protein binding,0.9711836704287213,False,34,111,1338,3629,ENSG00000173114 ENSG00000128891 ENSG00000131558 ENSG00000167074 ENSG00000158106 ENSG00000169592 ENSG00000153406 ENSG00000066084 ENSG00000100354 ENSG00000010810 ENSG00000103811 ENSG00000112659 ENSG00000082153 ENSG00000122986 ENSG00000213654 ENSG00000111011 ENSG00000155511 ENSG00000124557 ENSG00000149131 ENSG00000023902 ENSG00000141002 ENSG00000174579 ENSG00000104885 ENSG00000221914 ENSG00000187266 ENSG00000237649 ENSG00000185619 ENSG00000113070 ENSG00000111669 ENSG00000178093 ENSG00000196182 ENSG00000147535 ENSG00000115085 ENSG00000171174,LRRN3 CCDC32 EXOC4 TEF RHPN1 INO80E NMRAL1 DIP2B TNRC6B FYN CTSH CUL9 BZW1 HVCN1 GPSM3 RSRC2 GRIA1 BTN1A1 SERPING1 PLEKHO1 TCF25 MSL2 DOT1L PPP2R2A EPOR KIFC1 PCGF3 HBEGF TPI1 TSSK6 STK40 PLPP5 ZAP70 RBKS
GO:MF,GO:0036094,small molecule binding,0.9711836704287213,False,12,111,572,3629,ENSG00000078795 ENSG00000010810 ENSG00000007402 ENSG00000112659 ENSG00000120903 ENSG00000174579 ENSG00000237649 ENSG00000185619 ENSG00000178093 ENSG00000196182 ENSG00000115085 ENSG00000171174,PKD2L2 FYN CACNA2D2 CUL9 CHRNA2 MSL2 KIFC1 PCGF3 TSSK6 STK40 ZAP70 RBKS
GO:MF,GO:0003676,nucleic acid binding,0.9711836704287213,False,9,111,457,3629,ENSG00000167074 ENSG00000100354 ENSG00000082153 ENSG00000111011 ENSG00000287279 ENSG00000141002 ENSG00000174579 ENSG00000104885 ENSG00000167157,TEF TNRC6B BZW1 RSRC2 ENSG00000287279 TCF25 MSL2 DOT1L PRRX2
GO:MF,GO:0000976,transcription cis-regulatory region binding,0.9711836704287213,False,2,111,140,3629,ENSG00000167074 ENSG00000167157,TEF PRRX2
GO:MF,GO:1990837,sequence-specific double-stranded DNA binding,0.9711836704287213,False,2,111,146,3629,ENSG00000167074 ENSG00000167157,TEF PRRX2
GO:MF,GO:0046872,metal ion binding,0.9711836704287213,False,8,111,405,3629,ENSG00000078795 ENSG00000010810 ENSG00000007402 ENSG00000112659 ENSG00000174579 ENSG00000185619 ENSG00000178093 ENSG00000171174,PKD2L2 FYN CACNA2D2 CUL9 MSL2 PCGF3 TSSK6 RBKS
GO:MF,GO:0043169,cation binding,0.9711836704287213,False,8,111,412,3629,ENSG00000078795 ENSG00000010810 ENSG00000007402 ENSG00000112659 ENSG00000174579 ENSG00000185619 ENSG00000178093 ENSG00000171174,PKD2L2 FYN CACNA2D2 CUL9 MSL2 PCGF3 TSSK6 RBKS
GO:MF,GO:0046983,protein dimerization activity,0.9711836704287213,False,2,111,145,3629,ENSG00000122986 ENSG00000111669,HVCN1 TPI1
GO:MF,GO:0005488,binding,0.9711836704287213,False,39,111,1495,3629,ENSG00000173114 ENSG00000128891 ENSG00000131558 ENSG00000167074 ENSG00000158106 ENSG00000169592 ENSG00000153406 ENSG00000078795 ENSG00000066084 ENSG00000100354 ENSG00000010810 ENSG00000103811 ENSG00000007402 ENSG00000112659 ENSG00000082153 ENSG00000122986 ENSG00000213654 ENSG00000111011 ENSG00000155511 ENSG00000124557 ENSG00000149131 ENSG00000023902 ENSG00000287279 ENSG00000141002 ENSG00000120903 ENSG00000174579 ENSG00000104885 ENSG00000221914 ENSG00000187266 ENSG00000237649 ENSG00000185619 ENSG00000113070 ENSG00000111669 ENSG00000167157 ENSG00000178093 ENSG00000196182 ENSG00000147535 ENSG00000115085 ENSG00000171174,LRRN3 CCDC32 EXOC4 TEF RHPN1 INO80E NMRAL1 PKD2L2 DIP2B TNRC6B FYN CTSH CACNA2D2 CUL9 BZW1 HVCN1 GPSM3 RSRC2 GRIA1 BTN1A1 SERPING1 PLEKHO1 ENSG00000287279 TCF25 CHRNA2 MSL2 DOT1L PPP2R2A EPOR KIFC1 PCGF3 HBEGF TPI1 PRRX2 TSSK6 STK40 PLPP5 ZAP70 RBKS
GO:MF,GO:0043565,sequence-specific DNA binding,0.9720997908299479,False,2,111,157,3629,ENSG00000167074 ENSG00000167157,TEF PRRX2
GO:MF,GO:0016787,hydrolase activity,0.9720997908299479,False,3,111,208,3629,ENSG00000103811 ENSG00000237649 ENSG00000147535,CTSH KIFC1 PLPP5
GO:MF,GO:0043167,ion binding,0.9730883209096534,False,11,111,558,3629,ENSG00000078795 ENSG00000010810 ENSG00000007402 ENSG00000112659 ENSG00000174579 ENSG00000237649 ENSG00000185619 ENSG00000178093 ENSG00000196182 ENSG00000115085 ENSG00000171174,PKD2L2 FYN CACNA2D2 CUL9 MSL2 KIFC1 PCGF3 TSSK6 STK40 ZAP70 RBKS
GO:MF,GO:0003677,DNA binding,0.9730883209096534,False,5,111,307,3629,ENSG00000167074 ENSG00000141002 ENSG00000174579 ENSG00000104885 ENSG00000167157,TEF TCF25 MSL2 DOT1L PRRX2
GO:BP,GO:0046907,intracellular transport,0.9805441935436008,False,1,111,115,3629,ENSG00000157823,AP3S2
GO:MF,GO:0008270,zinc ion binding,0.980597102107264,False,3,111,232,3629,ENSG00000112659 ENSG00000174579 ENSG00000185619,CUL9 MSL2 PCGF3
GO:BP,GO:0016070,RNA metabolic process,0.981656462723008,False,7,111,411,3629,ENSG00000167074 ENSG00000169592 ENSG00000100354 ENSG00000174579 ENSG00000104885 ENSG00000185619 ENSG00000167157,TEF INO80E TNRC6B MSL2 DOT1L PCGF3 PRRX2
GO:CC,GO:0043228,membraneless organelle,0.9868819977175621,False,15,111,605,3629,ENSG00000131558 ENSG00000167074 ENSG00000169592 ENSG00000100354 ENSG00000010810 ENSG00000103811 ENSG00000155511 ENSG00000174579 ENSG00000104885 ENSG00000187266 ENSG00000237649 ENSG00000185619 ENSG00000167157 ENSG00000178093 ENSG00000168778,EXOC4 TEF INO80E TNRC6B FYN CTSH GRIA1 MSL2 DOT1L EPOR KIFC1 PCGF3 PRRX2 TSSK6 TCTN2
GO:CC,GO:0005856,cytoskeleton,0.9868819977175621,False,5,111,232,3629,ENSG00000131558 ENSG00000010810 ENSG00000237649 ENSG00000178093 ENSG00000168778,EXOC4 FYN KIFC1 TSSK6 TCTN2
GO:CC,GO:0043232,intracellular membraneless organelle,0.9868819977175621,False,15,111,605,3629,ENSG00000131558 ENSG00000167074 ENSG00000169592 ENSG00000100354 ENSG00000010810 ENSG00000103811 ENSG00000155511 ENSG00000174579 ENSG00000104885 ENSG00000187266 ENSG00000237649 ENSG00000185619 ENSG00000167157 ENSG00000178093 ENSG00000168778,EXOC4 TEF INO80E TNRC6B FYN CTSH GRIA1 MSL2 DOT1L EPOR KIFC1 PCGF3 PRRX2 TSSK6 TCTN2
GO:MF,GO:0046914,transition metal ion binding,0.9870393394436023,False,3,111,254,3629,ENSG00000112659 ENSG00000174579 ENSG00000185619,CUL9 MSL2 PCGF3
GO:BP,GO:0006139,nucleobase-containing compound metabolic process,0.987231961691758,False,9,111,514,3629,ENSG00000167074 ENSG00000169592 ENSG00000100354 ENSG00000174579 ENSG00000104885 ENSG00000185619 ENSG00000111669 ENSG00000167157 ENSG00000171174,TEF INO80E TNRC6B MSL2 DOT1L PCGF3 TPI1 PRRX2 RBKS
GO:BP,GO:0032774,RNA biosynthetic process,0.987231961691758,False,6,111,386,3629,ENSG00000167074 ENSG00000169592 ENSG00000174579 ENSG00000104885 ENSG00000185619 ENSG00000167157,TEF INO80E MSL2 DOT1L PCGF3 PRRX2
GO:BP,GO:0009968,negative regulation of signal transduction,0.987231961691758,False,1,111,128,3629,ENSG00000010810,FYN
GO:BP,GO:0141187,nucleic acid biosynthetic process,0.9894193371004536,False,6,111,395,3629,ENSG00000167074 ENSG00000169592 ENSG00000174579 ENSG00000104885 ENSG00000185619 ENSG00000167157,TEF INO80E MSL2 DOT1L PCGF3 PRRX2
GO:CC,GO:0015630,microtubule cytoskeleton,0.9920679257551782,False,2,111,155,3629,ENSG00000131558 ENSG00000237649,EXOC4 KIFC1
GO:CC,GO:0016604,nuclear body,0.9920679257551782,False,1,111,98,3629,ENSG00000187266,EPOR
GO:CC,GO:0010008,endosome membrane,0.9920679257551782,False,1,111,63,3629,ENSG00000155511,GRIA1
GO:CC,GO:0031090,organelle membrane,0.9920679257551782,False,6,111,323,3629,ENSG00000166118 ENSG00000122986 ENSG00000155511 ENSG00000157823 ENSG00000113070 ENSG00000168778,SPATA19 HVCN1 GRIA1 AP3S2 HBEGF TCTN2
GO:CC,GO:0005730,nucleolus,0.9920679257551782,False,1,111,106,3629,ENSG00000169592,INO80E
GO:CC,GO:0005739,mitochondrion,0.9920679257551782,False,2,111,175,3629,ENSG00000166118 ENSG00000010810,SPATA19 FYN
GO:CC,GO:0012505,endomembrane system,0.9920679257551782,False,8,111,407,3629,ENSG00000128891 ENSG00000010810 ENSG00000103811 ENSG00000122986 ENSG00000155511 ENSG00000149131 ENSG00000157823 ENSG00000237649,CCDC32 FYN CTSH HVCN1 GRIA1 SERPING1 AP3S2 KIFC1
GO:CC,GO:0005773,vacuole,0.9920679257551782,False,1,111,89,3629,ENSG00000103811,CTSH
GO:CC,GO:0000323,lytic vacuole,0.9920679257551782,False,1,111,79,3629,ENSG00000103811,CTSH
GO:CC,GO:0140513,nuclear protein-containing complex,0.9920679257551782,False,2,111,153,3629,ENSG00000169592 ENSG00000185619,INO80E PCGF3
GO:CC,GO:1903561,extracellular vesicle,0.9920679257551782,False,4,111,230,3629,ENSG00000066084 ENSG00000103811 ENSG00000149131 ENSG00000111669,DIP2B CTSH SERPING1 TPI1
GO:CC,GO:1990904,ribonucleoprotein complex,0.9920679257551782,False,1,111,72,3629,ENSG00000285486,ENSG00000285486
GO:CC,GO:0042175,nuclear outer membrane-endoplasmic reticulum membrane network,0.9920679257551782,False,1,111,94,3629,ENSG00000155511,GRIA1
GO:CC,GO:0043233,organelle lumen,0.9920679257551782,False,12,111,589,3629,ENSG00000169592 ENSG00000153406 ENSG00000100354 ENSG00000103811 ENSG00000149131 ENSG00000120903 ENSG00000174579 ENSG00000104885 ENSG00000221914 ENSG00000187266 ENSG00000185619 ENSG00000196182,INO80E NMRAL1 TNRC6B CTSH SERPING1 CHRNA2 MSL2 DOT1L PPP2R2A EPOR PCGF3 STK40
GO:CC,GO:0043231,intracellular membrane-bounded organelle,0.9920679257551782,False,27,111,1187,3629,ENSG00000167074 ENSG00000169592 ENSG00000153406 ENSG00000066084 ENSG00000100354 ENSG00000166118 ENSG00000010810 ENSG00000103811 ENSG00000122986 ENSG00000155511 ENSG00000149131 ENSG00000023902 ENSG00000141002 ENSG00000120903 ENSG00000174579 ENSG00000104885 ENSG00000221914 ENSG00000187266 ENSG00000157823 ENSG00000237649 ENSG00000185619 ENSG00000113070 ENSG00000111669 ENSG00000167157 ENSG00000178093 ENSG00000196182 ENSG00000171174,TEF INO80E NMRAL1 DIP2B TNRC6B SPATA19 FYN CTSH HVCN1 GRIA1 SERPING1 PLEKHO1 TCF25 CHRNA2 MSL2 DOT1L PPP2R2A EPOR AP3S2 KIFC1 PCGF3 HBEGF TPI1 PRRX2 TSSK6 STK40 RBKS
GO:CC,GO:0043230,extracellular organelle,0.9920679257551782,False,4,111,230,3629,ENSG00000066084 ENSG00000103811 ENSG00000149131 ENSG00000111669,DIP2B CTSH SERPING1 TPI1
GO:CC,GO:0098827,endoplasmic reticulum subcompartment,0.9920679257551782,False,1,111,92,3629,ENSG00000155511,GRIA1
GO:CC,GO:0070013,intracellular organelle lumen,0.9920679257551782,False,12,111,589,3629,ENSG00000169592 ENSG00000153406 ENSG00000100354 ENSG00000103811 ENSG00000149131 ENSG00000120903 ENSG00000174579 ENSG00000104885 ENSG00000221914 ENSG00000187266 ENSG00000185619 ENSG00000196182,INO80E NMRAL1 TNRC6B CTSH SERPING1 CHRNA2 MSL2 DOT1L PPP2R2A EPOR PCGF3 STK40
GO:CC,GO:0070062,extracellular exosome,0.9920679257551782,False,4,111,228,3629,ENSG00000066084 ENSG00000103811 ENSG00000149131 ENSG00000111669,DIP2B CTSH SERPING1 TPI1
GO:CC,GO:0098687,chromosomal region,0.9920679257551782,False,1,111,67,3629,ENSG00000104885,DOT1L
GO:CC,GO:0031984,organelle subcompartment,0.9920679257551782,False,1,111,113,3629,ENSG00000155511,GRIA1
GO:CC,GO:0005654,nucleoplasm,0.9920679257551782,False,10,111,453,3629,ENSG00000169592 ENSG00000153406 ENSG00000100354 ENSG00000120903 ENSG00000174579 ENSG00000104885 ENSG00000221914 ENSG00000187266 ENSG00000185619 ENSG00000196182,INO80E NMRAL1 TNRC6B CHRNA2 MSL2 DOT1L PPP2R2A EPOR PCGF3 STK40
GO:CC,GO:0005764,lysosome,0.9920679257551782,False,1,111,79,3629,ENSG00000103811,CTSH
GO:CC,GO:0005740,mitochondrial envelope,0.9920679257551782,False,1,111,80,3629,ENSG00000166118,SPATA19
GO:CC,GO:0065010,extracellular membrane-bounded organelle,0.9920679257551782,False,4,111,230,3629,ENSG00000066084 ENSG00000103811 ENSG00000149131 ENSG00000111669,DIP2B CTSH SERPING1 TPI1
GO:CC,GO:0005789,endoplasmic reticulum membrane,0.9920679257551782,False,1,111,92,3629,ENSG00000155511,GRIA1
GO:CC,GO:0005622,intracellular anatomical structure,0.9920679257551782,False,36,111,1388,3629,ENSG00000131558 ENSG00000167074 ENSG00000285486 ENSG00000158106 ENSG00000169592 ENSG00000153406 ENSG00000066084 ENSG00000100354 ENSG00000166118 ENSG00000010810 ENSG00000103811 ENSG00000112659 ENSG00000082153 ENSG00000122986 ENSG00000213654 ENSG00000155511 ENSG00000149131 ENSG00000023902 ENSG00000141002 ENSG00000120903 ENSG00000174579 ENSG00000104885 ENSG00000221914 ENSG00000187266 ENSG00000157823 ENSG00000237649 ENSG00000185619 ENSG00000113070 ENSG00000111669 ENSG00000167157 ENSG00000178093 ENSG00000196182 ENSG00000168778 ENSG00000147535 ENSG00000115085 ENSG00000171174,EXOC4 TEF ENSG00000285486 RHPN1 INO80E NMRAL1 DIP2B TNRC6B SPATA19 FYN CTSH CUL9 BZW1 HVCN1 GPSM3 GRIA1 SERPING1 PLEKHO1 TCF25 CHRNA2 MSL2 DOT1L PPP2R2A EPOR AP3S2 KIFC1 PCGF3 HBEGF TPI1 PRRX2 TSSK6 STK40 TCTN2 PLPP5 ZAP70 RBKS
GO:CC,GO:0005634,nucleus,0.9920679257551782,False,20,111,819,3629,ENSG00000167074 ENSG00000169592 ENSG00000153406 ENSG00000066084 ENSG00000100354 ENSG00000010810 ENSG00000023902 ENSG00000141002 ENSG00000120903 ENSG00000174579 ENSG00000104885 ENSG00000221914 ENSG00000187266 ENSG00000237649 ENSG00000185619 ENSG00000111669 ENSG00000167157 ENSG00000178093 ENSG00000196182 ENSG00000171174,TEF INO80E NMRAL1 DIP2B TNRC6B FYN PLEKHO1 TCF25 CHRNA2 MSL2 DOT1L PPP2R2A EPOR KIFC1 PCGF3 TPI1 PRRX2 TSSK6 STK40 RBKS
GO:CC,GO:0043229,intracellular organelle,0.9920679257551782,False,29,111,1266,3629,ENSG00000131558 ENSG00000167074 ENSG00000169592 ENSG00000153406 ENSG00000066084 ENSG00000100354 ENSG00000166118 ENSG00000010810 ENSG00000103811 ENSG00000122986 ENSG00000155511 ENSG00000149131 ENSG00000023902 ENSG00000141002 ENSG00000120903 ENSG00000174579 ENSG00000104885 ENSG00000221914 ENSG00000187266 ENSG00000157823 ENSG00000237649 ENSG00000185619 ENSG00000113070 ENSG00000111669 ENSG00000167157 ENSG00000178093 ENSG00000196182 ENSG00000168778 ENSG00000171174,EXOC4 TEF INO80E NMRAL1 DIP2B TNRC6B SPATA19 FYN CTSH HVCN1 GRIA1 SERPING1 PLEKHO1 TCF25 CHRNA2 MSL2 DOT1L PPP2R2A EPOR AP3S2 KIFC1 PCGF3 HBEGF TPI1 PRRX2 TSSK6 STK40 TCTN2 RBKS
GO:CC,GO:0031967,organelle envelope,0.9920679257551782,False,1,111,125,3629,ENSG00000166118,SPATA19
GO:CC,GO:0031981,nuclear lumen,0.9920679257551782,False,10,111,491,3629,ENSG00000169592 ENSG00000153406 ENSG00000100354 ENSG00000120903 ENSG00000174579 ENSG00000104885 ENSG00000221914 ENSG00000187266 ENSG00000185619 ENSG00000196182,INO80E NMRAL1 TNRC6B CHRNA2 MSL2 DOT1L PPP2R2A EPOR PCGF3 STK40
GO:CC,GO:0031974,membrane-enclosed lumen,0.9920679257551782,False,12,111,589,3629,ENSG00000169592 ENSG00000153406 ENSG00000100354 ENSG00000103811 ENSG00000149131 ENSG00000120903 ENSG00000174579 ENSG00000104885 ENSG00000221914 ENSG00000187266 ENSG00000185619 ENSG00000196182,INO80E NMRAL1 TNRC6B CTSH SERPING1 CHRNA2 MSL2 DOT1L PPP2R2A EPOR PCGF3 STK40
GO:CC,GO:0005783,endoplasmic reticulum,0.9920679257551782,False,3,111,157,3629,ENSG00000010810 ENSG00000155511 ENSG00000149131,FYN GRIA1 SERPING1
GO:CC,GO:0031966,mitochondrial membrane,0.9920679257551782,False,1,111,73,3629,ENSG00000166118,SPATA19
GO:CC,GO:0005794,Golgi apparatus,0.9920679257551782,False,1,111,132,3629,ENSG00000157823,AP3S2
GO:CC,GO:0043227,membrane-bounded organelle,0.9927026045483804,False,28,111,1261,3629,ENSG00000167074 ENSG00000169592 ENSG00000153406 ENSG00000066084 ENSG00000100354 ENSG00000166118 ENSG00000010810 ENSG00000103811 ENSG00000122986 ENSG00000155511 ENSG00000149131 ENSG00000023902 ENSG00000141002 ENSG00000120903 ENSG00000174579 ENSG00000104885 ENSG00000221914 ENSG00000187266 ENSG00000157823 ENSG00000237649 ENSG00000185619 ENSG00000113070 ENSG00000111669 ENSG00000167157 ENSG00000178093 ENSG00000196182 ENSG00000168778 ENSG00000171174,TEF INO80E NMRAL1 DIP2B TNRC6B SPATA19 FYN CTSH HVCN1 GRIA1 SERPING1 PLEKHO1 TCF25 CHRNA2 MSL2 DOT1L PPP2R2A EPOR AP3S2 KIFC1 PCGF3 HBEGF TPI1 PRRX2 TSSK6 STK40 TCTN2 RBKS
GO:CC,GO:0043226,organelle,0.9930733567613761,False,29,111,1325,3629,ENSG00000131558 ENSG00000167074 ENSG00000169592 ENSG00000153406 ENSG00000066084 ENSG00000100354 ENSG00000166118 ENSG00000010810 ENSG00000103811 ENSG00000122986 ENSG00000155511 ENSG00000149131 ENSG00000023902 ENSG00000141002 ENSG00000120903 ENSG00000174579 ENSG00000104885 ENSG00000221914 ENSG00000187266 ENSG00000157823 ENSG00000237649 ENSG00000185619 ENSG00000113070 ENSG00000111669 ENSG00000167157 ENSG00000178093 ENSG00000196182 ENSG00000168778 ENSG00000171174,EXOC4 TEF INO80E NMRAL1 DIP2B TNRC6B SPATA19 FYN CTSH HVCN1 GRIA1 SERPING1 PLEKHO1 TCF25 CHRNA2 MSL2 DOT1L PPP2R2A EPOR AP3S2 KIFC1 PCGF3 HBEGF TPI1 PRRX2 TSSK6 STK40 TCTN2 RBKS
GO:BP,GO:0034654,nucleobase-containing compound biosynthetic process,0.99415324279882,False,6,111,418,3629,ENSG00000167074 ENSG00000169592 ENSG00000174579 ENSG00000104885 ENSG00000185619 ENSG00000167157,TEF INO80E MSL2 DOT1L PCGF3 PRRX2
GO:BP,GO:0090304,nucleic acid metabolic process,0.9944996775493194,False,7,111,470,3629,ENSG00000167074 ENSG00000169592 ENSG00000100354 ENSG00000174579 ENSG00000104885 ENSG00000185619 ENSG00000167157,TEF INO80E TNRC6B MSL2 DOT1L PCGF3 PRRX2
GO:BP,GO:0065003,protein-containing complex assembly,0.9993992331949524,False,1,111,218,3629,ENSG00000285486,ENSG00000285486
GO:BP,GO:0043933,protein-containing complex organization,0.9993992331949524,False,1,111,231,3629,ENSG00000285486,ENSG00000285486
