source,term_id,term_name,fdr,significant,intersection_size,query_size,term_size,background_size,genes,gene_symbols
GO:MF,GO:0005216,monoatomic ion channel activity,0.09695024290005677,False,5,47,29,1708,ENSG00000078795 ENSG00000007402 ENSG00000122986 ENSG00000155511 ENSG00000120903,PKD2L2 CACNA2D2 HVCN1 GRIA1 CHRNA2
GO:MF,GO:0140852,histone ubiquitin ligase activity,0.09695024290005677,False,2,47,3,1708,ENSG00000174579 ENSG00000185619,MSL2 PCGF3
GO:MF,GO:0005262,calcium channel activity,0.09695024290005677,False,3,47,10,1708,ENSG00000078795 ENSG00000007402 ENSG00000155511,PKD2L2 CACNA2D2 GRIA1
GO:MF,GO:0005261,monoatomic cation channel activity,0.09695024290005677,False,5,47,26,1708,ENSG00000078795 ENSG00000007402 ENSG00000122986 ENSG00000155511 ENSG00000120903,PKD2L2 CACNA2D2 HVCN1 GRIA1 CHRNA2
GO:MF,GO:0008324,monoatomic cation transmembrane transporter activity,0.09695024290005677,False,6,47,54,1708,ENSG00000162753 ENSG00000078795 ENSG00000007402 ENSG00000122986 ENSG00000155511 ENSG00000120903,SLC9C2 PKD2L2 CACNA2D2 HVCN1 GRIA1 CHRNA2
GO:MF,GO:0015267,channel activity,0.09695024290005677,False,5,47,36,1708,ENSG00000078795 ENSG00000007402 ENSG00000122986 ENSG00000155511 ENSG00000120903,PKD2L2 CACNA2D2 HVCN1 GRIA1 CHRNA2
GO:MF,GO:0022836,gated channel activity,0.09695024290005677,False,4,47,22,1708,ENSG00000007402 ENSG00000122986 ENSG00000155511 ENSG00000120903,CACNA2D2 HVCN1 GRIA1 CHRNA2
GO:MF,GO:0015085,calcium ion transmembrane transporter activity,0.09695024290005677,False,3,47,11,1708,ENSG00000078795 ENSG00000007402 ENSG00000155511,PKD2L2 CACNA2D2 GRIA1
GO:MF,GO:0022803,passive transmembrane transporter activity,0.09695024290005677,False,5,47,36,1708,ENSG00000078795 ENSG00000007402 ENSG00000122986 ENSG00000155511 ENSG00000120903,PKD2L2 CACNA2D2 HVCN1 GRIA1 CHRNA2
GO:MF,GO:0015075,monoatomic ion transmembrane transporter activity,0.13713827441708865,False,6,47,59,1708,ENSG00000162753 ENSG00000078795 ENSG00000007402 ENSG00000122986 ENSG00000155511 ENSG00000120903,SLC9C2 PKD2L2 CACNA2D2 HVCN1 GRIA1 CHRNA2
GO:MF,GO:0106260,DNA-DNA tethering activity,0.14100900851266496,False,1,47,1,1708,ENSG00000174579,MSL2
GO:MF,GO:0140993,histone modifying activity,0.14100900851266496,False,5,47,50,1708,ENSG00000174579 ENSG00000104885 ENSG00000185619 ENSG00000178093 ENSG00000196182,MSL2 DOT1L PCGF3 TSSK6 STK40
GO:MF,GO:0140956,histone H3K79 trimethyltransferase activity,0.14100900851266496,False,1,47,1,1708,ENSG00000104885,DOT1L
GO:MF,GO:0005215,transporter activity,0.14100900851266496,False,7,47,100,1708,ENSG00000162753 ENSG00000285982 ENSG00000078795 ENSG00000007402 ENSG00000122986 ENSG00000155511 ENSG00000120903,SLC9C2 ENSG00000285982 PKD2L2 CACNA2D2 HVCN1 GRIA1 CHRNA2
GO:MF,GO:0004971,AMPA glutamate receptor activity,0.14100900851266496,False,1,47,1,1708,ENSG00000155511,GRIA1
GO:MF,GO:0001965,G-protein alpha-subunit binding,0.14100900851266496,False,1,47,1,1708,ENSG00000155511,GRIA1
GO:MF,GO:0070851,growth factor receptor binding,0.14100900851266496,False,2,47,8,1708,ENSG00000010810 ENSG00000113070,FYN HBEGF
GO:MF,GO:0070324,thyroid hormone binding,0.14100900851266496,False,1,47,1,1708,ENSG00000103811,CTSH
GO:MF,GO:0140587,chromatin loop anchoring activity,0.14100900851266496,False,1,47,1,1708,ENSG00000174579,MSL2
GO:MF,GO:0005230,extracellular ligand-gated monoatomic ion channel activity,0.14100900851266496,False,2,47,9,1708,ENSG00000155511 ENSG00000120903,GRIA1 CHRNA2
GO:MF,GO:0008179,adenylate cyclase binding,0.14100900851266496,False,1,47,1,1708,ENSG00000155511,GRIA1
GO:MF,GO:0005244,voltage-gated monoatomic ion channel activity,0.14100900851266496,False,2,47,9,1708,ENSG00000007402 ENSG00000122986,CACNA2D2 HVCN1
GO:MF,GO:0008656,cysteine-type endopeptidase activator activity involved in apoptotic process,0.14100900851266496,False,1,47,1,1708,ENSG00000103811,CTSH
GO:MF,GO:0008929,methylglyoxal synthase activity,0.14100900851266496,False,1,47,1,1708,ENSG00000111669,TPI1
GO:MF,GO:0032397,activating MHC class I receptor activity,0.14100900851266496,False,1,47,1,1708,ENSG00000103811,CTSH
GO:MF,GO:0046873,metal ion transmembrane transporter activity,0.14100900851266496,False,4,47,36,1708,ENSG00000162753 ENSG00000078795 ENSG00000007402 ENSG00000155511,SLC9C2 PKD2L2 CACNA2D2 GRIA1
GO:MF,GO:0043014,alpha-tubulin binding,0.14100900851266496,False,2,47,5,1708,ENSG00000066084 ENSG00000010810,DIP2B FYN
GO:MF,GO:0141054,histone H2B ubiquitin ligase activity,0.14100900851266496,False,1,47,1,1708,ENSG00000174579,MSL2
GO:MF,GO:0140585,promoter-enhancer loop anchoring activity,0.14100900851266496,False,1,47,1,1708,ENSG00000174579,MSL2
GO:MF,GO:1904315,transmitter-gated monoatomic ion channel activity involved in regulation of postsynaptic membrane potential,0.14100900851266496,False,2,47,6,1708,ENSG00000155511 ENSG00000120903,GRIA1 CHRNA2
GO:MF,GO:0140862,histone H2AK119 ubiquitin ligase activity,0.14100900851266496,False,1,47,1,1708,ENSG00000185619,PCGF3
GO:MF,GO:0004900,erythropoietin receptor activity,0.14100900851266496,False,1,47,1,1708,ENSG00000187266,EPOR
GO:MF,GO:0016773,"phosphotransferase activity, alcohol group as acceptor",0.14100900851266496,False,5,47,55,1708,ENSG00000010810 ENSG00000178093 ENSG00000196182 ENSG00000115085 ENSG00000171174,FYN TSSK6 STK40 ZAP70 RBKS
GO:MF,GO:0016838,"carbon-oxygen lyase activity, acting on phosphates",0.14100900851266496,False,1,47,1,1708,ENSG00000111669,TPI1
GO:MF,GO:0022824,transmitter-gated monoatomic ion channel activity,0.14100900851266496,False,2,47,6,1708,ENSG00000155511 ENSG00000120903,GRIA1 CHRNA2
GO:MF,GO:0032393,MHC class I receptor activity,0.14100900851266496,False,1,47,1,1708,ENSG00000103811,CTSH
GO:MF,GO:0031802,type 5 metabotropic glutamate receptor binding,0.14100900851266496,False,1,47,1,1708,ENSG00000010810,FYN
GO:MF,GO:0030234,enzyme regulator activity,0.14100900851266496,False,7,47,110,1708,ENSG00000010810 ENSG00000103811 ENSG00000213654 ENSG00000035499 ENSG00000149131 ENSG00000221914 ENSG00000113070,FYN CTSH GPSM3 DEPDC1B SERPING1 PPP2R2A HBEGF
GO:MF,GO:0030594,neurotransmitter receptor activity,0.14100900851266496,False,2,47,7,1708,ENSG00000155511 ENSG00000120903,GRIA1 CHRNA2
GO:MF,GO:0035254,glutamate receptor binding,0.14100900851266496,False,2,47,8,1708,ENSG00000010810 ENSG00000155511,FYN GRIA1
GO:MF,GO:0022857,transmembrane transporter activity,0.14100900851266496,False,7,47,90,1708,ENSG00000162753 ENSG00000285982 ENSG00000078795 ENSG00000007402 ENSG00000122986 ENSG00000155511 ENSG00000120903,SLC9C2 ENSG00000285982 PKD2L2 CACNA2D2 HVCN1 GRIA1 CHRNA2
GO:MF,GO:0030108,HLA-A specific activating MHC class I receptor activity,0.14100900851266496,False,1,47,1,1708,ENSG00000103811,CTSH
GO:MF,GO:0022835,transmitter-gated channel activity,0.14100900851266496,False,2,47,6,1708,ENSG00000155511 ENSG00000120903,GRIA1 CHRNA2
GO:MF,GO:0022843,voltage-gated monoatomic cation channel activity,0.14100900851266496,False,2,47,8,1708,ENSG00000007402 ENSG00000122986,CACNA2D2 HVCN1
GO:MF,GO:0030165,PDZ domain binding,0.14100900851266496,False,2,47,7,1708,ENSG00000131558 ENSG00000155511,EXOC4 GRIA1
GO:MF,GO:0019200,carbohydrate kinase activity,0.14100900851266496,False,1,47,1,1708,ENSG00000171174,RBKS
GO:MF,GO:0031151,histone H3K79 methyltransferase activity,0.14100900851266496,False,1,47,1,1708,ENSG00000104885,DOT1L
GO:MF,GO:0030171,voltage-gated proton channel activity,0.14100900851266496,False,1,47,1,1708,ENSG00000122986,HVCN1
GO:MF,GO:0004747,ribokinase activity,0.14100900851266496,False,1,47,1,1708,ENSG00000171174,RBKS
GO:MF,GO:0004807,triose-phosphate isomerase activity,0.14100900851266496,False,1,47,1,1708,ENSG00000111669,TPI1
GO:MF,GO:0016861,"intramolecular oxidoreductase activity, interconverting aldoses and ketoses",0.14100900851266496,False,1,47,1,1708,ENSG00000111669,TPI1
GO:MF,GO:0022821,solute:potassium antiporter activity,0.14100900851266496,False,1,47,1,1708,ENSG00000162753,SLC9C2
GO:MF,GO:0022832,voltage-gated channel activity,0.14100900851266496,False,2,47,9,1708,ENSG00000007402 ENSG00000122986,CACNA2D2 HVCN1
GO:MF,GO:0015386,potassium:proton antiporter activity,0.14100900851266496,False,1,47,1,1708,ENSG00000162753,SLC9C2
GO:MF,GO:0016301,kinase activity,0.14100900851266496,False,5,47,59,1708,ENSG00000010810 ENSG00000178093 ENSG00000196182 ENSG00000115085 ENSG00000171174,FYN TSSK6 STK40 ZAP70 RBKS
GO:MF,GO:0016505,peptidase activator activity involved in apoptotic process,0.14100900851266496,False,1,47,1,1708,ENSG00000103811,CTSH
GO:MF,GO:0004715,non-membrane spanning protein tyrosine kinase activity,0.14100900851266496,False,2,47,8,1708,ENSG00000010810 ENSG00000115085,FYN ZAP70
GO:MF,GO:0000810,diacylglycerol diphosphate phosphatase activity,0.14100900851266496,False,1,47,1,1708,ENSG00000147535,PLPP5
GO:MF,GO:0097110,scaffold protein binding,0.17285403933282514,False,2,47,11,1708,ENSG00000010810 ENSG00000155511,FYN GRIA1
GO:BP,GO:1902065,response to L-glutamate,0.18464334075558828,False,2,47,2,1708,ENSG00000010810 ENSG00000155511,FYN GRIA1
GO:BP,GO:0050982,detection of mechanical stimulus,0.18464334075558828,False,2,47,2,1708,ENSG00000078795 ENSG00000010810,PKD2L2 FYN
GO:BP,GO:0043278,response to morphine,0.18464334075558828,False,2,47,2,1708,ENSG00000155511 ENSG00000221914,GRIA1 PPP2R2A
GO:BP,GO:0014072,response to isoquinoline alkaloid,0.18464334075558828,False,2,47,2,1708,ENSG00000155511 ENSG00000221914,GRIA1 PPP2R2A
GO:BP,GO:1905232,cellular response to L-glutamate,0.18464334075558828,False,2,47,2,1708,ENSG00000010810 ENSG00000155511,FYN GRIA1
GO:MF,GO:0004711,ribosomal protein S6 kinase activity,0.18475963190193212,False,2,47,18,1708,ENSG00000178093 ENSG00000196182,TSSK6 STK40
GO:MF,GO:0004713,protein tyrosine kinase activity,0.18475963190193212,False,2,47,15,1708,ENSG00000010810 ENSG00000115085,FYN ZAP70
GO:MF,GO:0004679,AMP-activated protein kinase activity,0.18475963190193212,False,2,47,18,1708,ENSG00000178093 ENSG00000196182,TSSK6 STK40
GO:MF,GO:0004694,eukaryotic translation initiation factor 2alpha kinase activity,0.18475963190193212,False,2,47,18,1708,ENSG00000178093 ENSG00000196182,TSSK6 STK40
GO:MF,GO:0004676,3-phosphoinositide-dependent protein kinase activity,0.18475963190193212,False,2,47,18,1708,ENSG00000178093 ENSG00000196182,TSSK6 STK40
GO:MF,GO:0004674,protein serine/threonine kinase activity,0.18475963190193212,False,3,47,38,1708,ENSG00000010810 ENSG00000178093 ENSG00000196182,FYN TSSK6 STK40
GO:MF,GO:0004672,protein kinase activity,0.18475963190193212,False,4,47,48,1708,ENSG00000010810 ENSG00000178093 ENSG00000196182 ENSG00000115085,FYN TSSK6 STK40 ZAP70
GO:MF,GO:0016755,aminoacyltransferase activity,0.18475963190193212,False,3,47,38,1708,ENSG00000112659 ENSG00000174579 ENSG00000185619,CUL9 MSL2 PCGF3
GO:MF,GO:0016860,intramolecular oxidoreductase activity,0.18475963190193212,False,1,47,3,1708,ENSG00000111669,TPI1
GO:MF,GO:0016772,"transferase activity, transferring phosphorus-containing groups",0.18475963190193212,False,5,47,73,1708,ENSG00000010810 ENSG00000178093 ENSG00000196182 ENSG00000115085 ENSG00000171174,FYN TSSK6 STK40 ZAP70 RBKS
GO:MF,GO:0015215,nucleotide transmembrane transporter activity,0.18475963190193212,False,1,47,3,1708,ENSG00000285982,ENSG00000285982
GO:MF,GO:0015276,ligand-gated monoatomic ion channel activity,0.18475963190193212,False,2,47,13,1708,ENSG00000155511 ENSG00000120903,GRIA1 CHRNA2
GO:MF,GO:0015631,tubulin binding,0.18475963190193212,False,3,47,37,1708,ENSG00000066084 ENSG00000010810 ENSG00000237649,DIP2B FYN KIFC1
GO:MF,GO:0016004,phospholipase activator activity,0.18475963190193212,False,1,47,2,1708,ENSG00000010810,FYN
GO:MF,GO:0016504,peptidase activator activity,0.18475963190193212,False,1,47,3,1708,ENSG00000103811,CTSH
GO:MF,GO:0016740,transferase activity,0.18475963190193212,False,9,47,191,1708,ENSG00000010810 ENSG00000112659 ENSG00000174579 ENSG00000104885 ENSG00000185619 ENSG00000178093 ENSG00000196182 ENSG00000115085 ENSG00000171174,FYN CUL9 MSL2 DOT1L PCGF3 TSSK6 STK40 ZAP70 RBKS
GO:MF,GO:0019865,immunoglobulin binding,0.18475963190193212,False,1,47,2,1708,ENSG00000155511,GRIA1
GO:MF,GO:0015385,sodium:proton antiporter activity,0.18475963190193212,False,1,47,2,1708,ENSG00000162753,SLC9C2
GO:MF,GO:0019787,ubiquitin-like protein transferase activity,0.18475963190193212,False,3,47,37,1708,ENSG00000112659 ENSG00000174579 ENSG00000185619,CUL9 MSL2 PCGF3
GO:MF,GO:0035402,histone H3T11 kinase activity,0.18475963190193212,False,2,47,18,1708,ENSG00000178093 ENSG00000196182,TSSK6 STK40
GO:MF,GO:0035175,histone H3S10 kinase activity,0.18475963190193212,False,2,47,18,1708,ENSG00000178093 ENSG00000196182,TSSK6 STK40
GO:MF,GO:0035173,histone kinase activity,0.18475963190193212,False,2,47,18,1708,ENSG00000178093 ENSG00000196182,TSSK6 STK40
GO:MF,GO:0031698,beta-2 adrenergic receptor binding,0.18475963190193212,False,1,47,2,1708,ENSG00000155511,GRIA1
GO:MF,GO:0032559,adenyl ribonucleotide binding,0.18475963190193212,False,7,47,133,1708,ENSG00000010810 ENSG00000112659 ENSG00000237649 ENSG00000178093 ENSG00000196182 ENSG00000115085 ENSG00000171174,FYN CUL9 KIFC1 TSSK6 STK40 ZAP70 RBKS
GO:MF,GO:0031690,adrenergic receptor binding,0.18475963190193212,False,1,47,3,1708,ENSG00000155511,GRIA1
GO:MF,GO:0015078,proton transmembrane transporter activity,0.18475963190193212,False,2,47,16,1708,ENSG00000162753 ENSG00000122986,SLC9C2 HVCN1
GO:MF,GO:0030296,protein tyrosine kinase activator activity,0.18475963190193212,False,1,47,3,1708,ENSG00000113070,HBEGF
GO:MF,GO:0030297,transmembrane receptor protein tyrosine kinase activator activity,0.18475963190193212,False,1,47,2,1708,ENSG00000113070,HBEGF
GO:MF,GO:0031681,G-protein beta-subunit binding,0.18475963190193212,False,1,47,2,1708,ENSG00000155511,GRIA1
GO:MF,GO:0031489,myosin V binding,0.18475963190193212,False,1,47,2,1708,ENSG00000155511,GRIA1
GO:MF,GO:0022834,ligand-gated channel activity,0.18475963190193212,False,2,47,13,1708,ENSG00000155511 ENSG00000120903,GRIA1 CHRNA2
GO:MF,GO:0022849,glutamate-gated calcium ion channel activity,0.18475963190193212,False,1,47,2,1708,ENSG00000155511,GRIA1
GO:MF,GO:0035979,histone H2AXS139 kinase activity,0.18475963190193212,False,2,47,18,1708,ENSG00000178093 ENSG00000196182,TSSK6 STK40
GO:MF,GO:0035403,histone H3T6 kinase activity,0.18475963190193212,False,2,47,18,1708,ENSG00000178093 ENSG00000196182,TSSK6 STK40
GO:MF,GO:0035256,G protein-coupled glutamate receptor binding,0.18475963190193212,False,1,47,2,1708,ENSG00000010810,FYN
GO:MF,GO:0042577,lipid phosphatase activity,0.18475963190193212,False,1,47,3,1708,ENSG00000147535,PLPP5
GO:MF,GO:0050997,quaternary ammonium group binding,0.18475963190193212,False,1,47,3,1708,ENSG00000120903,CHRNA2
GO:MF,GO:0044022,histone H3S28 kinase activity,0.18475963190193212,False,2,47,18,1708,ENSG00000178093 ENSG00000196182,TSSK6 STK40
GO:MF,GO:0043028,cysteine-type endopeptidase regulator activity involved in apoptotic process,0.18475963190193212,False,1,47,2,1708,ENSG00000103811,CTSH
GO:MF,GO:0050321,tau-protein kinase activity,0.18475963190193212,False,1,47,3,1708,ENSG00000010810,FYN
GO:MF,GO:0051018,protein kinase A binding,0.18475963190193212,False,1,47,3,1708,ENSG00000155511,GRIA1
GO:MF,GO:0140998,histone H2B kinase activity,0.18475963190193212,False,2,47,18,1708,ENSG00000178093 ENSG00000196182,TSSK6 STK40
GO:MF,GO:0141003,histone H2AX kinase activity,0.18475963190193212,False,2,47,18,1708,ENSG00000178093 ENSG00000196182,TSSK6 STK40
GO:MF,GO:0099507,ligand-gated monoatomic ion channel activity involved in regulation of presynaptic membrane potential,0.18475963190193212,False,1,47,2,1708,ENSG00000155511,GRIA1
GO:MF,GO:0140096,"catalytic activity, acting on a protein",0.18475963190193212,False,9,47,188,1708,ENSG00000010810 ENSG00000103811 ENSG00000112659 ENSG00000174579 ENSG00000104885 ENSG00000185619 ENSG00000178093 ENSG00000196182 ENSG00000115085,FYN CTSH CUL9 MSL2 DOT1L PCGF3 TSSK6 STK40 ZAP70
GO:MF,GO:0140375,immune receptor activity,0.18475963190193212,False,2,47,12,1708,ENSG00000103811 ENSG00000187266,CTSH EPOR
GO:MF,GO:0140823,histone H2BS36 kinase activity,0.18475963190193212,False,2,47,18,1708,ENSG00000178093 ENSG00000196182,TSSK6 STK40
GO:MF,GO:0140828,metal cation:monoatomic cation antiporter activity,0.18475963190193212,False,1,47,3,1708,ENSG00000162753,SLC9C2
GO:MF,GO:0141053,histone H2A ubiquitin ligase activity,0.18475963190193212,False,1,47,2,1708,ENSG00000185619,PCGF3
GO:MF,GO:0072354,histone H3T3 kinase activity,0.18475963190193212,False,2,47,18,1708,ENSG00000178093 ENSG00000196182,TSSK6 STK40
GO:MF,GO:0072371,histone H2AS121 kinase activity,0.18475963190193212,False,2,47,18,1708,ENSG00000178093 ENSG00000196182,TSSK6 STK40
GO:MF,GO:0051139,metal cation:proton antiporter activity,0.18475963190193212,False,1,47,2,1708,ENSG00000162753,SLC9C2
GO:MF,GO:0008066,glutamate receptor activity,0.18475963190193212,False,1,47,2,1708,ENSG00000155511,GRIA1
GO:MF,GO:0008047,enzyme activator activity,0.18475963190193212,False,4,47,54,1708,ENSG00000010810 ENSG00000103811 ENSG00000035499 ENSG00000113070,FYN CTSH DEPDC1B HBEGF
GO:MF,GO:0005524,ATP binding,0.18475963190193212,False,7,47,130,1708,ENSG00000010810 ENSG00000112659 ENSG00000237649 ENSG00000178093 ENSG00000196182 ENSG00000115085 ENSG00000171174,FYN CUL9 KIFC1 TSSK6 STK40 ZAP70 RBKS
GO:MF,GO:0008195,phosphatidate phosphatase activity,0.18475963190193212,False,1,47,2,1708,ENSG00000147535,PLPP5
GO:MF,GO:0051428,peptide hormone receptor binding,0.18475963190193212,False,1,47,2,1708,ENSG00000155511,GRIA1
GO:MF,GO:0051427,hormone receptor binding,0.18475963190193212,False,1,47,2,1708,ENSG00000155511,GRIA1
GO:MF,GO:0061134,peptidase regulator activity,0.18475963190193212,False,2,47,16,1708,ENSG00000103811 ENSG00000149131,CTSH SERPING1
GO:MF,GO:0060229,lipase activator activity,0.18475963190193212,False,1,47,3,1708,ENSG00000010810,FYN
GO:MF,GO:0044025,histone H2BS14 kinase activity,0.18475963190193212,False,2,47,18,1708,ENSG00000178093 ENSG00000196182,TSSK6 STK40
GO:MF,GO:0044024,histone H2AS1 kinase activity,0.18475963190193212,False,2,47,18,1708,ENSG00000178093 ENSG00000196182,TSSK6 STK40
GO:MF,GO:0044023,histone H4S1 kinase activity,0.18475963190193212,False,2,47,18,1708,ENSG00000178093 ENSG00000196182,TSSK6 STK40
GO:MF,GO:0046875,ephrin receptor binding,0.18475963190193212,False,1,47,2,1708,ENSG00000010810,FYN
GO:MF,GO:0140996,histone H3 kinase activity,0.18475963190193212,False,2,47,18,1708,ENSG00000178093 ENSG00000196182,TSSK6 STK40
GO:MF,GO:0140995,histone H2A kinase activity,0.18475963190193212,False,2,47,18,1708,ENSG00000178093 ENSG00000196182,TSSK6 STK40
GO:MF,GO:0061659,ubiquitin-like protein ligase activity,0.18475963190193212,False,3,47,30,1708,ENSG00000112659 ENSG00000174579 ENSG00000185619,CUL9 MSL2 PCGF3
GO:MF,GO:0072518,Rho-dependent protein serine/threonine kinase activity,0.18475963190193212,False,2,47,18,1708,ENSG00000178093 ENSG00000196182,TSSK6 STK40
GO:MF,GO:0140855,histone H3S57 kinase activity,0.18475963190193212,False,2,47,18,1708,ENSG00000178093 ENSG00000196182,TSSK6 STK40
GO:MF,GO:0140857,histone H3T45 kinase activity,0.18475963190193212,False,2,47,18,1708,ENSG00000178093 ENSG00000196182,TSSK6 STK40
GO:MF,GO:0061630,ubiquitin protein ligase activity,0.18475963190193212,False,3,47,30,1708,ENSG00000112659 ENSG00000174579 ENSG00000185619,CUL9 MSL2 PCGF3
GO:MF,GO:0140997,histone H4 kinase activity,0.18475963190193212,False,2,47,18,1708,ENSG00000178093 ENSG00000196182,TSSK6 STK40
GO:MF,GO:0099094,ligand-gated monoatomic cation channel activity,0.18475963190193212,False,2,47,12,1708,ENSG00000155511 ENSG00000120903,GRIA1 CHRNA2
GO:MF,GO:0004842,ubiquitin-protein transferase activity,0.18475963190193212,False,3,47,36,1708,ENSG00000112659 ENSG00000174579 ENSG00000185619,CUL9 MSL2 PCGF3
GO:MF,GO:1990244,histone H2AT120 kinase activity,0.18475963190193212,False,2,47,18,1708,ENSG00000178093 ENSG00000196182,TSSK6 STK40
GO:MF,GO:0004970,glutamate-gated receptor activity,0.18475963190193212,False,1,47,2,1708,ENSG00000155511,GRIA1
GO:MF,GO:0005154,epidermal growth factor receptor binding,0.18475963190193212,False,1,47,3,1708,ENSG00000113070,HBEGF
GO:MF,GO:0030554,adenyl nucleotide binding,0.19649043362991994,False,7,47,143,1708,ENSG00000010810 ENSG00000112659 ENSG00000237649 ENSG00000178093 ENSG00000196182 ENSG00000115085 ENSG00000171174,FYN CUL9 KIFC1 TSSK6 STK40 ZAP70 RBKS
GO:MF,GO:0004677,DNA-dependent protein kinase activity,0.20003307382572702,False,2,47,19,1708,ENSG00000178093 ENSG00000196182,TSSK6 STK40
GO:MF,GO:0043274,phospholipase binding,0.2150676067186585,False,1,47,4,1708,ENSG00000010810,FYN
GO:MF,GO:0017022,myosin binding,0.2150676067186585,False,1,47,4,1708,ENSG00000155511,GRIA1
GO:MF,GO:0097718,disordered domain specific binding,0.2150676067186585,False,1,47,4,1708,ENSG00000010810,FYN
GO:MF,GO:0005245,voltage-gated calcium channel activity,0.2150676067186585,False,1,47,4,1708,ENSG00000007402,CACNA2D2
GO:MF,GO:0099604,ligand-gated calcium channel activity,0.2150676067186585,False,1,47,4,1708,ENSG00000155511,GRIA1
GO:MF,GO:0022848,acetylcholine-gated monoatomic cation-selective channel activity,0.2150676067186585,False,1,47,4,1708,ENSG00000120903,CHRNA2
GO:MF,GO:0060089,molecular transducer activity,0.22502120181117424,False,5,47,94,1708,ENSG00000103811 ENSG00000155511 ENSG00000124557 ENSG00000120903 ENSG00000187266,CTSH GRIA1 BTN1A1 CHRNA2 EPOR
GO:MF,GO:0038023,signaling receptor activity,0.22502120181117424,False,5,47,94,1708,ENSG00000103811 ENSG00000155511 ENSG00000124557 ENSG00000120903 ENSG00000187266,CTSH GRIA1 BTN1A1 CHRNA2 EPOR
GO:MF,GO:0001664,G protein-coupled receptor binding,0.2409701843217385,False,2,47,22,1708,ENSG00000010810 ENSG00000155511,FYN GRIA1
GO:MF,GO:0004177,aminopeptidase activity,0.24175377185448127,False,1,47,5,1708,ENSG00000103811,CTSH
GO:MF,GO:0015252,proton channel activity,0.24175377185448127,False,1,47,5,1708,ENSG00000122986,HVCN1
GO:MF,GO:0004896,cytokine receptor activity,0.24175377185448127,False,1,47,5,1708,ENSG00000187266,EPOR
GO:MF,GO:0045309,protein phosphorylated amino acid binding,0.24175377185448127,False,1,47,5,1708,ENSG00000115085,ZAP70
GO:MF,GO:0098960,postsynaptic neurotransmitter receptor activity,0.24175377185448127,False,1,47,5,1708,ENSG00000120903,CHRNA2
GO:MF,GO:0048156,tau protein binding,0.24175377185448127,False,1,47,5,1708,ENSG00000010810,FYN
GO:MF,GO:0001784,phosphotyrosine residue binding,0.24175377185448127,False,1,47,5,1708,ENSG00000115085,ZAP70
GO:MF,GO:0042562,hormone binding,0.24175377185448127,False,1,47,5,1708,ENSG00000103811,CTSH
GO:MF,GO:0015932,nucleobase-containing compound transmembrane transporter activity,0.24175377185448127,False,1,47,5,1708,ENSG00000285982,ENSG00000285982
GO:MF,GO:0015464,acetylcholine receptor activity,0.24175377185448127,False,1,47,5,1708,ENSG00000120903,CHRNA2
GO:MF,GO:0015605,organophosphate ester transmembrane transporter activity,0.24175377185448127,False,1,47,5,1708,ENSG00000285982,ENSG00000285982
GO:MF,GO:0035639,purine ribonucleoside triphosphate binding,0.2524978386263011,False,7,47,158,1708,ENSG00000010810 ENSG00000112659 ENSG00000237649 ENSG00000178093 ENSG00000196182 ENSG00000115085 ENSG00000171174,FYN CUL9 KIFC1 TSSK6 STK40 ZAP70 RBKS
GO:MF,GO:0032555,purine ribonucleotide binding,0.2695861654740372,False,7,47,161,1708,ENSG00000010810 ENSG00000112659 ENSG00000237649 ENSG00000178093 ENSG00000196182 ENSG00000115085 ENSG00000171174,FYN CUL9 KIFC1 TSSK6 STK40 ZAP70 RBKS
GO:MF,GO:0032553,ribonucleotide binding,0.2742445436140641,False,7,47,162,1708,ENSG00000010810 ENSG00000112659 ENSG00000237649 ENSG00000178093 ENSG00000196182 ENSG00000115085 ENSG00000171174,FYN CUL9 KIFC1 TSSK6 STK40 ZAP70 RBKS
GO:MF,GO:0098772,molecular function regulator activity,0.29814190048686656,False,7,47,166,1708,ENSG00000010810 ENSG00000103811 ENSG00000213654 ENSG00000035499 ENSG00000149131 ENSG00000221914 ENSG00000113070,FYN CTSH GPSM3 DEPDC1B SERPING1 PPP2R2A HBEGF
GO:MF,GO:1901363,heterocyclic compound binding,0.29814190048686656,False,8,47,197,1708,ENSG00000010810 ENSG00000112659 ENSG00000120903 ENSG00000237649 ENSG00000178093 ENSG00000196182 ENSG00000115085 ENSG00000171174,FYN CUL9 CHRNA2 KIFC1 TSSK6 STK40 ZAP70 RBKS
GO:MF,GO:0019904,protein domain specific binding,0.29959024640170395,False,3,47,52,1708,ENSG00000131558 ENSG00000010810 ENSG00000155511,EXOC4 FYN GRIA1
GO:MF,GO:0031625,ubiquitin protein ligase binding,0.29959024640170395,False,2,47,27,1708,ENSG00000112659 ENSG00000111669,CUL9 TPI1
GO:MF,GO:0004888,transmembrane signaling receptor activity,0.29959024640170395,False,4,47,79,1708,ENSG00000103811 ENSG00000155511 ENSG00000120903 ENSG00000187266,CTSH GRIA1 CHRNA2 EPOR
GO:MF,GO:0097367,carbohydrate derivative binding,0.3029691216666361,False,8,47,199,1708,ENSG00000010810 ENSG00000112659 ENSG00000237649 ENSG00000113070 ENSG00000178093 ENSG00000196182 ENSG00000115085 ENSG00000171174,FYN CUL9 KIFC1 HBEGF TSSK6 STK40 ZAP70 RBKS
GO:MF,GO:0005231,excitatory extracellular ligand-gated monoatomic ion channel activity,0.3097911026136237,False,1,47,7,1708,ENSG00000120903,CHRNA2
GO:MF,GO:0044389,ubiquitin-like protein ligase binding,0.3097911026136237,False,2,47,28,1708,ENSG00000112659 ENSG00000111669,CUL9 TPI1
GO:MF,GO:0017076,purine nucleotide binding,0.31673776658487346,False,7,47,171,1708,ENSG00000010810 ENSG00000112659 ENSG00000237649 ENSG00000178093 ENSG00000196182 ENSG00000115085 ENSG00000171174,FYN CUL9 KIFC1 TSSK6 STK40 ZAP70 RBKS
GO:CC,GO:0032584,growth cone membrane,0.3170501985541236,False,1,47,1,1708,ENSG00000131558,EXOC4
GO:CC,GO:0099544,perisynaptic space,0.3170501985541236,False,1,47,1,1708,ENSG00000155511,GRIA1
GO:CC,GO:1990635,proximal dendrite,0.3170501985541236,False,1,47,1,1708,ENSG00000155511,GRIA1
GO:CC,GO:1990351,transporter complex,0.3170501985541236,False,4,47,42,1708,ENSG00000007402 ENSG00000122986 ENSG00000155511 ENSG00000120903,CACNA2D2 HVCN1 GRIA1 CHRNA2
GO:CC,GO:1990112,RQC complex,0.3170501985541236,False,1,47,1,1708,ENSG00000141002,TCF25
GO:CC,GO:0120025,plasma membrane bounded cell projection,0.3170501985541236,False,11,47,204,1708,ENSG00000131558 ENSG00000066084 ENSG00000166118 ENSG00000010810 ENSG00000122986 ENSG00000155511 ENSG00000023902 ENSG00000120903 ENSG00000157823 ENSG00000178093 ENSG00000168778,EXOC4 DIP2B SPATA19 FYN HVCN1 GRIA1 PLEKHO1 CHRNA2 AP3S2 TSSK6 TCTN2
GO:CC,GO:0098878,neurotransmitter receptor complex,0.3170501985541236,False,2,47,8,1708,ENSG00000155511 ENSG00000120903,GRIA1 CHRNA2
GO:CC,GO:0098802,plasma membrane signaling receptor complex,0.3170501985541236,False,3,47,19,1708,ENSG00000155511 ENSG00000120903 ENSG00000115085,GRIA1 CHRNA2 ZAP70
GO:CC,GO:1902495,transmembrane transporter complex,0.3170501985541236,False,4,47,40,1708,ENSG00000007402 ENSG00000122986 ENSG00000155511 ENSG00000120903,CACNA2D2 HVCN1 GRIA1 CHRNA2
GO:CC,GO:0000145,exocyst,0.3170501985541236,False,1,47,1,1708,ENSG00000131558,EXOC4
GO:CC,GO:0000805,X chromosome,0.3170501985541236,False,1,47,1,1708,ENSG00000185619,PCGF3
GO:CC,GO:0097729,9+2 motile cilium,0.3170501985541236,False,3,47,21,1708,ENSG00000166118 ENSG00000122986 ENSG00000178093,SPATA19 HVCN1 TSSK6
GO:CC,GO:0072487,MSL complex,0.3170501985541236,False,1,47,1,1708,ENSG00000174579,MSL2
GO:CC,GO:0031514,motile cilium,0.3170501985541236,False,3,47,24,1708,ENSG00000166118 ENSG00000122986 ENSG00000178093,SPATA19 HVCN1 TSSK6
GO:CC,GO:0036126,sperm flagellum,0.3170501985541236,False,3,47,19,1708,ENSG00000166118 ENSG00000122986 ENSG00000178093,SPATA19 HVCN1 TSSK6
GO:CC,GO:0034702,monoatomic ion channel complex,0.3170501985541236,False,4,47,27,1708,ENSG00000007402 ENSG00000122986 ENSG00000155511 ENSG00000120903,CACNA2D2 HVCN1 GRIA1 CHRNA2
GO:CC,GO:0036194,muscle cell projection,0.3170501985541236,False,1,47,1,1708,ENSG00000023902,PLEKHO1
GO:CC,GO:0042995,cell projection,0.3170501985541236,False,11,47,208,1708,ENSG00000131558 ENSG00000066084 ENSG00000166118 ENSG00000010810 ENSG00000122986 ENSG00000155511 ENSG00000023902 ENSG00000120903 ENSG00000157823 ENSG00000178093 ENSG00000168778,EXOC4 DIP2B SPATA19 FYN HVCN1 GRIA1 PLEKHO1 CHRNA2 AP3S2 TSSK6 TCTN2
GO:CC,GO:0048787,presynaptic active zone membrane,0.3170501985541236,False,2,47,3,1708,ENSG00000007402 ENSG00000155511,CACNA2D2 GRIA1
GO:CC,GO:0044308,axonal spine,0.3170501985541236,False,1,47,1,1708,ENSG00000155511,GRIA1
GO:CC,GO:0036195,muscle cell projection membrane,0.3170501985541236,False,1,47,1,1708,ENSG00000023902,PLEKHO1
GO:CC,GO:0048786,presynaptic active zone,0.3170501985541236,False,2,47,6,1708,ENSG00000007402 ENSG00000155511,CACNA2D2 GRIA1
GO:CC,GO:0097386,glial cell projection,0.3170501985541236,False,1,47,1,1708,ENSG00000010810,FYN
GO:MF,GO:0106310,protein serine kinase activity,0.32335733303566816,False,2,47,29,1708,ENSG00000178093 ENSG00000196182,TSSK6 STK40
GO:MF,GO:0015079,potassium ion transmembrane transporter activity,0.3355907084217209,False,1,47,8,1708,ENSG00000162753,SLC9C2
GO:MF,GO:0140938,histone H3 methyltransferase activity,0.3355907084217209,False,1,47,8,1708,ENSG00000104885,DOT1L
GO:MF,GO:0140767,enzyme-substrate adaptor activity,0.3355907084217209,False,1,47,8,1708,ENSG00000221914,PPP2R2A
GO:MF,GO:0015171,amino acid transmembrane transporter activity,0.3355907084217209,False,1,47,8,1708,ENSG00000155511,GRIA1
GO:BP,GO:1990416,cellular response to brain-derived neurotrophic factor stimulus,0.33920166021286485,False,1,47,1,1708,ENSG00000155511,GRIA1
GO:BP,GO:0031987,locomotion involved in locomotory behavior,0.33920166021286485,False,1,47,1,1708,ENSG00000155511,GRIA1
GO:BP,GO:0031644,regulation of nervous system process,0.33920166021286485,False,2,47,8,1708,ENSG00000155511 ENSG00000120903,GRIA1 CHRNA2
GO:BP,GO:0006014,D-ribose metabolic process,0.33920166021286485,False,1,47,1,1708,ENSG00000171174,RBKS
GO:BP,GO:0000304,response to singlet oxygen,0.33920166021286485,False,1,47,1,1708,ENSG00000010810,FYN
GO:BP,GO:0010813,neuropeptide catabolic process,0.33920166021286485,False,1,47,1,1708,ENSG00000103811,CTSH
GO:BP,GO:0006071,glycerol metabolic process,0.33920166021286485,False,1,47,1,1708,ENSG00000111669,TPI1
GO:BP,GO:0050852,T cell receptor signaling pathway,0.33920166021286485,False,3,47,23,1708,ENSG00000010810 ENSG00000124557 ENSG00000115085,FYN BTN1A1 ZAP70
GO:BP,GO:0050808,synapse organization,0.33920166021286485,False,4,47,42,1708,ENSG00000173114 ENSG00000010810 ENSG00000007402 ENSG00000155511,LRRN3 FYN CACNA2D2 GRIA1
GO:BP,GO:0010634,positive regulation of epithelial cell migration,0.33920166021286485,False,2,47,3,1708,ENSG00000103811 ENSG00000113070,CTSH HBEGF
GO:BP,GO:0043200,response to amino acid,0.33920166021286485,False,2,47,8,1708,ENSG00000010810 ENSG00000155511,FYN GRIA1
GO:BP,GO:0006811,monoatomic ion transport,0.33920166021286485,False,7,47,101,1708,ENSG00000162753 ENSG00000078795 ENSG00000010810 ENSG00000007402 ENSG00000122986 ENSG00000155511 ENSG00000120903,SLC9C2 PKD2L2 FYN CACNA2D2 HVCN1 GRIA1 CHRNA2
GO:BP,GO:0050665,hydrogen peroxide biosynthetic process,0.33920166021286485,False,1,47,1,1708,ENSG00000010810,FYN
GO:BP,GO:0010728,regulation of hydrogen peroxide biosynthetic process,0.33920166021286485,False,1,47,1,1708,ENSG00000010810,FYN
GO:BP,GO:0010632,regulation of epithelial cell migration,0.33920166021286485,False,2,47,4,1708,ENSG00000103811 ENSG00000113070,CTSH HBEGF
GO:BP,GO:0010631,epithelial cell migration,0.33920166021286485,False,2,47,6,1708,ENSG00000103811 ENSG00000113070,CTSH HBEGF
GO:BP,GO:0010815,bradykinin catabolic process,0.33920166021286485,False,1,47,1,1708,ENSG00000103811,CTSH
GO:BP,GO:0048340,paraxial mesoderm morphogenesis,0.33920166021286485,False,1,47,1,1708,ENSG00000131558,EXOC4
GO:BP,GO:0048341,paraxial mesoderm formation,0.33920166021286485,False,1,47,1,1708,ENSG00000131558,EXOC4
GO:BP,GO:1902914,regulation of protein polyubiquitination,0.33920166021286485,False,1,47,1,1708,ENSG00000141002,TCF25
GO:BP,GO:0050966,detection of mechanical stimulus involved in sensory perception of pain,0.33920166021286485,False,1,47,1,1708,ENSG00000010810,FYN
GO:BP,GO:0046365,monosaccharide catabolic process,0.33920166021286485,False,2,47,6,1708,ENSG00000111669 ENSG00000171174,TPI1 RBKS
GO:BP,GO:0009048,dosage compensation by inactivation of X chromosome,0.33920166021286485,False,1,47,1,1708,ENSG00000185619,PCGF3
GO:BP,GO:1905664,regulation of calcium ion import across plasma membrane,0.33920166021286485,False,1,47,1,1708,ENSG00000010810,FYN
GO:BP,GO:1990911,response to psychosocial stress,0.33920166021286485,False,1,47,1,1708,ENSG00000155511,GRIA1
GO:BP,GO:0034220,monoatomic ion transmembrane transport,0.33920166021286485,False,7,47,81,1708,ENSG00000162753 ENSG00000078795 ENSG00000010810 ENSG00000007402 ENSG00000122986 ENSG00000155511 ENSG00000120903,SLC9C2 PKD2L2 FYN CACNA2D2 HVCN1 GRIA1 CHRNA2
GO:BP,GO:0031509,subtelomeric heterochromatin formation,0.33920166021286485,False,1,47,1,1708,ENSG00000104885,DOT1L
GO:BP,GO:1990708,conditioned place preference,0.33920166021286485,False,1,47,1,1708,ENSG00000155511,GRIA1
GO:BP,GO:0034285,response to disaccharide,0.33920166021286485,False,1,47,1,1708,ENSG00000155511,GRIA1
GO:BP,GO:0030449,regulation of complement activation,0.33920166021286485,False,1,47,1,1708,ENSG00000149131,SERPING1
GO:BP,GO:0030382,sperm mitochondrion organization,0.33920166021286485,False,1,47,1,1708,ENSG00000166118,SPATA19
GO:BP,GO:0036017,response to erythropoietin,0.33920166021286485,False,1,47,1,1708,ENSG00000187266,EPOR
GO:BP,GO:0090522,vesicle tethering involved in exocytosis,0.33920166021286485,False,1,47,1,1708,ENSG00000131558,EXOC4
GO:BP,GO:0090132,epithelium migration,0.33920166021286485,False,2,47,6,1708,ENSG00000103811 ENSG00000113070,CTSH HBEGF
GO:BP,GO:0098659,inorganic cation import across plasma membrane,0.33920166021286485,False,2,47,7,1708,ENSG00000162753 ENSG00000010810,SLC9C2 FYN
GO:BP,GO:0036018,cellular response to erythropoietin,0.33920166021286485,False,1,47,1,1708,ENSG00000187266,EPOR
GO:BP,GO:0045916,negative regulation of complement activation,0.33920166021286485,False,1,47,1,1708,ENSG00000149131,SERPING1
GO:BP,GO:0045838,positive regulation of membrane potential,0.33920166021286485,False,1,47,1,1708,ENSG00000155511,GRIA1
GO:BP,GO:0009582,detection of abiotic stimulus,0.33920166021286485,False,2,47,5,1708,ENSG00000078795 ENSG00000010810,PKD2L2 FYN
GO:BP,GO:0009744,response to sucrose,0.33920166021286485,False,1,47,1,1708,ENSG00000155511,GRIA1
GO:BP,GO:0045471,response to ethanol,0.33920166021286485,False,2,47,8,1708,ENSG00000010810 ENSG00000155511,FYN GRIA1
GO:BP,GO:0046835,carbohydrate phosphorylation,0.33920166021286485,False,1,47,1,1708,ENSG00000171174,RBKS
GO:BP,GO:0010310,regulation of hydrogen peroxide metabolic process,0.33920166021286485,False,1,47,1,1708,ENSG00000010810,FYN
GO:BP,GO:0043366,beta selection,0.33920166021286485,False,1,47,1,1708,ENSG00000115085,ZAP70
GO:BP,GO:0043279,response to alkaloid,0.33920166021286485,False,2,47,7,1708,ENSG00000155511 ENSG00000221914,GRIA1 PPP2R2A
GO:BP,GO:0009581,detection of external stimulus,0.33920166021286485,False,2,47,5,1708,ENSG00000078795 ENSG00000010810,PKD2L2 FYN
GO:BP,GO:0048870,cell motility,0.33920166021286485,False,8,47,130,1708,ENSG00000010810 ENSG00000103811 ENSG00000213654 ENSG00000035499 ENSG00000023902 ENSG00000113070 ENSG00000178093 ENSG00000115085,FYN CTSH GPSM3 DEPDC1B PLEKHO1 HBEGF TSSK6 ZAP70
GO:BP,GO:0007549,sex-chromosome dosage compensation,0.33920166021286485,False,1,47,1,1708,ENSG00000185619,PCGF3
GO:BP,GO:0046174,polyol catabolic process,0.33920166021286485,False,1,47,1,1708,ENSG00000111669,TPI1
GO:BP,GO:0010727,negative regulation of hydrogen peroxide metabolic process,0.33920166021286485,False,1,47,1,1708,ENSG00000010810,FYN
GO:BP,GO:0010730,negative regulation of hydrogen peroxide biosynthetic process,0.33920166021286485,False,1,47,1,1708,ENSG00000010810,FYN
GO:BP,GO:0007215,glutamate receptor signaling pathway,0.33920166021286485,False,2,47,7,1708,ENSG00000010810 ENSG00000155511,FYN GRIA1
GO:BP,GO:1903409,reactive oxygen species biosynthetic process,0.33920166021286485,False,2,47,6,1708,ENSG00000010810 ENSG00000122986,FYN HVCN1
GO:BP,GO:2000758,positive regulation of peptidyl-lysine acetylation,0.33920166021286485,False,1,47,1,1708,ENSG00000066084,DIP2B
GO:BP,GO:0099587,inorganic ion import across plasma membrane,0.33920166021286485,False,2,47,7,1708,ENSG00000162753 ENSG00000010810,SLC9C2 FYN
GO:BP,GO:0090325,regulation of locomotion involved in locomotory behavior,0.33920166021286485,False,1,47,1,1708,ENSG00000155511,GRIA1
GO:BP,GO:0090326,positive regulation of locomotion involved in locomotory behavior,0.33920166021286485,False,1,47,1,1708,ENSG00000155511,GRIA1
GO:BP,GO:0090130,tissue migration,0.33920166021286485,False,2,47,7,1708,ENSG00000103811 ENSG00000113070,CTSH HBEGF
GO:BP,GO:0060816,random inactivation of X chromosome,0.33920166021286485,False,1,47,1,1708,ENSG00000185619,PCGF3
GO:BP,GO:0097062,dendritic spine maintenance,0.33920166021286485,False,1,47,1,1708,ENSG00000010810,FYN
GO:BP,GO:0055085,transmembrane transport,0.33920166021286485,False,9,47,123,1708,ENSG00000131558 ENSG00000162753 ENSG00000285982 ENSG00000078795 ENSG00000010810 ENSG00000007402 ENSG00000122986 ENSG00000155511 ENSG00000120903,EXOC4 SLC9C2 ENSG00000285982 PKD2L2 FYN CACNA2D2 HVCN1 GRIA1 CHRNA2
GO:BP,GO:0038162,erythropoietin-mediated signaling pathway,0.33920166021286485,False,1,47,1,1708,ENSG00000187266,EPOR
GO:BP,GO:0051451,myoblast migration,0.33920166021286485,False,1,47,1,1708,ENSG00000023902,PLEKHO1
GO:BP,GO:0050974,detection of mechanical stimulus involved in sensory perception,0.33920166021286485,False,1,47,1,1708,ENSG00000010810,FYN
GO:BP,GO:1903426,regulation of reactive oxygen species biosynthetic process,0.33920166021286485,False,2,47,5,1708,ENSG00000010810 ENSG00000122986,FYN HVCN1
GO:BP,GO:1902950,regulation of dendritic spine maintenance,0.33920166021286485,False,1,47,1,1708,ENSG00000010810,FYN
GO:BP,GO:1902951,negative regulation of dendritic spine maintenance,0.33920166021286485,False,1,47,1,1708,ENSG00000010810,FYN
GO:BP,GO:0001101,response to acid chemical,0.33920166021286485,False,2,47,9,1708,ENSG00000010810 ENSG00000155511,FYN GRIA1
GO:BP,GO:0038135,ERBB2-ERBB4 signaling pathway,0.33920166021286485,False,1,47,1,1708,ENSG00000113070,HBEGF
GO:BP,GO:0070489,T cell aggregation,0.33920166021286485,False,1,47,1,1708,ENSG00000115085,ZAP70
GO:BP,GO:0070486,leukocyte aggregation,0.33920166021286485,False,1,47,1,1708,ENSG00000115085,ZAP70
GO:BP,GO:0060359,response to ammonium ion,0.33920166021286485,False,1,47,1,1708,ENSG00000155511,GRIA1
GO:BP,GO:0060600,dichotomous subdivision of an epithelial terminal unit,0.33920166021286485,False,1,47,1,1708,ENSG00000103811,CTSH
GO:BP,GO:0051549,positive regulation of keratinocyte migration,0.33920166021286485,False,1,47,1,1708,ENSG00000113070,HBEGF
GO:BP,GO:0038134,ERBB2-EGFR signaling pathway,0.33920166021286485,False,1,47,1,1708,ENSG00000113070,HBEGF
GO:BP,GO:0001868,"regulation of complement activation, lectin pathway",0.33920166021286485,False,1,47,1,1708,ENSG00000149131,SERPING1
GO:BP,GO:0001869,"negative regulation of complement activation, lectin pathway",0.33920166021286485,False,1,47,1,1708,ENSG00000149131,SERPING1
GO:BP,GO:0060448,dichotomous subdivision of terminal units involved in lung branching,0.33920166021286485,False,1,47,1,1708,ENSG00000103811,CTSH
GO:BP,GO:0060425,lung morphogenesis,0.33920166021286485,False,2,47,7,1708,ENSG00000103811 ENSG00000196182,CTSH STK40
GO:BP,GO:0051497,negative regulation of stress fiber assembly,0.33920166021286485,False,1,47,1,1708,ENSG00000158106,RHPN1
GO:BP,GO:0061945,regulation of protein K48-linked ubiquitination,0.33920166021286485,False,1,47,1,1708,ENSG00000141002,TCF25
GO:BP,GO:0060992,response to fungicide,0.33920166021286485,False,1,47,1,1708,ENSG00000155511,GRIA1
GO:BP,GO:0061041,regulation of wound healing,0.33920166021286485,False,2,47,9,1708,ENSG00000149131 ENSG00000113070,SERPING1 HBEGF
GO:BP,GO:0065008,regulation of biological quality,0.33920166021286485,False,12,47,228,1708,ENSG00000173114 ENSG00000162753 ENSG00000066084 ENSG00000100354 ENSG00000010810 ENSG00000103811 ENSG00000007402 ENSG00000122986 ENSG00000155511 ENSG00000149131 ENSG00000023902 ENSG00000120903,LRRN3 SLC9C2 DIP2B TNRC6B FYN CTSH CACNA2D2 HVCN1 GRIA1 SERPING1 PLEKHO1 CHRNA2
GO:BP,GO:0071229,cellular response to acid chemical,0.33920166021286485,False,2,47,8,1708,ENSG00000010810 ENSG00000155511,FYN GRIA1
GO:BP,GO:0019242,methylglyoxal biosynthetic process,0.33920166021286485,False,1,47,1,1708,ENSG00000111669,TPI1
GO:BP,GO:2000756,regulation of peptidyl-lysine acetylation,0.33920166021286485,False,1,47,1,1708,ENSG00000066084,DIP2B
GO:BP,GO:0019321,pentose metabolic process,0.33920166021286485,False,1,47,1,1708,ENSG00000171174,RBKS
GO:BP,GO:0019405,alditol catabolic process,0.33920166021286485,False,1,47,1,1708,ENSG00000111669,TPI1
GO:BP,GO:0019303,D-ribose catabolic process,0.33920166021286485,False,1,47,1,1708,ENSG00000171174,RBKS
GO:BP,GO:0019323,pentose catabolic process,0.33920166021286485,False,1,47,1,1708,ENSG00000171174,RBKS
GO:BP,GO:0019563,glycerol catabolic process,0.33920166021286485,False,1,47,1,1708,ENSG00000111669,TPI1
GO:BP,GO:0071230,cellular response to amino acid stimulus,0.33920166021286485,False,2,47,7,1708,ENSG00000010810 ENSG00000155511,FYN GRIA1
GO:BP,GO:0071242,cellular response to ammonium ion,0.33920166021286485,False,1,47,1,1708,ENSG00000155511,GRIA1
GO:BP,GO:0071418,cellular response to amine stimulus,0.33920166021286485,False,1,47,1,1708,ENSG00000155511,GRIA1
GO:BP,GO:0071593,lymphocyte aggregation,0.33920166021286485,False,1,47,1,1708,ENSG00000115085,ZAP70
GO:MF,GO:0016746,acyltransferase activity,0.35316321827906233,False,3,47,58,1708,ENSG00000112659 ENSG00000174579 ENSG00000185619,CUL9 MSL2 PCGF3
GO:BP,GO:0050851,antigen receptor-mediated signaling pathway,0.3586907717501706,False,3,47,25,1708,ENSG00000010810 ENSG00000124557 ENSG00000115085,FYN BTN1A1 ZAP70
GO:CC,GO:0031253,cell projection membrane,0.3598488569551208,False,3,47,26,1708,ENSG00000155511 ENSG00000023902 ENSG00000168778,GRIA1 PLEKHO1 TCTN2
GO:BP,GO:0098916,anterograde trans-synaptic signaling,0.36119665899241904,False,5,47,65,1708,ENSG00000131558 ENSG00000010810 ENSG00000007402 ENSG00000155511 ENSG00000120903,EXOC4 FYN CACNA2D2 GRIA1 CHRNA2
GO:BP,GO:0007268,chemical synaptic transmission,0.36119665899241904,False,5,47,65,1708,ENSG00000131558 ENSG00000010810 ENSG00000007402 ENSG00000155511 ENSG00000120903,EXOC4 FYN CACNA2D2 GRIA1 CHRNA2
GO:BP,GO:0099537,trans-synaptic signaling,0.36119665899241904,False,5,47,65,1708,ENSG00000131558 ENSG00000010810 ENSG00000007402 ENSG00000155511 ENSG00000120903,EXOC4 FYN CACNA2D2 GRIA1 CHRNA2
GO:BP,GO:0051239,regulation of multicellular organismal process,0.36366680845102284,False,13,47,277,1708,ENSG00000173114 ENSG00000169592 ENSG00000066084 ENSG00000010810 ENSG00000103811 ENSG00000007402 ENSG00000213654 ENSG00000155511 ENSG00000124557 ENSG00000149131 ENSG00000120903 ENSG00000113070 ENSG00000115085,LRRN3 INO80E DIP2B FYN CTSH CACNA2D2 GPSM3 GRIA1 BTN1A1 SERPING1 CHRNA2 HBEGF ZAP70
GO:MF,GO:0001540,amyloid-beta binding,0.36427539329179537,False,1,47,9,1708,ENSG00000155511,GRIA1
GO:MF,GO:0015297,antiporter activity,0.36427539329179537,False,1,47,9,1708,ENSG00000162753,SLC9C2
GO:MF,GO:0004867,serine-type endopeptidase inhibitor activity,0.36427539329179537,False,1,47,9,1708,ENSG00000149131,SERPING1
GO:BP,GO:1905429,response to glycine,0.38016905965263836,False,1,47,2,1708,ENSG00000010810,FYN
GO:BP,GO:1905430,cellular response to glycine,0.38016905965263836,False,1,47,2,1708,ENSG00000010810,FYN
GO:BP,GO:2000677,regulation of transcription regulatory region DNA binding,0.38016905965263836,False,1,47,2,1708,ENSG00000104885,DOT1L
GO:BP,GO:0030641,regulation of cellular pH,0.38016905965263836,False,2,47,14,1708,ENSG00000162753 ENSG00000122986,SLC9C2 HVCN1
GO:BP,GO:0098828,modulation of inhibitory postsynaptic potential,0.38016905965263836,False,1,47,2,1708,ENSG00000120903,CHRNA2
GO:BP,GO:0060024,rhythmic synaptic transmission,0.38016905965263836,False,1,47,2,1708,ENSG00000007402,CACNA2D2
GO:BP,GO:0016185,synaptic vesicle budding from presynaptic endocytic zone membrane,0.38016905965263836,False,1,47,2,1708,ENSG00000157823,AP3S2
GO:BP,GO:0016183,synaptic vesicle coating,0.38016905965263836,False,1,47,2,1708,ENSG00000157823,AP3S2
GO:BP,GO:0018212,peptidyl-tyrosine modification,0.38016905965263836,False,2,47,13,1708,ENSG00000010810 ENSG00000115085,FYN ZAP70
GO:BP,GO:0018108,peptidyl-tyrosine phosphorylation,0.38016905965263836,False,2,47,13,1708,ENSG00000010810 ENSG00000115085,FYN ZAP70
GO:BP,GO:0001656,metanephros development,0.38016905965263836,False,1,47,2,1708,ENSG00000103811,CTSH
GO:BP,GO:1901983,regulation of protein acetylation,0.38016905965263836,False,1,47,2,1708,ENSG00000066084,DIP2B
GO:BP,GO:0038130,ERBB4 signaling pathway,0.38016905965263836,False,1,47,2,1708,ENSG00000113070,HBEGF
GO:BP,GO:0019682,glyceraldehyde-3-phosphate metabolic process,0.38016905965263836,False,1,47,2,1708,ENSG00000111669,TPI1
GO:BP,GO:0060213,positive regulation of nuclear-transcribed mRNA poly(A) tail shortening,0.38016905965263836,False,1,47,2,1708,ENSG00000100354,TNRC6B
GO:BP,GO:0060211,regulation of nuclear-transcribed mRNA poly(A) tail shortening,0.38016905965263836,False,1,47,2,1708,ENSG00000100354,TNRC6B
GO:BP,GO:1901985,positive regulation of protein acetylation,0.38016905965263836,False,1,47,2,1708,ENSG00000066084,DIP2B
GO:BP,GO:0060155,platelet dense granule organization,0.38016905965263836,False,1,47,2,1708,ENSG00000157823,AP3S2
GO:BP,GO:0016477,cell migration,0.38016905965263836,False,7,47,115,1708,ENSG00000010810 ENSG00000103811 ENSG00000213654 ENSG00000035499 ENSG00000023902 ENSG00000113070 ENSG00000115085,FYN CTSH GPSM3 DEPDC1B PLEKHO1 HBEGF ZAP70
GO:BP,GO:0016310,phosphorylation,0.38016905965263836,False,5,47,76,1708,ENSG00000010810 ENSG00000178093 ENSG00000196182 ENSG00000115085 ENSG00000171174,FYN TSSK6 STK40 ZAP70 RBKS
GO:BP,GO:0051546,keratinocyte migration,0.38016905965263836,False,1,47,2,1708,ENSG00000113070,HBEGF
GO:BP,GO:0051453,regulation of intracellular pH,0.38016905965263836,False,2,47,12,1708,ENSG00000162753 ENSG00000122986,SLC9C2 HVCN1
GO:BP,GO:0010952,positive regulation of peptidase activity,0.38016905965263836,False,1,47,2,1708,ENSG00000103811,CTSH
GO:BP,GO:0043383,negative T cell selection,0.38016905965263836,False,1,47,2,1708,ENSG00000115085,ZAP70
GO:BP,GO:0097067,cellular response to thyroid hormone stimulus,0.38016905965263836,False,1,47,2,1708,ENSG00000103811,CTSH
GO:BP,GO:0098739,import across plasma membrane,0.38016905965263836,False,2,47,12,1708,ENSG00000162753 ENSG00000010810,SLC9C2 FYN
GO:BP,GO:0098719,sodium ion import across plasma membrane,0.38016905965263836,False,1,47,2,1708,ENSG00000162753,SLC9C2
GO:BP,GO:0090279,regulation of calcium ion import,0.38016905965263836,False,1,47,2,1708,ENSG00000010810,FYN
GO:BP,GO:0090314,positive regulation of protein targeting to membrane,0.38016905965263836,False,1,47,2,1708,ENSG00000010810,FYN
GO:BP,GO:0097305,response to alcohol,0.38016905965263836,False,2,47,14,1708,ENSG00000010810 ENSG00000155511,FYN GRIA1
GO:BP,GO:0050900,leukocyte migration,0.38016905965263836,False,3,47,30,1708,ENSG00000010810 ENSG00000213654 ENSG00000115085,FYN GPSM3 ZAP70
GO:BP,GO:0090313,regulation of protein targeting to membrane,0.38016905965263836,False,1,47,2,1708,ENSG00000010810,FYN
GO:BP,GO:0009438,methylglyoxal metabolic process,0.38016905965263836,False,1,47,2,1708,ENSG00000111669,TPI1
GO:BP,GO:0042743,hydrogen peroxide metabolic process,0.38016905965263836,False,1,47,2,1708,ENSG00000010810,FYN
GO:BP,GO:0060080,inhibitory postsynaptic potential,0.38016905965263836,False,1,47,2,1708,ENSG00000120903,CHRNA2
GO:BP,GO:0060046,regulation of acrosome reaction,0.38016905965263836,False,1,47,2,1708,ENSG00000122986,HVCN1
GO:BP,GO:1903232,melanosome assembly,0.38016905965263836,False,1,47,2,1708,ENSG00000157823,AP3S2
GO:BP,GO:1900153,"positive regulation of nuclear-transcribed mRNA catabolic process, deadenylation-dependent decay",0.38016905965263836,False,1,47,2,1708,ENSG00000100354,TNRC6B
GO:BP,GO:0035654,"clathrin-coated vesicle cargo loading, AP-3-mediated",0.38016905965263836,False,1,47,2,1708,ENSG00000157823,AP3S2
GO:BP,GO:0035652,clathrin-coated vesicle cargo loading,0.38016905965263836,False,1,47,2,1708,ENSG00000157823,AP3S2
GO:BP,GO:0060382,regulation of DNA strand elongation,0.38016905965263836,False,1,47,2,1708,ENSG00000169592,INO80E
GO:BP,GO:0060322,head development,0.38016905965263836,False,4,47,52,1708,ENSG00000128891 ENSG00000010810 ENSG00000155511 ENSG00000187266,CCDC32 FYN GRIA1 EPOR
GO:BP,GO:0040017,positive regulation of locomotion,0.38016905965263836,False,4,47,47,1708,ENSG00000103811 ENSG00000213654 ENSG00000155511 ENSG00000113070,CTSH GPSM3 GRIA1 HBEGF
GO:BP,GO:1903034,regulation of response to wounding,0.38016905965263836,False,2,47,14,1708,ENSG00000149131 ENSG00000113070,SERPING1 HBEGF
GO:BP,GO:1901679,nucleotide transmembrane transport,0.38016905965263836,False,1,47,2,1708,ENSG00000285982,ENSG00000285982
GO:BP,GO:0070142,synaptic vesicle budding,0.38016905965263836,False,1,47,2,1708,ENSG00000157823,AP3S2
GO:BP,GO:0035313,"wound healing, spreading of epidermal cells",0.38016905965263836,False,1,47,2,1708,ENSG00000113070,HBEGF
GO:BP,GO:1900449,regulation of glutamate receptor signaling pathway,0.38016905965263836,False,1,47,2,1708,ENSG00000010810,FYN
GO:BP,GO:0046166,glyceraldehyde-3-phosphate biosynthetic process,0.38016905965263836,False,1,47,2,1708,ENSG00000111669,TPI1
GO:BP,GO:0006098,pentose-phosphate shunt,0.38016905965263836,False,1,47,2,1708,ENSG00000171174,RBKS
GO:BP,GO:0035264,multicellular organism growth,0.38016905965263836,False,2,47,13,1708,ENSG00000007402 ENSG00000196182,CACNA2D2 STK40
GO:BP,GO:0002921,negative regulation of humoral immune response,0.38016905965263836,False,1,47,2,1708,ENSG00000149131,SERPING1
GO:BP,GO:0002920,regulation of humoral immune response,0.38016905965263836,False,1,47,2,1708,ENSG00000149131,SERPING1
GO:BP,GO:1904507,positive regulation of telomere maintenance in response to DNA damage,0.38016905965263836,False,1,47,2,1708,ENSG00000169592,INO80E
GO:BP,GO:1904505,regulation of telomere maintenance in response to DNA damage,0.38016905965263836,False,1,47,2,1708,ENSG00000169592,INO80E
GO:BP,GO:1903533,regulation of protein targeting,0.38016905965263836,False,1,47,2,1708,ENSG00000010810,FYN
GO:BP,GO:0046164,alcohol catabolic process,0.38016905965263836,False,1,47,2,1708,ENSG00000111669,TPI1
GO:BP,GO:0043247,telomere maintenance in response to DNA damage,0.38016905965263836,False,1,47,2,1708,ENSG00000169592,INO80E
GO:BP,GO:0045060,negative thymic T cell selection,0.38016905965263836,False,1,47,2,1708,ENSG00000115085,ZAP70
GO:BP,GO:0099536,synaptic signaling,0.38016905965263836,False,5,47,70,1708,ENSG00000131558 ENSG00000010810 ENSG00000007402 ENSG00000155511 ENSG00000120903,EXOC4 FYN CACNA2D2 GRIA1 CHRNA2
GO:BP,GO:0006892,post-Golgi vesicle-mediated transport,0.38016905965263836,False,2,47,11,1708,ENSG00000131558 ENSG00000157823,EXOC4 AP3S2
GO:BP,GO:0010226,response to lithium ion,0.38016905965263836,False,1,47,2,1708,ENSG00000155511,GRIA1
GO:BP,GO:0070588,calcium ion transmembrane transport,0.38016905965263836,False,3,47,30,1708,ENSG00000078795 ENSG00000010810 ENSG00000007402,PKD2L2 FYN CACNA2D2
GO:BP,GO:0071294,cellular response to zinc ion,0.38016905965263836,False,1,47,2,1708,ENSG00000122986,HVCN1
GO:BP,GO:0043129,surfactant homeostasis,0.38016905965263836,False,1,47,2,1708,ENSG00000103811,CTSH
GO:BP,GO:0008360,regulation of cell shape,0.38016905965263836,False,2,47,12,1708,ENSG00000010810 ENSG00000023902,FYN PLEKHO1
GO:BP,GO:0048339,paraxial mesoderm development,0.38016905965263836,False,1,47,2,1708,ENSG00000131558,EXOC4
GO:BP,GO:0051547,regulation of keratinocyte migration,0.38016905965263836,False,1,47,2,1708,ENSG00000113070,HBEGF
GO:BP,GO:0099022,vesicle tethering,0.38016905965263836,False,1,47,2,1708,ENSG00000131558,EXOC4
GO:BP,GO:1900017,positive regulation of cytokine production involved in inflammatory response,0.38016905965263836,False,1,47,2,1708,ENSG00000213654,GPSM3
GO:BP,GO:0098655,monoatomic cation transmembrane transport,0.38016905965263836,False,5,47,68,1708,ENSG00000162753 ENSG00000078795 ENSG00000010810 ENSG00000007402 ENSG00000122986,SLC9C2 PKD2L2 FYN CACNA2D2 HVCN1
GO:BP,GO:2000377,regulation of reactive oxygen species metabolic process,0.38016905965263836,False,2,47,12,1708,ENSG00000010810 ENSG00000122986,FYN HVCN1
GO:BP,GO:0038026,reelin-mediated signaling pathway,0.38016905965263836,False,1,47,2,1708,ENSG00000010810,FYN
GO:MF,GO:0008092,cytoskeletal protein binding,0.38411458507382495,False,4,47,91,1708,ENSG00000066084 ENSG00000010810 ENSG00000155511 ENSG00000237649,DIP2B FYN GRIA1 KIFC1
GO:MF,GO:0000166,nucleotide binding,0.38411458507382495,False,7,47,184,1708,ENSG00000010810 ENSG00000112659 ENSG00000237649 ENSG00000178093 ENSG00000196182 ENSG00000115085 ENSG00000171174,FYN CUL9 KIFC1 TSSK6 STK40 ZAP70 RBKS
GO:MF,GO:0140677,molecular function activator activity,0.38411458507382495,False,4,47,91,1708,ENSG00000010810 ENSG00000103811 ENSG00000035499 ENSG00000113070,FYN CTSH DEPDC1B HBEGF
GO:MF,GO:0016835,carbon-oxygen lyase activity,0.3844454612755455,False,1,47,10,1708,ENSG00000111669,TPI1
GO:MF,GO:1901265,nucleoside phosphate binding,0.3844454612755455,False,7,47,185,1708,ENSG00000010810 ENSG00000112659 ENSG00000237649 ENSG00000178093 ENSG00000196182 ENSG00000115085 ENSG00000171174,FYN CUL9 KIFC1 TSSK6 STK40 ZAP70 RBKS
GO:MF,GO:0051219,phosphoprotein binding,0.3844454612755455,False,1,47,10,1708,ENSG00000115085,ZAP70
GO:MF,GO:0004197,cysteine-type endopeptidase activity,0.3844454612755455,False,1,47,10,1708,ENSG00000103811,CTSH
GO:BP,GO:0098657,import into cell,0.38958864100043505,False,5,47,77,1708,ENSG00000128891 ENSG00000162753 ENSG00000010810 ENSG00000155511 ENSG00000157823,CCDC32 SLC9C2 FYN GRIA1 AP3S2
GO:BP,GO:0031396,regulation of protein ubiquitination,0.38958864100043505,False,2,47,15,1708,ENSG00000010810 ENSG00000141002,FYN TCF25
GO:BP,GO:0099505,regulation of presynaptic membrane potential,0.38958864100043505,False,1,47,3,1708,ENSG00000155511,GRIA1
GO:BP,GO:0099514,synaptic vesicle cytoskeletal transport,0.38958864100043505,False,1,47,3,1708,ENSG00000157823,AP3S2
GO:BP,GO:0099517,synaptic vesicle transport along microtubule,0.38958864100043505,False,1,47,3,1708,ENSG00000157823,AP3S2
GO:BP,GO:0046697,decidualization,0.38958864100043505,False,1,47,3,1708,ENSG00000187266,EPOR
GO:BP,GO:0001919,regulation of receptor recycling,0.38958864100043505,False,1,47,3,1708,ENSG00000155511,GRIA1
GO:BP,GO:0014075,response to amine,0.38958864100043505,False,1,47,3,1708,ENSG00000155511,GRIA1
GO:BP,GO:0007612,learning,0.38958864100043505,False,2,47,15,1708,ENSG00000010810 ENSG00000155511,FYN GRIA1
GO:BP,GO:0010043,response to zinc ion,0.38958864100043505,False,1,47,3,1708,ENSG00000122986,HVCN1
GO:BP,GO:0006893,Golgi to plasma membrane transport,0.38958864100043505,False,1,47,3,1708,ENSG00000131558,EXOC4
GO:BP,GO:0006885,regulation of pH,0.38958864100043505,False,2,47,17,1708,ENSG00000162753 ENSG00000122986,SLC9C2 HVCN1
GO:BP,GO:0099565,"chemical synaptic transmission, postsynaptic",0.38958864100043505,False,2,47,15,1708,ENSG00000155511 ENSG00000120903,GRIA1 CHRNA2
GO:BP,GO:2000369,regulation of clathrin-dependent endocytosis,0.38958864100043505,False,1,47,3,1708,ENSG00000128891,CCDC32
GO:BP,GO:1990840,response to lectin,0.38958864100043505,False,1,47,3,1708,ENSG00000010810,FYN
GO:BP,GO:0035092,sperm DNA condensation,0.38958864100043505,False,1,47,3,1708,ENSG00000178093,TSSK6
GO:BP,GO:0061718,glucose catabolic process to pyruvate,0.38958864100043505,False,1,47,3,1708,ENSG00000111669,TPI1
GO:BP,GO:0045059,positive thymic T cell selection,0.38958864100043505,False,1,47,3,1708,ENSG00000115085,ZAP70
GO:BP,GO:0030323,respiratory tube development,0.38958864100043505,False,2,47,17,1708,ENSG00000103811 ENSG00000196182,CTSH STK40
GO:BP,GO:0042730,fibrinolysis,0.38958864100043505,False,1,47,3,1708,ENSG00000149131,SERPING1
GO:BP,GO:0006904,vesicle docking involved in exocytosis,0.38958864100043505,False,1,47,3,1708,ENSG00000131558,EXOC4
GO:BP,GO:0061621,canonical glycolysis,0.38958864100043505,False,1,47,3,1708,ENSG00000111669,TPI1
GO:BP,GO:0009612,response to mechanical stimulus,0.38958864100043505,False,2,47,15,1708,ENSG00000078795 ENSG00000010810,PKD2L2 FYN
GO:BP,GO:0071316,cellular response to nicotine,0.38958864100043505,False,1,47,3,1708,ENSG00000120903,CHRNA2
GO:BP,GO:0022616,DNA strand elongation,0.38958864100043505,False,1,47,3,1708,ENSG00000169592,INO80E
GO:BP,GO:1904491,protein localization to ciliary transition zone,0.38958864100043505,False,1,47,3,1708,ENSG00000168778,TCTN2
GO:BP,GO:0048753,pigment granule organization,0.38958864100043505,False,1,47,3,1708,ENSG00000157823,AP3S2
GO:BP,GO:0007018,microtubule-based movement,0.38958864100043505,False,3,47,37,1708,ENSG00000157823 ENSG00000237649 ENSG00000178093,AP3S2 KIFC1 TSSK6
GO:BP,GO:0006812,monoatomic cation transport,0.38958864100043505,False,5,47,85,1708,ENSG00000162753 ENSG00000078795 ENSG00000010810 ENSG00000007402 ENSG00000122986,SLC9C2 PKD2L2 FYN CACNA2D2 HVCN1
GO:BP,GO:0006796,phosphate-containing compound metabolic process,0.38958864100043505,False,8,47,163,1708,ENSG00000010810 ENSG00000221914 ENSG00000111669 ENSG00000178093 ENSG00000196182 ENSG00000147535 ENSG00000115085 ENSG00000171174,FYN PPP2R2A TPI1 TSSK6 STK40 PLPP5 ZAP70 RBKS
GO:BP,GO:1903427,negative regulation of reactive oxygen species biosynthetic process,0.38958864100043505,False,1,47,3,1708,ENSG00000010810,FYN
GO:BP,GO:0060078,regulation of postsynaptic membrane potential,0.38958864100043505,False,2,47,17,1708,ENSG00000155511 ENSG00000120903,GRIA1 CHRNA2
GO:BP,GO:0061620,glycolytic process through glucose-6-phosphate,0.38958864100043505,False,1,47,3,1708,ENSG00000111669,TPI1
GO:BP,GO:0007039,protein catabolic process in the vacuole,0.38958864100043505,False,1,47,3,1708,ENSG00000103811,CTSH
GO:BP,GO:0030324,lung development,0.38958864100043505,False,2,47,17,1708,ENSG00000103811 ENSG00000196182,CTSH STK40
GO:BP,GO:0090303,positive regulation of wound healing,0.38958864100043505,False,1,47,3,1708,ENSG00000113070,HBEGF
GO:BP,GO:0007216,G protein-coupled glutamate receptor signaling pathway,0.38958864100043505,False,1,47,3,1708,ENSG00000010810,FYN
GO:BP,GO:0072673,lamellipodium morphogenesis,0.38958864100043505,False,1,47,3,1708,ENSG00000023902,PLEKHO1
GO:BP,GO:0072593,reactive oxygen species metabolic process,0.38958864100043505,False,2,47,17,1708,ENSG00000010810 ENSG00000122986,FYN HVCN1
GO:BP,GO:0072344,rescue of stalled cytosolic ribosome,0.38958864100043505,False,1,47,3,1708,ENSG00000141002,TCF25
GO:BP,GO:0002429,immune response-activating cell surface receptor signaling pathway,0.38958864100043505,False,3,47,35,1708,ENSG00000010810 ENSG00000124557 ENSG00000115085,FYN BTN1A1 ZAP70
GO:BP,GO:0060079,excitatory postsynaptic potential,0.38958864100043505,False,2,47,15,1708,ENSG00000155511 ENSG00000120903,GRIA1 CHRNA2
GO:BP,GO:0002223,stimulatory C-type lectin receptor signaling pathway,0.38958864100043505,False,1,47,3,1708,ENSG00000010810,FYN
GO:BP,GO:0002431,Fc receptor mediated stimulatory signaling pathway,0.38958864100043505,False,1,47,3,1708,ENSG00000010810,FYN
GO:BP,GO:0035459,vesicle cargo loading,0.38958864100043505,False,1,47,3,1708,ENSG00000157823,AP3S2
GO:BP,GO:0036211,protein modification process,0.38958864100043505,False,9,47,185,1708,ENSG00000066084 ENSG00000010810 ENSG00000112659 ENSG00000141002 ENSG00000174579 ENSG00000221914 ENSG00000178093 ENSG00000196182 ENSG00000115085,DIP2B FYN CUL9 TCF25 MSL2 PPP2R2A TSSK6 STK40 ZAP70
GO:BP,GO:1902656,calcium ion import into cytosol,0.38958864100043505,False,1,47,3,1708,ENSG00000010810,FYN
GO:BP,GO:1900151,"regulation of nuclear-transcribed mRNA catabolic process, deadenylation-dependent decay",0.38958864100043505,False,1,47,3,1708,ENSG00000100354,TNRC6B
GO:BP,GO:0035278,miRNA-mediated gene silencing by inhibition of translation,0.38958864100043505,False,1,47,3,1708,ENSG00000100354,TNRC6B
GO:BP,GO:0003015,heart process,0.38958864100043505,False,2,47,17,1708,ENSG00000010810 ENSG00000113070,FYN HBEGF
GO:BP,GO:0006007,glucose catabolic process,0.38958864100043505,False,1,47,3,1708,ENSG00000111669,TPI1
GO:BP,GO:0003016,respiratory system process,0.38958864100043505,False,1,47,3,1708,ENSG00000196182,STK40
GO:BP,GO:1902600,proton transmembrane transport,0.38958864100043505,False,2,47,15,1708,ENSG00000162753 ENSG00000122986,SLC9C2 HVCN1
GO:BP,GO:1904645,response to amyloid-beta,0.38958864100043505,False,1,47,3,1708,ENSG00000010810,FYN
GO:BP,GO:1904646,cellular response to amyloid-beta,0.38958864100043505,False,1,47,3,1708,ENSG00000010810,FYN
GO:BP,GO:0034330,cell junction organization,0.38958864100043505,False,4,47,57,1708,ENSG00000173114 ENSG00000010810 ENSG00000007402 ENSG00000155511,LRRN3 FYN CACNA2D2 GRIA1
GO:BP,GO:0006793,phosphorus metabolic process,0.38958864100043505,False,8,47,163,1708,ENSG00000010810 ENSG00000221914 ENSG00000111669 ENSG00000178093 ENSG00000196182 ENSG00000147535 ENSG00000115085 ENSG00000171174,FYN PPP2R2A TPI1 TSSK6 STK40 PLPP5 ZAP70 RBKS
GO:BP,GO:0006740,NADPH regeneration,0.38958864100043505,False,1,47,3,1708,ENSG00000171174,RBKS
GO:BP,GO:0051156,glucose 6-phosphate metabolic process,0.38958864100043505,False,1,47,3,1708,ENSG00000171174,RBKS
GO:BP,GO:0051101,regulation of DNA binding,0.38958864100043505,False,1,47,3,1708,ENSG00000104885,DOT1L
GO:BP,GO:0098703,calcium ion import across plasma membrane,0.38958864100043505,False,1,47,3,1708,ENSG00000010810,FYN
GO:BP,GO:0016311,dephosphorylation,0.38958864100043505,False,2,47,16,1708,ENSG00000221914 ENSG00000147535,PPP2R2A PLPP5
GO:BP,GO:0097066,response to thyroid hormone,0.38958864100043505,False,1,47,3,1708,ENSG00000103811,CTSH
GO:BP,GO:0016052,carbohydrate catabolic process,0.38958864100043505,False,2,47,17,1708,ENSG00000111669 ENSG00000171174,TPI1 RBKS
GO:BP,GO:0001867,"complement activation, lectin pathway",0.38958864100043505,False,1,47,3,1708,ENSG00000149131,SERPING1
GO:BP,GO:0007416,synapse assembly,0.38958864100043505,False,2,47,17,1708,ENSG00000173114 ENSG00000155511,LRRN3 GRIA1
GO:BP,GO:0007289,spermatid nucleus differentiation,0.38958864100043505,False,1,47,3,1708,ENSG00000178093,TSSK6
GO:BP,GO:0048490,anterograde synaptic vesicle transport,0.38958864100043505,False,1,47,3,1708,ENSG00000157823,AP3S2
GO:BP,GO:0048520,positive regulation of behavior,0.38958864100043505,False,1,47,3,1708,ENSG00000155511,GRIA1
GO:BP,GO:1905475,regulation of protein localization to membrane,0.38958864100043505,False,2,47,16,1708,ENSG00000010810 ENSG00000007402,FYN CACNA2D2
GO:BP,GO:0038128,ERBB2 signaling pathway,0.38958864100043505,False,1,47,3,1708,ENSG00000113070,HBEGF
GO:BP,GO:0038096,Fc-gamma receptor signaling pathway involved in phagocytosis,0.38958864100043505,False,1,47,3,1708,ENSG00000010810,FYN
GO:BP,GO:0019751,polyol metabolic process,0.38958864100043505,False,1,47,3,1708,ENSG00000111669,TPI1
GO:BP,GO:0051650,establishment of vesicle localization,0.38958864100043505,False,2,47,17,1708,ENSG00000131558 ENSG00000157823,EXOC4 AP3S2
GO:BP,GO:0032438,melanosome organization,0.38958864100043505,False,1,47,3,1708,ENSG00000157823,AP3S2
GO:BP,GO:0032232,negative regulation of actin filament bundle assembly,0.38958864100043505,False,1,47,3,1708,ENSG00000158106,RHPN1
GO:BP,GO:1905146,lysosomal protein catabolic process,0.38958864100043505,False,1,47,3,1708,ENSG00000103811,CTSH
GO:BP,GO:1990858,cellular response to lectin,0.38958864100043505,False,1,47,3,1708,ENSG00000010810,FYN
GO:CC,GO:0031011,Ino80 complex,0.3914755094892631,False,1,47,2,1708,ENSG00000169592,INO80E
GO:CC,GO:0030666,endocytic vesicle membrane,0.3914755094892631,False,3,47,30,1708,ENSG00000122986 ENSG00000155511 ENSG00000113070,HVCN1 GRIA1 HBEGF
GO:CC,GO:0031906,late endosome lumen,0.3914755094892631,False,1,47,2,1708,ENSG00000103811,CTSH
GO:CC,GO:0097486,multivesicular body lumen,0.3914755094892631,False,1,47,2,1708,ENSG00000103811,CTSH
GO:CC,GO:0097208,alveolar lamellar body,0.3914755094892631,False,1,47,2,1708,ENSG00000103811,CTSH
GO:CC,GO:0035102,PRC1 complex,0.3914755094892631,False,1,47,2,1708,ENSG00000185619,PCGF3
GO:CC,GO:0035748,myelin sheath abaxonal region,0.3914755094892631,False,1,47,2,1708,ENSG00000131558,EXOC4
GO:CC,GO:0042599,lamellar body,0.3914755094892631,False,1,47,2,1708,ENSG00000103811,CTSH
GO:CC,GO:0042734,presynaptic membrane,0.3914755094892631,False,2,47,13,1708,ENSG00000007402 ENSG00000155511,CACNA2D2 GRIA1
GO:CC,GO:0032809,neuronal cell body membrane,0.3914755094892631,False,1,47,2,1708,ENSG00000155511,GRIA1
GO:CC,GO:0120111,neuron projection cytoplasm,0.3914755094892631,False,2,47,12,1708,ENSG00000120903 ENSG00000157823,CHRNA2 AP3S2
GO:CC,GO:0031256,leading edge membrane,0.3914755094892631,False,2,47,14,1708,ENSG00000155511 ENSG00000023902,GRIA1 PLEKHO1
GO:CC,GO:0044298,cell body membrane,0.3914755094892631,False,1,47,2,1708,ENSG00000155511,GRIA1
GO:CC,GO:0043005,neuron projection,0.4006264117699763,False,6,47,104,1708,ENSG00000131558 ENSG00000066084 ENSG00000010810 ENSG00000155511 ENSG00000120903 ENSG00000157823,EXOC4 DIP2B FYN GRIA1 CHRNA2 AP3S2
GO:CC,GO:0043204,perikaryon,0.4006264117699763,False,2,47,15,1708,ENSG00000066084 ENSG00000010810,DIP2B FYN
GO:CC,GO:0043235,receptor complex,0.4006264117699763,False,3,47,33,1708,ENSG00000155511 ENSG00000120903 ENSG00000115085,GRIA1 CHRNA2 ZAP70
GO:CC,GO:0030424,axon,0.4006264117699763,False,4,47,54,1708,ENSG00000131558 ENSG00000066084 ENSG00000155511 ENSG00000157823,EXOC4 DIP2B GRIA1 AP3S2
GO:BP,GO:0002250,adaptive immune response,0.4015703802941961,False,4,47,61,1708,ENSG00000010810 ENSG00000103811 ENSG00000149131 ENSG00000115085,FYN CTSH SERPING1 ZAP70
GO:BP,GO:0003013,circulatory system process,0.4015703802941961,False,3,47,38,1708,ENSG00000010810 ENSG00000149131 ENSG00000113070,FYN SERPING1 HBEGF
GO:BP,GO:0002768,immune response-regulating cell surface receptor signaling pathway,0.4015703802941961,False,3,47,38,1708,ENSG00000010810 ENSG00000124557 ENSG00000115085,FYN BTN1A1 ZAP70
GO:BP,GO:0002764,immune response-regulating signaling pathway,0.4015703802941961,False,4,47,61,1708,ENSG00000010810 ENSG00000103811 ENSG00000124557 ENSG00000115085,FYN CTSH BTN1A1 ZAP70
GO:CC,GO:0032591,dendritic spine membrane,0.40173817298654213,False,1,47,3,1708,ENSG00000155511,GRIA1
GO:CC,GO:0036038,MKS complex,0.40173817298654213,False,1,47,3,1708,ENSG00000168778,TCTN2
GO:CC,GO:0031904,endosome lumen,0.40173817298654213,False,1,47,3,1708,ENSG00000103811,CTSH
GO:CC,GO:0016020,membrane,0.40173817298654213,False,28,47,825,1708,ENSG00000173114 ENSG00000128891 ENSG00000131558 ENSG00000162753 ENSG00000197465 ENSG00000285982 ENSG00000078795 ENSG00000066084 ENSG00000166118 ENSG00000010810 ENSG00000007402 ENSG00000161652 ENSG00000082153 ENSG00000122986 ENSG00000213654 ENSG00000168631 ENSG00000155511 ENSG00000124557 ENSG00000023902 ENSG00000120903 ENSG00000187266 ENSG00000157823 ENSG00000237649 ENSG00000185619 ENSG00000113070 ENSG00000168778 ENSG00000147535 ENSG00000115085,LRRN3 CCDC32 EXOC4 SLC9C2 GYPE ENSG00000285982 PKD2L2 DIP2B SPATA19 FYN CACNA2D2 IZUMO2 BZW1 HVCN1 GPSM3 MUCL3 GRIA1 BTN1A1 PLEKHO1 CHRNA2 EPOR AP3S2 KIFC1 PCGF3 HBEGF TCTN2 PLPP5 ZAP70
GO:CC,GO:0042101,T cell receptor complex,0.40173817298654213,False,1,47,3,1708,ENSG00000115085,ZAP70
GO:CC,GO:0043198,dendritic shaft,0.40173817298654213,False,1,47,3,1708,ENSG00000155511,GRIA1
GO:CC,GO:0043209,myelin sheath,0.40173817298654213,False,1,47,3,1708,ENSG00000131558,EXOC4
GO:CC,GO:0097545,axonemal doublet microtubule,0.40173817298654213,False,1,47,3,1708,ENSG00000178093,TSSK6
GO:CC,GO:0097060,synaptic membrane,0.40173817298654213,False,3,47,36,1708,ENSG00000007402 ENSG00000155511 ENSG00000120903,CACNA2D2 GRIA1 CHRNA2
GO:CC,GO:0000159,protein phosphatase type 2A complex,0.40173817298654213,False,1,47,3,1708,ENSG00000221914,PPP2R2A
GO:CC,GO:0032281,AMPA glutamate receptor complex,0.40173817298654213,False,1,47,3,1708,ENSG00000155511,GRIA1
GO:CC,GO:0160110,axonemal microtubule doublet inner sheath,0.40173817298654213,False,1,47,3,1708,ENSG00000178093,TSSK6
GO:BP,GO:0060541,respiratory system development,0.4029042549247878,False,2,47,18,1708,ENSG00000103811 ENSG00000196182,CTSH STK40
GO:BP,GO:1903320,regulation of protein modification by small protein conjugation or removal,0.4029042549247878,False,2,47,18,1708,ENSG00000010810 ENSG00000141002,FYN TCF25
GO:BP,GO:1901873,regulation of post-translational protein modification,0.4029042549247878,False,2,47,18,1708,ENSG00000010810 ENSG00000141002,FYN TCF25
GO:BP,GO:0001667,ameboidal-type cell migration,0.4029042549247878,False,2,47,18,1708,ENSG00000103811 ENSG00000113070,CTSH HBEGF
GO:MF,GO:0008238,exopeptidase activity,0.40648011803619344,False,1,47,11,1708,ENSG00000103811,CTSH
GO:MF,GO:0044325,transmembrane transporter binding,0.40648011803619344,False,1,47,11,1708,ENSG00000010810,FYN
GO:MF,GO:0016279,protein-lysine N-methyltransferase activity,0.40648011803619344,False,1,47,11,1708,ENSG00000104885,DOT1L
GO:MF,GO:0016278,lysine N-methyltransferase activity,0.40648011803619344,False,1,47,11,1708,ENSG00000104885,DOT1L
GO:MF,GO:0003777,microtubule motor activity,0.40648011803619344,False,1,47,11,1708,ENSG00000237649,KIFC1
GO:MF,GO:0042802,identical protein binding,0.4075171131513205,False,7,47,191,1708,ENSG00000153406 ENSG00000010810 ENSG00000122986 ENSG00000155511 ENSG00000187266 ENSG00000111669 ENSG00000171174,NMRAL1 FYN HVCN1 GRIA1 EPOR TPI1 RBKS
GO:CC,GO:0098797,plasma membrane protein complex,0.4106599936464829,False,4,47,61,1708,ENSG00000007402 ENSG00000155511 ENSG00000120903 ENSG00000115085,CACNA2D2 GRIA1 CHRNA2 ZAP70
GO:BP,GO:0048278,vesicle docking,0.41512602720169994,False,1,47,4,1708,ENSG00000131558,EXOC4
GO:BP,GO:0048013,ephrin receptor signaling pathway,0.41512602720169994,False,1,47,4,1708,ENSG00000010810,FYN
GO:BP,GO:0016567,protein ubiquitination,0.41512602720169994,False,4,47,63,1708,ENSG00000010810 ENSG00000112659 ENSG00000141002 ENSG00000174579,FYN CUL9 TCF25 MSL2
GO:BP,GO:0038094,Fc-gamma receptor signaling pathway,0.41512602720169994,False,1,47,4,1708,ENSG00000010810,FYN
GO:BP,GO:0046839,phospholipid dephosphorylation,0.41512602720169994,False,1,47,4,1708,ENSG00000147535,PLPP5
GO:BP,GO:0001893,maternal placenta development,0.41512602720169994,False,1,47,4,1708,ENSG00000187266,EPOR
GO:BP,GO:0007340,acrosome reaction,0.41512602720169994,False,1,47,4,1708,ENSG00000122986,HVCN1
GO:BP,GO:0007271,"synaptic transmission, cholinergic",0.41512602720169994,False,1,47,4,1708,ENSG00000120903,CHRNA2
GO:BP,GO:0051602,response to electrical stimulus,0.41512602720169994,False,1,47,4,1708,ENSG00000155511,GRIA1
GO:BP,GO:0051648,vesicle localization,0.41512602720169994,False,2,47,19,1708,ENSG00000131558 ENSG00000157823,EXOC4 AP3S2
GO:BP,GO:0060142,regulation of syncytium formation by plasma membrane fusion,0.41512602720169994,False,1,47,4,1708,ENSG00000023902,PLEKHO1
GO:BP,GO:0019722,calcium-mediated signaling,0.41512602720169994,False,2,47,19,1708,ENSG00000155511 ENSG00000115085,GRIA1 ZAP70
GO:BP,GO:0002182,cytoplasmic translational elongation,0.41512602720169994,False,1,47,4,1708,ENSG00000141002,TCF25
GO:BP,GO:0000289,nuclear-transcribed mRNA poly(A) tail shortening,0.41512602720169994,False,1,47,4,1708,ENSG00000100354,TNRC6B
GO:BP,GO:0043412,macromolecule modification,0.41512602720169994,False,9,47,200,1708,ENSG00000066084 ENSG00000010810 ENSG00000112659 ENSG00000141002 ENSG00000174579 ENSG00000221914 ENSG00000178093 ENSG00000196182 ENSG00000115085,DIP2B FYN CUL9 TCF25 MSL2 PPP2R2A TSSK6 STK40 ZAP70
GO:BP,GO:0006091,generation of precursor metabolites and energy,0.41512602720169994,False,3,47,39,1708,ENSG00000111669 ENSG00000196182 ENSG00000171174,TPI1 STK40 RBKS
GO:BP,GO:0046184,aldehyde biosynthetic process,0.41512602720169994,False,1,47,4,1708,ENSG00000111669,TPI1
GO:BP,GO:0002862,negative regulation of inflammatory response to antigenic stimulus,0.41512602720169994,False,1,47,4,1708,ENSG00000010810,FYN
GO:BP,GO:0061615,glycolytic process through fructose-6-phosphate,0.41512602720169994,False,1,47,4,1708,ENSG00000111669,TPI1
GO:BP,GO:0019228,neuronal action potential,0.41512602720169994,False,1,47,4,1708,ENSG00000155511,GRIA1
GO:BP,GO:0051246,regulation of protein metabolic process,0.41512602720169994,False,6,47,116,1708,ENSG00000066084 ENSG00000100354 ENSG00000010810 ENSG00000103811 ENSG00000082153 ENSG00000141002,DIP2B TNRC6B FYN CTSH BZW1 TCF25
GO:BP,GO:0046496,nicotinamide nucleotide metabolic process,0.41512602720169994,False,2,47,20,1708,ENSG00000111669 ENSG00000171174,TPI1 RBKS
GO:BP,GO:0035235,ionotropic glutamate receptor signaling pathway,0.41512602720169994,False,1,47,4,1708,ENSG00000155511,GRIA1
GO:BP,GO:0045061,thymic T cell selection,0.41512602720169994,False,1,47,4,1708,ENSG00000115085,ZAP70
GO:BP,GO:0006897,endocytosis,0.41512602720169994,False,4,47,66,1708,ENSG00000128891 ENSG00000010810 ENSG00000155511 ENSG00000157823,CCDC32 FYN GRIA1 AP3S2
GO:BP,GO:0099633,protein localization to postsynaptic specialization membrane,0.41512602720169994,False,1,47,4,1708,ENSG00000007402,CACNA2D2
GO:BP,GO:2000378,negative regulation of reactive oxygen species metabolic process,0.41512602720169994,False,1,47,4,1708,ENSG00000010810,FYN
GO:BP,GO:0032790,ribosome disassembly,0.41512602720169994,False,1,47,4,1708,ENSG00000141002,TCF25
GO:BP,GO:0071467,cellular response to pH,0.41512602720169994,False,1,47,4,1708,ENSG00000122986,HVCN1
GO:BP,GO:0140719,constitutive heterochromatin formation,0.41512602720169994,False,1,47,4,1708,ENSG00000104885,DOT1L
GO:BP,GO:0006739,NADP+ metabolic process,0.41512602720169994,False,1,47,4,1708,ENSG00000171174,RBKS
GO:BP,GO:0043171,peptide catabolic process,0.41512602720169994,False,1,47,4,1708,ENSG00000103811,CTSH
GO:BP,GO:0006513,protein monoubiquitination,0.41512602720169994,False,1,47,4,1708,ENSG00000174579,MSL2
GO:BP,GO:0006816,calcium ion transport,0.41512602720169994,False,3,47,40,1708,ENSG00000078795 ENSG00000010810 ENSG00000007402,PKD2L2 FYN CACNA2D2
GO:BP,GO:0046633,alpha-beta T cell proliferation,0.41512602720169994,False,1,47,4,1708,ENSG00000115085,ZAP70
GO:BP,GO:0060135,maternal process involved in female pregnancy,0.41512602720169994,False,1,47,4,1708,ENSG00000187266,EPOR
GO:BP,GO:0099645,neurotransmitter receptor localization to postsynaptic specialization membrane,0.41512602720169994,False,1,47,4,1708,ENSG00000007402,CACNA2D2
GO:BP,GO:0006862,nucleotide transport,0.41512602720169994,False,1,47,4,1708,ENSG00000285982,ENSG00000285982
GO:BP,GO:1990089,response to nerve growth factor,0.41512602720169994,False,1,47,4,1708,ENSG00000155511,GRIA1
GO:BP,GO:1990090,cellular response to nerve growth factor stimulus,0.41512602720169994,False,1,47,4,1708,ENSG00000155511,GRIA1
GO:BP,GO:0046641,positive regulation of alpha-beta T cell proliferation,0.41512602720169994,False,1,47,4,1708,ENSG00000115085,ZAP70
GO:BP,GO:0046677,response to antibiotic,0.41512602720169994,False,1,47,4,1708,ENSG00000155511,GRIA1
GO:BP,GO:0046640,regulation of alpha-beta T cell proliferation,0.41512602720169994,False,1,47,4,1708,ENSG00000115085,ZAP70
GO:BP,GO:0048584,positive regulation of response to stimulus,0.41512602720169994,False,10,47,233,1708,ENSG00000169592 ENSG00000010810 ENSG00000103811 ENSG00000213654 ENSG00000155511 ENSG00000035499 ENSG00000124557 ENSG00000149131 ENSG00000113070 ENSG00000115085,INO80E FYN CTSH GPSM3 GRIA1 DEPDC1B BTN1A1 SERPING1 HBEGF ZAP70
GO:BP,GO:0007166,cell surface receptor signaling pathway,0.41512602720169994,False,10,47,231,1708,ENSG00000010810 ENSG00000155511 ENSG00000035499 ENSG00000124557 ENSG00000120903 ENSG00000104885 ENSG00000187266 ENSG00000113070 ENSG00000168778 ENSG00000115085,FYN GRIA1 DEPDC1B BTN1A1 CHRNA2 DOT1L EPOR HBEGF TCTN2 ZAP70
GO:BP,GO:0042220,response to cocaine,0.41512602720169994,False,1,47,4,1708,ENSG00000155511,GRIA1
GO:BP,GO:0060441,epithelial tube branching involved in lung morphogenesis,0.41512602720169994,False,1,47,4,1708,ENSG00000103811,CTSH
GO:BP,GO:1902176,negative regulation of oxidative stress-induced intrinsic apoptotic signaling pathway,0.41512602720169994,False,1,47,4,1708,ENSG00000010810,FYN
GO:BP,GO:0098696,regulation of neurotransmitter receptor localization to postsynaptic specialization membrane,0.41512602720169994,False,1,47,4,1708,ENSG00000007402,CACNA2D2
GO:BP,GO:0090148,membrane fission,0.41512602720169994,False,1,47,4,1708,ENSG00000131558,EXOC4
GO:BP,GO:1901739,regulation of myoblast fusion,0.41512602720169994,False,1,47,4,1708,ENSG00000023902,PLEKHO1
GO:BP,GO:0030517,negative regulation of axon extension,0.41512602720169994,False,1,47,4,1708,ENSG00000066084,DIP2B
GO:BP,GO:0044057,regulation of system process,0.415990096643718,False,3,47,42,1708,ENSG00000155511 ENSG00000120903 ENSG00000113070,GRIA1 CHRNA2 HBEGF
GO:CC,GO:0098590,plasma membrane region,0.4235098349392669,False,6,47,114,1708,ENSG00000007402 ENSG00000122986 ENSG00000155511 ENSG00000023902 ENSG00000120903 ENSG00000168778,CACNA2D2 HVCN1 GRIA1 PLEKHO1 CHRNA2 TCTN2
GO:CC,GO:0043025,neuronal cell body,0.4235098349392669,False,3,47,39,1708,ENSG00000066084 ENSG00000010810 ENSG00000155511,DIP2B FYN GRIA1
GO:MF,GO:0042054,histone methyltransferase activity,0.4287300642131859,False,1,47,12,1708,ENSG00000104885,DOT1L
GO:MF,GO:0004866,endopeptidase inhibitor activity,0.4287300642131859,False,1,47,12,1708,ENSG00000149131,SERPING1
GO:MF,GO:0008083,growth factor activity,0.4287300642131859,False,1,47,12,1708,ENSG00000113070,HBEGF
GO:BP,GO:0034765,regulation of monoatomic ion transmembrane transport,0.42960345050250404,False,2,47,21,1708,ENSG00000010810 ENSG00000155511,FYN GRIA1
GO:BP,GO:0060326,cell chemotaxis,0.42960345050250404,False,2,47,21,1708,ENSG00000213654 ENSG00000113070,GPSM3 HBEGF
GO:BP,GO:0070887,cellular response to chemical stimulus,0.42960345050250404,False,7,47,150,1708,ENSG00000010810 ENSG00000103811 ENSG00000122986 ENSG00000213654 ENSG00000155511 ENSG00000120903 ENSG00000113070,FYN CTSH HVCN1 GPSM3 GRIA1 CHRNA2 HBEGF
GO:BP,GO:0050807,regulation of synapse organization,0.42960345050250404,False,2,47,21,1708,ENSG00000173114 ENSG00000010810,LRRN3 FYN
GO:BP,GO:0072524,pyridine-containing compound metabolic process,0.42960345050250404,False,2,47,21,1708,ENSG00000111669 ENSG00000171174,TPI1 RBKS
GO:BP,GO:0048638,regulation of developmental growth,0.42960345050250404,False,2,47,21,1708,ENSG00000066084 ENSG00000007402,DIP2B CACNA2D2
GO:BP,GO:0031648,protein destabilization,0.4339707658328468,False,1,47,5,1708,ENSG00000103811,CTSH
GO:BP,GO:0031638,zymogen activation,0.4339707658328468,False,1,47,5,1708,ENSG00000103811,CTSH
GO:BP,GO:0099177,regulation of trans-synaptic signaling,0.4339707658328468,False,3,47,46,1708,ENSG00000010810 ENSG00000007402 ENSG00000155511,FYN CACNA2D2 GRIA1
GO:BP,GO:0040014,regulation of multicellular organism growth,0.4339707658328468,False,1,47,5,1708,ENSG00000007402,CACNA2D2
GO:BP,GO:0052547,regulation of peptidase activity,0.4339707658328468,False,1,47,5,1708,ENSG00000103811,CTSH
GO:BP,GO:0042181,ketone biosynthetic process,0.4339707658328468,False,1,47,5,1708,ENSG00000111669,TPI1
GO:BP,GO:0038093,Fc receptor signaling pathway,0.4339707658328468,False,1,47,5,1708,ENSG00000010810,FYN
GO:BP,GO:2000147,positive regulation of cell motility,0.4339707658328468,False,3,47,45,1708,ENSG00000103811 ENSG00000213654 ENSG00000113070,CTSH GPSM3 HBEGF
GO:BP,GO:0018394,peptidyl-lysine acetylation,0.4339707658328468,False,1,47,5,1708,ENSG00000066084,DIP2B
GO:BP,GO:0002253,activation of immune response,0.4339707658328468,False,4,47,69,1708,ENSG00000010810 ENSG00000124557 ENSG00000149131 ENSG00000115085,FYN BTN1A1 SERPING1 ZAP70
GO:BP,GO:0036120,cellular response to platelet-derived growth factor stimulus,0.4339707658328468,False,1,47,5,1708,ENSG00000010810,FYN
GO:BP,GO:0021510,spinal cord development,0.4339707658328468,False,1,47,5,1708,ENSG00000155511,GRIA1
GO:BP,GO:0016043,cellular component organization,0.4339707658328468,False,22,47,647,1708,ENSG00000173114 ENSG00000128891 ENSG00000131558 ENSG00000158106 ENSG00000169592 ENSG00000066084 ENSG00000166118 ENSG00000010810 ENSG00000007402 ENSG00000112659 ENSG00000155511 ENSG00000023902 ENSG00000141002 ENSG00000174579 ENSG00000104885 ENSG00000157823 ENSG00000237649 ENSG00000185619 ENSG00000113070 ENSG00000178093 ENSG00000196182 ENSG00000168778,LRRN3 CCDC32 EXOC4 RHPN1 INO80E DIP2B SPATA19 FYN CACNA2D2 CUL9 GRIA1 PLEKHO1 TCF25 MSL2 DOT1L AP3S2 KIFC1 PCGF3 HBEGF TSSK6 STK40 TCTN2
GO:BP,GO:0051492,regulation of stress fiber assembly,0.4339707658328468,False,1,47,5,1708,ENSG00000158106,RHPN1
GO:BP,GO:0002534,cytokine production involved in inflammatory response,0.4339707658328468,False,1,47,5,1708,ENSG00000213654,GPSM3
GO:BP,GO:1902175,regulation of oxidative stress-induced intrinsic apoptotic signaling pathway,0.4339707658328468,False,1,47,5,1708,ENSG00000010810,FYN
GO:BP,GO:0044319,"wound healing, spreading of cells",0.4339707658328468,False,1,47,5,1708,ENSG00000113070,HBEGF
GO:BP,GO:0050777,negative regulation of immune response,0.4339707658328468,False,2,47,22,1708,ENSG00000010810 ENSG00000149131,FYN SERPING1
GO:BP,GO:0044042,glucan metabolic process,0.4339707658328468,False,1,47,5,1708,ENSG00000196182,STK40
GO:BP,GO:1900015,regulation of cytokine production involved in inflammatory response,0.4339707658328468,False,1,47,5,1708,ENSG00000213654,GPSM3
GO:BP,GO:0045927,positive regulation of growth,0.4339707658328468,False,2,47,22,1708,ENSG00000007402 ENSG00000113070,CACNA2D2 HBEGF
GO:BP,GO:0006468,protein phosphorylation,0.4339707658328468,False,4,47,69,1708,ENSG00000010810 ENSG00000178093 ENSG00000196182 ENSG00000115085,FYN TSSK6 STK40 ZAP70
GO:BP,GO:0071806,protein transmembrane transport,0.4339707658328468,False,1,47,5,1708,ENSG00000131558,EXOC4
GO:BP,GO:0071359,cellular response to dsRNA,0.4339707658328468,False,1,47,5,1708,ENSG00000155511,GRIA1
GO:BP,GO:0140056,organelle localization by membrane tethering,0.4339707658328468,False,1,47,5,1708,ENSG00000131558,EXOC4
GO:BP,GO:0022604,regulation of cell morphogenesis,0.4339707658328468,False,2,47,22,1708,ENSG00000010810 ENSG00000023902,FYN PLEKHO1
GO:BP,GO:0030001,metal ion transport,0.4339707658328468,False,4,47,70,1708,ENSG00000162753 ENSG00000078795 ENSG00000010810 ENSG00000007402,SLC9C2 PKD2L2 FYN CACNA2D2
GO:BP,GO:1902683,regulation of receptor localization to synapse,0.4339707658328468,False,1,47,5,1708,ENSG00000007402,CACNA2D2
GO:BP,GO:0005996,monosaccharide metabolic process,0.4339707658328468,False,2,47,23,1708,ENSG00000111669 ENSG00000171174,TPI1 RBKS
GO:BP,GO:1902473,regulation of protein localization to synapse,0.4339707658328468,False,1,47,5,1708,ENSG00000007402,CACNA2D2
GO:BP,GO:0005977,glycogen metabolic process,0.4339707658328468,False,1,47,5,1708,ENSG00000196182,STK40
GO:BP,GO:0019320,hexose catabolic process,0.4339707658328468,False,1,47,5,1708,ENSG00000111669,TPI1
GO:BP,GO:0030335,positive regulation of cell migration,0.4339707658328468,False,3,47,44,1708,ENSG00000103811 ENSG00000213654 ENSG00000113070,CTSH GPSM3 HBEGF
GO:BP,GO:0048193,Golgi vesicle transport,0.4339707658328468,False,2,47,23,1708,ENSG00000131558 ENSG00000157823,EXOC4 AP3S2
GO:BP,GO:0048286,lung alveolus development,0.4339707658328468,False,1,47,5,1708,ENSG00000196182,STK40
GO:BP,GO:0090505,epiboly involved in wound healing,0.4339707658328468,False,1,47,5,1708,ENSG00000113070,HBEGF
GO:BP,GO:0046620,regulation of organ growth,0.4339707658328468,False,1,47,5,1708,ENSG00000007402,CACNA2D2
GO:BP,GO:0046622,positive regulation of organ growth,0.4339707658328468,False,1,47,5,1708,ENSG00000007402,CACNA2D2
GO:BP,GO:0048640,negative regulation of developmental growth,0.4339707658328468,False,1,47,5,1708,ENSG00000066084,DIP2B
GO:BP,GO:0048266,behavioral response to pain,0.4339707658328468,False,1,47,5,1708,ENSG00000155511,GRIA1
GO:BP,GO:1903036,positive regulation of response to wounding,0.4339707658328468,False,1,47,5,1708,ENSG00000113070,HBEGF
GO:BP,GO:0022406,membrane docking,0.4339707658328468,False,1,47,5,1708,ENSG00000131558,EXOC4
GO:BP,GO:0072132,mesenchyme morphogenesis,0.4339707658328468,False,1,47,5,1708,ENSG00000131558,EXOC4
GO:BP,GO:0050804,modulation of chemical synaptic transmission,0.4339707658328468,False,3,47,46,1708,ENSG00000010810 ENSG00000007402 ENSG00000155511,FYN CACNA2D2 GRIA1
GO:BP,GO:0050803,regulation of synapse structure or activity,0.4339707658328468,False,2,47,22,1708,ENSG00000173114 ENSG00000010810,LRRN3 FYN
GO:BP,GO:0050795,regulation of behavior,0.4339707658328468,False,1,47,5,1708,ENSG00000155511,GRIA1
GO:BP,GO:0090504,epiboly,0.4339707658328468,False,1,47,5,1708,ENSG00000113070,HBEGF
GO:BP,GO:0032446,protein modification by small protein conjugation,0.4339707658328468,False,4,47,70,1708,ENSG00000010810 ENSG00000112659 ENSG00000141002 ENSG00000174579,FYN CUL9 TCF25 MSL2
GO:BP,GO:0006896,Golgi to vacuole transport,0.4339707658328468,False,1,47,5,1708,ENSG00000157823,AP3S2
GO:BP,GO:0006898,receptor-mediated endocytosis,0.4339707658328468,False,2,47,23,1708,ENSG00000128891 ENSG00000155511,CCDC32 GRIA1
GO:CC,GO:0034703,cation channel complex,0.43801026943337745,False,2,47,19,1708,ENSG00000007402 ENSG00000120903,CACNA2D2 CHRNA2
GO:BP,GO:0051656,establishment of organelle localization,0.4407928129986187,False,2,47,25,1708,ENSG00000131558 ENSG00000157823,EXOC4 AP3S2
GO:BP,GO:1903539,protein localization to postsynaptic membrane,0.4407928129986187,False,1,47,6,1708,ENSG00000007402,CACNA2D2
GO:BP,GO:0006612,protein targeting to membrane,0.4407928129986187,False,1,47,6,1708,ENSG00000010810,FYN
GO:BP,GO:1900047,negative regulation of hemostasis,0.4407928129986187,False,1,47,6,1708,ENSG00000149131,SERPING1
GO:BP,GO:1901698,response to nitrogen compound,0.4407928129986187,False,4,47,73,1708,ENSG00000010810 ENSG00000155511 ENSG00000120903 ENSG00000221914,FYN GRIA1 CHRNA2 PPP2R2A
GO:BP,GO:0006112,energy reserve metabolic process,0.4407928129986187,False,1,47,6,1708,ENSG00000196182,STK40
GO:BP,GO:0045995,regulation of embryonic development,0.4407928129986187,False,1,47,6,1708,ENSG00000169592,INO80E
GO:BP,GO:0065007,biological regulation,0.4407928129986187,False,33,47,1056,1708,ENSG00000173114 ENSG00000128891 ENSG00000131558 ENSG00000162753 ENSG00000167074 ENSG00000158106 ENSG00000169592 ENSG00000066084 ENSG00000100354 ENSG00000010810 ENSG00000103811 ENSG00000007402 ENSG00000112659 ENSG00000082153 ENSG00000122986 ENSG00000213654 ENSG00000155511 ENSG00000035499 ENSG00000124557 ENSG00000149131 ENSG00000023902 ENSG00000141002 ENSG00000120903 ENSG00000174579 ENSG00000104885 ENSG00000221914 ENSG00000187266 ENSG00000185619 ENSG00000113070 ENSG00000167157 ENSG00000196182 ENSG00000168778 ENSG00000115085,LRRN3 CCDC32 EXOC4 SLC9C2 TEF RHPN1 INO80E DIP2B TNRC6B FYN CTSH CACNA2D2 CUL9 BZW1 HVCN1 GPSM3 GRIA1 DEPDC1B BTN1A1 SERPING1 PLEKHO1 TCF25 CHRNA2 MSL2 DOT1L PPP2R2A EPOR PCGF3 HBEGF PRRX2 STK40 TCTN2 ZAP70
GO:BP,GO:0062237,protein localization to postsynapse,0.4407928129986187,False,1,47,6,1708,ENSG00000007402,CACNA2D2
GO:BP,GO:0050771,negative regulation of axonogenesis,0.4407928129986187,False,1,47,6,1708,ENSG00000066084,DIP2B
GO:BP,GO:0005975,carbohydrate metabolic process,0.4407928129986187,False,3,47,48,1708,ENSG00000111669 ENSG00000196182 ENSG00000171174,TPI1 STK40 RBKS
GO:BP,GO:1903008,organelle disassembly,0.4407928129986187,False,1,47,6,1708,ENSG00000141002,TCF25
GO:BP,GO:0030101,natural killer cell activation,0.4407928129986187,False,1,47,6,1708,ENSG00000010810,FYN
GO:BP,GO:0106027,neuron projection organization,0.4407928129986187,False,1,47,6,1708,ENSG00000010810,FYN
GO:BP,GO:0050798,activated T cell proliferation,0.4407928129986187,False,1,47,6,1708,ENSG00000010810,FYN
GO:BP,GO:0050789,regulation of biological process,0.4407928129986187,False,32,47,1021,1708,ENSG00000173114 ENSG00000128891 ENSG00000131558 ENSG00000167074 ENSG00000158106 ENSG00000169592 ENSG00000066084 ENSG00000100354 ENSG00000010810 ENSG00000103811 ENSG00000007402 ENSG00000112659 ENSG00000082153 ENSG00000122986 ENSG00000213654 ENSG00000155511 ENSG00000035499 ENSG00000124557 ENSG00000149131 ENSG00000023902 ENSG00000141002 ENSG00000120903 ENSG00000174579 ENSG00000104885 ENSG00000221914 ENSG00000187266 ENSG00000185619 ENSG00000113070 ENSG00000167157 ENSG00000196182 ENSG00000168778 ENSG00000115085,LRRN3 CCDC32 EXOC4 TEF RHPN1 INO80E DIP2B TNRC6B FYN CTSH CACNA2D2 CUL9 BZW1 HVCN1 GPSM3 GRIA1 DEPDC1B BTN1A1 SERPING1 PLEKHO1 TCF25 CHRNA2 MSL2 DOT1L PPP2R2A EPOR PCGF3 HBEGF PRRX2 STK40 TCTN2 ZAP70
GO:BP,GO:0048661,positive regulation of smooth muscle cell proliferation,0.4407928129986187,False,1,47,6,1708,ENSG00000113070,HBEGF
GO:BP,GO:0022603,regulation of anatomical structure morphogenesis,0.4407928129986187,False,4,47,74,1708,ENSG00000066084 ENSG00000010810 ENSG00000103811 ENSG00000023902,DIP2B FYN CTSH PLEKHO1
GO:BP,GO:0007267,cell-cell signaling,0.4407928129986187,False,5,47,104,1708,ENSG00000131558 ENSG00000010810 ENSG00000007402 ENSG00000155511 ENSG00000120903,EXOC4 FYN CACNA2D2 GRIA1 CHRNA2
GO:BP,GO:0030195,negative regulation of blood coagulation,0.4407928129986187,False,1,47,6,1708,ENSG00000149131,SERPING1
GO:BP,GO:0006903,vesicle targeting,0.4407928129986187,False,1,47,6,1708,ENSG00000131558,EXOC4
GO:BP,GO:0098815,modulation of excitatory postsynaptic potential,0.4407928129986187,False,1,47,6,1708,ENSG00000155511,GRIA1
GO:BP,GO:0071840,cellular component organization or biogenesis,0.4407928129986187,False,22,47,658,1708,ENSG00000173114 ENSG00000128891 ENSG00000131558 ENSG00000158106 ENSG00000169592 ENSG00000066084 ENSG00000166118 ENSG00000010810 ENSG00000007402 ENSG00000112659 ENSG00000155511 ENSG00000023902 ENSG00000141002 ENSG00000174579 ENSG00000104885 ENSG00000157823 ENSG00000237649 ENSG00000185619 ENSG00000113070 ENSG00000178093 ENSG00000196182 ENSG00000168778,LRRN3 CCDC32 EXOC4 RHPN1 INO80E DIP2B SPATA19 FYN CACNA2D2 CUL9 GRIA1 PLEKHO1 TCF25 MSL2 DOT1L AP3S2 KIFC1 PCGF3 HBEGF TSSK6 STK40 TCTN2
GO:BP,GO:0048265,response to pain,0.4407928129986187,False,1,47,6,1708,ENSG00000155511,GRIA1
GO:BP,GO:0009268,response to pH,0.4407928129986187,False,1,47,6,1708,ENSG00000122986,HVCN1
GO:BP,GO:0006901,vesicle coating,0.4407928129986187,False,1,47,6,1708,ENSG00000157823,AP3S2
GO:BP,GO:0007528,neuromuscular junction development,0.4407928129986187,False,1,47,6,1708,ENSG00000007402,CACNA2D2
GO:BP,GO:0035195,miRNA-mediated post-transcriptional gene silencing,0.4407928129986187,False,1,47,6,1708,ENSG00000100354,TNRC6B
GO:BP,GO:0035249,"synaptic transmission, glutamatergic",0.4407928129986187,False,1,47,6,1708,ENSG00000155511,GRIA1
GO:BP,GO:0031345,negative regulation of cell projection organization,0.4407928129986187,False,2,47,25,1708,ENSG00000066084 ENSG00000010810,DIP2B FYN
GO:BP,GO:0035194,regulatory ncRNA-mediated post-transcriptional gene silencing,0.4407928129986187,False,1,47,6,1708,ENSG00000100354,TNRC6B
GO:BP,GO:0120039,plasma membrane bounded cell projection morphogenesis,0.4407928129986187,False,3,47,48,1708,ENSG00000066084 ENSG00000010810 ENSG00000023902,DIP2B FYN PLEKHO1
GO:BP,GO:0008089,anterograde axonal transport,0.4407928129986187,False,1,47,6,1708,ENSG00000157823,AP3S2
GO:BP,GO:0032355,response to estradiol,0.4407928129986187,False,1,47,6,1708,ENSG00000155511,GRIA1
GO:BP,GO:2000463,positive regulation of excitatory postsynaptic potential,0.4407928129986187,False,1,47,6,1708,ENSG00000155511,GRIA1
GO:BP,GO:0007274,neuromuscular synaptic transmission,0.4407928129986187,False,1,47,6,1708,ENSG00000120903,CHRNA2
GO:BP,GO:0030900,forebrain development,0.4407928129986187,False,2,47,25,1708,ENSG00000010810 ENSG00000155511,FYN GRIA1
GO:BP,GO:0007616,long-term memory,0.4407928129986187,False,1,47,6,1708,ENSG00000155511,GRIA1
GO:BP,GO:0007420,brain development,0.4407928129986187,False,3,47,48,1708,ENSG00000010810 ENSG00000155511 ENSG00000187266,FYN GRIA1 EPOR
GO:BP,GO:0046685,response to arsenic-containing substance,0.4407928129986187,False,1,47,6,1708,ENSG00000155511,GRIA1
GO:BP,GO:0097061,dendritic spine organization,0.4407928129986187,False,1,47,6,1708,ENSG00000010810,FYN
GO:BP,GO:0007631,feeding behavior,0.4407928129986187,False,1,47,6,1708,ENSG00000010810,FYN
GO:BP,GO:0047496,vesicle transport along microtubule,0.4407928129986187,False,1,47,6,1708,ENSG00000157823,AP3S2
GO:BP,GO:0031294,lymphocyte costimulation,0.4407928129986187,False,1,47,6,1708,ENSG00000010810,FYN
GO:BP,GO:0031295,T cell costimulation,0.4407928129986187,False,1,47,6,1708,ENSG00000010810,FYN
GO:BP,GO:0060292,long-term synaptic depression,0.4407928129986187,False,1,47,6,1708,ENSG00000155511,GRIA1
GO:BP,GO:0014812,muscle cell migration,0.4407928129986187,False,1,47,6,1708,ENSG00000023902,PLEKHO1
GO:BP,GO:0099518,vesicle cytoskeletal trafficking,0.4407928129986187,False,1,47,6,1708,ENSG00000157823,AP3S2
GO:BP,GO:0002532,production of molecular mediator involved in inflammatory response,0.4407928129986187,False,1,47,6,1708,ENSG00000213654,GPSM3
GO:BP,GO:0019226,transmission of nerve impulse,0.4407928129986187,False,1,47,6,1708,ENSG00000155511,GRIA1
GO:BP,GO:0061512,protein localization to cilium,0.4407928129986187,False,1,47,6,1708,ENSG00000168778,TCTN2
GO:BP,GO:0040029,epigenetic regulation of gene expression,0.4407928129986187,False,3,47,49,1708,ENSG00000174579 ENSG00000104885 ENSG00000185619,MSL2 DOT1L PCGF3
GO:BP,GO:0019233,sensory perception of pain,0.4407928129986187,False,1,47,6,1708,ENSG00000010810,FYN
GO:BP,GO:0031399,regulation of protein modification process,0.4407928129986187,False,3,47,49,1708,ENSG00000066084 ENSG00000010810 ENSG00000141002,DIP2B FYN TCF25
GO:BP,GO:0031507,heterochromatin formation,0.4407928129986187,False,2,47,25,1708,ENSG00000104885 ENSG00000185619,DOT1L PCGF3
GO:BP,GO:0031348,negative regulation of defense response,0.4407928129986187,False,2,47,24,1708,ENSG00000010810 ENSG00000149131,FYN SERPING1
GO:BP,GO:1990806,ligand-gated ion channel signaling pathway,0.4407928129986187,False,1,47,6,1708,ENSG00000155511,GRIA1
GO:BP,GO:0010038,response to metal ion,0.4407928129986187,False,2,47,25,1708,ENSG00000122986 ENSG00000155511,HVCN1 GRIA1
GO:BP,GO:0070828,heterochromatin organization,0.4407928129986187,False,2,47,25,1708,ENSG00000104885 ENSG00000185619,DOT1L PCGF3
GO:BP,GO:0070509,calcium ion import,0.4407928129986187,False,1,47,6,1708,ENSG00000010810,FYN
GO:BP,GO:0050819,negative regulation of coagulation,0.4407928129986187,False,1,47,6,1708,ENSG00000149131,SERPING1
GO:BP,GO:0097581,lamellipodium organization,0.4407928129986187,False,1,47,6,1708,ENSG00000023902,PLEKHO1
GO:CC,GO:0071944,cell periphery,0.4446411874791375,False,17,47,481,1708,ENSG00000173114 ENSG00000131558 ENSG00000162753 ENSG00000197465 ENSG00000010810 ENSG00000007402 ENSG00000122986 ENSG00000213654 ENSG00000155511 ENSG00000124557 ENSG00000023902 ENSG00000120903 ENSG00000187266 ENSG00000113070 ENSG00000168778 ENSG00000147535 ENSG00000115085,LRRN3 EXOC4 SLC9C2 GYPE FYN CACNA2D2 HVCN1 GPSM3 GRIA1 BTN1A1 PLEKHO1 CHRNA2 EPOR HBEGF TCTN2 PLPP5 ZAP70
GO:CC,GO:0036464,cytoplasmic ribonucleoprotein granule,0.4446411874791375,False,2,47,25,1708,ENSG00000100354 ENSG00000103811,TNRC6B CTSH
GO:CC,GO:0005769,early endosome,0.4446411874791375,False,3,47,45,1708,ENSG00000155511 ENSG00000157823 ENSG00000237649,GRIA1 AP3S2 KIFC1
GO:CC,GO:0097346,INO80-type complex,0.4446411874791375,False,1,47,6,1708,ENSG00000169592,INO80E
GO:CC,GO:0044297,cell body,0.4446411874791375,False,3,47,48,1708,ENSG00000066084 ENSG00000010810 ENSG00000155511,DIP2B FYN GRIA1
GO:CC,GO:0045202,synapse,0.4446411874791375,False,6,47,133,1708,ENSG00000131558 ENSG00000010810 ENSG00000007402 ENSG00000155511 ENSG00000120903 ENSG00000221914,EXOC4 FYN CACNA2D2 GRIA1 CHRNA2 PPP2R2A
GO:CC,GO:0060170,ciliary membrane,0.4446411874791375,False,1,47,4,1708,ENSG00000168778,TCTN2
GO:CC,GO:0097447,dendritic tree,0.4446411874791375,False,3,47,47,1708,ENSG00000066084 ENSG00000010810 ENSG00000155511,DIP2B FYN GRIA1
GO:CC,GO:0000151,ubiquitin ligase complex,0.4446411874791375,False,2,47,24,1708,ENSG00000112659 ENSG00000185619,CUL9 PCGF3
GO:CC,GO:0000803,sex chromosome,0.4446411874791375,False,1,47,4,1708,ENSG00000185619,PCGF3
GO:CC,GO:0097038,perinuclear endoplasmic reticulum,0.4446411874791375,False,1,47,4,1708,ENSG00000010810,FYN
GO:CC,GO:0045121,membrane raft,0.4446411874791375,False,2,47,24,1708,ENSG00000010810 ENSG00000115085,FYN ZAP70
GO:CC,GO:0099091,"postsynaptic specialization, intracellular component",0.4446411874791375,False,1,47,5,1708,ENSG00000155511,GRIA1
GO:CC,GO:1903293,phosphatase complex,0.4446411874791375,False,1,47,6,1708,ENSG00000221914,PPP2R2A
GO:CC,GO:0005929,cilium,0.4446411874791375,False,4,47,74,1708,ENSG00000166118 ENSG00000122986 ENSG00000178093 ENSG00000168778,SPATA19 HVCN1 TSSK6 TCTN2
GO:CC,GO:0009897,external side of plasma membrane,0.4446411874791375,False,3,47,49,1708,ENSG00000155511 ENSG00000124557 ENSG00000187266,GRIA1 BTN1A1 EPOR
GO:CC,GO:0005886,plasma membrane,0.4446411874791375,False,16,47,445,1708,ENSG00000131558 ENSG00000162753 ENSG00000197465 ENSG00000010810 ENSG00000007402 ENSG00000122986 ENSG00000213654 ENSG00000155511 ENSG00000124557 ENSG00000023902 ENSG00000120903 ENSG00000187266 ENSG00000113070 ENSG00000168778 ENSG00000147535 ENSG00000115085,EXOC4 SLC9C2 GYPE FYN CACNA2D2 HVCN1 GPSM3 GRIA1 BTN1A1 PLEKHO1 CHRNA2 EPOR HBEGF TCTN2 PLPP5 ZAP70
GO:CC,GO:0098857,membrane microdomain,0.4446411874791375,False,2,47,24,1708,ENSG00000010810 ENSG00000115085,FYN ZAP70
GO:CC,GO:0001772,immunological synapse,0.4446411874791375,False,1,47,6,1708,ENSG00000115085,ZAP70
GO:CC,GO:0035579,specific granule membrane,0.4446411874791375,False,1,47,6,1708,ENSG00000122986,HVCN1
GO:CC,GO:0032589,neuron projection membrane,0.4446411874791375,False,1,47,6,1708,ENSG00000155511,GRIA1
GO:CC,GO:0005892,acetylcholine-gated channel complex,0.4446411874791375,False,1,47,4,1708,ENSG00000120903,CHRNA2
GO:CC,GO:0008328,ionotropic glutamate receptor complex,0.4446411874791375,False,1,47,5,1708,ENSG00000155511,GRIA1
GO:CC,GO:0030123,AP-3 adaptor complex,0.4446411874791375,False,1,47,5,1708,ENSG00000157823,AP3S2
GO:CC,GO:0008287,protein serine/threonine phosphatase complex,0.4446411874791375,False,1,47,6,1708,ENSG00000221914,PPP2R2A
GO:CC,GO:0030425,dendrite,0.4446411874791375,False,3,47,47,1708,ENSG00000066084 ENSG00000010810 ENSG00000155511,DIP2B FYN GRIA1
GO:CC,GO:0035869,ciliary transition zone,0.4446411874791375,False,1,47,6,1708,ENSG00000168778,TCTN2
GO:CC,GO:0031093,platelet alpha granule lumen,0.4446411874791375,False,1,47,6,1708,ENSG00000149131,SERPING1
GO:CC,GO:0030139,endocytic vesicle,0.4446411874791375,False,3,47,42,1708,ENSG00000122986 ENSG00000155511 ENSG00000113070,HVCN1 GRIA1 HBEGF
GO:CC,GO:1902562,H4 histone acetyltransferase complex,0.4446411874791375,False,1,47,5,1708,ENSG00000174579,MSL2
GO:CC,GO:0098796,membrane protein complex,0.4446411874791375,False,6,47,129,1708,ENSG00000007402 ENSG00000122986 ENSG00000155511 ENSG00000120903 ENSG00000157823 ENSG00000115085,CACNA2D2 HVCN1 GRIA1 CHRNA2 AP3S2 ZAP70
GO:CC,GO:0097225,sperm midpiece,0.4446411874791375,False,1,47,5,1708,ENSG00000166118,SPATA19
GO:CC,GO:0099092,"postsynaptic density, intracellular component",0.4446411874791375,False,1,47,4,1708,ENSG00000155511,GRIA1
GO:CC,GO:0005771,multivesicular body,0.4446411874791375,False,1,47,6,1708,ENSG00000103811,CTSH
GO:CC,GO:0032590,dendrite membrane,0.4446411874791375,False,1,47,5,1708,ENSG00000155511,GRIA1
GO:BP,GO:0048858,cell projection morphogenesis,0.4450815921879991,False,3,47,50,1708,ENSG00000066084 ENSG00000010810 ENSG00000023902,DIP2B FYN PLEKHO1
GO:BP,GO:0040012,regulation of locomotion,0.4465972227712218,False,4,47,77,1708,ENSG00000103811 ENSG00000213654 ENSG00000155511 ENSG00000113070,CTSH GPSM3 GRIA1 HBEGF
GO:BP,GO:0042692,muscle cell differentiation,0.4465972227712218,False,2,47,26,1708,ENSG00000007402 ENSG00000023902,CACNA2D2 PLEKHO1
GO:BP,GO:0044282,small molecule catabolic process,0.4465972227712218,False,2,47,26,1708,ENSG00000111669 ENSG00000171174,TPI1 RBKS
GO:BP,GO:0034762,regulation of transmembrane transport,0.4465972227712218,False,2,47,26,1708,ENSG00000010810 ENSG00000155511,FYN GRIA1
GO:BP,GO:0051606,detection of stimulus,0.4465972227712218,False,2,47,26,1708,ENSG00000078795 ENSG00000010810,PKD2L2 FYN
GO:BP,GO:0051240,positive regulation of multicellular organismal process,0.4465972227712218,False,7,47,164,1708,ENSG00000173114 ENSG00000010810 ENSG00000103811 ENSG00000007402 ENSG00000213654 ENSG00000155511 ENSG00000115085,LRRN3 FYN CTSH CACNA2D2 GPSM3 GRIA1 ZAP70
GO:BP,GO:0033059,cellular pigmentation,0.4497127697729392,False,1,47,7,1708,ENSG00000157823,AP3S2
GO:BP,GO:0048489,synaptic vesicle transport,0.4497127697729392,False,1,47,7,1708,ENSG00000157823,AP3S2
GO:BP,GO:0006949,syncytium formation,0.4497127697729392,False,1,47,7,1708,ENSG00000023902,PLEKHO1
GO:BP,GO:0110020,regulation of actomyosin structure organization,0.4497127697729392,False,1,47,7,1708,ENSG00000158106,RHPN1
GO:BP,GO:0050794,regulation of cellular process,0.4497127697729392,False,31,47,988,1708,ENSG00000173114 ENSG00000128891 ENSG00000131558 ENSG00000167074 ENSG00000158106 ENSG00000169592 ENSG00000066084 ENSG00000100354 ENSG00000010810 ENSG00000103811 ENSG00000007402 ENSG00000112659 ENSG00000082153 ENSG00000122986 ENSG00000213654 ENSG00000155511 ENSG00000035499 ENSG00000124557 ENSG00000023902 ENSG00000141002 ENSG00000120903 ENSG00000174579 ENSG00000104885 ENSG00000221914 ENSG00000187266 ENSG00000185619 ENSG00000113070 ENSG00000167157 ENSG00000196182 ENSG00000168778 ENSG00000115085,LRRN3 CCDC32 EXOC4 TEF RHPN1 INO80E DIP2B TNRC6B FYN CTSH CACNA2D2 CUL9 BZW1 HVCN1 GPSM3 GRIA1 DEPDC1B BTN1A1 PLEKHO1 TCF25 CHRNA2 MSL2 DOT1L PPP2R2A EPOR PCGF3 HBEGF PRRX2 STK40 TCTN2 ZAP70
GO:BP,GO:0042098,T cell proliferation,0.4497127697729392,False,2,47,27,1708,ENSG00000010810 ENSG00000115085,FYN ZAP70
GO:BP,GO:0061045,negative regulation of wound healing,0.4497127697729392,False,1,47,7,1708,ENSG00000149131,SERPING1
GO:BP,GO:2000026,regulation of multicellular organismal development,0.4497127697729392,False,6,47,136,1708,ENSG00000173114 ENSG00000169592 ENSG00000066084 ENSG00000010810 ENSG00000103811 ENSG00000115085,LRRN3 INO80E DIP2B FYN CTSH ZAP70
GO:BP,GO:0031397,negative regulation of protein ubiquitination,0.4497127697729392,False,1,47,7,1708,ENSG00000010810,FYN
GO:BP,GO:0098930,axonal transport,0.4497127697729392,False,1,47,7,1708,ENSG00000157823,AP3S2
GO:BP,GO:0018193,peptidyl-amino acid modification,0.4497127697729392,False,3,47,53,1708,ENSG00000066084 ENSG00000010810 ENSG00000115085,DIP2B FYN ZAP70
GO:BP,GO:0051965,positive regulation of synapse assembly,0.4497127697729392,False,1,47,7,1708,ENSG00000173114,LRRN3
GO:BP,GO:0001881,receptor recycling,0.4497127697729392,False,1,47,7,1708,ENSG00000155511,GRIA1
GO:BP,GO:0002011,morphogenesis of an epithelial sheet,0.4497127697729392,False,1,47,7,1708,ENSG00000113070,HBEGF
GO:BP,GO:0032231,regulation of actin filament bundle assembly,0.4497127697729392,False,1,47,7,1708,ENSG00000158106,RHPN1
GO:BP,GO:0030193,regulation of blood coagulation,0.4497127697729392,False,1,47,7,1708,ENSG00000149131,SERPING1
GO:BP,GO:0006900,vesicle budding from membrane,0.4497127697729392,False,1,47,7,1708,ENSG00000157823,AP3S2
GO:BP,GO:0007585,respiratory gaseous exchange by respiratory system,0.4497127697729392,False,1,47,7,1708,ENSG00000196182,STK40
GO:BP,GO:0046638,positive regulation of alpha-beta T cell differentiation,0.4497127697729392,False,1,47,7,1708,ENSG00000115085,ZAP70
GO:BP,GO:0071805,potassium ion transmembrane transport,0.4497127697729392,False,1,47,7,1708,ENSG00000162753,SLC9C2
GO:BP,GO:1900046,regulation of hemostasis,0.4497127697729392,False,1,47,7,1708,ENSG00000149131,SERPING1
GO:BP,GO:0006081,aldehyde metabolic process,0.4497127697729392,False,1,47,7,1708,ENSG00000111669,TPI1
GO:BP,GO:0005976,polysaccharide metabolic process,0.4497127697729392,False,1,47,7,1708,ENSG00000196182,STK40
GO:BP,GO:0036119,response to platelet-derived growth factor,0.4497127697729392,False,1,47,7,1708,ENSG00000010810,FYN
GO:BP,GO:0002861,regulation of inflammatory response to antigenic stimulus,0.4497127697729392,False,1,47,7,1708,ENSG00000010810,FYN
GO:BP,GO:0051640,organelle localization,0.4497127697729392,False,3,47,52,1708,ENSG00000131558 ENSG00000157823 ENSG00000237649,EXOC4 AP3S2 KIFC1
GO:BP,GO:0016441,post-transcriptional gene silencing,0.4497127697729392,False,1,47,7,1708,ENSG00000100354,TNRC6B
GO:BP,GO:0000768,syncytium formation by plasma membrane fusion,0.4497127697729392,False,1,47,7,1708,ENSG00000023902,PLEKHO1
GO:BP,GO:0051128,regulation of cellular component organization,0.4497127697729392,False,9,47,227,1708,ENSG00000173114 ENSG00000128891 ENSG00000158106 ENSG00000169592 ENSG00000066084 ENSG00000010810 ENSG00000112659 ENSG00000023902 ENSG00000113070,LRRN3 CCDC32 RHPN1 INO80E DIP2B FYN CUL9 PLEKHO1 HBEGF
GO:BP,GO:0043331,response to dsRNA,0.4497127697729392,False,1,47,7,1708,ENSG00000155511,GRIA1
GO:BP,GO:1904892,regulation of receptor signaling pathway via STAT,0.4497127697729392,False,1,47,7,1708,ENSG00000104885,DOT1L
GO:BP,GO:0140253,cell-cell fusion,0.4497127697729392,False,1,47,7,1708,ENSG00000023902,PLEKHO1
GO:BP,GO:0006518,peptide metabolic process,0.4497127697729392,False,1,47,7,1708,ENSG00000103811,CTSH
GO:BP,GO:0050818,regulation of coagulation,0.4497127697729392,False,1,47,7,1708,ENSG00000149131,SERPING1
GO:BP,GO:0050776,regulation of immune response,0.4497127697729392,False,5,47,107,1708,ENSG00000010810 ENSG00000103811 ENSG00000124557 ENSG00000149131 ENSG00000115085,FYN CTSH BTN1A1 SERPING1 ZAP70
GO:BP,GO:0050850,positive regulation of calcium-mediated signaling,0.4497127697729392,False,1,47,7,1708,ENSG00000115085,ZAP70
GO:BP,GO:0070647,protein modification by small protein conjugation or removal,0.4497127697729392,False,4,47,79,1708,ENSG00000010810 ENSG00000112659 ENSG00000141002 ENSG00000174579,FYN CUL9 TCF25 MSL2
GO:BP,GO:0007565,female pregnancy,0.4497127697729392,False,1,47,7,1708,ENSG00000187266,EPOR
GO:BP,GO:0045454,cell redox homeostasis,0.4497127697729392,False,1,47,7,1708,ENSG00000122986,HVCN1
GO:BP,GO:0072384,organelle transport along microtubule,0.4497127697729392,False,1,47,7,1708,ENSG00000157823,AP3S2
GO:BP,GO:0072583,clathrin-dependent endocytosis,0.4497127697729392,False,1,47,7,1708,ENSG00000128891,CCDC32
GO:BP,GO:0046425,regulation of receptor signaling pathway via JAK-STAT,0.4497127697729392,False,1,47,7,1708,ENSG00000104885,DOT1L
GO:BP,GO:0048583,regulation of response to stimulus,0.4497127697729392,False,13,47,360,1708,ENSG00000169592 ENSG00000010810 ENSG00000103811 ENSG00000213654 ENSG00000155511 ENSG00000035499 ENSG00000124557 ENSG00000149131 ENSG00000120903 ENSG00000104885 ENSG00000113070 ENSG00000196182 ENSG00000115085,INO80E FYN CTSH GPSM3 GRIA1 DEPDC1B BTN1A1 SERPING1 CHRNA2 DOT1L HBEGF STK40 ZAP70
GO:BP,GO:0033619,membrane protein proteolysis,0.4497127697729392,False,1,47,7,1708,ENSG00000103811,CTSH
GO:BP,GO:0048589,developmental growth,0.4497127697729392,False,3,47,53,1708,ENSG00000066084 ENSG00000007402 ENSG00000196182,DIP2B CACNA2D2 STK40
GO:BP,GO:0045862,positive regulation of proteolysis,0.4497127697729392,False,1,47,7,1708,ENSG00000103811,CTSH
GO:BP,GO:0033077,T cell differentiation in thymus,0.4497127697729392,False,1,47,7,1708,ENSG00000115085,ZAP70
GO:BP,GO:0097479,synaptic vesicle localization,0.4497127697729392,False,1,47,7,1708,ENSG00000157823,AP3S2
GO:BP,GO:0007520,myoblast fusion,0.4497127697729392,False,1,47,7,1708,ENSG00000023902,PLEKHO1
GO:BP,GO:0045814,"negative regulation of gene expression, epigenetic",0.4512429781128253,False,2,47,28,1708,ENSG00000104885 ENSG00000185619,DOT1L PCGF3
GO:MF,GO:0030414,peptidase inhibitor activity,0.4515416422422065,False,1,47,13,1708,ENSG00000149131,SERPING1
GO:MF,GO:0046943,carboxylic acid transmembrane transporter activity,0.4515416422422065,False,1,47,13,1708,ENSG00000155511,GRIA1
GO:MF,GO:0019888,protein phosphatase regulator activity,0.4515416422422065,False,1,47,13,1708,ENSG00000221914,PPP2R2A
GO:BP,GO:0043687,post-translational protein modification,0.45423592258501927,False,4,47,81,1708,ENSG00000010810 ENSG00000112659 ENSG00000141002 ENSG00000174579,FYN CUL9 TCF25 MSL2
GO:MF,GO:0016853,isomerase activity,0.4599168771152539,False,2,47,41,1708,ENSG00000237649 ENSG00000111669,KIFC1 TPI1
GO:MF,GO:0008170,N-methyltransferase activity,0.46141090022109843,False,1,47,14,1708,ENSG00000104885,DOT1L
GO:MF,GO:0008276,protein methyltransferase activity,0.46141090022109843,False,1,47,14,1708,ENSG00000104885,DOT1L
GO:MF,GO:0003774,cytoskeletal motor activity,0.46141090022109843,False,1,47,14,1708,ENSG00000237649,KIFC1
GO:MF,GO:0120544,polypeptide conformation or assembly isomerase activity,0.46141090022109843,False,1,47,14,1708,ENSG00000237649,KIFC1
GO:MF,GO:0061135,endopeptidase regulator activity,0.46141090022109843,False,1,47,14,1708,ENSG00000149131,SERPING1
GO:MF,GO:0030295,protein kinase activator activity,0.46141090022109843,False,1,47,14,1708,ENSG00000113070,HBEGF
GO:MF,GO:0019209,kinase activator activity,0.46141090022109843,False,1,47,14,1708,ENSG00000113070,HBEGF
GO:BP,GO:0048729,tissue morphogenesis,0.4617273558121158,False,3,47,54,1708,ENSG00000131558 ENSG00000103811 ENSG00000113070,EXOC4 CTSH HBEGF
GO:MF,GO:0043168,anion binding,0.4620652109049845,False,7,47,204,1708,ENSG00000010810 ENSG00000112659 ENSG00000237649 ENSG00000178093 ENSG00000196182 ENSG00000115085 ENSG00000171174,FYN CUL9 KIFC1 TSSK6 STK40 ZAP70 RBKS
GO:BP,GO:0009628,response to abiotic stimulus,0.46645165174937686,False,4,47,82,1708,ENSG00000078795 ENSG00000010810 ENSG00000122986 ENSG00000155511,PKD2L2 FYN HVCN1 GRIA1
GO:BP,GO:0007409,axonogenesis,0.47274197688951847,False,2,47,29,1708,ENSG00000066084 ENSG00000010810,DIP2B FYN
GO:CC,GO:0060076,excitatory synapse,0.4757093093423863,False,1,47,7,1708,ENSG00000155511,GRIA1
GO:CC,GO:0009986,cell surface,0.4757093093423863,False,4,47,79,1708,ENSG00000155511 ENSG00000124557 ENSG00000187266 ENSG00000113070,GRIA1 BTN1A1 EPOR HBEGF
GO:CC,GO:0005902,microvillus,0.4757093093423863,False,1,47,7,1708,ENSG00000131558,EXOC4
GO:CC,GO:0090543,Flemming body,0.4757093093423863,False,1,47,7,1708,ENSG00000131558,EXOC4
GO:CC,GO:0031594,neuromuscular junction,0.4757093093423863,False,1,47,7,1708,ENSG00000155511,GRIA1
GO:CC,GO:0031519,PcG protein complex,0.4757093093423863,False,1,47,7,1708,ENSG00000185619,PCGF3
GO:CC,GO:0005891,voltage-gated calcium channel complex,0.4757093093423863,False,1,47,7,1708,ENSG00000007402,CACNA2D2
GO:BP,GO:0046637,regulation of alpha-beta T cell differentiation,0.4762318317834877,False,1,47,8,1708,ENSG00000115085,ZAP70
GO:BP,GO:1903321,negative regulation of protein modification by small protein conjugation or removal,0.4762318317834877,False,1,47,8,1708,ENSG00000010810,FYN
GO:BP,GO:0097120,receptor localization to synapse,0.4762318317834877,False,1,47,8,1708,ENSG00000007402,CACNA2D2
GO:BP,GO:0033363,secretory granule organization,0.4762318317834877,False,1,47,8,1708,ENSG00000157823,AP3S2
GO:BP,GO:0035094,response to nicotine,0.4762318317834877,False,1,47,8,1708,ENSG00000120903,CHRNA2
GO:BP,GO:0030038,contractile actin filament bundle assembly,0.4762318317834877,False,1,47,8,1708,ENSG00000158106,RHPN1
GO:BP,GO:0006813,potassium ion transport,0.4762318317834877,False,1,47,8,1708,ENSG00000162753,SLC9C2
GO:BP,GO:0072678,T cell migration,0.4762318317834877,False,1,47,8,1708,ENSG00000115085,ZAP70
GO:BP,GO:0006958,"complement activation, classical pathway",0.4762318317834877,False,1,47,8,1708,ENSG00000149131,SERPING1
GO:BP,GO:0043112,receptor metabolic process,0.4762318317834877,False,1,47,8,1708,ENSG00000155511,GRIA1
GO:BP,GO:0006414,translational elongation,0.4762318317834877,False,1,47,8,1708,ENSG00000141002,TCF25
GO:BP,GO:0044782,cilium organization,0.4762318317834877,False,2,47,30,1708,ENSG00000128891 ENSG00000168778,CCDC32 TCTN2
GO:BP,GO:0043149,stress fiber assembly,0.4762318317834877,False,1,47,8,1708,ENSG00000158106,RHPN1
GO:BP,GO:0061061,muscle structure development,0.4762318317834877,False,3,47,56,1708,ENSG00000007402 ENSG00000023902 ENSG00000113070,CACNA2D2 PLEKHO1 HBEGF
GO:BP,GO:0006473,protein acetylation,0.4762318317834877,False,1,47,8,1708,ENSG00000066084,DIP2B
GO:BP,GO:0050805,negative regulation of synaptic transmission,0.4762318317834877,False,1,47,8,1708,ENSG00000155511,GRIA1
GO:BP,GO:1901890,positive regulation of cell junction assembly,0.4762318317834877,False,1,47,8,1708,ENSG00000173114,LRRN3
GO:BP,GO:0002437,inflammatory response to antigenic stimulus,0.4762318317834877,False,1,47,8,1708,ENSG00000010810,FYN
GO:BP,GO:0043368,positive T cell selection,0.4762318317834877,False,1,47,8,1708,ENSG00000115085,ZAP70
GO:BP,GO:0048010,vascular endothelial growth factor receptor signaling pathway,0.4762318317834877,False,1,47,8,1708,ENSG00000010810,FYN
GO:BP,GO:0001508,action potential,0.4762318317834877,False,1,47,8,1708,ENSG00000155511,GRIA1
GO:BP,GO:0040008,regulation of growth,0.4762318317834877,False,3,47,55,1708,ENSG00000066084 ENSG00000007402 ENSG00000113070,DIP2B CACNA2D2 HBEGF
GO:BP,GO:1901874,negative regulation of post-translational protein modification,0.4762318317834877,False,1,47,8,1708,ENSG00000010810,FYN
GO:BP,GO:0001707,mesoderm formation,0.4762318317834877,False,1,47,8,1708,ENSG00000131558,EXOC4
GO:BP,GO:0008284,positive regulation of cell population proliferation,0.4762318317834877,False,4,47,84,1708,ENSG00000103811 ENSG00000187266 ENSG00000113070 ENSG00000115085,CTSH EPOR HBEGF ZAP70
GO:BP,GO:0000288,"nuclear-transcribed mRNA catabolic process, deadenylation-dependent decay",0.4762318317834877,False,1,47,8,1708,ENSG00000100354,TNRC6B
GO:BP,GO:0048332,mesoderm morphogenesis,0.4762318317834877,False,1,47,8,1708,ENSG00000131558,EXOC4
GO:MF,GO:0030695,GTPase regulator activity,0.481104009003603,False,2,47,44,1708,ENSG00000213654 ENSG00000035499,GPSM3 DEPDC1B
GO:MF,GO:0060589,nucleoside-triphosphatase regulator activity,0.481104009003603,False,2,47,44,1708,ENSG00000213654 ENSG00000035499,GPSM3 DEPDC1B
GO:BP,GO:0040007,growth,0.48131814394136996,False,4,47,85,1708,ENSG00000066084 ENSG00000007402 ENSG00000113070 ENSG00000196182,DIP2B CACNA2D2 HBEGF STK40
GO:CC,GO:1904115,axon cytoplasm,0.48287369230708366,False,1,47,8,1708,ENSG00000157823,AP3S2
GO:CC,GO:0098685,Schaffer collateral - CA1 synapse,0.48287369230708366,False,1,47,8,1708,ENSG00000010810,FYN
GO:CC,GO:0099023,vesicle tethering complex,0.48287369230708366,False,1,47,8,1708,ENSG00000131558,EXOC4
GO:CC,GO:0045211,postsynaptic membrane,0.48287369230708366,False,2,47,29,1708,ENSG00000155511 ENSG00000120903,GRIA1 CHRNA2
GO:CC,GO:0005768,endosome,0.48287369230708366,False,5,47,112,1708,ENSG00000010810 ENSG00000103811 ENSG00000155511 ENSG00000157823 ENSG00000237649,FYN CTSH GRIA1 AP3S2 KIFC1
GO:CC,GO:0033116,endoplasmic reticulum-Golgi intermediate compartment membrane,0.48287369230708366,False,1,47,8,1708,ENSG00000155511,GRIA1
GO:CC,GO:0030662,coated vesicle membrane,0.48287369230708366,False,2,47,29,1708,ENSG00000155511 ENSG00000113070,GRIA1 HBEGF
GO:CC,GO:0032587,ruffle membrane,0.48287369230708366,False,1,47,8,1708,ENSG00000023902,PLEKHO1
GO:CC,GO:0030119,AP-type membrane coat adaptor complex,0.48287369230708366,False,1,47,8,1708,ENSG00000157823,AP3S2
GO:CC,GO:0005905,clathrin-coated pit,0.48287369230708366,False,1,47,8,1708,ENSG00000128891,CCDC32
GO:CC,GO:0098982,GABA-ergic synapse,0.48287369230708366,False,1,47,8,1708,ENSG00000007402,CACNA2D2
GO:BP,GO:0140962,multicellular organismal-level chemical homeostasis,0.48353729411720275,False,1,47,9,1708,ENSG00000103811,CTSH
GO:BP,GO:0035418,protein localization to synapse,0.48353729411720275,False,1,47,9,1708,ENSG00000007402,CACNA2D2
GO:BP,GO:0061387,regulation of extent of cell growth,0.48353729411720275,False,1,47,9,1708,ENSG00000066084,DIP2B
GO:BP,GO:0045058,T cell selection,0.48353729411720275,False,1,47,9,1708,ENSG00000115085,ZAP70
GO:BP,GO:0044703,multi-organism reproductive process,0.48353729411720275,False,1,47,9,1708,ENSG00000187266,EPOR
GO:BP,GO:0019319,hexose biosynthetic process,0.48353729411720275,False,1,47,9,1708,ENSG00000111669,TPI1
GO:BP,GO:0043269,regulation of monoatomic ion transport,0.48353729411720275,False,2,47,31,1708,ENSG00000010810 ENSG00000155511,FYN GRIA1
GO:BP,GO:0030516,regulation of axon extension,0.48353729411720275,False,1,47,9,1708,ENSG00000066084,DIP2B
GO:BP,GO:0034329,cell junction assembly,0.48353729411720275,False,2,47,31,1708,ENSG00000173114 ENSG00000155511,LRRN3 GRIA1
GO:BP,GO:0021987,cerebral cortex development,0.48353729411720275,False,1,47,9,1708,ENSG00000155511,GRIA1
GO:BP,GO:0045765,regulation of angiogenesis,0.48353729411720275,False,2,47,32,1708,ENSG00000010810 ENSG00000103811,FYN CTSH
GO:BP,GO:0070301,cellular response to hydrogen peroxide,0.48353729411720275,False,1,47,9,1708,ENSG00000010810,FYN
GO:BP,GO:0140238,presynaptic endocytosis,0.48353729411720275,False,1,47,9,1708,ENSG00000157823,AP3S2
GO:BP,GO:1901699,cellular response to nitrogen compound,0.48353729411720275,False,3,47,58,1708,ENSG00000010810 ENSG00000155511 ENSG00000120903,FYN GRIA1 CHRNA2
GO:BP,GO:0006338,chromatin remodeling,0.48353729411720275,False,6,47,147,1708,ENSG00000169592 ENSG00000174579 ENSG00000104885 ENSG00000185619 ENSG00000178093 ENSG00000196182,INO80E MSL2 DOT1L PCGF3 TSSK6 STK40
GO:BP,GO:0006417,regulation of translation,0.48353729411720275,False,2,47,31,1708,ENSG00000100354 ENSG00000082153,TNRC6B BZW1
GO:BP,GO:0042060,wound healing,0.48353729411720275,False,2,47,32,1708,ENSG00000149131 ENSG00000113070,SERPING1 HBEGF
GO:BP,GO:0042177,negative regulation of protein catabolic process,0.48353729411720275,False,1,47,9,1708,ENSG00000010810,FYN
GO:BP,GO:0042391,regulation of membrane potential,0.48353729411720275,False,2,47,32,1708,ENSG00000155511 ENSG00000120903,GRIA1 CHRNA2
GO:BP,GO:0043954,cellular component maintenance,0.48353729411720275,False,1,47,9,1708,ENSG00000010810,FYN
GO:BP,GO:0006446,regulation of translational initiation,0.48353729411720275,False,1,47,9,1708,ENSG00000082153,BZW1
GO:BP,GO:0050848,regulation of calcium-mediated signaling,0.48353729411720275,False,1,47,9,1708,ENSG00000115085,ZAP70
GO:BP,GO:0031047,regulatory ncRNA-mediated gene silencing,0.48353729411720275,False,1,47,9,1708,ENSG00000100354,TNRC6B
GO:BP,GO:0036465,synaptic vesicle recycling,0.48353729411720275,False,1,47,9,1708,ENSG00000157823,AP3S2
GO:BP,GO:0002455,humoral immune response mediated by circulating immunoglobulin,0.48353729411720275,False,1,47,9,1708,ENSG00000149131,SERPING1
GO:BP,GO:0060291,long-term synaptic potentiation,0.48353729411720275,False,1,47,9,1708,ENSG00000155511,GRIA1
GO:BP,GO:0006094,gluconeogenesis,0.48353729411720275,False,1,47,9,1708,ENSG00000111669,TPI1
GO:BP,GO:0002757,immune response-activating signaling pathway,0.48353729411720275,False,3,47,57,1708,ENSG00000010810 ENSG00000124557 ENSG00000115085,FYN BTN1A1 ZAP70
GO:BP,GO:0006470,protein dephosphorylation,0.48353729411720275,False,1,47,9,1708,ENSG00000221914,PPP2R2A
GO:BP,GO:0007611,learning or memory,0.48353729411720275,False,2,47,31,1708,ENSG00000010810 ENSG00000155511,FYN GRIA1
GO:BP,GO:0050770,regulation of axonogenesis,0.48353729411720275,False,1,47,9,1708,ENSG00000066084,DIP2B
GO:BP,GO:0007017,microtubule-based process,0.48353729411720275,False,4,47,88,1708,ENSG00000112659 ENSG00000157823 ENSG00000237649 ENSG00000178093,CUL9 AP3S2 KIFC1 TSSK6
GO:BP,GO:0090307,mitotic spindle assembly,0.48353729411720275,False,1,47,9,1708,ENSG00000237649,KIFC1
GO:BP,GO:1905477,positive regulation of protein localization to membrane,0.48353729411720275,False,1,47,9,1708,ENSG00000010810,FYN
GO:BP,GO:0032206,positive regulation of telomere maintenance,0.48353729411720275,False,1,47,9,1708,ENSG00000169592,INO80E
GO:BP,GO:0046635,positive regulation of alpha-beta T cell activation,0.48353729411720275,False,1,47,9,1708,ENSG00000115085,ZAP70
GO:BP,GO:0046651,lymphocyte proliferation,0.48353729411720275,False,2,47,32,1708,ENSG00000010810 ENSG00000115085,FYN ZAP70
GO:BP,GO:0031623,receptor internalization,0.48353729411720275,False,1,47,9,1708,ENSG00000155511,GRIA1
GO:BP,GO:0031503,protein-containing complex localization,0.48353729411720275,False,1,47,9,1708,ENSG00000007402,CACNA2D2
GO:BP,GO:0051668,localization within membrane,0.48353729411720275,False,3,47,59,1708,ENSG00000131558 ENSG00000010810 ENSG00000007402,EXOC4 FYN CACNA2D2
GO:BP,GO:0040011,locomotion,0.48353729411720275,False,4,47,88,1708,ENSG00000103811 ENSG00000213654 ENSG00000155511 ENSG00000113070,CTSH GPSM3 GRIA1 HBEGF
GO:BP,GO:0048518,positive regulation of biological process,0.48353729411720275,False,18,47,544,1708,ENSG00000173114 ENSG00000167074 ENSG00000169592 ENSG00000066084 ENSG00000100354 ENSG00000010810 ENSG00000103811 ENSG00000007402 ENSG00000213654 ENSG00000155511 ENSG00000035499 ENSG00000124557 ENSG00000149131 ENSG00000174579 ENSG00000104885 ENSG00000187266 ENSG00000113070 ENSG00000115085,LRRN3 TEF INO80E DIP2B TNRC6B FYN CTSH CACNA2D2 GPSM3 GRIA1 DEPDC1B BTN1A1 SERPING1 MSL2 DOT1L EPOR HBEGF ZAP70
GO:BP,GO:0140029,exocytic process,0.48353729411720275,False,1,47,9,1708,ENSG00000131558,EXOC4
GO:BP,GO:0032943,mononuclear cell proliferation,0.48353729411720275,False,2,47,32,1708,ENSG00000010810 ENSG00000115085,FYN ZAP70
GO:BP,GO:0048488,synaptic vesicle endocytosis,0.48353729411720275,False,1,47,9,1708,ENSG00000157823,AP3S2
GO:BP,GO:0032102,negative regulation of response to external stimulus,0.48353729411720275,False,2,47,31,1708,ENSG00000010810 ENSG00000149131,FYN SERPING1
GO:BP,GO:0008631,intrinsic apoptotic signaling pathway in response to oxidative stress,0.48353729411720275,False,1,47,9,1708,ENSG00000010810,FYN
GO:BP,GO:0046364,monosaccharide biosynthetic process,0.48353729411720275,False,1,47,9,1708,ENSG00000111669,TPI1
GO:BP,GO:0050793,regulation of developmental process,0.4941901464481518,False,8,47,214,1708,ENSG00000173114 ENSG00000169592 ENSG00000066084 ENSG00000010810 ENSG00000103811 ENSG00000007402 ENSG00000023902 ENSG00000115085,LRRN3 INO80E DIP2B FYN CTSH CACNA2D2 PLEKHO1 ZAP70
GO:BP,GO:0008015,blood circulation,0.4961191990975408,False,2,47,33,1708,ENSG00000149131 ENSG00000113070,SERPING1 HBEGF
GO:BP,GO:1901342,regulation of vasculature development,0.4961191990975408,False,2,47,33,1708,ENSG00000010810 ENSG00000103811,FYN CTSH
GO:MF,GO:0004252,serine-type endopeptidase activity,0.4971156049995309,False,1,47,16,1708,ENSG00000103811,CTSH
GO:MF,GO:0019208,phosphatase regulator activity,0.4971156049995309,False,1,47,16,1708,ENSG00000221914,PPP2R2A
GO:MF,GO:0015081,sodium ion transmembrane transporter activity,0.4971156049995309,False,1,47,16,1708,ENSG00000162753,SLC9C2
GO:MF,GO:0008234,cysteine-type peptidase activity,0.4971156049995309,False,1,47,16,1708,ENSG00000103811,CTSH
GO:BP,GO:0014902,myotube differentiation,0.5030515305674236,False,1,47,10,1708,ENSG00000023902,PLEKHO1
GO:BP,GO:0160307,protein biosynthetic process,0.5030515305674236,False,3,47,62,1708,ENSG00000100354 ENSG00000082153 ENSG00000141002,TNRC6B BZW1 TCF25
GO:BP,GO:0030317,flagellated sperm motility,0.5030515305674236,False,1,47,10,1708,ENSG00000178093,TSSK6
GO:BP,GO:0095500,acetylcholine receptor signaling pathway,0.5030515305674236,False,1,47,10,1708,ENSG00000120903,CHRNA2
GO:BP,GO:1905145,cellular response to acetylcholine,0.5030515305674236,False,1,47,10,1708,ENSG00000120903,CHRNA2
GO:BP,GO:0008088,axo-dendritic transport,0.5030515305674236,False,1,47,10,1708,ENSG00000157823,AP3S2
GO:BP,GO:0008306,associative learning,0.5030515305674236,False,1,47,10,1708,ENSG00000155511,GRIA1
GO:BP,GO:0032526,response to retinoic acid,0.5030515305674236,False,1,47,10,1708,ENSG00000103811,CTSH
GO:BP,GO:0042330,taxis,0.5030515305674236,False,2,47,34,1708,ENSG00000213654 ENSG00000113070,GPSM3 HBEGF
GO:BP,GO:0001764,neuron migration,0.5030515305674236,False,1,47,10,1708,ENSG00000010810,FYN
GO:BP,GO:0098876,vesicle-mediated transport to the plasma membrane,0.5030515305674236,False,1,47,10,1708,ENSG00000131558,EXOC4
GO:BP,GO:0001704,formation of primary germ layer,0.5030515305674236,False,1,47,10,1708,ENSG00000131558,EXOC4
GO:BP,GO:0006412,translation,0.5030515305674236,False,3,47,62,1708,ENSG00000100354 ENSG00000082153 ENSG00000141002,TNRC6B BZW1 TCF25
GO:BP,GO:0043543,protein acylation,0.5030515305674236,False,1,47,10,1708,ENSG00000066084,DIP2B
GO:BP,GO:0001890,placenta development,0.5030515305674236,False,1,47,10,1708,ENSG00000187266,EPOR
GO:BP,GO:0042542,response to hydrogen peroxide,0.5030515305674236,False,1,47,10,1708,ENSG00000010810,FYN
GO:BP,GO:0007080,mitotic metaphase chromosome alignment,0.5030515305674236,False,1,47,10,1708,ENSG00000237649,KIFC1
GO:BP,GO:1903035,negative regulation of response to wounding,0.5030515305674236,False,1,47,10,1708,ENSG00000149131,SERPING1
GO:BP,GO:0050727,regulation of inflammatory response,0.5030515305674236,False,2,47,34,1708,ENSG00000010810 ENSG00000213654,FYN GPSM3
GO:BP,GO:0006935,chemotaxis,0.5030515305674236,False,2,47,34,1708,ENSG00000213654 ENSG00000113070,GPSM3 HBEGF
GO:BP,GO:0051899,membrane depolarization,0.5030515305674236,False,1,47,10,1708,ENSG00000120903,CHRNA2
GO:BP,GO:0097722,sperm motility,0.5030515305674236,False,1,47,10,1708,ENSG00000178093,TSSK6
GO:BP,GO:2001235,positive regulation of apoptotic signaling pathway,0.5030515305674236,False,1,47,10,1708,ENSG00000103811,CTSH
GO:BP,GO:0007259,cell surface receptor signaling pathway via JAK-STAT,0.5030515305674236,False,1,47,10,1708,ENSG00000104885,DOT1L
GO:BP,GO:0050768,negative regulation of neurogenesis,0.5030515305674236,False,1,47,10,1708,ENSG00000066084,DIP2B
GO:BP,GO:0050890,cognition,0.5030515305674236,False,2,47,34,1708,ENSG00000010810 ENSG00000155511,FYN GRIA1
GO:BP,GO:1905144,response to acetylcholine,0.5030515305674236,False,1,47,10,1708,ENSG00000120903,CHRNA2
GO:BP,GO:0044706,multi-multicellular organism process,0.5030515305674236,False,1,47,10,1708,ENSG00000187266,EPOR
GO:BP,GO:0050778,positive regulation of immune response,0.5035300309628167,False,4,47,92,1708,ENSG00000010810 ENSG00000124557 ENSG00000149131 ENSG00000115085,FYN BTN1A1 SERPING1 ZAP70
GO:BP,GO:0002684,positive regulation of immune system process,0.5068026604013105,False,5,47,123,1708,ENSG00000010810 ENSG00000213654 ENSG00000124557 ENSG00000149131 ENSG00000115085,FYN GPSM3 BTN1A1 SERPING1 ZAP70
GO:CC,GO:0031091,platelet alpha granule,0.5083971778508977,False,1,47,9,1708,ENSG00000149131,SERPING1
GO:CC,GO:1904724,tertiary granule lumen,0.5083971778508977,False,1,47,9,1708,ENSG00000103811,CTSH
GO:CC,GO:0034704,calcium channel complex,0.5083971778508977,False,1,47,9,1708,ENSG00000007402,CACNA2D2
GO:CC,GO:0060205,cytoplasmic vesicle lumen,0.5083971778508977,False,2,47,32,1708,ENSG00000103811 ENSG00000149131,CTSH SERPING1
GO:CC,GO:0034774,secretory granule lumen,0.5083971778508977,False,2,47,32,1708,ENSG00000103811 ENSG00000149131,CTSH SERPING1
GO:CC,GO:0031983,vesicle lumen,0.5083971778508977,False,2,47,32,1708,ENSG00000103811 ENSG00000149131,CTSH SERPING1
GO:BP,GO:0015980,energy derivation by oxidation of organic compounds,0.5114863335299746,False,2,47,35,1708,ENSG00000111669 ENSG00000196182,TPI1 STK40
GO:BP,GO:0030003,intracellular monoatomic cation homeostasis,0.5114863335299746,False,2,47,35,1708,ENSG00000162753 ENSG00000122986,SLC9C2 HVCN1
GO:BP,GO:0051960,regulation of nervous system development,0.5114863335299746,False,2,47,35,1708,ENSG00000173114 ENSG00000066084,LRRN3 DIP2B
GO:MF,GO:0017171,serine hydrolase activity,0.511904356793587,False,1,47,17,1708,ENSG00000103811,CTSH
GO:MF,GO:0016829,lyase activity,0.511904356793587,False,1,47,17,1708,ENSG00000111669,TPI1
GO:MF,GO:0008236,serine-type peptidase activity,0.511904356793587,False,1,47,17,1708,ENSG00000103811,CTSH
GO:MF,GO:0000287,magnesium ion binding,0.511904356793587,False,1,47,17,1708,ENSG00000178093,TSSK6
GO:BP,GO:0051345,positive regulation of hydrolase activity,0.5228113978484589,False,1,47,11,1708,ENSG00000103811,CTSH
GO:BP,GO:0097696,cell surface receptor signaling pathway via STAT,0.5228113978484589,False,1,47,11,1708,ENSG00000104885,DOT1L
GO:BP,GO:0072676,lymphocyte migration,0.5228113978484589,False,1,47,11,1708,ENSG00000115085,ZAP70
GO:BP,GO:0048675,axon extension,0.5228113978484589,False,1,47,11,1708,ENSG00000066084,DIP2B
GO:BP,GO:0030258,lipid modification,0.5228113978484589,False,1,47,11,1708,ENSG00000147535,PLPP5
GO:BP,GO:0045824,negative regulation of innate immune response,0.5228113978484589,False,1,47,11,1708,ENSG00000149131,SERPING1
GO:BP,GO:0002690,positive regulation of leukocyte chemotaxis,0.5228113978484589,False,1,47,11,1708,ENSG00000213654,GPSM3
GO:BP,GO:0051961,negative regulation of nervous system development,0.5228113978484589,False,1,47,11,1708,ENSG00000066084,DIP2B
GO:BP,GO:1902414,protein localization to cell junction,0.5228113978484589,False,1,47,11,1708,ENSG00000007402,CACNA2D2
GO:BP,GO:0019538,protein metabolic process,0.5228113978484589,False,12,47,357,1708,ENSG00000066084 ENSG00000100354 ENSG00000010810 ENSG00000103811 ENSG00000112659 ENSG00000082153 ENSG00000141002 ENSG00000174579 ENSG00000221914 ENSG00000178093 ENSG00000196182 ENSG00000115085,DIP2B TNRC6B FYN CTSH CUL9 BZW1 TCF25 MSL2 PPP2R2A TSSK6 STK40 ZAP70
GO:BP,GO:0061564,axon development,0.5228113978484589,False,2,47,36,1708,ENSG00000066084 ENSG00000010810,DIP2B FYN
GO:BP,GO:0043473,pigmentation,0.5228113978484589,False,1,47,11,1708,ENSG00000157823,AP3S2
GO:BP,GO:0006873,intracellular monoatomic ion homeostasis,0.5228113978484589,False,2,47,36,1708,ENSG00000162753 ENSG00000122986,SLC9C2 HVCN1
GO:BP,GO:1900182,positive regulation of protein localization to nucleus,0.5228113978484589,False,1,47,11,1708,ENSG00000010810,FYN
GO:BP,GO:0033555,multicellular organismal response to stress,0.5228113978484589,False,1,47,11,1708,ENSG00000155511,GRIA1
GO:BP,GO:0048660,regulation of smooth muscle cell proliferation,0.5228113978484589,False,1,47,11,1708,ENSG00000113070,HBEGF
GO:BP,GO:2001233,regulation of apoptotic signaling pathway,0.5228113978484589,False,2,47,36,1708,ENSG00000010810 ENSG00000103811,FYN CTSH
GO:BP,GO:0042180,ketone metabolic process,0.5228113978484589,False,1,47,11,1708,ENSG00000111669,TPI1
GO:BP,GO:0120036,plasma membrane bounded cell projection organization,0.5228113978484589,False,5,47,126,1708,ENSG00000128891 ENSG00000066084 ENSG00000010810 ENSG00000023902 ENSG00000168778,CCDC32 DIP2B FYN PLEKHO1 TCTN2
GO:BP,GO:0098926,postsynaptic signal transduction,0.5228113978484589,False,1,47,11,1708,ENSG00000120903,CHRNA2
GO:BP,GO:0002220,innate immune response activating cell surface receptor signaling pathway,0.5228113978484589,False,1,47,11,1708,ENSG00000010810,FYN
GO:BP,GO:0099072,regulation of postsynaptic membrane neurotransmitter receptor levels,0.5228113978484589,False,1,47,11,1708,ENSG00000007402,CACNA2D2
GO:BP,GO:0140014,mitotic nuclear division,0.5255010468089555,False,2,47,38,1708,ENSG00000112659 ENSG00000237649,CUL9 KIFC1
GO:BP,GO:0000281,mitotic cytokinesis,0.5255010468089555,False,1,47,12,1708,ENSG00000131558,EXOC4
GO:BP,GO:0001539,cilium or flagellum-dependent cell motility,0.5255010468089555,False,1,47,12,1708,ENSG00000178093,TSSK6
GO:BP,GO:0007498,mesoderm development,0.5255010468089555,False,1,47,12,1708,ENSG00000131558,EXOC4
GO:BP,GO:0002449,lymphocyte mediated immunity,0.5255010468089555,False,2,47,38,1708,ENSG00000103811 ENSG00000149131,CTSH SERPING1
GO:BP,GO:0002832,negative regulation of response to biotic stimulus,0.5255010468089555,False,1,47,12,1708,ENSG00000149131,SERPING1
GO:BP,GO:0001913,T cell mediated cytotoxicity,0.5255010468089555,False,1,47,12,1708,ENSG00000103811,CTSH
GO:BP,GO:0051963,regulation of synapse assembly,0.5255010468089555,False,1,47,12,1708,ENSG00000173114,LRRN3
GO:BP,GO:0002688,regulation of leukocyte chemotaxis,0.5255010468089555,False,1,47,12,1708,ENSG00000213654,GPSM3
GO:BP,GO:0061157,mRNA destabilization,0.5255010468089555,False,1,47,12,1708,ENSG00000100354,TNRC6B
GO:BP,GO:0019364,pyridine nucleotide catabolic process,0.5255010468089555,False,1,47,12,1708,ENSG00000111669,TPI1
GO:BP,GO:0021543,pallium development,0.5255010468089555,False,1,47,12,1708,ENSG00000155511,GRIA1
GO:BP,GO:0050870,positive regulation of T cell activation,0.5255010468089555,False,2,47,37,1708,ENSG00000010810 ENSG00000115085,FYN ZAP70
GO:BP,GO:1904018,positive regulation of vasculature development,0.5255010468089555,False,1,47,12,1708,ENSG00000103811,CTSH
GO:BP,GO:0051017,actin filament bundle assembly,0.5255010468089555,False,1,47,12,1708,ENSG00000158106,RHPN1
GO:BP,GO:0060285,cilium-dependent cell motility,0.5255010468089555,False,1,47,12,1708,ENSG00000178093,TSSK6
GO:BP,GO:0035725,sodium ion transmembrane transport,0.5255010468089555,False,1,47,12,1708,ENSG00000162753,SLC9C2
GO:BP,GO:0070936,protein K48-linked ubiquitination,0.5255010468089555,False,1,47,12,1708,ENSG00000141002,TCF25
GO:BP,GO:0061014,positive regulation of mRNA catabolic process,0.5255010468089555,False,1,47,12,1708,ENSG00000100354,TNRC6B
GO:BP,GO:0060294,cilium movement involved in cell motility,0.5255010468089555,False,1,47,12,1708,ENSG00000178093,TSSK6
GO:BP,GO:0046031,ADP metabolic process,0.5255010468089555,False,1,47,12,1708,ENSG00000111669,TPI1
GO:BP,GO:0006096,glycolytic process,0.5255010468089555,False,1,47,12,1708,ENSG00000111669,TPI1
GO:BP,GO:0046032,ADP catabolic process,0.5255010468089555,False,1,47,12,1708,ENSG00000111669,TPI1
GO:BP,GO:0045766,positive regulation of angiogenesis,0.5255010468089555,False,1,47,12,1708,ENSG00000103811,CTSH
GO:BP,GO:0009137,purine nucleoside diphosphate catabolic process,0.5255010468089555,False,1,47,12,1708,ENSG00000111669,TPI1
GO:BP,GO:0009135,purine nucleoside diphosphate metabolic process,0.5255010468089555,False,1,47,12,1708,ENSG00000111669,TPI1
GO:BP,GO:0009134,nucleoside diphosphate catabolic process,0.5255010468089555,False,1,47,12,1708,ENSG00000111669,TPI1
GO:BP,GO:0009132,nucleoside diphosphate metabolic process,0.5255010468089555,False,1,47,12,1708,ENSG00000111669,TPI1
GO:BP,GO:0006956,complement activation,0.5255010468089555,False,1,47,12,1708,ENSG00000149131,SERPING1
GO:BP,GO:0009181,purine ribonucleoside diphosphate catabolic process,0.5255010468089555,False,1,47,12,1708,ENSG00000111669,TPI1
GO:BP,GO:0009179,purine ribonucleoside diphosphate metabolic process,0.5255010468089555,False,1,47,12,1708,ENSG00000111669,TPI1
GO:BP,GO:0030030,cell projection organization,0.5255010468089555,False,5,47,128,1708,ENSG00000128891 ENSG00000066084 ENSG00000010810 ENSG00000023902 ENSG00000168778,CCDC32 DIP2B FYN PLEKHO1 TCTN2
GO:BP,GO:0009185,ribonucleoside diphosphate metabolic process,0.5255010468089555,False,1,47,12,1708,ENSG00000111669,TPI1
GO:BP,GO:0070661,leukocyte proliferation,0.5255010468089555,False,2,47,38,1708,ENSG00000010810 ENSG00000115085,FYN ZAP70
GO:BP,GO:0080134,regulation of response to stress,0.5255010468089555,False,5,47,130,1708,ENSG00000169592 ENSG00000010810 ENSG00000213654 ENSG00000149131 ENSG00000113070,INO80E FYN GPSM3 SERPING1 HBEGF
GO:BP,GO:1903039,positive regulation of leukocyte cell-cell adhesion,0.5255010468089555,False,2,47,38,1708,ENSG00000010810 ENSG00000115085,FYN ZAP70
GO:BP,GO:0009191,ribonucleoside diphosphate catabolic process,0.5255010468089555,False,1,47,12,1708,ENSG00000111669,TPI1
GO:BP,GO:0050729,positive regulation of inflammatory response,0.5255010468089555,False,1,47,12,1708,ENSG00000213654,GPSM3
GO:BP,GO:0009743,response to carbohydrate,0.5255010468089555,False,1,47,12,1708,ENSG00000155511,GRIA1
GO:BP,GO:0048639,positive regulation of developmental growth,0.5255010468089555,False,1,47,12,1708,ENSG00000007402,CACNA2D2
GO:BP,GO:0007224,smoothened signaling pathway,0.5255010468089555,False,1,47,12,1708,ENSG00000168778,TCTN2
GO:BP,GO:0032204,regulation of telomere maintenance,0.5255010468089555,False,1,47,12,1708,ENSG00000169592,INO80E
GO:BP,GO:0048659,smooth muscle cell proliferation,0.5255010468089555,False,1,47,12,1708,ENSG00000113070,HBEGF
GO:BP,GO:0046634,regulation of alpha-beta T cell activation,0.5255010468089555,False,1,47,12,1708,ENSG00000115085,ZAP70
GO:BP,GO:2001243,negative regulation of intrinsic apoptotic signaling pathway,0.5255010468089555,False,1,47,12,1708,ENSG00000010810,FYN
GO:BP,GO:0003008,system process,0.5303072075898035,False,6,47,163,1708,ENSG00000010810 ENSG00000155511 ENSG00000149131 ENSG00000120903 ENSG00000113070 ENSG00000196182,FYN GRIA1 SERPING1 CHRNA2 HBEGF STK40
GO:BP,GO:0019222,regulation of metabolic process,0.5323645323170928,False,18,47,573,1708,ENSG00000131558 ENSG00000167074 ENSG00000169592 ENSG00000066084 ENSG00000100354 ENSG00000010810 ENSG00000103811 ENSG00000082153 ENSG00000122986 ENSG00000213654 ENSG00000155511 ENSG00000124557 ENSG00000141002 ENSG00000174579 ENSG00000104885 ENSG00000185619 ENSG00000167157 ENSG00000196182,EXOC4 TEF INO80E DIP2B TNRC6B FYN CTSH BZW1 HVCN1 GPSM3 GRIA1 BTN1A1 TCF25 MSL2 DOT1L PCGF3 PRRX2 STK40
GO:MF,GO:0016791,phosphatase activity,0.5327498941438445,False,1,47,18,1708,ENSG00000147535,PLPP5
GO:BP,GO:0002009,morphogenesis of an epithelium,0.5348167726100866,False,2,47,39,1708,ENSG00000103811 ENSG00000113070,CTSH HBEGF
GO:BP,GO:0009966,regulation of signal transduction,0.5427085822970567,False,9,47,265,1708,ENSG00000010810 ENSG00000103811 ENSG00000155511 ENSG00000035499 ENSG00000120903 ENSG00000104885 ENSG00000113070 ENSG00000196182 ENSG00000115085,FYN CTSH GRIA1 DEPDC1B CHRNA2 DOT1L HBEGF STK40 ZAP70
GO:BP,GO:0006325,chromatin organization,0.5427085822970567,False,6,47,165,1708,ENSG00000169592 ENSG00000174579 ENSG00000104885 ENSG00000185619 ENSG00000178093 ENSG00000196182,INO80E MSL2 DOT1L PCGF3 TSSK6 STK40
GO:BP,GO:0061572,actin filament bundle organization,0.5427085822970567,False,1,47,13,1708,ENSG00000158106,RHPN1
GO:BP,GO:0010646,regulation of cell communication,0.5427085822970567,False,10,47,299,1708,ENSG00000010810 ENSG00000103811 ENSG00000007402 ENSG00000155511 ENSG00000035499 ENSG00000120903 ENSG00000104885 ENSG00000113070 ENSG00000196182 ENSG00000115085,FYN CTSH CACNA2D2 GRIA1 DEPDC1B CHRNA2 DOT1L HBEGF STK40 ZAP70
GO:BP,GO:0042102,positive regulation of T cell proliferation,0.5427085822970567,False,1,47,13,1708,ENSG00000115085,ZAP70
GO:BP,GO:0002460,adaptive immune response based on somatic recombination of immune receptors built from immunoglobulin superfamily domains,0.5427085822970567,False,2,47,40,1708,ENSG00000103811 ENSG00000149131,CTSH SERPING1
GO:BP,GO:0050779,RNA destabilization,0.5427085822970567,False,1,47,13,1708,ENSG00000100354,TNRC6B
GO:BP,GO:0035265,organ growth,0.5427085822970567,False,1,47,13,1708,ENSG00000007402,CACNA2D2
GO:BP,GO:0050806,positive regulation of synaptic transmission,0.5427085822970567,False,1,47,13,1708,ENSG00000155511,GRIA1
GO:BP,GO:0051251,positive regulation of lymphocyte activation,0.5427085822970567,False,2,47,40,1708,ENSG00000010810 ENSG00000115085,FYN ZAP70
GO:BP,GO:0002682,regulation of immune system process,0.5427085822970567,False,6,47,165,1708,ENSG00000010810 ENSG00000103811 ENSG00000213654 ENSG00000124557 ENSG00000149131 ENSG00000115085,FYN CTSH GPSM3 BTN1A1 SERPING1 ZAP70
GO:BP,GO:0015748,organophosphate ester transport,0.5427085822970567,False,1,47,13,1708,ENSG00000285982,ENSG00000285982
GO:BP,GO:0032946,positive regulation of mononuclear cell proliferation,0.5427085822970567,False,1,47,13,1708,ENSG00000115085,ZAP70
GO:BP,GO:0007369,gastrulation,0.5427085822970567,False,1,47,13,1708,ENSG00000131558,EXOC4
GO:BP,GO:0007417,central nervous system development,0.5427085822970567,False,3,47,70,1708,ENSG00000010810 ENSG00000155511 ENSG00000187266,FYN GRIA1 EPOR
GO:BP,GO:0046632,alpha-beta T cell differentiation,0.5427085822970567,False,1,47,13,1708,ENSG00000115085,ZAP70
GO:BP,GO:0048667,cell morphogenesis involved in neuron differentiation,0.5427085822970567,False,2,47,40,1708,ENSG00000066084 ENSG00000010810,DIP2B FYN
GO:BP,GO:0072657,protein localization to membrane,0.5427085822970567,False,2,47,40,1708,ENSG00000010810 ENSG00000007402,FYN CACNA2D2
GO:BP,GO:0034614,cellular response to reactive oxygen species,0.5427085822970567,False,1,47,13,1708,ENSG00000010810,FYN
GO:BP,GO:0050671,positive regulation of lymphocyte proliferation,0.5427085822970567,False,1,47,13,1708,ENSG00000115085,ZAP70
GO:BP,GO:0072526,pyridine-containing compound catabolic process,0.5427085822970567,False,1,47,13,1708,ENSG00000111669,TPI1
GO:CC,GO:0043197,dendritic spine,0.5434742531984867,False,1,47,10,1708,ENSG00000155511,GRIA1
GO:CC,GO:0005871,kinesin complex,0.5434742531984867,False,1,47,10,1708,ENSG00000237649,KIFC1
GO:CC,GO:0000152,nuclear ubiquitin ligase complex,0.5434742531984867,False,1,47,10,1708,ENSG00000185619,PCGF3
GO:BP,GO:0023051,regulation of signaling,0.5461784500155995,False,10,47,301,1708,ENSG00000010810 ENSG00000103811 ENSG00000007402 ENSG00000155511 ENSG00000035499 ENSG00000120903 ENSG00000104885 ENSG00000113070 ENSG00000196182 ENSG00000115085,FYN CTSH CACNA2D2 GRIA1 DEPDC1B CHRNA2 DOT1L HBEGF STK40 ZAP70
GO:BP,GO:0030334,regulation of cell migration,0.5500327236192313,False,3,47,71,1708,ENSG00000103811 ENSG00000213654 ENSG00000113070,CTSH GPSM3 HBEGF
GO:BP,GO:0006275,regulation of DNA replication,0.550250874537134,False,1,47,14,1708,ENSG00000169592,INO80E
GO:BP,GO:1904375,regulation of protein localization to cell periphery,0.550250874537134,False,1,47,14,1708,ENSG00000007402,CACNA2D2
GO:BP,GO:0043066,negative regulation of apoptotic process,0.550250874537134,False,3,47,72,1708,ENSG00000010810 ENSG00000103811 ENSG00000196182,FYN CTSH STK40
GO:BP,GO:0060341,regulation of cellular localization,0.550250874537134,False,2,47,41,1708,ENSG00000010810 ENSG00000007402,FYN CACNA2D2
GO:BP,GO:0051094,positive regulation of developmental process,0.550250874537134,False,4,47,104,1708,ENSG00000173114 ENSG00000103811 ENSG00000007402 ENSG00000115085,LRRN3 CTSH CACNA2D2 ZAP70
GO:BP,GO:0016192,vesicle-mediated transport,0.550250874537134,False,5,47,137,1708,ENSG00000128891 ENSG00000131558 ENSG00000010810 ENSG00000155511 ENSG00000157823,CCDC32 EXOC4 FYN GRIA1 AP3S2
GO:BP,GO:0000956,nuclear-transcribed mRNA catabolic process,0.550250874537134,False,1,47,14,1708,ENSG00000100354,TNRC6B
GO:BP,GO:0007411,axon guidance,0.550250874537134,False,1,47,14,1708,ENSG00000010810,FYN
GO:BP,GO:0008016,regulation of heart contraction,0.550250874537134,False,1,47,14,1708,ENSG00000113070,HBEGF
GO:BP,GO:0099175,regulation of postsynapse organization,0.550250874537134,False,1,47,14,1708,ENSG00000010810,FYN
GO:BP,GO:0031570,DNA integrity checkpoint signaling,0.550250874537134,False,1,47,14,1708,ENSG00000104885,DOT1L
GO:BP,GO:0050867,positive regulation of cell activation,0.550250874537134,False,2,47,41,1708,ENSG00000010810 ENSG00000115085,FYN ZAP70
GO:BP,GO:0006413,translational initiation,0.550250874537134,False,1,47,14,1708,ENSG00000082153,BZW1
GO:BP,GO:0006006,glucose metabolic process,0.550250874537134,False,1,47,14,1708,ENSG00000111669,TPI1
GO:BP,GO:0006090,pyruvate metabolic process,0.550250874537134,False,1,47,14,1708,ENSG00000111669,TPI1
GO:BP,GO:2001252,positive regulation of chromosome organization,0.550250874537134,False,1,47,14,1708,ENSG00000169592,INO80E
GO:BP,GO:0055001,muscle cell development,0.550250874537134,False,1,47,14,1708,ENSG00000007402,CACNA2D2
GO:BP,GO:0050954,sensory perception of mechanical stimulus,0.550250874537134,False,1,47,14,1708,ENSG00000010810,FYN
GO:BP,GO:0010970,transport along microtubule,0.550250874537134,False,1,47,14,1708,ENSG00000157823,AP3S2
GO:BP,GO:0002696,positive regulation of leukocyte activation,0.550250874537134,False,2,47,41,1708,ENSG00000010810 ENSG00000115085,FYN ZAP70
GO:BP,GO:0000077,DNA damage checkpoint signaling,0.550250874537134,False,1,47,14,1708,ENSG00000104885,DOT1L
GO:BP,GO:0006605,protein targeting,0.550250874537134,False,1,47,14,1708,ENSG00000010810,FYN
GO:BP,GO:0097485,neuron projection guidance,0.550250874537134,False,1,47,14,1708,ENSG00000010810,FYN
GO:BP,GO:0048754,branching morphogenesis of an epithelial tube,0.550250874537134,False,1,47,14,1708,ENSG00000103811,CTSH
GO:BP,GO:1903169,regulation of calcium ion transmembrane transport,0.550250874537134,False,1,47,14,1708,ENSG00000010810,FYN
GO:BP,GO:0030162,regulation of proteolysis,0.550250874537134,False,1,47,14,1708,ENSG00000103811,CTSH
GO:BP,GO:0022409,positive regulation of cell-cell adhesion,0.550250874537134,False,2,47,42,1708,ENSG00000010810 ENSG00000115085,FYN ZAP70
GO:BP,GO:0007049,cell cycle,0.550250874537134,False,6,47,169,1708,ENSG00000131558 ENSG00000169592 ENSG00000112659 ENSG00000104885 ENSG00000221914 ENSG00000237649,EXOC4 INO80E CUL9 DOT1L PPP2R2A KIFC1
GO:BP,GO:0048813,dendrite morphogenesis,0.550250874537134,False,1,47,14,1708,ENSG00000010810,FYN
GO:BP,GO:0048259,regulation of receptor-mediated endocytosis,0.550250874537134,False,1,47,14,1708,ENSG00000128891,CCDC32
GO:BP,GO:1903313,positive regulation of mRNA metabolic process,0.550250874537134,False,1,47,14,1708,ENSG00000100354,TNRC6B
GO:BP,GO:0032200,telomere organization,0.550250874537134,False,2,47,42,1708,ENSG00000169592 ENSG00000104885,INO80E DOT1L
GO:BP,GO:2001242,regulation of intrinsic apoptotic signaling pathway,0.560701892194882,False,1,47,15,1708,ENSG00000010810,FYN
GO:BP,GO:2000145,regulation of cell motility,0.560701892194882,False,3,47,74,1708,ENSG00000103811 ENSG00000213654 ENSG00000113070,CTSH GPSM3 HBEGF
GO:BP,GO:1900180,regulation of protein localization to nucleus,0.560701892194882,False,1,47,15,1708,ENSG00000010810,FYN
GO:BP,GO:0030595,leukocyte chemotaxis,0.560701892194882,False,1,47,15,1708,ENSG00000213654,GPSM3
GO:BP,GO:0071248,cellular response to metal ion,0.560701892194882,False,1,47,15,1708,ENSG00000122986,HVCN1
GO:BP,GO:0070665,positive regulation of leukocyte proliferation,0.560701892194882,False,1,47,15,1708,ENSG00000115085,ZAP70
GO:BP,GO:0030705,cytoskeleton-dependent intracellular transport,0.560701892194882,False,1,47,15,1708,ENSG00000157823,AP3S2
GO:BP,GO:0022402,cell cycle process,0.560701892194882,False,5,47,140,1708,ENSG00000131558 ENSG00000112659 ENSG00000104885 ENSG00000221914 ENSG00000237649,EXOC4 CUL9 DOT1L PPP2R2A KIFC1
GO:BP,GO:0002683,negative regulation of immune system process,0.560701892194882,False,2,47,44,1708,ENSG00000010810 ENSG00000149131,FYN SERPING1
GO:BP,GO:0050921,positive regulation of chemotaxis,0.560701892194882,False,1,47,15,1708,ENSG00000213654,GPSM3
GO:BP,GO:0003341,cilium movement,0.560701892194882,False,1,47,15,1708,ENSG00000178093,TSSK6
GO:BP,GO:0002443,leukocyte mediated immunity,0.560701892194882,False,2,47,44,1708,ENSG00000103811 ENSG00000149131,CTSH SERPING1
GO:BP,GO:0030177,positive regulation of Wnt signaling pathway,0.560701892194882,False,1,47,15,1708,ENSG00000035499,DEPDC1B
GO:BP,GO:0002181,cytoplasmic translation,0.560701892194882,False,1,47,15,1708,ENSG00000141002,TCF25
GO:BP,GO:0030307,positive regulation of cell growth,0.560701892194882,False,1,47,15,1708,ENSG00000113070,HBEGF
GO:BP,GO:0001558,regulation of cell growth,0.560701892194882,False,2,47,43,1708,ENSG00000066084 ENSG00000113070,DIP2B HBEGF
GO:BP,GO:0007052,mitotic spindle organization,0.560701892194882,False,1,47,15,1708,ENSG00000237649,KIFC1
GO:BP,GO:0042221,response to chemical,0.560701892194882,False,9,47,273,1708,ENSG00000010810 ENSG00000103811 ENSG00000122986 ENSG00000213654 ENSG00000155511 ENSG00000120903 ENSG00000221914 ENSG00000187266 ENSG00000113070,FYN CTSH HVCN1 GPSM3 GRIA1 CHRNA2 PPP2R2A EPOR HBEGF
GO:BP,GO:0048511,rhythmic process,0.560701892194882,False,1,47,15,1708,ENSG00000167074,TEF
GO:BP,GO:0007338,single fertilization,0.560701892194882,False,1,47,15,1708,ENSG00000122986,HVCN1
GO:BP,GO:0007173,epidermal growth factor receptor signaling pathway,0.560701892194882,False,1,47,15,1708,ENSG00000113070,HBEGF
GO:BP,GO:0007626,locomotory behavior,0.560701892194882,False,1,47,15,1708,ENSG00000155511,GRIA1
GO:BP,GO:0008361,regulation of cell size,0.560701892194882,False,1,47,15,1708,ENSG00000066084,DIP2B
GO:BP,GO:0009154,purine ribonucleotide catabolic process,0.560701892194882,False,1,47,15,1708,ENSG00000111669,TPI1
GO:BP,GO:0017148,negative regulation of translation,0.560701892194882,False,1,47,15,1708,ENSG00000100354,TNRC6B
GO:BP,GO:0048646,anatomical structure formation involved in morphogenesis,0.560701892194882,False,4,47,106,1708,ENSG00000131558 ENSG00000010810 ENSG00000103811 ENSG00000023902,EXOC4 FYN CTSH PLEKHO1
GO:BP,GO:0048856,anatomical structure development,0.560701892194882,False,15,47,483,1708,ENSG00000173114 ENSG00000128891 ENSG00000131558 ENSG00000169592 ENSG00000066084 ENSG00000010810 ENSG00000103811 ENSG00000007402 ENSG00000155511 ENSG00000023902 ENSG00000187266 ENSG00000113070 ENSG00000178093 ENSG00000196182 ENSG00000115085,LRRN3 CCDC32 EXOC4 INO80E DIP2B FYN CTSH CACNA2D2 GRIA1 PLEKHO1 EPOR HBEGF TSSK6 STK40 ZAP70
GO:BP,GO:0006163,purine nucleotide metabolic process,0.560701892194882,False,2,47,43,1708,ENSG00000111669 ENSG00000171174,TPI1 RBKS
GO:CC,GO:0005793,endoplasmic reticulum-Golgi intermediate compartment,0.5662774186502788,False,1,47,11,1708,ENSG00000155511,GRIA1
GO:CC,GO:0031248,protein acetyltransferase complex,0.5662774186502788,False,1,47,11,1708,ENSG00000174579,MSL2
GO:CC,GO:0044309,neuron spine,0.5662774186502788,False,1,47,11,1708,ENSG00000155511,GRIA1
GO:CC,GO:1902493,acetyltransferase complex,0.5662774186502788,False,1,47,11,1708,ENSG00000174579,MSL2
GO:CC,GO:0000123,histone acetyltransferase complex,0.5662774186502788,False,1,47,11,1708,ENSG00000174579,MSL2
GO:BP,GO:0043069,negative regulation of programmed cell death,0.5690091156980593,False,3,47,76,1708,ENSG00000010810 ENSG00000103811 ENSG00000196182,FYN CTSH STK40
GO:BP,GO:0050728,negative regulation of inflammatory response,0.5709689788456567,False,1,47,16,1708,ENSG00000010810,FYN
GO:BP,GO:0006195,purine nucleotide catabolic process,0.5709689788456567,False,1,47,16,1708,ENSG00000111669,TPI1
GO:BP,GO:0055082,intracellular chemical homeostasis,0.5709689788456567,False,2,47,45,1708,ENSG00000162753 ENSG00000122986,SLC9C2 HVCN1
GO:BP,GO:0003006,developmental process involved in reproduction,0.5709689788456567,False,3,47,77,1708,ENSG00000166118 ENSG00000187266 ENSG00000178093,SPATA19 EPOR TSSK6
GO:BP,GO:0050863,regulation of T cell activation,0.5709689788456567,False,2,47,45,1708,ENSG00000010810 ENSG00000115085,FYN ZAP70
GO:BP,GO:0038127,ERBB signaling pathway,0.5709689788456567,False,1,47,16,1708,ENSG00000113070,HBEGF
GO:BP,GO:0009261,ribonucleotide catabolic process,0.5709689788456567,False,1,47,16,1708,ENSG00000111669,TPI1
GO:BP,GO:0010604,positive regulation of macromolecule metabolic process,0.5709689788456567,False,9,47,279,1708,ENSG00000167074 ENSG00000169592 ENSG00000066084 ENSG00000100354 ENSG00000103811 ENSG00000213654 ENSG00000155511 ENSG00000174579 ENSG00000104885,TEF INO80E DIP2B TNRC6B CTSH GPSM3 GRIA1 MSL2 DOT1L
GO:BP,GO:0009889,regulation of biosynthetic process,0.5709689788456567,False,15,47,488,1708,ENSG00000167074 ENSG00000169592 ENSG00000100354 ENSG00000010810 ENSG00000103811 ENSG00000082153 ENSG00000122986 ENSG00000213654 ENSG00000155511 ENSG00000124557 ENSG00000174579 ENSG00000104885 ENSG00000185619 ENSG00000167157 ENSG00000196182,TEF INO80E TNRC6B FYN CTSH BZW1 HVCN1 GPSM3 GRIA1 BTN1A1 MSL2 DOT1L PCGF3 PRRX2 STK40
GO:BP,GO:0009611,response to wounding,0.5709689788456567,False,2,47,45,1708,ENSG00000149131 ENSG00000113070,SERPING1 HBEGF
GO:BP,GO:0048812,neuron projection morphogenesis,0.5709689788456567,False,2,47,45,1708,ENSG00000066084 ENSG00000010810,DIP2B FYN
GO:BP,GO:0009117,nucleotide metabolic process,0.5709689788456567,False,2,47,45,1708,ENSG00000111669 ENSG00000171174,TPI1 RBKS
GO:BP,GO:0010975,regulation of neuron projection development,0.5709689788456567,False,2,47,45,1708,ENSG00000066084 ENSG00000010810,DIP2B FYN
GO:BP,GO:0048167,regulation of synaptic plasticity,0.5709689788456567,False,1,47,16,1708,ENSG00000155511,GRIA1
GO:BP,GO:0006955,immune response,0.5709689788456567,False,6,47,177,1708,ENSG00000010810 ENSG00000103811 ENSG00000122986 ENSG00000124557 ENSG00000149131 ENSG00000115085,FYN CTSH HVCN1 BTN1A1 SERPING1 ZAP70
GO:BP,GO:0060047,heart contraction,0.5709689788456567,False,1,47,16,1708,ENSG00000113070,HBEGF
GO:BP,GO:1903037,regulation of leukocyte cell-cell adhesion,0.5709689788456567,False,2,47,45,1708,ENSG00000010810 ENSG00000115085,FYN ZAP70
GO:BP,GO:0033002,muscle cell proliferation,0.5709689788456567,False,1,47,16,1708,ENSG00000113070,HBEGF
GO:BP,GO:1901888,regulation of cell junction assembly,0.5709689788456567,False,1,47,16,1708,ENSG00000173114,LRRN3
GO:BP,GO:1903522,regulation of blood circulation,0.5709689788456567,False,1,47,16,1708,ENSG00000113070,HBEGF
GO:BP,GO:0002698,negative regulation of immune effector process,0.5709689788456567,False,1,47,16,1708,ENSG00000149131,SERPING1
GO:BP,GO:0051129,negative regulation of cellular component organization,0.5709689788456567,False,3,47,77,1708,ENSG00000158106 ENSG00000066084 ENSG00000010810,RHPN1 DIP2B FYN
GO:BP,GO:0061640,cytoskeleton-dependent cytokinesis,0.5709689788456567,False,1,47,16,1708,ENSG00000131558,EXOC4
GO:BP,GO:0031347,regulation of defense response,0.5709689788456567,False,3,47,77,1708,ENSG00000010810 ENSG00000213654 ENSG00000149131,FYN GPSM3 SERPING1
GO:BP,GO:0032502,developmental process,0.5709689788456567,False,16,47,523,1708,ENSG00000173114 ENSG00000128891 ENSG00000131558 ENSG00000169592 ENSG00000066084 ENSG00000166118 ENSG00000010810 ENSG00000103811 ENSG00000007402 ENSG00000155511 ENSG00000023902 ENSG00000187266 ENSG00000113070 ENSG00000178093 ENSG00000196182 ENSG00000115085,LRRN3 CCDC32 EXOC4 INO80E DIP2B SPATA19 FYN CTSH CACNA2D2 GRIA1 PLEKHO1 EPOR HBEGF TSSK6 STK40 ZAP70
GO:BP,GO:0055080,monoatomic cation homeostasis,0.572133812273788,False,2,47,46,1708,ENSG00000162753 ENSG00000122986,SLC9C2 HVCN1
GO:BP,GO:0050801,monoatomic ion homeostasis,0.572133812273788,False,2,47,46,1708,ENSG00000162753 ENSG00000122986,SLC9C2 HVCN1
GO:BP,GO:0007169,cell surface receptor protein tyrosine kinase signaling pathway,0.572133812273788,False,2,47,46,1708,ENSG00000010810 ENSG00000113070,FYN HBEGF
GO:BP,GO:0051225,spindle assembly,0.5769091081845918,False,1,47,17,1708,ENSG00000237649,KIFC1
GO:BP,GO:0051494,negative regulation of cytoskeleton organization,0.5769091081845918,False,1,47,17,1708,ENSG00000158106,RHPN1
GO:BP,GO:1990138,neuron projection extension,0.5769091081845918,False,1,47,17,1708,ENSG00000066084,DIP2B
GO:BP,GO:0016064,immunoglobulin mediated immune response,0.5769091081845918,False,1,47,17,1708,ENSG00000149131,SERPING1
GO:BP,GO:0016485,protein processing,0.5769091081845918,False,1,47,17,1708,ENSG00000103811,CTSH
GO:BP,GO:0016525,negative regulation of angiogenesis,0.5769091081845918,False,1,47,17,1708,ENSG00000010810,FYN
GO:BP,GO:0045582,positive regulation of T cell differentiation,0.5769091081845918,False,1,47,17,1708,ENSG00000115085,ZAP70
GO:BP,GO:0046631,alpha-beta T cell activation,0.5769091081845918,False,1,47,17,1708,ENSG00000115085,ZAP70
GO:BP,GO:0010976,positive regulation of neuron projection development,0.5769091081845918,False,1,47,17,1708,ENSG00000010810,FYN
GO:BP,GO:0009967,positive regulation of signal transduction,0.5769091081845918,False,5,47,146,1708,ENSG00000103811 ENSG00000155511 ENSG00000035499 ENSG00000113070 ENSG00000115085,CTSH GRIA1 DEPDC1B HBEGF ZAP70
GO:BP,GO:0006997,nucleus organization,0.5769091081845918,False,1,47,17,1708,ENSG00000178093,TSSK6
GO:BP,GO:0030308,negative regulation of cell growth,0.5769091081845918,False,1,47,17,1708,ENSG00000066084,DIP2B
GO:BP,GO:0051098,regulation of binding,0.5769091081845918,False,1,47,17,1708,ENSG00000104885,DOT1L
GO:BP,GO:0002687,positive regulation of leukocyte migration,0.5769091081845918,False,1,47,17,1708,ENSG00000213654,GPSM3
GO:BP,GO:0048609,multicellular organismal reproductive process,0.5769091081845918,False,3,47,79,1708,ENSG00000166118 ENSG00000187266 ENSG00000178093,SPATA19 EPOR TSSK6
GO:BP,GO:0007088,regulation of mitotic nuclear division,0.5769091081845918,False,1,47,17,1708,ENSG00000112659,CUL9
GO:BP,GO:0006996,organelle organization,0.5769091081845918,False,11,47,354,1708,ENSG00000128891 ENSG00000158106 ENSG00000169592 ENSG00000166118 ENSG00000112659 ENSG00000141002 ENSG00000104885 ENSG00000157823 ENSG00000237649 ENSG00000178093 ENSG00000168778,CCDC32 RHPN1 INO80E SPATA19 CUL9 TCF25 DOT1L AP3S2 KIFC1 TSSK6 TCTN2
GO:BP,GO:0000302,response to reactive oxygen species,0.5769091081845918,False,1,47,17,1708,ENSG00000010810,FYN
GO:BP,GO:0000902,cell morphogenesis,0.5769091081845918,False,3,47,80,1708,ENSG00000066084 ENSG00000010810 ENSG00000023902,DIP2B FYN PLEKHO1
GO:BP,GO:0051783,regulation of nuclear division,0.5769091081845918,False,1,47,17,1708,ENSG00000112659,CUL9
GO:BP,GO:0071560,cellular response to transforming growth factor beta stimulus,0.5769091081845918,False,1,47,17,1708,ENSG00000010810,FYN
GO:BP,GO:0051726,regulation of cell cycle,0.5769091081845918,False,4,47,113,1708,ENSG00000169592 ENSG00000112659 ENSG00000104885 ENSG00000221914,INO80E CUL9 DOT1L PPP2R2A
GO:BP,GO:0031400,negative regulation of protein modification process,0.5769091081845918,False,1,47,17,1708,ENSG00000010810,FYN
GO:BP,GO:2000181,negative regulation of blood vessel morphogenesis,0.5769091081845918,False,1,47,17,1708,ENSG00000010810,FYN
GO:BP,GO:0071559,response to transforming growth factor beta,0.5769091081845918,False,1,47,17,1708,ENSG00000010810,FYN
GO:BP,GO:1901343,negative regulation of vasculature development,0.5769091081845918,False,1,47,17,1708,ENSG00000010810,FYN
GO:BP,GO:0061138,morphogenesis of a branching epithelium,0.5769091081845918,False,1,47,17,1708,ENSG00000103811,CTSH
GO:BP,GO:0007159,leukocyte cell-cell adhesion,0.5769091081845918,False,2,47,47,1708,ENSG00000010810 ENSG00000115085,FYN ZAP70
GO:BP,GO:0060255,regulation of macromolecule metabolic process,0.5795415450637563,False,16,47,531,1708,ENSG00000167074 ENSG00000169592 ENSG00000066084 ENSG00000100354 ENSG00000010810 ENSG00000103811 ENSG00000082153 ENSG00000213654 ENSG00000155511 ENSG00000124557 ENSG00000141002 ENSG00000174579 ENSG00000104885 ENSG00000185619 ENSG00000167157 ENSG00000196182,TEF INO80E DIP2B TNRC6B FYN CTSH BZW1 GPSM3 GRIA1 BTN1A1 TCF25 MSL2 DOT1L PCGF3 PRRX2 STK40
GO:BP,GO:0009056,catabolic process,0.5810046621756655,False,7,47,216,1708,ENSG00000131558 ENSG00000100354 ENSG00000010810 ENSG00000103811 ENSG00000112659 ENSG00000111669 ENSG00000171174,EXOC4 TNRC6B FYN CTSH CUL9 TPI1 RBKS
GO:BP,GO:0016049,cell growth,0.5810046621756655,False,2,47,48,1708,ENSG00000066084 ENSG00000113070,DIP2B HBEGF
GO:BP,GO:1902850,microtubule cytoskeleton organization involved in mitosis,0.5812646428827363,False,1,47,18,1708,ENSG00000237649,KIFC1
GO:BP,GO:1901292,nucleoside phosphate catabolic process,0.5812646428827363,False,1,47,18,1708,ENSG00000111669,TPI1
GO:BP,GO:0072523,purine-containing compound catabolic process,0.5812646428827363,False,1,47,18,1708,ENSG00000111669,TPI1
GO:BP,GO:0050920,regulation of chemotaxis,0.5812646428827363,False,1,47,18,1708,ENSG00000213654,GPSM3
GO:BP,GO:0021537,telencephalon development,0.5812646428827363,False,1,47,18,1708,ENSG00000155511,GRIA1
GO:BP,GO:0051248,negative regulation of protein metabolic process,0.5812646428827363,False,2,47,49,1708,ENSG00000100354 ENSG00000010810,TNRC6B FYN
GO:BP,GO:0051146,striated muscle cell differentiation,0.5812646428827363,False,1,47,18,1708,ENSG00000023902,PLEKHO1
GO:BP,GO:0051310,metaphase chromosome alignment,0.5812646428827363,False,1,47,18,1708,ENSG00000237649,KIFC1
GO:BP,GO:0001763,morphogenesis of a branching structure,0.5812646428827363,False,1,47,18,1708,ENSG00000103811,CTSH
GO:BP,GO:0030163,protein catabolic process,0.5812646428827363,False,3,47,81,1708,ENSG00000010810 ENSG00000103811 ENSG00000112659,FYN CTSH CUL9
GO:BP,GO:0001822,kidney development,0.5812646428827363,False,1,47,18,1708,ENSG00000103811,CTSH
GO:BP,GO:0000910,cytokinesis,0.5812646428827363,False,1,47,18,1708,ENSG00000131558,EXOC4
GO:BP,GO:0000723,telomere maintenance,0.5812646428827363,False,1,47,18,1708,ENSG00000169592,INO80E
GO:BP,GO:2000241,regulation of reproductive process,0.5812646428827363,False,1,47,18,1708,ENSG00000122986,HVCN1
GO:BP,GO:0007034,vacuolar transport,0.5812646428827363,False,1,47,18,1708,ENSG00000157823,AP3S2
GO:BP,GO:0019318,hexose metabolic process,0.5812646428827363,False,1,47,18,1708,ENSG00000111669,TPI1
GO:BP,GO:0019724,B cell mediated immunity,0.5812646428827363,False,1,47,18,1708,ENSG00000149131,SERPING1
GO:BP,GO:0006814,sodium ion transport,0.5812646428827363,False,1,47,18,1708,ENSG00000162753,SLC9C2
GO:BP,GO:0048878,chemical homeostasis,0.5812646428827363,False,3,47,81,1708,ENSG00000162753 ENSG00000103811 ENSG00000122986,SLC9C2 CTSH HVCN1
GO:BP,GO:0016051,carbohydrate biosynthetic process,0.5812646428827363,False,1,47,18,1708,ENSG00000111669,TPI1
GO:BP,GO:0016358,dendrite development,0.5812646428827363,False,1,47,18,1708,ENSG00000010810,FYN
GO:BP,GO:0007613,memory,0.5812646428827363,False,1,47,18,1708,ENSG00000155511,GRIA1
GO:BP,GO:0010977,negative regulation of neuron projection development,0.5812646428827363,False,1,47,18,1708,ENSG00000066084,DIP2B
GO:BP,GO:0009057,macromolecule catabolic process,0.5812646428827363,False,4,47,114,1708,ENSG00000100354 ENSG00000010810 ENSG00000103811 ENSG00000112659,TNRC6B FYN CTSH CUL9
GO:BP,GO:0009166,nucleotide catabolic process,0.5812646428827363,False,1,47,18,1708,ENSG00000111669,TPI1
GO:BP,GO:0045621,positive regulation of lymphocyte differentiation,0.5812646428827363,False,1,47,18,1708,ENSG00000115085,ZAP70
GO:BP,GO:0009566,fertilization,0.5812646428827363,False,1,47,18,1708,ENSG00000122986,HVCN1
GO:CC,GO:0001726,ruffle,0.5859521681863921,False,1,47,13,1708,ENSG00000023902,PLEKHO1
GO:CC,GO:0098794,postsynapse,0.5859521681863921,False,3,47,69,1708,ENSG00000010810 ENSG00000155511 ENSG00000120903,FYN GRIA1 CHRNA2
GO:CC,GO:0030117,membrane coat,0.5859521681863921,False,1,47,12,1708,ENSG00000157823,AP3S2
GO:CC,GO:0030672,synaptic vesicle membrane,0.5859521681863921,False,1,47,12,1708,ENSG00000155511,GRIA1
GO:CC,GO:0030669,clathrin-coated endocytic vesicle membrane,0.5859521681863921,False,1,47,13,1708,ENSG00000113070,HBEGF
GO:CC,GO:0030670,phagocytic vesicle membrane,0.5859521681863921,False,1,47,13,1708,ENSG00000122986,HVCN1
GO:CC,GO:0140535,intracellular protein-containing complex,0.5859521681863921,False,3,47,69,1708,ENSG00000112659 ENSG00000174579 ENSG00000185619,CUL9 MSL2 PCGF3
GO:CC,GO:0005884,actin filament,0.5859521681863921,False,1,47,13,1708,ENSG00000010810,FYN
GO:CC,GO:0099501,exocytic vesicle membrane,0.5859521681863921,False,1,47,12,1708,ENSG00000155511,GRIA1
GO:CC,GO:0099503,secretory vesicle,0.5859521681863921,False,4,47,101,1708,ENSG00000103811 ENSG00000122986 ENSG00000155511 ENSG00000149131,CTSH HVCN1 GRIA1 SERPING1
GO:CC,GO:1990234,transferase complex,0.5859521681863921,False,3,47,69,1708,ENSG00000112659 ENSG00000174579 ENSG00000185619,CUL9 MSL2 PCGF3
GO:CC,GO:0031252,cell leading edge,0.5859521681863921,False,2,47,40,1708,ENSG00000155511 ENSG00000023902,GRIA1 PLEKHO1
GO:CC,GO:0048475,coated membrane,0.5859521681863921,False,1,47,12,1708,ENSG00000157823,AP3S2
GO:CC,GO:0042581,specific granule,0.5859521681863921,False,1,47,13,1708,ENSG00000122986,HVCN1
GO:CC,GO:0005911,cell-cell junction,0.5866746206594012,False,2,47,43,1708,ENSG00000155511 ENSG00000115085,GRIA1 ZAP70
GO:CC,GO:0000932,P-body,0.5866746206594012,False,1,47,14,1708,ENSG00000100354,TNRC6B
GO:CC,GO:0099572,postsynaptic specialization,0.5866746206594012,False,2,47,43,1708,ENSG00000010810 ENSG00000155511,FYN GRIA1
GO:CC,GO:0101002,ficolin-1-rich granule,0.5866746206594012,False,1,47,15,1708,ENSG00000103811,CTSH
GO:CC,GO:1904813,ficolin-1-rich granule lumen,0.5866746206594012,False,1,47,14,1708,ENSG00000103811,CTSH
GO:CC,GO:0014069,postsynaptic density,0.5866746206594012,False,2,47,41,1708,ENSG00000010810 ENSG00000155511,FYN GRIA1
GO:CC,GO:0097708,intracellular vesicle,0.5866746206594012,False,8,47,239,1708,ENSG00000010810 ENSG00000103811 ENSG00000122986 ENSG00000155511 ENSG00000149131 ENSG00000157823 ENSG00000237649 ENSG00000113070,FYN CTSH HVCN1 GRIA1 SERPING1 AP3S2 KIFC1 HBEGF
GO:CC,GO:0030054,cell junction,0.5866746206594012,False,7,47,204,1708,ENSG00000131558 ENSG00000010810 ENSG00000007402 ENSG00000155511 ENSG00000120903 ENSG00000221914 ENSG00000115085,EXOC4 FYN CACNA2D2 GRIA1 CHRNA2 PPP2R2A ZAP70
GO:CC,GO:0070820,tertiary granule,0.5866746206594012,False,1,47,14,1708,ENSG00000103811,CTSH
GO:CC,GO:0097014,ciliary plasm,0.5866746206594012,False,1,47,15,1708,ENSG00000178093,TSSK6
GO:CC,GO:0031410,cytoplasmic vesicle,0.5866746206594012,False,8,47,239,1708,ENSG00000010810 ENSG00000103811 ENSG00000122986 ENSG00000155511 ENSG00000149131 ENSG00000157823 ENSG00000237649 ENSG00000113070,FYN CTSH HVCN1 GRIA1 SERPING1 AP3S2 KIFC1 HBEGF
GO:CC,GO:0032279,asymmetric synapse,0.5866746206594012,False,2,47,42,1708,ENSG00000010810 ENSG00000155511,FYN GRIA1
GO:CC,GO:0036477,somatodendritic compartment,0.5866746206594012,False,3,47,71,1708,ENSG00000066084 ENSG00000010810 ENSG00000155511,DIP2B FYN GRIA1
GO:CC,GO:0035770,ribonucleoprotein granule,0.5866746206594012,False,3,47,75,1708,ENSG00000100354 ENSG00000103811 ENSG00000187266,TNRC6B CTSH EPOR
GO:CC,GO:0045334,clathrin-coated endocytic vesicle,0.5866746206594012,False,1,47,15,1708,ENSG00000113070,HBEGF
GO:CC,GO:0005875,microtubule associated complex,0.5866746206594012,False,1,47,15,1708,ENSG00000237649,KIFC1
GO:CC,GO:0005930,axoneme,0.5866746206594012,False,1,47,14,1708,ENSG00000178093,TSSK6
GO:BP,GO:0045088,regulation of innate immune response,0.5895473293378519,False,2,47,50,1708,ENSG00000010810 ENSG00000149131,FYN SERPING1
GO:BP,GO:0010608,post-transcriptional regulation of gene expression,0.5895473293378519,False,2,47,50,1708,ENSG00000100354 ENSG00000082153,TNRC6B BZW1
GO:BP,GO:0051249,regulation of lymphocyte activation,0.5895473293378519,False,2,47,50,1708,ENSG00000010810 ENSG00000115085,FYN ZAP70
GO:MF,GO:0019887,protein kinase regulator activity,0.5904841240430959,False,1,47,21,1708,ENSG00000113070,HBEGF
GO:MF,GO:0031490,chromatin DNA binding,0.5904841240430959,False,1,47,21,1708,ENSG00000174579,MSL2
GO:MF,GO:0008201,heparin binding,0.5904841240430959,False,1,47,21,1708,ENSG00000113070,HBEGF
GO:CC,GO:0030135,coated vesicle,0.5909667088465275,False,2,47,46,1708,ENSG00000155511 ENSG00000113070,GRIA1 HBEGF
GO:CC,GO:0055038,recycling endosome membrane,0.5909667088465275,False,1,47,16,1708,ENSG00000155511,GRIA1
GO:CC,GO:0031461,cullin-RING ubiquitin ligase complex,0.5909667088465275,False,1,47,16,1708,ENSG00000112659,CUL9
GO:CC,GO:0098984,neuron to neuron synapse,0.5909667088465275,False,2,47,45,1708,ENSG00000010810 ENSG00000155511,FYN GRIA1
GO:CC,GO:0030426,growth cone,0.5909667088465275,False,1,47,16,1708,ENSG00000131558,EXOC4
GO:CC,GO:0012507,ER to Golgi transport vesicle membrane,0.5909667088465275,False,1,47,16,1708,ENSG00000155511,GRIA1
GO:CC,GO:0098839,postsynaptic density membrane,0.5909667088465275,False,1,47,16,1708,ENSG00000155511,GRIA1
GO:CC,GO:0030427,site of polarized growth,0.5909667088465275,False,1,47,16,1708,ENSG00000131558,EXOC4
GO:BP,GO:0099504,synaptic vesicle cycle,0.5913981117630976,False,1,47,19,1708,ENSG00000157823,AP3S2
GO:BP,GO:0071674,mononuclear cell migration,0.5913981117630976,False,1,47,19,1708,ENSG00000115085,ZAP70
GO:BP,GO:0072001,renal system development,0.5913981117630976,False,1,47,19,1708,ENSG00000103811,CTSH
GO:BP,GO:0006753,nucleoside phosphate metabolic process,0.5913981117630976,False,2,47,51,1708,ENSG00000111669 ENSG00000171174,TPI1 RBKS
GO:BP,GO:0045926,negative regulation of growth,0.5913981117630976,False,1,47,19,1708,ENSG00000066084,DIP2B
GO:BP,GO:1904951,positive regulation of establishment of protein localization,0.5913981117630976,False,1,47,19,1708,ENSG00000010810,FYN
GO:BP,GO:0048588,developmental cell growth,0.5913981117630976,False,1,47,19,1708,ENSG00000066084,DIP2B
GO:BP,GO:0001525,angiogenesis,0.5913981117630976,False,2,47,51,1708,ENSG00000010810 ENSG00000103811,FYN CTSH
GO:BP,GO:0097553,calcium ion transmembrane import into cytosol,0.5913981117630976,False,1,47,19,1708,ENSG00000010810,FYN
GO:BP,GO:0015931,nucleobase-containing compound transport,0.5913981117630976,False,1,47,19,1708,ENSG00000285982,ENSG00000285982
GO:BP,GO:0099111,microtubule-based transport,0.5913981117630976,False,1,47,19,1708,ENSG00000157823,AP3S2
GO:BP,GO:0090150,establishment of protein localization to membrane,0.5913981117630976,False,1,47,19,1708,ENSG00000010810,FYN
GO:BP,GO:0048513,animal organ development,0.5913981117630976,False,7,47,222,1708,ENSG00000131558 ENSG00000010810 ENSG00000103811 ENSG00000155511 ENSG00000187266 ENSG00000113070 ENSG00000196182,EXOC4 FYN CTSH GRIA1 EPOR HBEGF STK40
GO:BP,GO:0051897,positive regulation of phosphatidylinositol 3-kinase/protein kinase B signal transduction,0.5913981117630976,False,1,47,19,1708,ENSG00000113070,HBEGF
GO:BP,GO:0001909,leukocyte mediated cytotoxicity,0.5913981117630976,False,1,47,19,1708,ENSG00000103811,CTSH
GO:BP,GO:0031032,actomyosin structure organization,0.5913981117630976,False,1,47,19,1708,ENSG00000158106,RHPN1
GO:BP,GO:0032870,cellular response to hormone stimulus,0.5913981117630976,False,2,47,51,1708,ENSG00000103811 ENSG00000155511,CTSH GRIA1
GO:BP,GO:0045785,positive regulation of cell adhesion,0.5913981117630976,False,2,47,51,1708,ENSG00000010810 ENSG00000115085,FYN ZAP70
GO:BP,GO:0051254,positive regulation of RNA metabolic process,0.5915854460549406,False,5,47,153,1708,ENSG00000167074 ENSG00000169592 ENSG00000100354 ENSG00000174579 ENSG00000104885,TEF INO80E TNRC6B MSL2 DOT1L
GO:BP,GO:0006810,transport,0.5915854460549406,False,11,47,363,1708,ENSG00000128891 ENSG00000131558 ENSG00000162753 ENSG00000285982 ENSG00000078795 ENSG00000010810 ENSG00000007402 ENSG00000122986 ENSG00000155511 ENSG00000120903 ENSG00000157823,CCDC32 EXOC4 SLC9C2 ENSG00000285982 PKD2L2 FYN CACNA2D2 HVCN1 GRIA1 CHRNA2 AP3S2
GO:BP,GO:0009653,anatomical structure morphogenesis,0.5939149331256547,False,7,47,223,1708,ENSG00000131558 ENSG00000066084 ENSG00000010810 ENSG00000103811 ENSG00000023902 ENSG00000113070 ENSG00000196182,EXOC4 DIP2B FYN CTSH PLEKHO1 HBEGF STK40
GO:BP,GO:1901700,response to oxygen-containing compound,0.5939149331256547,False,4,47,119,1708,ENSG00000010810 ENSG00000103811 ENSG00000155511 ENSG00000120903,FYN CTSH GRIA1 CHRNA2
GO:BP,GO:0019637,organophosphate metabolic process,0.5942163368997987,False,3,47,85,1708,ENSG00000111669 ENSG00000147535 ENSG00000171174,TPI1 PLPP5 RBKS
GO:BP,GO:0050000,chromosome localization,0.5956636365378785,False,1,47,20,1708,ENSG00000237649,KIFC1
GO:BP,GO:0050817,coagulation,0.5956636365378785,False,1,47,20,1708,ENSG00000149131,SERPING1
GO:BP,GO:0016241,regulation of macroautophagy,0.5956636365378785,False,1,47,20,1708,ENSG00000131558,EXOC4
GO:BP,GO:0018205,peptidyl-lysine modification,0.5956636365378785,False,1,47,20,1708,ENSG00000066084,DIP2B
GO:BP,GO:0022414,reproductive process,0.5956636365378785,False,4,47,121,1708,ENSG00000166118 ENSG00000122986 ENSG00000187266 ENSG00000178093,SPATA19 HVCN1 EPOR TSSK6
GO:BP,GO:0034655,nucleobase-containing compound catabolic process,0.5956636365378785,False,2,47,52,1708,ENSG00000100354 ENSG00000111669,TNRC6B TPI1
GO:BP,GO:0007286,spermatid development,0.5956636365378785,False,1,47,20,1708,ENSG00000178093,TSSK6
GO:BP,GO:0007599,hemostasis,0.5956636365378785,False,1,47,20,1708,ENSG00000149131,SERPING1
GO:BP,GO:0007596,blood coagulation,0.5956636365378785,False,1,47,20,1708,ENSG00000149131,SERPING1
GO:BP,GO:1904062,regulation of monoatomic cation transmembrane transport,0.5956636365378785,False,1,47,20,1708,ENSG00000010810,FYN
GO:BP,GO:0048522,positive regulation of cellular process,0.5956636365378785,False,15,47,507,1708,ENSG00000173114 ENSG00000167074 ENSG00000169592 ENSG00000066084 ENSG00000100354 ENSG00000010810 ENSG00000103811 ENSG00000213654 ENSG00000155511 ENSG00000035499 ENSG00000174579 ENSG00000104885 ENSG00000187266 ENSG00000113070 ENSG00000115085,LRRN3 TEF INO80E DIP2B TNRC6B FYN CTSH GPSM3 GRIA1 DEPDC1B MSL2 DOT1L EPOR HBEGF ZAP70
GO:BP,GO:0048515,spermatid differentiation,0.5956636365378785,False,1,47,20,1708,ENSG00000178093,TSSK6
GO:BP,GO:0009893,positive regulation of metabolic process,0.5956636365378785,False,9,47,295,1708,ENSG00000167074 ENSG00000169592 ENSG00000066084 ENSG00000100354 ENSG00000103811 ENSG00000213654 ENSG00000155511 ENSG00000174579 ENSG00000104885,TEF INO80E DIP2B TNRC6B CTSH GPSM3 GRIA1 MSL2 DOT1L
GO:BP,GO:0099173,postsynapse organization,0.5956636365378785,False,1,47,20,1708,ENSG00000010810,FYN
GO:BP,GO:0045739,positive regulation of DNA repair,0.5956636365378785,False,1,47,20,1708,ENSG00000169592,INO80E
GO:BP,GO:0010629,negative regulation of gene expression,0.5956636365378785,False,4,47,120,1708,ENSG00000100354 ENSG00000010810 ENSG00000104885 ENSG00000185619,TNRC6B FYN DOT1L PCGF3
GO:BP,GO:0099003,vesicle-mediated transport in synapse,0.5956636365378785,False,1,47,20,1708,ENSG00000157823,AP3S2
GO:BP,GO:0010721,negative regulation of cell development,0.5956636365378785,False,1,47,20,1708,ENSG00000066084,DIP2B
GO:BP,GO:0050906,detection of stimulus involved in sensory perception,0.5956636365378785,False,1,47,20,1708,ENSG00000010810,FYN
GO:BP,GO:0031349,positive regulation of defense response,0.5956636365378785,False,2,47,52,1708,ENSG00000010810 ENSG00000213654,FYN GPSM3
GO:BP,GO:0002685,regulation of leukocyte migration,0.5956636365378785,False,1,47,20,1708,ENSG00000213654,GPSM3
GO:BP,GO:0002456,T cell mediated immunity,0.5956636365378785,False,1,47,20,1708,ENSG00000103811,CTSH
GO:BP,GO:0010468,regulation of gene expression,0.5956636365378785,False,14,47,471,1708,ENSG00000167074 ENSG00000169592 ENSG00000100354 ENSG00000010810 ENSG00000103811 ENSG00000082153 ENSG00000213654 ENSG00000155511 ENSG00000124557 ENSG00000174579 ENSG00000104885 ENSG00000185619 ENSG00000167157 ENSG00000196182,TEF INO80E TNRC6B FYN CTSH BZW1 GPSM3 GRIA1 BTN1A1 MSL2 DOT1L PCGF3 PRRX2 STK40
GO:BP,GO:0072521,purine-containing compound metabolic process,0.5965640999984559,False,2,47,53,1708,ENSG00000111669 ENSG00000171174,TPI1 RBKS
GO:BP,GO:0071363,cellular response to growth factor stimulus,0.5965640999984559,False,2,47,53,1708,ENSG00000010810 ENSG00000155511,FYN GRIA1
GO:BP,GO:0055086,nucleobase-containing small molecule metabolic process,0.5965640999984559,False,2,47,53,1708,ENSG00000111669 ENSG00000171174,TPI1 RBKS
GO:BP,GO:0007283,spermatogenesis,0.5965640999984559,False,2,47,53,1708,ENSG00000166118 ENSG00000178093,SPATA19 TSSK6
GO:BP,GO:0010564,regulation of cell cycle process,0.5965640999984559,False,3,47,87,1708,ENSG00000112659 ENSG00000104885 ENSG00000221914,CUL9 DOT1L PPP2R2A
GO:BP,GO:0010556,regulation of macromolecule biosynthetic process,0.5987735447540897,False,14,47,475,1708,ENSG00000167074 ENSG00000169592 ENSG00000100354 ENSG00000010810 ENSG00000103811 ENSG00000082153 ENSG00000213654 ENSG00000155511 ENSG00000124557 ENSG00000174579 ENSG00000104885 ENSG00000185619 ENSG00000167157 ENSG00000196182,TEF INO80E TNRC6B FYN CTSH BZW1 GPSM3 GRIA1 BTN1A1 MSL2 DOT1L PCGF3 PRRX2 STK40
GO:BP,GO:0009887,animal organ morphogenesis,0.6048763719489015,False,3,47,88,1708,ENSG00000131558 ENSG00000103811 ENSG00000196182,EXOC4 CTSH STK40
GO:BP,GO:1901701,cellular response to oxygen-containing compound,0.6048763719489015,False,3,47,88,1708,ENSG00000010810 ENSG00000155511 ENSG00000120903,FYN GRIA1 CHRNA2
GO:CC,GO:0099634,postsynaptic specialization membrane,0.6052276005883306,False,1,47,17,1708,ENSG00000155511,GRIA1
GO:CC,GO:0045171,intercellular bridge,0.6052276005883306,False,1,47,17,1708,ENSG00000120903,CHRNA2
GO:CC,GO:0030665,clathrin-coated vesicle membrane,0.6052276005883306,False,1,47,17,1708,ENSG00000113070,HBEGF
GO:BP,GO:0010557,positive regulation of macromolecule biosynthetic process,0.6052537695954121,False,7,47,228,1708,ENSG00000167074 ENSG00000169592 ENSG00000103811 ENSG00000213654 ENSG00000155511 ENSG00000174579 ENSG00000104885,TEF INO80E CTSH GPSM3 GRIA1 MSL2 DOT1L
GO:BP,GO:0009605,response to external stimulus,0.6061368055022913,False,6,47,193,1708,ENSG00000078795 ENSG00000010810 ENSG00000122986 ENSG00000213654 ENSG00000149131 ENSG00000113070,PKD2L2 FYN HVCN1 GPSM3 SERPING1 HBEGF
GO:BP,GO:0042770,signal transduction in response to DNA damage,0.6073393953468393,False,1,47,21,1708,ENSG00000104885,DOT1L
GO:BP,GO:0034599,cellular response to oxidative stress,0.6073393953468393,False,1,47,21,1708,ENSG00000010810,FYN
GO:BP,GO:0045580,regulation of T cell differentiation,0.6073393953468393,False,1,47,21,1708,ENSG00000115085,ZAP70
GO:BP,GO:1902904,negative regulation of supramolecular fiber organization,0.6073393953468393,False,1,47,21,1708,ENSG00000158106,RHPN1
GO:BP,GO:0043488,regulation of mRNA stability,0.6073393953468393,False,1,47,21,1708,ENSG00000100354,TNRC6B
GO:MF,GO:0015291,secondary active transmembrane transporter activity,0.6082177593312391,False,1,47,22,1708,ENSG00000162753,SLC9C2
GO:BP,GO:1903047,mitotic cell cycle process,0.6086946668364152,False,3,47,89,1708,ENSG00000131558 ENSG00000112659 ENSG00000237649,EXOC4 CUL9 KIFC1
GO:BP,GO:0010647,positive regulation of cell communication,0.6086946668364152,False,5,47,159,1708,ENSG00000103811 ENSG00000155511 ENSG00000035499 ENSG00000113070 ENSG00000115085,CTSH GRIA1 DEPDC1B HBEGF ZAP70
GO:BP,GO:0023056,positive regulation of signaling,0.6086946668364152,False,5,47,159,1708,ENSG00000103811 ENSG00000155511 ENSG00000035499 ENSG00000113070 ENSG00000115085,CTSH GRIA1 DEPDC1B HBEGF ZAP70
GO:BP,GO:0141124,intracellular signaling cassette,0.6086946668364152,False,5,47,159,1708,ENSG00000103811 ENSG00000155511 ENSG00000113070 ENSG00000196182 ENSG00000115085,CTSH GRIA1 HBEGF STK40 ZAP70
GO:BP,GO:0002694,regulation of leukocyte activation,0.6106663196032467,False,2,47,55,1708,ENSG00000010810 ENSG00000115085,FYN ZAP70
GO:BP,GO:0048232,male gamete generation,0.6106663196032467,False,2,47,55,1708,ENSG00000166118 ENSG00000178093,SPATA19 TSSK6
GO:BP,GO:0007610,behavior,0.6106663196032467,False,2,47,55,1708,ENSG00000010810 ENSG00000155511,FYN GRIA1
GO:BP,GO:0070848,response to growth factor,0.6106663196032467,False,2,47,55,1708,ENSG00000010810 ENSG00000155511,FYN GRIA1
GO:BP,GO:0035556,intracellular signal transduction,0.6117050769435701,False,8,47,266,1708,ENSG00000010810 ENSG00000103811 ENSG00000155511 ENSG00000035499 ENSG00000104885 ENSG00000113070 ENSG00000196182 ENSG00000115085,FYN CTSH GRIA1 DEPDC1B DOT1L HBEGF STK40 ZAP70
GO:BP,GO:0061013,regulation of mRNA catabolic process,0.6160266930589825,False,1,47,22,1708,ENSG00000100354,TNRC6B
GO:BP,GO:0046034,ATP metabolic process,0.6160266930589825,False,1,47,22,1708,ENSG00000111669,TPI1
GO:BP,GO:1902107,positive regulation of leukocyte differentiation,0.6160266930589825,False,1,47,22,1708,ENSG00000115085,ZAP70
GO:BP,GO:0006909,phagocytosis,0.6160266930589825,False,1,47,22,1708,ENSG00000010810,FYN
GO:BP,GO:0070371,ERK1 and ERK2 cascade,0.6160266930589825,False,1,47,22,1708,ENSG00000103811,CTSH
GO:BP,GO:0019725,cellular homeostasis,0.6160266930589825,False,2,47,56,1708,ENSG00000162753 ENSG00000122986,SLC9C2 HVCN1
GO:BP,GO:0051962,positive regulation of nervous system development,0.6160266930589825,False,1,47,22,1708,ENSG00000173114,LRRN3
GO:BP,GO:0060560,developmental growth involved in morphogenesis,0.6160266930589825,False,1,47,22,1708,ENSG00000066084,DIP2B
GO:BP,GO:1903708,positive regulation of hemopoiesis,0.6160266930589825,False,1,47,22,1708,ENSG00000115085,ZAP70
GO:BP,GO:0051924,regulation of calcium ion transport,0.6160266930589825,False,1,47,22,1708,ENSG00000010810,FYN
GO:BP,GO:0009894,regulation of catabolic process,0.6170597068606237,False,3,47,91,1708,ENSG00000131558 ENSG00000100354 ENSG00000010810,EXOC4 TNRC6B FYN
GO:CC,GO:0045335,phagocytic vesicle,0.6178871990501886,False,1,47,18,1708,ENSG00000122986,HVCN1
GO:CC,GO:0070603,SWI/SNF superfamily-type complex,0.6178871990501886,False,1,47,18,1708,ENSG00000169592,INO80E
GO:CC,GO:0030134,COPII-coated ER to Golgi transport vesicle,0.6178871990501886,False,1,47,18,1708,ENSG00000155511,GRIA1
GO:CC,GO:0098858,actin-based cell projection,0.6178871990501886,False,1,47,18,1708,ENSG00000131558,EXOC4
GO:BP,GO:0051234,establishment of localization,0.620588300524507,False,11,47,376,1708,ENSG00000128891 ENSG00000131558 ENSG00000162753 ENSG00000285982 ENSG00000078795 ENSG00000010810 ENSG00000007402 ENSG00000122986 ENSG00000155511 ENSG00000120903 ENSG00000157823,CCDC32 EXOC4 SLC9C2 ENSG00000285982 PKD2L2 FYN CACNA2D2 HVCN1 GRIA1 CHRNA2 AP3S2
GO:MF,GO:0019207,kinase regulator activity,0.6224471950589572,False,1,47,23,1708,ENSG00000113070,HBEGF
GO:MF,GO:0005102,signaling receptor binding,0.6224471950589572,False,4,47,128,1708,ENSG00000010810 ENSG00000155511 ENSG00000124557 ENSG00000113070,FYN GRIA1 BTN1A1 HBEGF
GO:BP,GO:0043487,regulation of RNA stability,0.624289529693703,False,1,47,23,1708,ENSG00000100354,TNRC6B
GO:BP,GO:0071495,cellular response to endogenous stimulus,0.624289529693703,False,3,47,92,1708,ENSG00000010810 ENSG00000103811 ENSG00000155511,FYN CTSH GRIA1
GO:BP,GO:0071375,cellular response to peptide hormone stimulus,0.624289529693703,False,1,47,23,1708,ENSG00000155511,GRIA1
GO:BP,GO:0042129,regulation of T cell proliferation,0.624289529693703,False,1,47,23,1708,ENSG00000115085,ZAP70
GO:BP,GO:0051983,regulation of chromosome segregation,0.624289529693703,False,1,47,23,1708,ENSG00000221914,PPP2R2A
GO:BP,GO:0009891,positive regulation of biosynthetic process,0.624289529693703,False,7,47,235,1708,ENSG00000167074 ENSG00000169592 ENSG00000103811 ENSG00000213654 ENSG00000155511 ENSG00000174579 ENSG00000104885,TEF INO80E CTSH GPSM3 GRIA1 MSL2 DOT1L
GO:BP,GO:0009636,response to toxic substance,0.624289529693703,False,1,47,23,1708,ENSG00000155511,GRIA1
GO:BP,GO:0009205,purine ribonucleoside triphosphate metabolic process,0.624289529693703,False,1,47,23,1708,ENSG00000111669,TPI1
GO:BP,GO:0062197,cellular response to chemical stress,0.624289529693703,False,1,47,23,1708,ENSG00000010810,FYN
GO:BP,GO:0000075,cell cycle checkpoint signaling,0.624289529693703,False,1,47,23,1708,ENSG00000104885,DOT1L
GO:BP,GO:0051336,regulation of hydrolase activity,0.624289529693703,False,1,47,23,1708,ENSG00000103811,CTSH
GO:BP,GO:0022407,regulation of cell-cell adhesion,0.624289529693703,False,2,47,57,1708,ENSG00000010810 ENSG00000115085,FYN ZAP70
GO:BP,GO:0001906,cell killing,0.624289529693703,False,1,47,23,1708,ENSG00000103811,CTSH
GO:BP,GO:0002831,regulation of response to biotic stimulus,0.624289529693703,False,2,47,57,1708,ENSG00000010810 ENSG00000149131,FYN SERPING1
GO:BP,GO:0023052,signaling,0.624289529693703,False,15,47,521,1708,ENSG00000131558 ENSG00000158106 ENSG00000010810 ENSG00000103811 ENSG00000007402 ENSG00000155511 ENSG00000035499 ENSG00000124557 ENSG00000120903 ENSG00000104885 ENSG00000187266 ENSG00000113070 ENSG00000196182 ENSG00000168778 ENSG00000115085,EXOC4 RHPN1 FYN CTSH CACNA2D2 GRIA1 DEPDC1B BTN1A1 CHRNA2 DOT1L EPOR HBEGF STK40 TCTN2 ZAP70
GO:BP,GO:0007154,cell communication,0.6267978026765991,False,15,47,523,1708,ENSG00000131558 ENSG00000158106 ENSG00000010810 ENSG00000103811 ENSG00000007402 ENSG00000155511 ENSG00000035499 ENSG00000124557 ENSG00000120903 ENSG00000104885 ENSG00000187266 ENSG00000113070 ENSG00000196182 ENSG00000168778 ENSG00000115085,EXOC4 RHPN1 FYN CTSH CACNA2D2 GRIA1 DEPDC1B BTN1A1 CHRNA2 DOT1L EPOR HBEGF STK40 TCTN2 ZAP70
GO:BP,GO:0050865,regulation of cell activation,0.627996623635401,False,2,47,58,1708,ENSG00000010810 ENSG00000115085,FYN ZAP70
GO:BP,GO:0051241,negative regulation of multicellular organismal process,0.6327109840155908,False,3,47,94,1708,ENSG00000066084 ENSG00000010810 ENSG00000149131,DIP2B FYN SERPING1
GO:BP,GO:0070925,organelle assembly,0.6327109840155908,False,3,47,94,1708,ENSG00000157823 ENSG00000237649 ENSG00000168778,AP3S2 KIFC1 TCTN2
GO:BP,GO:0051179,localization,0.6334496337310521,False,13,47,453,1708,ENSG00000128891 ENSG00000131558 ENSG00000162753 ENSG00000285982 ENSG00000078795 ENSG00000010810 ENSG00000007402 ENSG00000122986 ENSG00000155511 ENSG00000120903 ENSG00000157823 ENSG00000237649 ENSG00000168778,CCDC32 EXOC4 SLC9C2 ENSG00000285982 PKD2L2 FYN CACNA2D2 HVCN1 GRIA1 CHRNA2 AP3S2 KIFC1 TCTN2
GO:BP,GO:0032944,regulation of mononuclear cell proliferation,0.636096285179731,False,1,47,24,1708,ENSG00000115085,ZAP70
GO:BP,GO:0050670,regulation of lymphocyte proliferation,0.636096285179731,False,1,47,24,1708,ENSG00000115085,ZAP70
GO:BP,GO:0007051,spindle organization,0.636096285179731,False,1,47,24,1708,ENSG00000237649,KIFC1
GO:BP,GO:0010959,regulation of metal ion transport,0.636096285179731,False,1,47,24,1708,ENSG00000010810,FYN
GO:BP,GO:0045619,regulation of lymphocyte differentiation,0.636096285179731,False,1,47,24,1708,ENSG00000115085,ZAP70
GO:BP,GO:0009144,purine nucleoside triphosphate metabolic process,0.636096285179731,False,1,47,24,1708,ENSG00000111669,TPI1
GO:MF,GO:0008757,S-adenosylmethionine-dependent methyltransferase activity,0.6387190114961347,False,1,47,24,1708,ENSG00000104885,DOT1L
GO:CC,GO:0031901,early endosome membrane,0.6402888458656294,False,1,47,19,1708,ENSG00000155511,GRIA1
GO:BP,GO:0097190,apoptotic signaling pathway,0.6429916280570368,False,2,47,60,1708,ENSG00000010810 ENSG00000103811,FYN CTSH
GO:BP,GO:0007059,chromosome segregation,0.6429916280570368,False,2,47,60,1708,ENSG00000221914 ENSG00000237649,PPP2R2A KIFC1
GO:BP,GO:0042110,T cell activation,0.6429916280570368,False,2,47,60,1708,ENSG00000010810 ENSG00000115085,FYN ZAP70
GO:BP,GO:0008150,biological_process,0.6429916280570368,False,42,47,1503,1708,ENSG00000173114 ENSG00000128891 ENSG00000131558 ENSG00000162753 ENSG00000167074 ENSG00000285982 ENSG00000158106 ENSG00000169592 ENSG00000078795 ENSG00000066084 ENSG00000100354 ENSG00000166118 ENSG00000010810 ENSG00000103811 ENSG00000007402 ENSG00000112659 ENSG00000082153 ENSG00000122986 ENSG00000213654 ENSG00000155511 ENSG00000035499 ENSG00000124557 ENSG00000149131 ENSG00000023902 ENSG00000141002 ENSG00000120903 ENSG00000174579 ENSG00000104885 ENSG00000221914 ENSG00000187266 ENSG00000157823 ENSG00000237649 ENSG00000185619 ENSG00000113070 ENSG00000111669 ENSG00000167157 ENSG00000178093 ENSG00000196182 ENSG00000168778 ENSG00000147535 ENSG00000115085 ENSG00000171174,LRRN3 CCDC32 EXOC4 SLC9C2 TEF ENSG00000285982 RHPN1 INO80E PKD2L2 DIP2B TNRC6B SPATA19 FYN CTSH CACNA2D2 CUL9 BZW1 HVCN1 GPSM3 GRIA1 DEPDC1B BTN1A1 SERPING1 PLEKHO1 TCF25 CHRNA2 MSL2 DOT1L PPP2R2A EPOR AP3S2 KIFC1 PCGF3 HBEGF TPI1 PRRX2 TSSK6 STK40 TCTN2 PLPP5 ZAP70 RBKS
GO:BP,GO:0006887,exocytosis,0.6471234898063137,False,1,47,25,1708,ENSG00000131558,EXOC4
GO:BP,GO:0042113,B cell activation,0.6471234898063137,False,1,47,25,1708,ENSG00000115085,ZAP70
GO:BP,GO:1901136,carbohydrate derivative catabolic process,0.6471234898063137,False,1,47,25,1708,ENSG00000111669,TPI1
GO:BP,GO:0009141,nucleoside triphosphate metabolic process,0.6471234898063137,False,1,47,25,1708,ENSG00000111669,TPI1
GO:BP,GO:0000209,protein polyubiquitination,0.6471234898063137,False,1,47,25,1708,ENSG00000141002,TCF25
GO:BP,GO:0110053,regulation of actin filament organization,0.6471234898063137,False,1,47,25,1708,ENSG00000158106,RHPN1
GO:BP,GO:0009410,response to xenobiotic stimulus,0.6471234898063137,False,1,47,25,1708,ENSG00000155511,GRIA1
GO:BP,GO:0033993,response to lipid,0.647150758105524,False,2,47,61,1708,ENSG00000103811 ENSG00000155511,CTSH GRIA1
GO:BP,GO:0033365,protein localization to organelle,0.647150758105524,False,3,47,97,1708,ENSG00000010810 ENSG00000007402 ENSG00000168778,FYN CACNA2D2 TCTN2
GO:BP,GO:0032101,regulation of response to external stimulus,0.647150758105524,False,3,47,97,1708,ENSG00000010810 ENSG00000213654 ENSG00000149131,FYN GPSM3 SERPING1
GO:BP,GO:0000280,nuclear division,0.647150758105524,False,2,47,61,1708,ENSG00000112659 ENSG00000237649,CUL9 KIFC1
GO:BP,GO:0035295,tube development,0.6535670771116978,False,3,47,98,1708,ENSG00000010810 ENSG00000103811 ENSG00000196182,FYN CTSH STK40
GO:BP,GO:0051716,cellular response to stimulus,0.6535670771116978,False,17,47,605,1708,ENSG00000158106 ENSG00000169592 ENSG00000010810 ENSG00000103811 ENSG00000122986 ENSG00000213654 ENSG00000155511 ENSG00000035499 ENSG00000124557 ENSG00000120903 ENSG00000174579 ENSG00000104885 ENSG00000187266 ENSG00000113070 ENSG00000196182 ENSG00000168778 ENSG00000115085,RHPN1 INO80E FYN CTSH HVCN1 GPSM3 GRIA1 DEPDC1B BTN1A1 CHRNA2 MSL2 DOT1L EPOR HBEGF STK40 TCTN2 ZAP70
GO:CC,GO:0030496,midbody,0.6541195658175044,False,1,47,20,1708,ENSG00000131558,EXOC4
GO:CC,GO:1904949,ATPase complex,0.6541195658175044,False,1,47,20,1708,ENSG00000169592,INO80E
GO:CC,GO:0072562,blood microparticle,0.6541195658175044,False,1,47,20,1708,ENSG00000149131,SERPING1
GO:BP,GO:0009725,response to hormone,0.6550779630111683,False,2,47,62,1708,ENSG00000103811 ENSG00000155511,CTSH GRIA1
GO:BP,GO:0048514,blood vessel morphogenesis,0.6550779630111683,False,2,47,62,1708,ENSG00000010810 ENSG00000103811,FYN CTSH
GO:BP,GO:0000165,MAPK cascade,0.6550779630111683,False,2,47,62,1708,ENSG00000103811 ENSG00000196182,CTSH STK40
GO:CC,GO:0030141,secretory granule,0.6552142572995089,False,3,47,87,1708,ENSG00000103811 ENSG00000122986 ENSG00000149131,CTSH HVCN1 SERPING1
GO:BP,GO:0060485,mesenchyme development,0.6567420978214666,False,1,47,26,1708,ENSG00000131558,EXOC4
GO:BP,GO:0019882,antigen processing and presentation,0.6567420978214666,False,1,47,26,1708,ENSG00000103811,CTSH
GO:BP,GO:0042176,regulation of protein catabolic process,0.6567420978214666,False,1,47,26,1708,ENSG00000010810,FYN
GO:CC,GO:1902494,catalytic complex,0.6580236510968687,False,5,47,157,1708,ENSG00000169592 ENSG00000112659 ENSG00000174579 ENSG00000221914 ENSG00000185619,INO80E CUL9 MSL2 PPP2R2A PCGF3
GO:BP,GO:0032880,regulation of protein localization,0.6614543433583656,False,2,47,63,1708,ENSG00000010810 ENSG00000007402,FYN CACNA2D2
GO:BP,GO:0120035,regulation of plasma membrane bounded cell projection organization,0.6614543433583656,False,2,47,63,1708,ENSG00000066084 ENSG00000010810,DIP2B FYN
GO:BP,GO:0000226,microtubule cytoskeleton organization,0.6614543433583656,False,2,47,63,1708,ENSG00000112659 ENSG00000237649,CUL9 KIFC1
GO:BP,GO:0051247,positive regulation of protein metabolic process,0.6614543433583656,False,2,47,63,1708,ENSG00000066084 ENSG00000103811,DIP2B CTSH
GO:BP,GO:0032501,multicellular organismal process,0.6619065719380544,False,16,47,573,1708,ENSG00000173114 ENSG00000131558 ENSG00000169592 ENSG00000066084 ENSG00000010810 ENSG00000103811 ENSG00000007402 ENSG00000213654 ENSG00000155511 ENSG00000124557 ENSG00000149131 ENSG00000120903 ENSG00000187266 ENSG00000113070 ENSG00000196182 ENSG00000115085,LRRN3 EXOC4 INO80E DIP2B FYN CTSH CACNA2D2 GPSM3 GRIA1 BTN1A1 SERPING1 CHRNA2 EPOR HBEGF STK40 ZAP70
GO:BP,GO:0051276,chromosome organization,0.6619065719380544,False,3,47,100,1708,ENSG00000169592 ENSG00000104885 ENSG00000237649,INO80E DOT1L KIFC1
GO:BP,GO:0050877,nervous system process,0.6619065719380544,False,3,47,100,1708,ENSG00000010810 ENSG00000155511 ENSG00000120903,FYN GRIA1 CHRNA2
GO:BP,GO:0009987,cellular process,0.6619065719380544,False,41,47,1473,1708,ENSG00000173114 ENSG00000128891 ENSG00000131558 ENSG00000162753 ENSG00000167074 ENSG00000285982 ENSG00000158106 ENSG00000169592 ENSG00000078795 ENSG00000066084 ENSG00000100354 ENSG00000166118 ENSG00000010810 ENSG00000103811 ENSG00000007402 ENSG00000112659 ENSG00000082153 ENSG00000122986 ENSG00000213654 ENSG00000155511 ENSG00000035499 ENSG00000124557 ENSG00000023902 ENSG00000141002 ENSG00000120903 ENSG00000174579 ENSG00000104885 ENSG00000221914 ENSG00000187266 ENSG00000157823 ENSG00000237649 ENSG00000185619 ENSG00000113070 ENSG00000111669 ENSG00000167157 ENSG00000178093 ENSG00000196182 ENSG00000168778 ENSG00000147535 ENSG00000115085 ENSG00000171174,LRRN3 CCDC32 EXOC4 SLC9C2 TEF ENSG00000285982 RHPN1 INO80E PKD2L2 DIP2B TNRC6B SPATA19 FYN CTSH CACNA2D2 CUL9 BZW1 HVCN1 GPSM3 GRIA1 DEPDC1B BTN1A1 PLEKHO1 TCF25 CHRNA2 MSL2 DOT1L PPP2R2A EPOR AP3S2 KIFC1 PCGF3 HBEGF TPI1 PRRX2 TSSK6 STK40 TCTN2 PLPP5 ZAP70 RBKS
GO:CC,GO:0098793,presynapse,0.6621261453889062,False,2,47,54,1708,ENSG00000007402 ENSG00000155511,CACNA2D2 GRIA1
GO:CC,GO:0008021,synaptic vesicle,0.663069040238216,False,1,47,21,1708,ENSG00000155511,GRIA1
GO:BP,GO:0051896,regulation of phosphatidylinositol 3-kinase/protein kinase B signal transduction,0.6649870488667814,False,1,47,27,1708,ENSG00000113070,HBEGF
GO:BP,GO:0046434,organophosphate catabolic process,0.6649870488667814,False,1,47,27,1708,ENSG00000111669,TPI1
GO:BP,GO:0043434,response to peptide hormone,0.6649870488667814,False,1,47,27,1708,ENSG00000155511,GRIA1
GO:BP,GO:0009060,aerobic respiration,0.6649870488667814,False,1,47,27,1708,ENSG00000111669,TPI1
GO:BP,GO:0006066,alcohol metabolic process,0.6649870488667814,False,1,47,27,1708,ENSG00000111669,TPI1
GO:BP,GO:0031344,regulation of cell projection organization,0.6656043485863253,False,2,47,64,1708,ENSG00000066084 ENSG00000010810,DIP2B FYN
GO:CC,GO:0005741,mitochondrial outer membrane,0.6696290175906024,False,1,47,22,1708,ENSG00000166118,SPATA19
GO:CC,GO:0070382,exocytic vesicle,0.6696290175906024,False,1,47,22,1708,ENSG00000155511,GRIA1
GO:CC,GO:0030659,cytoplasmic vesicle membrane,0.6696290175906024,False,4,47,125,1708,ENSG00000122986 ENSG00000155511 ENSG00000157823 ENSG00000113070,HVCN1 GRIA1 AP3S2 HBEGF
GO:CC,GO:0098552,side of membrane,0.6696290175906024,False,3,47,91,1708,ENSG00000155511 ENSG00000124557 ENSG00000187266,GRIA1 BTN1A1 EPOR
GO:CC,GO:0012506,vesicle membrane,0.6696290175906024,False,4,47,126,1708,ENSG00000122986 ENSG00000155511 ENSG00000157823 ENSG00000113070,HVCN1 GRIA1 AP3S2 HBEGF
GO:BP,GO:0051301,cell division,0.6718993777259689,False,2,47,65,1708,ENSG00000131558 ENSG00000237649,EXOC4 KIFC1
GO:BP,GO:0070663,regulation of leukocyte proliferation,0.6718993777259689,False,1,47,28,1708,ENSG00000115085,ZAP70
GO:BP,GO:0045893,positive regulation of DNA-templated transcription,0.6718993777259689,False,4,47,139,1708,ENSG00000167074 ENSG00000169592 ENSG00000174579 ENSG00000104885,TEF INO80E MSL2 DOT1L
GO:BP,GO:1903311,regulation of mRNA metabolic process,0.6718993777259689,False,1,47,28,1708,ENSG00000100354,TNRC6B
GO:BP,GO:0060271,cilium assembly,0.6718993777259689,False,1,47,28,1708,ENSG00000168778,TCTN2
GO:BP,GO:0048285,organelle fission,0.6718993777259689,False,2,47,65,1708,ENSG00000112659 ENSG00000237649,CUL9 KIFC1
GO:BP,GO:0061024,membrane organization,0.6718993777259689,False,2,47,65,1708,ENSG00000131558 ENSG00000157823,EXOC4 AP3S2
GO:BP,GO:1902680,positive regulation of RNA biosynthetic process,0.6718993777259689,False,4,47,139,1708,ENSG00000167074 ENSG00000169592 ENSG00000174579 ENSG00000104885,TEF INO80E MSL2 DOT1L
GO:BP,GO:2001234,negative regulation of apoptotic signaling pathway,0.6718993777259689,False,1,47,28,1708,ENSG00000010810,FYN
GO:BP,GO:0050767,regulation of neurogenesis,0.6718993777259689,False,1,47,28,1708,ENSG00000066084,DIP2B
GO:BP,GO:0032259,methylation,0.6718993777259689,False,1,47,28,1708,ENSG00000104885,DOT1L
GO:BP,GO:0032103,positive regulation of response to external stimulus,0.6718993777259689,False,2,47,65,1708,ENSG00000010810 ENSG00000213654,FYN GPSM3
GO:BP,GO:0031401,positive regulation of protein modification process,0.6718993777259689,False,1,47,28,1708,ENSG00000066084,DIP2B
GO:BP,GO:0000278,mitotic cell cycle,0.6721684798533739,False,3,47,103,1708,ENSG00000131558 ENSG00000112659 ENSG00000237649,EXOC4 CUL9 KIFC1
GO:BP,GO:0019953,sexual reproduction,0.6721684798533739,False,3,47,103,1708,ENSG00000166118 ENSG00000122986 ENSG00000178093,SPATA19 HVCN1 TSSK6
GO:BP,GO:0072359,circulatory system development,0.6721684798533739,False,3,47,103,1708,ENSG00000010810 ENSG00000103811 ENSG00000187266,FYN CTSH EPOR
GO:BP,GO:0045087,innate immune response,0.6721684798533739,False,3,47,103,1708,ENSG00000010810 ENSG00000122986 ENSG00000149131,FYN HVCN1 SERPING1
GO:MF,GO:0005096,GTPase activator activity,0.6722614431973594,False,1,47,26,1708,ENSG00000035499,DEPDC1B
GO:BP,GO:0002252,immune effector process,0.6746064864428686,False,2,47,66,1708,ENSG00000103811 ENSG00000149131,CTSH SERPING1
GO:CC,GO:0098978,glutamatergic synapse,0.677582578269897,False,2,47,57,1708,ENSG00000155511 ENSG00000221914,GRIA1 PPP2R2A
GO:BP,GO:0031647,regulation of protein stability,0.6808466390434011,False,1,47,29,1708,ENSG00000103811,CTSH
GO:BP,GO:1990778,protein localization to cell periphery,0.6808466390434011,False,1,47,29,1708,ENSG00000007402,CACNA2D2
GO:BP,GO:0070201,regulation of establishment of protein localization,0.6808466390434011,False,1,47,29,1708,ENSG00000010810,FYN
GO:BP,GO:0006402,mRNA catabolic process,0.6808466390434011,False,1,47,29,1708,ENSG00000100354,TNRC6B
GO:BP,GO:0045333,cellular respiration,0.6808466390434011,False,1,47,29,1708,ENSG00000111669,TPI1
GO:MF,GO:0042803,protein homodimerization activity,0.6819838582746214,False,2,47,64,1708,ENSG00000122986 ENSG00000111669,HVCN1 TPI1
GO:MF,GO:0008017,microtubule binding,0.6819838582746214,False,1,47,27,1708,ENSG00000237649,KIFC1
GO:MF,GO:0005539,glycosaminoglycan binding,0.6819838582746214,False,1,47,27,1708,ENSG00000113070,HBEGF
GO:MF,GO:0003824,catalytic activity,0.6883921300735562,False,13,47,468,1708,ENSG00000010810 ENSG00000103811 ENSG00000112659 ENSG00000174579 ENSG00000104885 ENSG00000237649 ENSG00000185619 ENSG00000111669 ENSG00000178093 ENSG00000196182 ENSG00000147535 ENSG00000115085 ENSG00000171174,FYN CTSH CUL9 MSL2 DOT1L KIFC1 PCGF3 TPI1 TSSK6 STK40 PLPP5 ZAP70 RBKS
GO:MF,GO:0008168,methyltransferase activity,0.6883921300735562,False,1,47,28,1708,ENSG00000104885,DOT1L
GO:MF,GO:0016741,"transferase activity, transferring one-carbon groups",0.6883921300735562,False,1,47,28,1708,ENSG00000104885,DOT1L
GO:BP,GO:0043491,phosphatidylinositol 3-kinase/protein kinase B signal transduction,0.6898684713974937,False,1,47,30,1708,ENSG00000113070,HBEGF
GO:BP,GO:0140546,defense response to symbiont,0.6898684713974937,False,3,47,106,1708,ENSG00000010810 ENSG00000122986 ENSG00000149131,FYN HVCN1 SERPING1
GO:BP,GO:0006282,regulation of DNA repair,0.6898684713974937,False,1,47,30,1708,ENSG00000169592,INO80E
GO:BP,GO:0002376,immune system process,0.6898684713974937,False,7,47,255,1708,ENSG00000010810 ENSG00000103811 ENSG00000122986 ENSG00000213654 ENSG00000124557 ENSG00000149131 ENSG00000115085,FYN CTSH HVCN1 GPSM3 BTN1A1 SERPING1 ZAP70
GO:BP,GO:1901988,negative regulation of cell cycle phase transition,0.6898684713974937,False,1,47,30,1708,ENSG00000104885,DOT1L
GO:BP,GO:0030111,regulation of Wnt signaling pathway,0.6898684713974937,False,1,47,30,1708,ENSG00000035499,DEPDC1B
GO:BP,GO:1902105,regulation of leukocyte differentiation,0.6898684713974937,False,1,47,30,1708,ENSG00000115085,ZAP70
GO:BP,GO:0097193,intrinsic apoptotic signaling pathway,0.6898684713974937,False,1,47,30,1708,ENSG00000010810,FYN
GO:BP,GO:0009719,response to endogenous stimulus,0.6898684713974937,False,3,47,106,1708,ENSG00000010810 ENSG00000103811 ENSG00000155511,FYN CTSH GRIA1
GO:BP,GO:0010628,positive regulation of gene expression,0.6919448848494334,False,3,47,107,1708,ENSG00000103811 ENSG00000213654 ENSG00000155511,CTSH GPSM3 GRIA1
GO:BP,GO:0050896,response to stimulus,0.6919448848494334,False,20,47,732,1708,ENSG00000158106 ENSG00000169592 ENSG00000078795 ENSG00000010810 ENSG00000103811 ENSG00000122986 ENSG00000213654 ENSG00000155511 ENSG00000035499 ENSG00000124557 ENSG00000149131 ENSG00000120903 ENSG00000174579 ENSG00000104885 ENSG00000221914 ENSG00000187266 ENSG00000113070 ENSG00000196182 ENSG00000168778 ENSG00000115085,RHPN1 INO80E PKD2L2 FYN CTSH HVCN1 GPSM3 GRIA1 DEPDC1B BTN1A1 SERPING1 CHRNA2 MSL2 DOT1L PPP2R2A EPOR HBEGF STK40 TCTN2 ZAP70
GO:BP,GO:0051130,positive regulation of cellular component organization,0.6919448848494334,False,3,47,107,1708,ENSG00000173114 ENSG00000169592 ENSG00000010810,LRRN3 INO80E FYN
GO:BP,GO:0008283,cell population proliferation,0.6919448848494334,False,5,47,182,1708,ENSG00000010810 ENSG00000103811 ENSG00000187266 ENSG00000113070 ENSG00000115085,FYN CTSH EPOR HBEGF ZAP70
GO:BP,GO:0030100,regulation of endocytosis,0.6954828201374063,False,1,47,31,1708,ENSG00000128891,CCDC32
GO:BP,GO:0006954,inflammatory response,0.6954828201374063,False,2,47,70,1708,ENSG00000010810 ENSG00000213654,FYN GPSM3
GO:BP,GO:0080090,regulation of primary metabolic process,0.6954828201374063,False,12,47,443,1708,ENSG00000167074 ENSG00000169592 ENSG00000066084 ENSG00000100354 ENSG00000010810 ENSG00000103811 ENSG00000082153 ENSG00000141002 ENSG00000174579 ENSG00000104885 ENSG00000185619 ENSG00000167157,TEF INO80E DIP2B TNRC6B FYN CTSH BZW1 TCF25 MSL2 DOT1L PCGF3 PRRX2
GO:BP,GO:0007276,gamete generation,0.6954828201374063,False,2,47,70,1708,ENSG00000166118 ENSG00000178093,SPATA19 TSSK6
GO:BP,GO:0007167,enzyme-linked receptor protein signaling pathway,0.6954828201374063,False,2,47,70,1708,ENSG00000010810 ENSG00000113070,FYN HBEGF
GO:BP,GO:0009150,purine ribonucleotide metabolic process,0.6954828201374063,False,1,47,31,1708,ENSG00000111669,TPI1
GO:BP,GO:0060562,epithelial tube morphogenesis,0.6954828201374063,False,1,47,31,1708,ENSG00000103811,CTSH
GO:BP,GO:0031346,positive regulation of cell projection organization,0.6954828201374063,False,1,47,31,1708,ENSG00000010810,FYN
GO:BP,GO:0098542,defense response to other organism,0.6954828201374063,False,3,47,108,1708,ENSG00000010810 ENSG00000122986 ENSG00000149131,FYN HVCN1 SERPING1
GO:BP,GO:0007517,muscle organ development,0.6954828201374063,False,1,47,31,1708,ENSG00000113070,HBEGF
GO:BP,GO:0007165,signal transduction,0.700052263665245,False,13,47,481,1708,ENSG00000158106 ENSG00000010810 ENSG00000103811 ENSG00000155511 ENSG00000035499 ENSG00000124557 ENSG00000120903 ENSG00000104885 ENSG00000187266 ENSG00000113070 ENSG00000196182 ENSG00000168778 ENSG00000115085,RHPN1 FYN CTSH GRIA1 DEPDC1B BTN1A1 CHRNA2 DOT1L EPOR HBEGF STK40 TCTN2 ZAP70
GO:MF,GO:0042578,phosphoric ester hydrolase activity,0.7014420826465031,False,1,47,29,1708,ENSG00000147535,PLPP5
GO:BP,GO:0006959,humoral immune response,0.7028904416708481,False,1,47,32,1708,ENSG00000149131,SERPING1
GO:BP,GO:0000070,mitotic sister chromatid segregation,0.7028904416708481,False,1,47,32,1708,ENSG00000237649,KIFC1
GO:BP,GO:0016050,vesicle organization,0.7028904416708481,False,1,47,32,1708,ENSG00000157823,AP3S2
GO:BP,GO:0006974,DNA damage response,0.7028904416708481,False,3,47,110,1708,ENSG00000169592 ENSG00000174579 ENSG00000104885,INO80E MSL2 DOT1L
GO:BP,GO:0006401,RNA catabolic process,0.7028904416708481,False,1,47,32,1708,ENSG00000100354,TNRC6B
GO:BP,GO:0033044,regulation of chromosome organization,0.7028904416708481,False,1,47,32,1708,ENSG00000169592,INO80E
GO:BP,GO:0032879,regulation of localization,0.7028904416708481,False,4,47,148,1708,ENSG00000128891 ENSG00000010810 ENSG00000007402 ENSG00000155511,CCDC32 FYN CACNA2D2 GRIA1
GO:BP,GO:0009259,ribonucleotide metabolic process,0.7028904416708481,False,1,47,32,1708,ENSG00000111669,TPI1
GO:BP,GO:0001568,blood vessel development,0.707428727316144,False,2,47,72,1708,ENSG00000010810 ENSG00000103811,FYN CTSH
GO:MF,GO:0031267,small GTPase binding,0.7078935216150369,False,1,47,30,1708,ENSG00000155511,GRIA1
GO:MF,GO:1901681,sulfur compound binding,0.7078935216150369,False,1,47,30,1708,ENSG00000113070,HBEGF
GO:MF,GO:0120543,macromolecular conformation isomerase activity,0.7078935216150369,False,1,47,30,1708,ENSG00000237649,KIFC1
GO:BP,GO:0071214,cellular response to abiotic stimulus,0.7102904074683369,False,1,47,33,1708,ENSG00000122986,HVCN1
GO:BP,GO:0006644,phospholipid metabolic process,0.7102904074683369,False,1,47,33,1708,ENSG00000147535,PLPP5
GO:BP,GO:0034504,protein localization to nucleus,0.7102904074683369,False,1,47,33,1708,ENSG00000010810,FYN
GO:BP,GO:0141188,nucleic acid catabolic process,0.7102904074683369,False,1,47,33,1708,ENSG00000100354,TNRC6B
GO:BP,GO:0031667,response to nutrient levels,0.7102904074683369,False,1,47,33,1708,ENSG00000155511,GRIA1
GO:BP,GO:0019693,ribose phosphate metabolic process,0.7102904074683369,False,1,47,33,1708,ENSG00000111669,TPI1
GO:BP,GO:0010948,negative regulation of cell cycle process,0.7102904074683369,False,1,47,33,1708,ENSG00000104885,DOT1L
GO:BP,GO:0104004,cellular response to environmental stimulus,0.7102904074683369,False,1,47,33,1708,ENSG00000122986,HVCN1
GO:CC,GO:0019867,outer membrane,0.715222733842371,False,1,47,25,1708,ENSG00000166118,SPATA19
GO:CC,GO:0150034,distal axon,0.715222733842371,False,1,47,25,1708,ENSG00000131558,EXOC4
GO:CC,GO:0031968,organelle outer membrane,0.715222733842371,False,1,47,25,1708,ENSG00000166118,SPATA19
GO:CC,GO:0072686,mitotic spindle,0.7182230317561532,False,1,47,26,1708,ENSG00000237649,KIFC1
GO:CC,GO:0055037,recycling endosome,0.7182230317561532,False,1,47,26,1708,ENSG00000155511,GRIA1
GO:CC,GO:0099080,supramolecular complex,0.7182230317561532,False,5,47,172,1708,ENSG00000100354 ENSG00000010810 ENSG00000103811 ENSG00000187266 ENSG00000237649,TNRC6B FYN CTSH EPOR KIFC1
GO:CC,GO:0005938,cell cortex,0.7182230317561532,False,1,47,26,1708,ENSG00000131558,EXOC4
GO:CC,GO:0030667,secretory granule membrane,0.7182230317561532,False,1,47,26,1708,ENSG00000122986,HVCN1
GO:BP,GO:0032535,regulation of cellular component size,0.7205691559909287,False,1,47,34,1708,ENSG00000066084,DIP2B
GO:BP,GO:0050878,regulation of body fluid levels,0.7205691559909287,False,1,47,34,1708,ENSG00000149131,SERPING1
GO:BP,GO:0002758,innate immune response-activating signaling pathway,0.7205691559909287,False,1,47,34,1708,ENSG00000010810,FYN
GO:BP,GO:0043085,positive regulation of catalytic activity,0.7205691559909287,False,1,47,34,1708,ENSG00000103811,CTSH
GO:BP,GO:0042127,regulation of cell population proliferation,0.7241386756584762,False,4,47,153,1708,ENSG00000103811 ENSG00000187266 ENSG00000113070 ENSG00000115085,CTSH EPOR HBEGF ZAP70
GO:BP,GO:1901135,carbohydrate derivative metabolic process,0.724665960238805,False,2,47,75,1708,ENSG00000111669 ENSG00000171174,TPI1 RBKS
GO:BP,GO:0019221,cytokine-mediated signaling pathway,0.7276936602281158,False,1,47,35,1708,ENSG00000187266,EPOR
GO:BP,GO:0032956,regulation of actin cytoskeleton organization,0.7276936602281158,False,1,47,35,1708,ENSG00000158106,RHPN1
GO:BP,GO:0030217,T cell differentiation,0.7276936602281158,False,1,47,35,1708,ENSG00000115085,ZAP70
GO:BP,GO:0009895,negative regulation of catabolic process,0.7276936602281158,False,1,47,35,1708,ENSG00000010810,FYN
GO:BP,GO:0007281,germ cell development,0.7276936602281158,False,1,47,35,1708,ENSG00000178093,TSSK6
GO:BP,GO:0042981,regulation of apoptotic process,0.7276936602281158,False,3,47,115,1708,ENSG00000010810 ENSG00000103811 ENSG00000196182,FYN CTSH STK40
GO:BP,GO:0001944,vasculature development,0.7277976635717152,False,2,47,76,1708,ENSG00000010810 ENSG00000103811,FYN CTSH
GO:BP,GO:0046649,lymphocyte activation,0.7277976635717152,False,2,47,76,1708,ENSG00000010810 ENSG00000115085,FYN ZAP70
GO:BP,GO:0033043,regulation of organelle organization,0.7296588808488373,False,3,47,116,1708,ENSG00000158106 ENSG00000169592 ENSG00000112659,RHPN1 INO80E CUL9
GO:BP,GO:0002697,regulation of immune effector process,0.7303180794009476,False,1,47,36,1708,ENSG00000149131,SERPING1
GO:BP,GO:0002218,activation of innate immune response,0.7303180794009476,False,1,47,36,1708,ENSG00000010810,FYN
GO:BP,GO:0051054,positive regulation of DNA metabolic process,0.7303180794009476,False,1,47,36,1708,ENSG00000169592,INO80E
GO:BP,GO:0022412,cellular process involved in reproduction in multicellular organism,0.7303180794009476,False,1,47,36,1708,ENSG00000178093,TSSK6
GO:BP,GO:0006260,DNA replication,0.7303180794009476,False,1,47,36,1708,ENSG00000169592,INO80E
GO:BP,GO:0030155,regulation of cell adhesion,0.7303180794009476,False,2,47,77,1708,ENSG00000010810 ENSG00000115085,FYN ZAP70
GO:BP,GO:0001817,regulation of cytokine production,0.7303180794009476,False,2,47,77,1708,ENSG00000213654 ENSG00000124557,GPSM3 BTN1A1
GO:BP,GO:0016236,macroautophagy,0.7303180794009476,False,1,47,36,1708,ENSG00000131558,EXOC4
GO:BP,GO:0010506,regulation of autophagy,0.7303180794009476,False,1,47,36,1708,ENSG00000131558,EXOC4
GO:BP,GO:0006979,response to oxidative stress,0.7303180794009476,False,1,47,36,1708,ENSG00000010810,FYN
GO:BP,GO:0001816,cytokine production,0.7303180794009476,False,2,47,77,1708,ENSG00000213654 ENSG00000124557,GPSM3 BTN1A1
GO:MF,GO:0003713,transcription coactivator activity,0.7311806492486098,False,1,47,32,1708,ENSG00000104885,DOT1L
GO:MF,GO:0060090,molecular adaptor activity,0.7311806492486098,False,3,47,110,1708,ENSG00000174579 ENSG00000104885 ENSG00000221914,MSL2 DOT1L PPP2R2A
GO:BP,GO:0007275,multicellular organism development,0.7330095419723374,False,10,47,385,1708,ENSG00000173114 ENSG00000131558 ENSG00000169592 ENSG00000066084 ENSG00000010810 ENSG00000103811 ENSG00000155511 ENSG00000187266 ENSG00000196182 ENSG00000115085,LRRN3 EXOC4 INO80E DIP2B FYN CTSH GRIA1 EPOR STK40 ZAP70
GO:CC,GO:0110165,cellular anatomical structure,0.7381237812482898,False,45,47,1617,1708,ENSG00000173114 ENSG00000128891 ENSG00000131558 ENSG00000162753 ENSG00000197465 ENSG00000167074 ENSG00000285982 ENSG00000158106 ENSG00000169592 ENSG00000153406 ENSG00000078795 ENSG00000066084 ENSG00000100354 ENSG00000166118 ENSG00000010810 ENSG00000103811 ENSG00000007402 ENSG00000112659 ENSG00000161652 ENSG00000082153 ENSG00000122986 ENSG00000213654 ENSG00000168631 ENSG00000155511 ENSG00000124557 ENSG00000149131 ENSG00000023902 ENSG00000141002 ENSG00000120903 ENSG00000174579 ENSG00000104885 ENSG00000221914 ENSG00000187266 ENSG00000157823 ENSG00000237649 ENSG00000185619 ENSG00000113070 ENSG00000111669 ENSG00000167157 ENSG00000178093 ENSG00000196182 ENSG00000168778 ENSG00000147535 ENSG00000115085 ENSG00000171174,LRRN3 CCDC32 EXOC4 SLC9C2 GYPE TEF ENSG00000285982 RHPN1 INO80E NMRAL1 PKD2L2 DIP2B TNRC6B SPATA19 FYN CTSH CACNA2D2 CUL9 IZUMO2 BZW1 HVCN1 GPSM3 MUCL3 GRIA1 BTN1A1 SERPING1 PLEKHO1 TCF25 CHRNA2 MSL2 DOT1L PPP2R2A EPOR AP3S2 KIFC1 PCGF3 HBEGF TPI1 PRRX2 TSSK6 STK40 TCTN2 PLPP5 ZAP70 RBKS
GO:BP,GO:0009888,tissue development,0.7388210766923481,False,4,47,158,1708,ENSG00000131558 ENSG00000103811 ENSG00000187266 ENSG00000113070,EXOC4 CTSH EPOR HBEGF
GO:MF,GO:0048018,receptor ligand activity,0.7389896581020894,False,1,47,33,1708,ENSG00000113070,HBEGF
GO:MF,GO:0051020,GTPase binding,0.7389896581020894,False,1,47,33,1708,ENSG00000155511,GRIA1
GO:BP,GO:0043067,regulation of programmed cell death,0.739147013299801,False,3,47,119,1708,ENSG00000010810 ENSG00000103811 ENSG00000196182,FYN CTSH STK40
GO:BP,GO:0016055,Wnt signaling pathway,0.739147013299801,False,1,47,37,1708,ENSG00000035499,DEPDC1B
GO:BP,GO:0022411,cellular component disassembly,0.739147013299801,False,1,47,37,1708,ENSG00000141002,TCF25
GO:CC,GO:0099513,polymeric cytoskeletal fiber,0.7397478583075715,False,2,47,65,1708,ENSG00000010810 ENSG00000237649,FYN KIFC1
GO:CC,GO:0005788,endoplasmic reticulum lumen,0.740742944901063,False,1,47,28,1708,ENSG00000149131,SERPING1
GO:CC,GO:0032991,protein-containing complex,0.7455828171614169,False,16,47,581,1708,ENSG00000131558 ENSG00000169592 ENSG00000007402 ENSG00000112659 ENSG00000122986 ENSG00000155511 ENSG00000141002 ENSG00000120903 ENSG00000174579 ENSG00000104885 ENSG00000221914 ENSG00000157823 ENSG00000237649 ENSG00000185619 ENSG00000168778 ENSG00000115085,EXOC4 INO80E CACNA2D2 CUL9 HVCN1 GRIA1 TCF25 CHRNA2 MSL2 DOT1L PPP2R2A AP3S2 KIFC1 PCGF3 TCTN2 ZAP70
GO:CC,GO:0005829,cytosol,0.7455828171614169,False,14,47,508,1708,ENSG00000131558 ENSG00000158106 ENSG00000153406 ENSG00000100354 ENSG00000010810 ENSG00000103811 ENSG00000112659 ENSG00000155511 ENSG00000141002 ENSG00000221914 ENSG00000111669 ENSG00000196182 ENSG00000115085 ENSG00000171174,EXOC4 RHPN1 NMRAL1 TNRC6B FYN CTSH CUL9 GRIA1 TCF25 PPP2R2A TPI1 STK40 ZAP70 RBKS
GO:MF,GO:0022804,active transmembrane transporter activity,0.746290956491053,False,1,47,34,1708,ENSG00000162753,SLC9C2
GO:MF,GO:0004857,enzyme inhibitor activity,0.746290956491053,False,1,47,34,1708,ENSG00000149131,SERPING1
GO:CC,GO:0048471,perinuclear region of cytoplasm,0.7472258996218641,False,2,47,67,1708,ENSG00000153406 ENSG00000010810,NMRAL1 FYN
GO:BP,GO:1903829,positive regulation of protein localization,0.7478265006568566,False,1,47,38,1708,ENSG00000010810,FYN
GO:BP,GO:0006281,DNA repair,0.7478265006568566,False,2,47,80,1708,ENSG00000169592 ENSG00000104885,INO80E DOT1L
GO:BP,GO:0032970,regulation of actin filament-based process,0.7478265006568566,False,1,47,38,1708,ENSG00000158106,RHPN1
GO:BP,GO:0051049,regulation of transport,0.7494866618257986,False,3,47,121,1708,ENSG00000128891 ENSG00000010810 ENSG00000155511,CCDC32 FYN GRIA1
GO:MF,GO:0030546,signaling receptor activator activity,0.753107124055096,False,1,47,35,1708,ENSG00000113070,HBEGF
GO:MF,GO:0061629,RNA polymerase II-specific DNA-binding transcription factor binding,0.753107124055096,False,1,47,35,1708,ENSG00000104885,DOT1L
GO:BP,GO:1901137,carbohydrate derivative biosynthetic process,0.7532755194433557,False,1,47,39,1708,ENSG00000111669,TPI1
GO:BP,GO:0007507,heart development,0.7532755194433557,False,1,47,39,1708,ENSG00000187266,EPOR
GO:BP,GO:0010639,negative regulation of organelle organization,0.7532755194433557,False,1,47,39,1708,ENSG00000158106,RHPN1
GO:BP,GO:0010720,positive regulation of cell development,0.7532755194433557,False,1,47,39,1708,ENSG00000115085,ZAP70
GO:BP,GO:0000819,sister chromatid segregation,0.7532755194433557,False,1,47,39,1708,ENSG00000237649,KIFC1
GO:BP,GO:0090407,organophosphate biosynthetic process,0.7532755194433557,False,1,47,39,1708,ENSG00000111669,TPI1
GO:BP,GO:0120031,plasma membrane bounded cell projection assembly,0.7532755194433557,False,1,47,39,1708,ENSG00000168778,TCTN2
GO:CC,GO:0005737,cytoplasm,0.7554890928635565,False,29,47,1055,1708,ENSG00000131558 ENSG00000158106 ENSG00000153406 ENSG00000066084 ENSG00000100354 ENSG00000166118 ENSG00000010810 ENSG00000103811 ENSG00000112659 ENSG00000082153 ENSG00000122986 ENSG00000213654 ENSG00000155511 ENSG00000149131 ENSG00000023902 ENSG00000141002 ENSG00000120903 ENSG00000104885 ENSG00000221914 ENSG00000157823 ENSG00000237649 ENSG00000113070 ENSG00000111669 ENSG00000178093 ENSG00000196182 ENSG00000168778 ENSG00000147535 ENSG00000115085 ENSG00000171174,EXOC4 RHPN1 NMRAL1 DIP2B TNRC6B SPATA19 FYN CTSH CUL9 BZW1 HVCN1 GPSM3 GRIA1 SERPING1 PLEKHO1 TCF25 CHRNA2 DOT1L PPP2R2A AP3S2 KIFC1 HBEGF TPI1 TSSK6 STK40 TCTN2 PLPP5 ZAP70 RBKS
GO:CC,GO:0000228,nuclear chromosome,0.7554890928635565,False,1,47,30,1708,ENSG00000169592,INO80E
GO:BP,GO:0035239,tube morphogenesis,0.7559481764389244,False,2,47,82,1708,ENSG00000010810 ENSG00000103811,FYN CTSH
GO:MF,GO:0004175,endopeptidase activity,0.7564088598433231,False,1,47,36,1708,ENSG00000103811,CTSH
GO:MF,GO:0016462,pyrophosphatase activity,0.7564088598433231,False,2,47,78,1708,ENSG00000237649 ENSG00000147535,KIFC1 PLPP5
GO:MF,GO:0042277,peptide binding,0.7564088598433231,False,1,47,36,1708,ENSG00000155511,GRIA1
GO:MF,GO:0016818,"hydrolase activity, acting on acid anhydrides, in phosphorus-containing anhydrides",0.7564088598433231,False,2,47,78,1708,ENSG00000237649 ENSG00000147535,KIFC1 PLPP5
GO:MF,GO:0016817,"hydrolase activity, acting on acid anhydrides",0.7564088598433231,False,2,47,78,1708,ENSG00000237649 ENSG00000147535,KIFC1 PLPP5
GO:CC,GO:0005575,cellular_component,0.7578601176657979,False,45,47,1622,1708,ENSG00000173114 ENSG00000128891 ENSG00000131558 ENSG00000162753 ENSG00000197465 ENSG00000167074 ENSG00000285982 ENSG00000158106 ENSG00000169592 ENSG00000153406 ENSG00000078795 ENSG00000066084 ENSG00000100354 ENSG00000166118 ENSG00000010810 ENSG00000103811 ENSG00000007402 ENSG00000112659 ENSG00000161652 ENSG00000082153 ENSG00000122986 ENSG00000213654 ENSG00000168631 ENSG00000155511 ENSG00000124557 ENSG00000149131 ENSG00000023902 ENSG00000141002 ENSG00000120903 ENSG00000174579 ENSG00000104885 ENSG00000221914 ENSG00000187266 ENSG00000157823 ENSG00000237649 ENSG00000185619 ENSG00000113070 ENSG00000111669 ENSG00000167157 ENSG00000178093 ENSG00000196182 ENSG00000168778 ENSG00000147535 ENSG00000115085 ENSG00000171174,LRRN3 CCDC32 EXOC4 SLC9C2 GYPE TEF ENSG00000285982 RHPN1 INO80E NMRAL1 PKD2L2 DIP2B TNRC6B SPATA19 FYN CTSH CACNA2D2 CUL9 IZUMO2 BZW1 HVCN1 GPSM3 MUCL3 GRIA1 BTN1A1 SERPING1 PLEKHO1 TCF25 CHRNA2 MSL2 DOT1L PPP2R2A EPOR AP3S2 KIFC1 PCGF3 HBEGF TPI1 PRRX2 TSSK6 STK40 TCTN2 PLPP5 ZAP70 RBKS
GO:BP,GO:0045786,negative regulation of cell cycle,0.7617768869343027,False,1,47,40,1708,ENSG00000104885,DOT1L
GO:BP,GO:0006952,defense response,0.7617768869343027,False,4,47,164,1708,ENSG00000010810 ENSG00000122986 ENSG00000213654 ENSG00000149131,FYN HVCN1 GPSM3 SERPING1
GO:BP,GO:0007015,actin filament organization,0.7671751596538824,False,1,47,41,1708,ENSG00000158106,RHPN1
GO:BP,GO:0098609,cell-cell adhesion,0.7671751596538824,False,2,47,84,1708,ENSG00000010810 ENSG00000115085,FYN ZAP70
GO:BP,GO:0030031,cell projection assembly,0.7671751596538824,False,1,47,41,1708,ENSG00000168778,TCTN2
GO:BP,GO:0140694,membraneless organelle assembly,0.7671751596538824,False,1,47,41,1708,ENSG00000237649,KIFC1
GO:BP,GO:0045089,positive regulation of innate immune response,0.7671751596538824,False,1,47,41,1708,ENSG00000010810,FYN
GO:BP,GO:0090066,regulation of anatomical structure size,0.7671751596538824,False,1,47,41,1708,ENSG00000066084,DIP2B
GO:BP,GO:0007399,nervous system development,0.7671751596538824,False,5,47,205,1708,ENSG00000173114 ENSG00000066084 ENSG00000010810 ENSG00000155511 ENSG00000187266,LRRN3 DIP2B FYN GRIA1 EPOR
GO:BP,GO:0031175,neuron projection development,0.7709890622494322,False,2,47,85,1708,ENSG00000066084 ENSG00000010810,DIP2B FYN
GO:BP,GO:0010467,gene expression,0.7730935350130634,False,15,47,587,1708,ENSG00000167074 ENSG00000169592 ENSG00000100354 ENSG00000010810 ENSG00000103811 ENSG00000082153 ENSG00000213654 ENSG00000155511 ENSG00000124557 ENSG00000141002 ENSG00000174579 ENSG00000104885 ENSG00000185619 ENSG00000167157 ENSG00000196182,TEF INO80E TNRC6B FYN CTSH BZW1 GPSM3 GRIA1 BTN1A1 TCF25 MSL2 DOT1L PCGF3 PRRX2 STK40
GO:BP,GO:1902903,regulation of supramolecular fiber organization,0.773607985039233,False,1,47,42,1708,ENSG00000158106,RHPN1
GO:BP,GO:0032787,monocarboxylic acid metabolic process,0.773607985039233,False,1,47,42,1708,ENSG00000111669,TPI1
GO:BP,GO:0006310,DNA recombination,0.773607985039233,False,1,47,42,1708,ENSG00000169592,INO80E
GO:BP,GO:0060284,regulation of cell development,0.7745559619166,False,2,47,86,1708,ENSG00000066084 ENSG00000115085,DIP2B ZAP70
GO:BP,GO:0060429,epithelium development,0.7786700727659059,False,2,47,87,1708,ENSG00000103811 ENSG00000113070,CTSH HBEGF
GO:BP,GO:0009790,embryo development,0.7786700727659059,False,2,47,87,1708,ENSG00000131558 ENSG00000169592,EXOC4 INO80E
GO:BP,GO:0051093,negative regulation of developmental process,0.7786700727659059,False,2,47,87,1708,ENSG00000066084 ENSG00000010810,DIP2B FYN
GO:BP,GO:0044087,regulation of cellular component biogenesis,0.7786700727659059,False,2,47,87,1708,ENSG00000173114 ENSG00000158106,LRRN3 RHPN1
GO:BP,GO:0009896,positive regulation of catabolic process,0.784804287622989,False,1,47,44,1708,ENSG00000100354,TNRC6B
GO:BP,GO:0002833,positive regulation of response to biotic stimulus,0.784804287622989,False,1,47,44,1708,ENSG00000010810,FYN
GO:BP,GO:0043068,positive regulation of programmed cell death,0.784804287622989,False,1,47,44,1708,ENSG00000103811,CTSH
GO:BP,GO:0043065,positive regulation of apoptotic process,0.784804287622989,False,1,47,44,1708,ENSG00000103811,CTSH
GO:BP,GO:0006950,response to stress,0.784804287622989,False,9,47,367,1708,ENSG00000169592 ENSG00000010810 ENSG00000122986 ENSG00000213654 ENSG00000155511 ENSG00000149131 ENSG00000174579 ENSG00000104885 ENSG00000113070,INO80E FYN HVCN1 GPSM3 GRIA1 SERPING1 MSL2 DOT1L HBEGF
GO:BP,GO:0007005,mitochondrion organization,0.784804287622989,False,1,47,44,1708,ENSG00000166118,SPATA19
GO:CC,GO:0030658,transport vesicle membrane,0.7872252726489778,False,1,47,33,1708,ENSG00000155511,GRIA1
GO:CC,GO:0030136,clathrin-coated vesicle,0.7872252726489778,False,1,47,33,1708,ENSG00000113070,HBEGF
GO:CC,GO:0070161,anchoring junction,0.7872252726489778,False,2,47,73,1708,ENSG00000155511 ENSG00000115085,GRIA1 ZAP70
GO:CC,GO:0030312,external encapsulating structure,0.789098927301631,False,1,47,34,1708,ENSG00000173114,LRRN3
GO:CC,GO:0031012,extracellular matrix,0.789098927301631,False,1,47,34,1708,ENSG00000173114,LRRN3
GO:CC,GO:0000781,"chromosome, telomeric region",0.789098927301631,False,1,47,34,1708,ENSG00000104885,DOT1L
GO:BP,GO:0048598,embryonic morphogenesis,0.7929650524482584,False,1,47,45,1708,ENSG00000131558,EXOC4
GO:BP,GO:0045944,positive regulation of transcription by RNA polymerase II,0.7929650524482584,False,2,47,90,1708,ENSG00000167074 ENSG00000104885,TEF DOT1L
GO:BP,GO:0045321,leukocyte activation,0.7979345156046418,False,2,47,91,1708,ENSG00000010810 ENSG00000115085,FYN ZAP70
GO:BP,GO:0065009,regulation of molecular function,0.7979345156046418,False,2,47,91,1708,ENSG00000103811 ENSG00000104885,CTSH DOT1L
GO:BP,GO:0044283,small molecule biosynthetic process,0.7982741441505408,False,1,47,46,1708,ENSG00000111669,TPI1
GO:BP,GO:0030098,lymphocyte differentiation,0.7982741441505408,False,1,47,46,1708,ENSG00000115085,ZAP70
GO:CC,GO:0005770,late endosome,0.7990270845596369,False,1,47,35,1708,ENSG00000103811,CTSH
GO:BP,GO:1902531,regulation of intracellular signal transduction,0.8010729352195358,False,4,47,176,1708,ENSG00000010810 ENSG00000113070 ENSG00000196182 ENSG00000115085,FYN HBEGF STK40 ZAP70
GO:BP,GO:0045184,establishment of protein localization,0.802447918728432,False,3,47,135,1708,ENSG00000131558 ENSG00000010810 ENSG00000157823,EXOC4 FYN AP3S2
GO:BP,GO:0051604,protein maturation,0.8045928228644132,False,1,47,47,1708,ENSG00000103811,CTSH
GO:CC,GO:0005813,centrosome,0.8059965066893218,False,2,47,77,1708,ENSG00000131558 ENSG00000237649,EXOC4 KIFC1
GO:BP,GO:0042592,homeostatic process,0.8062114366757676,False,3,47,136,1708,ENSG00000162753 ENSG00000103811 ENSG00000122986,SLC9C2 CTSH HVCN1
GO:MF,GO:0140678,molecular function inhibitor activity,0.8109373336893126,False,1,47,42,1708,ENSG00000149131,SERPING1
GO:MF,GO:0030545,signaling receptor regulator activity,0.8109373336893126,False,1,47,42,1708,ENSG00000113070,HBEGF
GO:BP,GO:0044089,positive regulation of cellular component biogenesis,0.8113567100380236,False,1,47,48,1708,ENSG00000173114,LRRN3
GO:CC,GO:0098588,bounding membrane of organelle,0.8165010822124045,False,5,47,197,1708,ENSG00000166118 ENSG00000122986 ENSG00000155511 ENSG00000113070 ENSG00000168778,SPATA19 HVCN1 GRIA1 HBEGF TCTN2
GO:MF,GO:0045296,cadherin binding,0.8177337443405751,False,1,47,43,1708,ENSG00000082153,BZW1
GO:BP,GO:0044093,positive regulation of molecular function,0.8185875555959783,False,1,47,49,1708,ENSG00000103811,CTSH
GO:BP,GO:0007010,cytoskeleton organization,0.819154341352878,False,3,47,139,1708,ENSG00000158106 ENSG00000112659 ENSG00000237649,RHPN1 CUL9 KIFC1
GO:BP,GO:0098813,nuclear chromosome segregation,0.8234226133527265,False,1,47,50,1708,ENSG00000237649,KIFC1
GO:BP,GO:0060627,regulation of vesicle-mediated transport,0.8234226133527265,False,1,47,50,1708,ENSG00000128891,CCDC32
GO:BP,GO:0010638,positive regulation of organelle organization,0.8234226133527265,False,1,47,50,1708,ENSG00000169592,INO80E
GO:MF,GO:0016887,ATP hydrolysis activity,0.8242008474461384,False,1,47,44,1708,ENSG00000237649,KIFC1
GO:BP,GO:0051707,response to other organism,0.8245193874410597,False,3,47,141,1708,ENSG00000010810 ENSG00000122986 ENSG00000149131,FYN HVCN1 SERPING1
GO:BP,GO:0043207,response to external biotic stimulus,0.8245193874410597,False,3,47,141,1708,ENSG00000010810 ENSG00000122986 ENSG00000149131,FYN HVCN1 SERPING1
GO:BP,GO:0008104,intracellular protein localization,0.8245193874410597,False,5,47,224,1708,ENSG00000131558 ENSG00000010810 ENSG00000007402 ENSG00000157823 ENSG00000168778,EXOC4 FYN CACNA2D2 AP3S2 TCTN2
GO:BP,GO:0007600,sensory perception,0.827291254773888,False,1,47,51,1708,ENSG00000010810,FYN
GO:BP,GO:0051641,cellular localization,0.827291254773888,False,4,47,184,1708,ENSG00000131558 ENSG00000010810 ENSG00000007402 ENSG00000157823,EXOC4 FYN CACNA2D2 AP3S2
GO:BP,GO:0009059,macromolecule biosynthetic process,0.8277005167188607,False,15,47,613,1708,ENSG00000167074 ENSG00000169592 ENSG00000100354 ENSG00000010810 ENSG00000103811 ENSG00000082153 ENSG00000213654 ENSG00000155511 ENSG00000124557 ENSG00000141002 ENSG00000174579 ENSG00000104885 ENSG00000185619 ENSG00000167157 ENSG00000196182,TEF INO80E TNRC6B FYN CTSH BZW1 GPSM3 GRIA1 BTN1A1 TCF25 MSL2 DOT1L PCGF3 PRRX2 STK40
GO:MF,GO:0003712,transcription coregulator activity,0.8303499557348358,False,1,47,45,1708,ENSG00000104885,DOT1L
GO:BP,GO:0048666,neuron development,0.8309518795485281,False,2,47,99,1708,ENSG00000066084 ENSG00000010810,DIP2B FYN
GO:BP,GO:0022607,cellular component assembly,0.8309518795485281,False,8,47,347,1708,ENSG00000173114 ENSG00000158106 ENSG00000155511 ENSG00000104885 ENSG00000157823 ENSG00000237649 ENSG00000185619 ENSG00000168778,LRRN3 RHPN1 GRIA1 DOT1L AP3S2 KIFC1 PCGF3 TCTN2
GO:BP,GO:0043408,regulation of MAPK cascade,0.831640547173879,False,1,47,52,1708,ENSG00000196182,STK40
GO:BP,GO:0009607,response to biotic stimulus,0.8334019378051167,False,3,47,144,1708,ENSG00000010810 ENSG00000122986 ENSG00000149131,FYN HVCN1 SERPING1
GO:BP,GO:0008152,metabolic process,0.8357528847481267,False,25,47,983,1708,ENSG00000131558 ENSG00000167074 ENSG00000169592 ENSG00000066084 ENSG00000100354 ENSG00000010810 ENSG00000103811 ENSG00000112659 ENSG00000082153 ENSG00000122986 ENSG00000213654 ENSG00000155511 ENSG00000124557 ENSG00000141002 ENSG00000174579 ENSG00000104885 ENSG00000221914 ENSG00000185619 ENSG00000111669 ENSG00000167157 ENSG00000178093 ENSG00000196182 ENSG00000147535 ENSG00000115085 ENSG00000171174,EXOC4 TEF INO80E DIP2B TNRC6B FYN CTSH CUL9 BZW1 HVCN1 GPSM3 GRIA1 BTN1A1 TCF25 MSL2 DOT1L PPP2R2A PCGF3 TPI1 PRRX2 TSSK6 STK40 PLPP5 ZAP70 RBKS
GO:BP,GO:0006511,ubiquitin-dependent protein catabolic process,0.8357528847481267,False,1,47,53,1708,ENSG00000112659,CUL9
GO:BP,GO:1903131,mononuclear cell differentiation,0.8357528847481267,False,1,47,53,1708,ENSG00000115085,ZAP70
GO:BP,GO:1903706,regulation of hemopoiesis,0.8357528847481267,False,1,47,53,1708,ENSG00000115085,ZAP70
GO:BP,GO:0043632,modification-dependent macromolecule catabolic process,0.8382147404208172,False,1,47,54,1708,ENSG00000112659,CUL9
GO:BP,GO:0001819,positive regulation of cytokine production,0.8382147404208172,False,1,47,54,1708,ENSG00000213654,GPSM3
GO:BP,GO:0010256,endomembrane system organization,0.8382147404208172,False,1,47,54,1708,ENSG00000157823,AP3S2
GO:BP,GO:1902533,positive regulation of intracellular signal transduction,0.8382147404208172,False,2,47,102,1708,ENSG00000113070 ENSG00000115085,HBEGF ZAP70
GO:BP,GO:0019941,modification-dependent protein catabolic process,0.8382147404208172,False,1,47,54,1708,ENSG00000112659,CUL9
GO:BP,GO:0033554,cellular response to stress,0.8400652652574928,False,4,47,190,1708,ENSG00000169592 ENSG00000010810 ENSG00000174579 ENSG00000104885,INO80E FYN MSL2 DOT1L
GO:BP,GO:0001775,cell activation,0.8416924956167676,False,2,47,103,1708,ENSG00000010810 ENSG00000115085,FYN ZAP70
GO:BP,GO:0051493,regulation of cytoskeleton organization,0.8426177282901096,False,1,47,55,1708,ENSG00000158106,RHPN1
GO:MF,GO:0030674,protein-macromolecule adaptor activity,0.8473442515470204,False,2,47,93,1708,ENSG00000104885 ENSG00000221914,DOT1L PPP2R2A
GO:BP,GO:0006914,autophagy,0.847540507057847,False,1,47,56,1708,ENSG00000131558,EXOC4
GO:BP,GO:0061919,process utilizing autophagic mechanism,0.847540507057847,False,1,47,56,1708,ENSG00000131558,EXOC4
GO:BP,GO:0010558,negative regulation of macromolecule biosynthetic process,0.8477764925832254,False,4,47,193,1708,ENSG00000100354 ENSG00000010810 ENSG00000104885 ENSG00000185619,TNRC6B FYN DOT1L PCGF3
GO:BP,GO:0009058,biosynthetic process,0.8488379861030437,False,17,47,701,1708,ENSG00000167074 ENSG00000169592 ENSG00000100354 ENSG00000010810 ENSG00000103811 ENSG00000082153 ENSG00000122986 ENSG00000213654 ENSG00000155511 ENSG00000124557 ENSG00000141002 ENSG00000174579 ENSG00000104885 ENSG00000185619 ENSG00000111669 ENSG00000167157 ENSG00000196182,TEF INO80E TNRC6B FYN CTSH BZW1 HVCN1 GPSM3 GRIA1 BTN1A1 TCF25 MSL2 DOT1L PCGF3 TPI1 PRRX2 STK40
GO:BP,GO:0071705,nitrogen compound transport,0.8500916955054996,False,1,47,57,1708,ENSG00000285982,ENSG00000285982
GO:BP,GO:0080135,regulation of cellular response to stress,0.8500916955054996,False,1,47,57,1708,ENSG00000169592,INO80E
GO:BP,GO:0044419,biological process involved in interspecies interaction between organisms,0.8500916955054996,False,3,47,151,1708,ENSG00000010810 ENSG00000122986 ENSG00000149131,FYN HVCN1 SERPING1
GO:MF,GO:0140297,DNA-binding transcription factor binding,0.8503054978881169,False,1,47,48,1708,ENSG00000104885,DOT1L
GO:BP,GO:0044085,cellular component biogenesis,0.8544601292536104,False,8,47,360,1708,ENSG00000173114 ENSG00000158106 ENSG00000155511 ENSG00000104885 ENSG00000157823 ENSG00000237649 ENSG00000185619 ENSG00000168778,LRRN3 RHPN1 GRIA1 DOT1L AP3S2 KIFC1 PCGF3 TCTN2
GO:BP,GO:0009890,negative regulation of biosynthetic process,0.8577684879502988,False,4,47,197,1708,ENSG00000100354 ENSG00000010810 ENSG00000104885 ENSG00000185619,TNRC6B FYN DOT1L PCGF3
GO:BP,GO:0043170,macromolecule metabolic process,0.8580055936874952,False,20,47,817,1708,ENSG00000167074 ENSG00000169592 ENSG00000066084 ENSG00000100354 ENSG00000010810 ENSG00000103811 ENSG00000112659 ENSG00000082153 ENSG00000213654 ENSG00000155511 ENSG00000124557 ENSG00000141002 ENSG00000174579 ENSG00000104885 ENSG00000221914 ENSG00000185619 ENSG00000167157 ENSG00000178093 ENSG00000196182 ENSG00000115085,TEF INO80E DIP2B TNRC6B FYN CTSH CUL9 BZW1 GPSM3 GRIA1 BTN1A1 TCF25 MSL2 DOT1L PPP2R2A PCGF3 PRRX2 TSSK6 STK40 ZAP70
GO:BP,GO:0002521,leukocyte differentiation,0.8589763867147662,False,1,47,59,1708,ENSG00000115085,ZAP70
GO:BP,GO:0051252,regulation of RNA metabolic process,0.8616910018003483,False,7,47,324,1708,ENSG00000167074 ENSG00000169592 ENSG00000100354 ENSG00000174579 ENSG00000104885 ENSG00000185619 ENSG00000167157,TEF INO80E TNRC6B MSL2 DOT1L PCGF3 PRRX2
GO:BP,GO:0045596,negative regulation of cell differentiation,0.8616910018003483,False,1,47,60,1708,ENSG00000066084,DIP2B
GO:BP,GO:0071345,cellular response to cytokine stimulus,0.8616910018003483,False,1,47,60,1708,ENSG00000187266,EPOR
GO:BP,GO:1901987,regulation of cell cycle phase transition,0.8616910018003483,False,1,47,60,1708,ENSG00000104885,DOT1L
GO:CC,GO:0099081,supramolecular polymer,0.8620761632208797,False,2,47,86,1708,ENSG00000010810 ENSG00000237649,FYN KIFC1
GO:CC,GO:0031982,vesicle,0.8620761632208797,False,10,47,401,1708,ENSG00000066084 ENSG00000010810 ENSG00000103811 ENSG00000122986 ENSG00000155511 ENSG00000149131 ENSG00000157823 ENSG00000237649 ENSG00000113070 ENSG00000111669,DIP2B FYN CTSH HVCN1 GRIA1 SERPING1 AP3S2 KIFC1 HBEGF TPI1
GO:CC,GO:0099512,supramolecular fiber,0.8620761632208797,False,2,47,86,1708,ENSG00000010810 ENSG00000237649,FYN KIFC1
GO:CC,GO:0016324,apical plasma membrane,0.8620761632208797,False,1,47,42,1708,ENSG00000122986,HVCN1
GO:BP,GO:0006915,apoptotic process,0.8622182195174775,False,3,47,156,1708,ENSG00000010810 ENSG00000103811 ENSG00000196182,FYN CTSH STK40
GO:BP,GO:0048731,system development,0.8635028450246536,False,7,47,326,1708,ENSG00000173114 ENSG00000066084 ENSG00000010810 ENSG00000103811 ENSG00000155511 ENSG00000187266 ENSG00000196182,LRRN3 DIP2B FYN CTSH GRIA1 EPOR STK40
GO:BP,GO:0006886,intracellular protein transport,0.8635028450246536,False,1,47,61,1708,ENSG00000157823,AP3S2
GO:BP,GO:0050790,regulation of catalytic activity,0.8635028450246536,False,1,47,61,1708,ENSG00000103811,CTSH
GO:BP,GO:0051052,regulation of DNA metabolic process,0.8635028450246536,False,1,47,61,1708,ENSG00000169592,INO80E
GO:BP,GO:0007346,regulation of mitotic cell cycle,0.8680611024589254,False,1,47,62,1708,ENSG00000112659,CUL9
GO:CC,GO:0005694,chromosome,0.8696963495399299,False,6,47,254,1708,ENSG00000167074 ENSG00000169592 ENSG00000174579 ENSG00000104885 ENSG00000185619 ENSG00000167157,TEF INO80E MSL2 DOT1L PCGF3 PRRX2
GO:CC,GO:0005615,extracellular space,0.8696963495399299,False,7,47,293,1708,ENSG00000173114 ENSG00000066084 ENSG00000103811 ENSG00000124557 ENSG00000149131 ENSG00000113070 ENSG00000111669,LRRN3 DIP2B CTSH BTN1A1 SERPING1 HBEGF TPI1
GO:CC,GO:0005874,microtubule,0.8696963495399299,False,1,47,45,1708,ENSG00000237649,KIFC1
GO:CC,GO:0043232,intracellular membraneless organelle,0.8696963495399299,False,15,47,597,1708,ENSG00000131558 ENSG00000167074 ENSG00000169592 ENSG00000100354 ENSG00000010810 ENSG00000103811 ENSG00000155511 ENSG00000174579 ENSG00000104885 ENSG00000187266 ENSG00000237649 ENSG00000185619 ENSG00000167157 ENSG00000178093 ENSG00000168778,EXOC4 TEF INO80E TNRC6B FYN CTSH GRIA1 MSL2 DOT1L EPOR KIFC1 PCGF3 PRRX2 TSSK6 TCTN2
GO:CC,GO:0043228,membraneless organelle,0.8696963495399299,False,15,47,597,1708,ENSG00000131558 ENSG00000167074 ENSG00000169592 ENSG00000100354 ENSG00000010810 ENSG00000103811 ENSG00000155511 ENSG00000174579 ENSG00000104885 ENSG00000187266 ENSG00000237649 ENSG00000185619 ENSG00000167157 ENSG00000178093 ENSG00000168778,EXOC4 TEF INO80E TNRC6B FYN CTSH GRIA1 MSL2 DOT1L EPOR KIFC1 PCGF3 PRRX2 TSSK6 TCTN2
GO:CC,GO:0005819,spindle,0.8696963495399299,False,1,47,44,1708,ENSG00000237649,KIFC1
GO:BP,GO:0045597,positive regulation of cell differentiation,0.8724641161662159,False,1,47,63,1708,ENSG00000115085,ZAP70
GO:BP,GO:0012501,programmed cell death,0.874000684571103,False,3,47,161,1708,ENSG00000010810 ENSG00000103811 ENSG00000196182,FYN CTSH STK40
GO:BP,GO:0008219,cell death,0.874000684571103,False,3,47,161,1708,ENSG00000010810 ENSG00000103811 ENSG00000196182,FYN CTSH STK40
GO:BP,GO:0048871,multicellular organismal-level homeostasis,0.8745116599242114,False,1,47,64,1708,ENSG00000103811,CTSH
GO:BP,GO:0030182,neuron differentiation,0.8745116599242114,False,2,47,115,1708,ENSG00000066084 ENSG00000010810,DIP2B FYN
GO:CC,GO:0005576,extracellular region,0.8746934150723672,False,9,47,373,1708,ENSG00000173114 ENSG00000066084 ENSG00000103811 ENSG00000155511 ENSG00000124557 ENSG00000149131 ENSG00000187266 ENSG00000113070 ENSG00000111669,LRRN3 DIP2B CTSH GRIA1 BTN1A1 SERPING1 EPOR HBEGF TPI1
GO:BP,GO:0044770,cell cycle phase transition,0.8778736316324436,False,1,47,65,1708,ENSG00000104885,DOT1L
GO:BP,GO:0032940,secretion by cell,0.8778736316324436,False,1,47,65,1708,ENSG00000131558,EXOC4
GO:CC,GO:0015629,actin cytoskeleton,0.8778937645762188,False,1,47,47,1708,ENSG00000010810,FYN
GO:BP,GO:0048699,generation of neurons,0.8797955849543981,False,2,47,117,1708,ENSG00000066084 ENSG00000010810,DIP2B FYN
GO:BP,GO:0030036,actin cytoskeleton organization,0.8810894896614783,False,1,47,66,1708,ENSG00000158106,RHPN1
GO:MF,GO:0019899,enzyme binding,0.8828129858915605,False,4,47,187,1708,ENSG00000010810 ENSG00000112659 ENSG00000155511 ENSG00000111669,FYN CUL9 GRIA1 TPI1
GO:MF,GO:0008233,peptidase activity,0.8828129858915605,False,1,47,53,1708,ENSG00000103811,CTSH
GO:CC,GO:0030133,transport vesicle,0.8828528899543896,False,1,47,48,1708,ENSG00000155511,GRIA1
GO:BP,GO:0007155,cell adhesion,0.8847792446566703,False,2,47,119,1708,ENSG00000010810 ENSG00000115085,FYN ZAP70
GO:BP,GO:1902532,negative regulation of intracellular signal transduction,0.8847792446566703,False,1,47,67,1708,ENSG00000010810,FYN
GO:MF,GO:0000978,RNA polymerase II cis-regulatory region sequence-specific DNA binding,0.8864749675155226,False,2,47,102,1708,ENSG00000167074 ENSG00000167157,TEF PRRX2
GO:BP,GO:0033036,macromolecule localization,0.8868364072843761,False,5,47,256,1708,ENSG00000131558 ENSG00000010810 ENSG00000007402 ENSG00000157823 ENSG00000168778,EXOC4 FYN CACNA2D2 AP3S2 TCTN2
GO:BP,GO:0140352,export from cell,0.8868364072843761,False,1,47,68,1708,ENSG00000131558,EXOC4
GO:BP,GO:0048468,cell development,0.8868364072843761,False,5,47,256,1708,ENSG00000066084 ENSG00000010810 ENSG00000007402 ENSG00000178093 ENSG00000115085,DIP2B FYN CACNA2D2 TSSK6 ZAP70
GO:BP,GO:0006355,regulation of DNA-templated transcription,0.8868878413581102,False,6,47,299,1708,ENSG00000167074 ENSG00000169592 ENSG00000174579 ENSG00000104885 ENSG00000185619 ENSG00000167157,TEF INO80E MSL2 DOT1L PCGF3 PRRX2
GO:BP,GO:2001141,regulation of RNA biosynthetic process,0.8868878413581102,False,6,47,299,1708,ENSG00000167074 ENSG00000169592 ENSG00000174579 ENSG00000104885 ENSG00000185619 ENSG00000167157,TEF INO80E MSL2 DOT1L PCGF3 PRRX2
GO:CC,GO:0016607,nuclear speck,0.8875223259028182,False,1,47,49,1708,ENSG00000187266,EPOR
GO:BP,GO:0006508,proteolysis,0.8884269396631939,False,1,47,69,1708,ENSG00000103811,CTSH
GO:MF,GO:0016788,"hydrolase activity, acting on ester bonds",0.8900745210131773,False,1,47,55,1708,ENSG00000147535,PLPP5
GO:BP,GO:0044238,primary metabolic process,0.8909964137450308,False,20,47,843,1708,ENSG00000167074 ENSG00000169592 ENSG00000066084 ENSG00000100354 ENSG00000010810 ENSG00000103811 ENSG00000112659 ENSG00000082153 ENSG00000141002 ENSG00000174579 ENSG00000104885 ENSG00000221914 ENSG00000185619 ENSG00000111669 ENSG00000167157 ENSG00000178093 ENSG00000196182 ENSG00000147535 ENSG00000115085 ENSG00000171174,TEF INO80E DIP2B TNRC6B FYN CTSH CUL9 BZW1 TCF25 MSL2 DOT1L PPP2R2A PCGF3 TPI1 PRRX2 TSSK6 STK40 PLPP5 ZAP70 RBKS
GO:BP,GO:0019752,carboxylic acid metabolic process,0.8910993093330821,False,1,47,70,1708,ENSG00000111669,TPI1
GO:BP,GO:0006259,DNA metabolic process,0.8916084484818856,False,2,47,123,1708,ENSG00000169592 ENSG00000104885,INO80E DOT1L
GO:MF,GO:0019901,protein kinase binding,0.8925555994143262,False,1,47,57,1708,ENSG00000155511,GRIA1
GO:MF,GO:0000987,cis-regulatory region sequence-specific DNA binding,0.8925555994143262,False,2,47,106,1708,ENSG00000167074 ENSG00000167157,TEF PRRX2
GO:MF,GO:0050839,cell adhesion molecule binding,0.8925555994143262,False,1,47,58,1708,ENSG00000082153,BZW1
GO:MF,GO:0140657,ATP-dependent activity,0.8925555994143262,False,1,47,58,1708,ENSG00000237649,KIFC1
GO:MF,GO:0008134,transcription factor binding,0.8925555994143262,False,1,47,56,1708,ENSG00000104885,DOT1L
GO:BP,GO:0015031,protein transport,0.8940547340240392,False,2,47,124,1708,ENSG00000131558 ENSG00000157823,EXOC4 AP3S2
GO:CC,GO:0000785,chromatin,0.8947289207342685,False,4,47,183,1708,ENSG00000167074 ENSG00000169592 ENSG00000174579 ENSG00000167157,TEF INO80E MSL2 PRRX2
GO:MF,GO:0005509,calcium ion binding,0.8952475640310065,False,1,47,59,1708,ENSG00000078795,PKD2L2
GO:BP,GO:0006082,organic acid metabolic process,0.8953334062012896,False,1,47,72,1708,ENSG00000111669,TPI1
GO:BP,GO:0030029,actin filament-based process,0.8953334062012896,False,1,47,72,1708,ENSG00000158106,RHPN1
GO:BP,GO:0043436,oxoacid metabolic process,0.8953334062012896,False,1,47,72,1708,ENSG00000111669,TPI1
GO:CC,GO:0045177,apical part of cell,0.8960337274490612,False,1,47,51,1708,ENSG00000122986,HVCN1
GO:BP,GO:0006351,DNA-templated transcription,0.8969024904333895,False,6,47,307,1708,ENSG00000167074 ENSG00000169592 ENSG00000174579 ENSG00000104885 ENSG00000185619 ENSG00000167157,TEF INO80E MSL2 DOT1L PCGF3 PRRX2
GO:BP,GO:0046903,secretion,0.8969024904333895,False,1,47,73,1708,ENSG00000131558,EXOC4
GO:BP,GO:0010605,negative regulation of macromolecule metabolic process,0.8969024904333895,False,4,47,220,1708,ENSG00000100354 ENSG00000010810 ENSG00000104885 ENSG00000185619,TNRC6B FYN DOT1L PCGF3
GO:BP,GO:0034097,response to cytokine,0.8990959385725615,False,1,47,74,1708,ENSG00000187266,EPOR
GO:BP,GO:0016071,mRNA metabolic process,0.8990959385725615,False,1,47,74,1708,ENSG00000100354,TNRC6B
GO:CC,GO:0005815,microtubule organizing center,0.8995946929796105,False,2,47,100,1708,ENSG00000131558 ENSG00000237649,EXOC4 KIFC1
GO:CC,GO:0140168,nuclear ribonucleoprotein granule,0.8995946929796105,False,1,47,52,1708,ENSG00000187266,EPOR
GO:BP,GO:0044281,small molecule metabolic process,0.9000817959350702,False,2,47,129,1708,ENSG00000111669 ENSG00000171174,TPI1 RBKS
GO:BP,GO:0019219,regulation of nucleobase-containing compound metabolic process,0.9000817959350702,False,7,47,352,1708,ENSG00000167074 ENSG00000169592 ENSG00000100354 ENSG00000174579 ENSG00000104885 ENSG00000185619 ENSG00000167157,TEF INO80E TNRC6B MSL2 DOT1L PCGF3 PRRX2
GO:BP,GO:1901652,response to peptide,0.9000817959350702,False,1,47,75,1708,ENSG00000187266,EPOR
GO:BP,GO:0097435,supramolecular fiber organization,0.9000817959350702,False,1,47,75,1708,ENSG00000158106,RHPN1
GO:MF,GO:0019900,kinase binding,0.9089787789008095,False,1,47,62,1708,ENSG00000155511,GRIA1
GO:BP,GO:0007186,G protein-coupled receptor signaling pathway,0.909026484383962,False,1,47,78,1708,ENSG00000010810,FYN
GO:CC,GO:0005856,cytoskeleton,0.9107551447032084,False,5,47,232,1708,ENSG00000131558 ENSG00000010810 ENSG00000237649 ENSG00000178093 ENSG00000168778,EXOC4 FYN KIFC1 TSSK6 TCTN2
GO:CC,GO:0005634,nucleus,0.9109513121001527,False,20,47,808,1708,ENSG00000167074 ENSG00000169592 ENSG00000153406 ENSG00000066084 ENSG00000100354 ENSG00000010810 ENSG00000023902 ENSG00000141002 ENSG00000120903 ENSG00000174579 ENSG00000104885 ENSG00000221914 ENSG00000187266 ENSG00000237649 ENSG00000185619 ENSG00000111669 ENSG00000167157 ENSG00000178093 ENSG00000196182 ENSG00000171174,TEF INO80E NMRAL1 DIP2B TNRC6B FYN PLEKHO1 TCF25 CHRNA2 MSL2 DOT1L PPP2R2A EPOR KIFC1 PCGF3 TPI1 PRRX2 TSSK6 STK40 RBKS
GO:BP,GO:0048519,negative regulation of biological process,0.9124165627291961,False,10,47,483,1708,ENSG00000158106 ENSG00000066084 ENSG00000100354 ENSG00000010810 ENSG00000103811 ENSG00000155511 ENSG00000149131 ENSG00000104885 ENSG00000185619 ENSG00000196182,RHPN1 DIP2B TNRC6B FYN CTSH GRIA1 SERPING1 DOT1L PCGF3 STK40
GO:BP,GO:0045595,regulation of cell differentiation,0.9136645706944334,False,2,47,135,1708,ENSG00000066084 ENSG00000115085,DIP2B ZAP70
GO:MF,GO:0003690,double-stranded DNA binding,0.9140858984894378,False,3,47,161,1708,ENSG00000167074 ENSG00000174579 ENSG00000167157,TEF MSL2 PRRX2
GO:BP,GO:0022008,neurogenesis,0.917741311325979,False,2,47,137,1708,ENSG00000066084 ENSG00000010810,DIP2B FYN
GO:MF,GO:0003682,chromatin binding,0.9177954465046076,False,1,47,65,1708,ENSG00000174579,MSL2
GO:BP,GO:0023057,negative regulation of signaling,0.9208993227804769,False,2,47,140,1708,ENSG00000010810 ENSG00000155511,FYN GRIA1
GO:BP,GO:0048869,cellular developmental process,0.9208993227804769,False,7,47,368,1708,ENSG00000066084 ENSG00000166118 ENSG00000010810 ENSG00000007402 ENSG00000023902 ENSG00000178093 ENSG00000115085,DIP2B SPATA19 FYN CACNA2D2 PLEKHO1 TSSK6 ZAP70
GO:BP,GO:0030154,cell differentiation,0.9208993227804769,False,7,47,368,1708,ENSG00000066084 ENSG00000166118 ENSG00000010810 ENSG00000007402 ENSG00000023902 ENSG00000178093 ENSG00000115085,DIP2B SPATA19 FYN CACNA2D2 PLEKHO1 TSSK6 ZAP70
GO:BP,GO:0009892,negative regulation of metabolic process,0.9208993227804769,False,4,47,237,1708,ENSG00000100354 ENSG00000010810 ENSG00000104885 ENSG00000185619,TNRC6B FYN DOT1L PCGF3
GO:BP,GO:0010648,negative regulation of cell communication,0.9208993227804769,False,2,47,139,1708,ENSG00000010810 ENSG00000155511,FYN GRIA1
GO:BP,GO:0006357,regulation of transcription by RNA polymerase II,0.9219407282345564,False,4,47,238,1708,ENSG00000167074 ENSG00000104885 ENSG00000185619 ENSG00000167157,TEF DOT1L PCGF3 PRRX2
GO:MF,GO:0000981,"DNA-binding transcription factor activity, RNA polymerase II-specific",0.9318842890348249,False,2,47,121,1708,ENSG00000167074 ENSG00000167157,TEF PRRX2
GO:MF,GO:0044877,protein-containing complex binding,0.9319288557151211,False,2,47,122,1708,ENSG00000155511 ENSG00000178093,GRIA1 TSSK6
GO:MF,GO:0017111,ribonucleoside triphosphate phosphatase activity,0.9354552800993782,False,1,47,72,1708,ENSG00000237649,KIFC1
GO:MF,GO:0140110,transcription regulator activity,0.9354552800993782,False,3,47,173,1708,ENSG00000167074 ENSG00000104885 ENSG00000167157,TEF DOT1L PRRX2
GO:BP,GO:0006366,transcription by RNA polymerase II,0.9359736109406215,False,4,47,247,1708,ENSG00000167074 ENSG00000104885 ENSG00000185619 ENSG00000167157,TEF DOT1L PCGF3 PRRX2
GO:MF,GO:0003700,DNA-binding transcription factor activity,0.9366032473262623,False,2,47,130,1708,ENSG00000167074 ENSG00000167157,TEF PRRX2
GO:MF,GO:0005515,protein binding,0.9366032473262623,False,34,47,1338,1708,ENSG00000173114 ENSG00000128891 ENSG00000131558 ENSG00000167074 ENSG00000158106 ENSG00000169592 ENSG00000153406 ENSG00000066084 ENSG00000100354 ENSG00000010810 ENSG00000103811 ENSG00000112659 ENSG00000082153 ENSG00000122986 ENSG00000213654 ENSG00000111011 ENSG00000155511 ENSG00000124557 ENSG00000149131 ENSG00000023902 ENSG00000141002 ENSG00000174579 ENSG00000104885 ENSG00000221914 ENSG00000187266 ENSG00000237649 ENSG00000185619 ENSG00000113070 ENSG00000111669 ENSG00000178093 ENSG00000196182 ENSG00000147535 ENSG00000115085 ENSG00000171174,LRRN3 CCDC32 EXOC4 TEF RHPN1 INO80E NMRAL1 DIP2B TNRC6B FYN CTSH CUL9 BZW1 HVCN1 GPSM3 RSRC2 GRIA1 BTN1A1 SERPING1 PLEKHO1 TCF25 MSL2 DOT1L PPP2R2A EPOR KIFC1 PCGF3 HBEGF TPI1 TSSK6 STK40 PLPP5 ZAP70 RBKS
GO:MF,GO:0003723,RNA binding,0.9366032473262623,False,3,47,178,1708,ENSG00000100354 ENSG00000082153 ENSG00000111011,TNRC6B BZW1 RSRC2
GO:MF,GO:0000977,RNA polymerase II transcription regulatory region sequence-specific DNA binding,0.9366032473262623,False,2,47,128,1708,ENSG00000167074 ENSG00000167157,TEF PRRX2
GO:BP,GO:0048523,negative regulation of cellular process,0.9367591745485753,False,9,47,465,1708,ENSG00000158106 ENSG00000066084 ENSG00000100354 ENSG00000010810 ENSG00000103811 ENSG00000155511 ENSG00000104885 ENSG00000185619 ENSG00000196182,RHPN1 DIP2B TNRC6B FYN CTSH GRIA1 DOT1L PCGF3 STK40
GO:BP,GO:0051649,establishment of localization in cell,0.937523615622037,False,2,47,150,1708,ENSG00000131558 ENSG00000157823,EXOC4 AP3S2
GO:CC,GO:0005783,endoplasmic reticulum,0.943849283252501,False,3,47,157,1708,ENSG00000010810 ENSG00000155511 ENSG00000149131,FYN GRIA1 SERPING1
GO:BP,GO:0048585,negative regulation of response to stimulus,0.9466013141546225,False,2,47,156,1708,ENSG00000010810 ENSG00000149131,FYN SERPING1
GO:MF,GO:0046872,metal ion binding,0.9477527350521241,False,8,47,405,1708,ENSG00000078795 ENSG00000010810 ENSG00000007402 ENSG00000112659 ENSG00000174579 ENSG00000185619 ENSG00000178093 ENSG00000171174,PKD2L2 FYN CACNA2D2 CUL9 MSL2 PCGF3 TSSK6 RBKS
GO:MF,GO:0036094,small molecule binding,0.9477527350521241,False,12,47,572,1708,ENSG00000078795 ENSG00000010810 ENSG00000007402 ENSG00000112659 ENSG00000120903 ENSG00000174579 ENSG00000237649 ENSG00000185619 ENSG00000178093 ENSG00000196182 ENSG00000115085 ENSG00000171174,PKD2L2 FYN CACNA2D2 CUL9 CHRNA2 MSL2 KIFC1 PCGF3 TSSK6 STK40 ZAP70 RBKS
GO:MF,GO:0000976,transcription cis-regulatory region binding,0.9477527350521241,False,2,47,140,1708,ENSG00000167074 ENSG00000167157,TEF PRRX2
GO:MF,GO:0043169,cation binding,0.9477527350521241,False,8,47,412,1708,ENSG00000078795 ENSG00000010810 ENSG00000007402 ENSG00000112659 ENSG00000174579 ENSG00000185619 ENSG00000178093 ENSG00000171174,PKD2L2 FYN CACNA2D2 CUL9 MSL2 PCGF3 TSSK6 RBKS
GO:MF,GO:0001067,transcription regulatory region nucleic acid binding,0.9477527350521241,False,2,47,140,1708,ENSG00000167074 ENSG00000167157,TEF PRRX2
GO:BP,GO:0006629,lipid metabolic process,0.9487864145072519,False,1,47,99,1708,ENSG00000147535,PLPP5
GO:MF,GO:0005488,binding,0.9499272661344509,False,38,47,1485,1708,ENSG00000173114 ENSG00000128891 ENSG00000131558 ENSG00000167074 ENSG00000158106 ENSG00000169592 ENSG00000153406 ENSG00000078795 ENSG00000066084 ENSG00000100354 ENSG00000010810 ENSG00000103811 ENSG00000007402 ENSG00000112659 ENSG00000082153 ENSG00000122986 ENSG00000213654 ENSG00000111011 ENSG00000155511 ENSG00000124557 ENSG00000149131 ENSG00000023902 ENSG00000141002 ENSG00000120903 ENSG00000174579 ENSG00000104885 ENSG00000221914 ENSG00000187266 ENSG00000237649 ENSG00000185619 ENSG00000113070 ENSG00000111669 ENSG00000167157 ENSG00000178093 ENSG00000196182 ENSG00000147535 ENSG00000115085 ENSG00000171174,LRRN3 CCDC32 EXOC4 TEF RHPN1 INO80E NMRAL1 PKD2L2 DIP2B TNRC6B FYN CTSH CACNA2D2 CUL9 BZW1 HVCN1 GPSM3 RSRC2 GRIA1 BTN1A1 SERPING1 PLEKHO1 TCF25 CHRNA2 MSL2 DOT1L PPP2R2A EPOR KIFC1 PCGF3 HBEGF TPI1 PRRX2 TSSK6 STK40 PLPP5 ZAP70 RBKS
GO:MF,GO:1990837,sequence-specific double-stranded DNA binding,0.9499272661344509,False,2,47,146,1708,ENSG00000167074 ENSG00000167157,TEF PRRX2
GO:MF,GO:0046983,protein dimerization activity,0.9499272661344509,False,2,47,145,1708,ENSG00000122986 ENSG00000111669,HVCN1 TPI1
GO:CC,GO:0010008,endosome membrane,0.9517392190909573,False,1,47,63,1708,ENSG00000155511,GRIA1
GO:CC,GO:0005654,nucleoplasm,0.9527166609565754,False,10,47,452,1708,ENSG00000169592 ENSG00000153406 ENSG00000100354 ENSG00000120903 ENSG00000174579 ENSG00000104885 ENSG00000221914 ENSG00000187266 ENSG00000185619 ENSG00000196182,INO80E NMRAL1 TNRC6B CHRNA2 MSL2 DOT1L PPP2R2A EPOR PCGF3 STK40
GO:MF,GO:0003674,molecular_function,0.9537425173255748,False,41,47,1577,1708,ENSG00000173114 ENSG00000128891 ENSG00000131558 ENSG00000162753 ENSG00000167074 ENSG00000285982 ENSG00000158106 ENSG00000169592 ENSG00000153406 ENSG00000078795 ENSG00000066084 ENSG00000100354 ENSG00000010810 ENSG00000103811 ENSG00000007402 ENSG00000112659 ENSG00000082153 ENSG00000122986 ENSG00000213654 ENSG00000111011 ENSG00000155511 ENSG00000035499 ENSG00000124557 ENSG00000149131 ENSG00000023902 ENSG00000141002 ENSG00000120903 ENSG00000174579 ENSG00000104885 ENSG00000221914 ENSG00000187266 ENSG00000237649 ENSG00000185619 ENSG00000113070 ENSG00000111669 ENSG00000167157 ENSG00000178093 ENSG00000196182 ENSG00000147535 ENSG00000115085 ENSG00000171174,LRRN3 CCDC32 EXOC4 SLC9C2 TEF ENSG00000285982 RHPN1 INO80E NMRAL1 PKD2L2 DIP2B TNRC6B FYN CTSH CACNA2D2 CUL9 BZW1 HVCN1 GPSM3 RSRC2 GRIA1 DEPDC1B BTN1A1 SERPING1 PLEKHO1 TCF25 CHRNA2 MSL2 DOT1L PPP2R2A EPOR KIFC1 PCGF3 HBEGF TPI1 PRRX2 TSSK6 STK40 PLPP5 ZAP70 RBKS
GO:MF,GO:0043565,sequence-specific DNA binding,0.9537425173255748,False,2,47,157,1708,ENSG00000167074 ENSG00000167157,TEF PRRX2
GO:MF,GO:0043167,ion binding,0.9537425173255748,False,11,47,558,1708,ENSG00000078795 ENSG00000010810 ENSG00000007402 ENSG00000112659 ENSG00000174579 ENSG00000237649 ENSG00000185619 ENSG00000178093 ENSG00000196182 ENSG00000115085 ENSG00000171174,PKD2L2 FYN CACNA2D2 CUL9 MSL2 KIFC1 PCGF3 TSSK6 STK40 ZAP70 RBKS
GO:MF,GO:0016787,hydrolase activity,0.9537425173255748,False,3,47,208,1708,ENSG00000103811 ENSG00000237649 ENSG00000147535,CTSH KIFC1 PLPP5
GO:BP,GO:0016070,RNA metabolic process,0.9537517965617289,False,7,47,399,1708,ENSG00000167074 ENSG00000169592 ENSG00000100354 ENSG00000174579 ENSG00000104885 ENSG00000185619 ENSG00000167157,TEF INO80E TNRC6B MSL2 DOT1L PCGF3 PRRX2
GO:MF,GO:0003677,DNA binding,0.9539551726438699,False,5,47,307,1708,ENSG00000167074 ENSG00000141002 ENSG00000174579 ENSG00000104885 ENSG00000167157,TEF TCF25 MSL2 DOT1L PRRX2
GO:BP,GO:0030097,hemopoiesis,0.9553087230506049,False,1,47,104,1708,ENSG00000115085,ZAP70
GO:MF,GO:0003676,nucleic acid binding,0.9589529213107618,False,8,47,447,1708,ENSG00000167074 ENSG00000100354 ENSG00000082153 ENSG00000111011 ENSG00000141002 ENSG00000174579 ENSG00000104885 ENSG00000167157,TEF TNRC6B BZW1 RSRC2 TCF25 MSL2 DOT1L PRRX2
GO:CC,GO:0098687,chromosomal region,0.9643007553937506,False,1,47,67,1708,ENSG00000104885,DOT1L
GO:BP,GO:0006139,nucleobase-containing compound metabolic process,0.967156648475403,False,9,47,502,1708,ENSG00000167074 ENSG00000169592 ENSG00000100354 ENSG00000174579 ENSG00000104885 ENSG00000185619 ENSG00000111669 ENSG00000167157 ENSG00000171174,TEF INO80E TNRC6B MSL2 DOT1L PCGF3 TPI1 PRRX2 RBKS
GO:BP,GO:0046907,intracellular transport,0.967703744850079,False,1,47,115,1708,ENSG00000157823,AP3S2
GO:BP,GO:0032774,RNA biosynthetic process,0.967703744850079,False,6,47,375,1708,ENSG00000167074 ENSG00000169592 ENSG00000174579 ENSG00000104885 ENSG00000185619 ENSG00000167157,TEF INO80E MSL2 DOT1L PCGF3 PRRX2
GO:MF,GO:0008270,zinc ion binding,0.9683500432975709,False,3,47,232,1708,ENSG00000112659 ENSG00000174579 ENSG00000185619,CUL9 MSL2 PCGF3
GO:CC,GO:0005789,endoplasmic reticulum membrane,0.9712484246955299,False,1,47,92,1708,ENSG00000155511,GRIA1
GO:CC,GO:0043233,organelle lumen,0.9712484246955299,False,12,47,581,1708,ENSG00000169592 ENSG00000153406 ENSG00000100354 ENSG00000103811 ENSG00000149131 ENSG00000120903 ENSG00000174579 ENSG00000104885 ENSG00000221914 ENSG00000187266 ENSG00000185619 ENSG00000196182,INO80E NMRAL1 TNRC6B CTSH SERPING1 CHRNA2 MSL2 DOT1L PPP2R2A EPOR PCGF3 STK40
GO:CC,GO:0070062,extracellular exosome,0.9712484246955299,False,4,47,228,1708,ENSG00000066084 ENSG00000103811 ENSG00000149131 ENSG00000111669,DIP2B CTSH SERPING1 TPI1
GO:CC,GO:0043230,extracellular organelle,0.9712484246955299,False,4,47,230,1708,ENSG00000066084 ENSG00000103811 ENSG00000149131 ENSG00000111669,DIP2B CTSH SERPING1 TPI1
GO:CC,GO:0042175,nuclear outer membrane-endoplasmic reticulum membrane network,0.9712484246955299,False,1,47,94,1708,ENSG00000155511,GRIA1
GO:CC,GO:0070013,intracellular organelle lumen,0.9712484246955299,False,12,47,581,1708,ENSG00000169592 ENSG00000153406 ENSG00000100354 ENSG00000103811 ENSG00000149131 ENSG00000120903 ENSG00000174579 ENSG00000104885 ENSG00000221914 ENSG00000187266 ENSG00000185619 ENSG00000196182,INO80E NMRAL1 TNRC6B CTSH SERPING1 CHRNA2 MSL2 DOT1L PPP2R2A EPOR PCGF3 STK40
GO:CC,GO:0031981,nuclear lumen,0.9712484246955299,False,10,47,483,1708,ENSG00000169592 ENSG00000153406 ENSG00000100354 ENSG00000120903 ENSG00000174579 ENSG00000104885 ENSG00000221914 ENSG00000187266 ENSG00000185619 ENSG00000196182,INO80E NMRAL1 TNRC6B CHRNA2 MSL2 DOT1L PPP2R2A EPOR PCGF3 STK40
GO:CC,GO:0031974,membrane-enclosed lumen,0.9712484246955299,False,12,47,581,1708,ENSG00000169592 ENSG00000153406 ENSG00000100354 ENSG00000103811 ENSG00000149131 ENSG00000120903 ENSG00000174579 ENSG00000104885 ENSG00000221914 ENSG00000187266 ENSG00000185619 ENSG00000196182,INO80E NMRAL1 TNRC6B CTSH SERPING1 CHRNA2 MSL2 DOT1L PPP2R2A EPOR PCGF3 STK40
GO:CC,GO:0005764,lysosome,0.9712484246955299,False,1,47,79,1708,ENSG00000103811,CTSH
GO:CC,GO:0012505,endomembrane system,0.9712484246955299,False,8,47,407,1708,ENSG00000128891 ENSG00000010810 ENSG00000103811 ENSG00000122986 ENSG00000155511 ENSG00000149131 ENSG00000157823 ENSG00000237649,CCDC32 FYN CTSH HVCN1 GRIA1 SERPING1 AP3S2 KIFC1
GO:CC,GO:0016604,nuclear body,0.9712484246955299,False,1,47,97,1708,ENSG00000187266,EPOR
GO:CC,GO:0015630,microtubule cytoskeleton,0.9712484246955299,False,2,47,155,1708,ENSG00000131558 ENSG00000237649,EXOC4 KIFC1
GO:CC,GO:0005773,vacuole,0.9712484246955299,False,1,47,89,1708,ENSG00000103811,CTSH
GO:CC,GO:0000323,lytic vacuole,0.9712484246955299,False,1,47,79,1708,ENSG00000103811,CTSH
GO:CC,GO:0005622,intracellular anatomical structure,0.9712484246955299,False,35,47,1375,1708,ENSG00000131558 ENSG00000167074 ENSG00000158106 ENSG00000169592 ENSG00000153406 ENSG00000066084 ENSG00000100354 ENSG00000166118 ENSG00000010810 ENSG00000103811 ENSG00000112659 ENSG00000082153 ENSG00000122986 ENSG00000213654 ENSG00000155511 ENSG00000149131 ENSG00000023902 ENSG00000141002 ENSG00000120903 ENSG00000174579 ENSG00000104885 ENSG00000221914 ENSG00000187266 ENSG00000157823 ENSG00000237649 ENSG00000185619 ENSG00000113070 ENSG00000111669 ENSG00000167157 ENSG00000178093 ENSG00000196182 ENSG00000168778 ENSG00000147535 ENSG00000115085 ENSG00000171174,EXOC4 TEF RHPN1 INO80E NMRAL1 DIP2B TNRC6B SPATA19 FYN CTSH CUL9 BZW1 HVCN1 GPSM3 GRIA1 SERPING1 PLEKHO1 TCF25 CHRNA2 MSL2 DOT1L PPP2R2A EPOR AP3S2 KIFC1 PCGF3 HBEGF TPI1 PRRX2 TSSK6 STK40 TCTN2 PLPP5 ZAP70 RBKS
GO:CC,GO:0005730,nucleolus,0.9712484246955299,False,1,47,99,1708,ENSG00000169592,INO80E
GO:CC,GO:0031966,mitochondrial membrane,0.9712484246955299,False,1,47,73,1708,ENSG00000166118,SPATA19
GO:CC,GO:0031090,organelle membrane,0.9712484246955299,False,6,47,323,1708,ENSG00000166118 ENSG00000122986 ENSG00000155511 ENSG00000157823 ENSG00000113070 ENSG00000168778,SPATA19 HVCN1 GRIA1 AP3S2 HBEGF TCTN2
GO:CC,GO:0005740,mitochondrial envelope,0.9712484246955299,False,1,47,80,1708,ENSG00000166118,SPATA19
GO:CC,GO:1903561,extracellular vesicle,0.9712484246955299,False,4,47,230,1708,ENSG00000066084 ENSG00000103811 ENSG00000149131 ENSG00000111669,DIP2B CTSH SERPING1 TPI1
GO:CC,GO:0098827,endoplasmic reticulum subcompartment,0.9712484246955299,False,1,47,92,1708,ENSG00000155511,GRIA1
GO:CC,GO:0065010,extracellular membrane-bounded organelle,0.9712484246955299,False,4,47,230,1708,ENSG00000066084 ENSG00000103811 ENSG00000149131 ENSG00000111669,DIP2B CTSH SERPING1 TPI1
GO:CC,GO:0140513,nuclear protein-containing complex,0.9712484246955299,False,2,47,150,1708,ENSG00000169592 ENSG00000185619,INO80E PCGF3
GO:BP,GO:0141187,nucleic acid biosynthetic process,0.9729098358842747,False,6,47,384,1708,ENSG00000167074 ENSG00000169592 ENSG00000174579 ENSG00000104885 ENSG00000185619 ENSG00000167157,TEF INO80E MSL2 DOT1L PCGF3 PRRX2
GO:BP,GO:0009968,negative regulation of signal transduction,0.9771772795566727,False,1,47,128,1708,ENSG00000010810,FYN
GO:MF,GO:0046914,transition metal ion binding,0.9794449001784529,False,3,47,254,1708,ENSG00000112659 ENSG00000174579 ENSG00000185619,CUL9 MSL2 PCGF3
GO:BP,GO:0034654,nucleobase-containing compound biosynthetic process,0.9827604063652886,False,6,47,407,1708,ENSG00000167074 ENSG00000169592 ENSG00000174579 ENSG00000104885 ENSG00000185619 ENSG00000167157,TEF INO80E MSL2 DOT1L PCGF3 PRRX2
GO:BP,GO:0090304,nucleic acid metabolic process,0.9840339713874859,False,7,47,458,1708,ENSG00000167074 ENSG00000169592 ENSG00000100354 ENSG00000174579 ENSG00000104885 ENSG00000185619 ENSG00000167157,TEF INO80E TNRC6B MSL2 DOT1L PCGF3 PRRX2
GO:CC,GO:0031984,organelle subcompartment,0.9845735526135936,False,1,47,113,1708,ENSG00000155511,GRIA1
GO:CC,GO:0005739,mitochondrion,0.9845735526135936,False,2,47,175,1708,ENSG00000166118 ENSG00000010810,SPATA19 FYN
GO:CC,GO:0043231,intracellular membrane-bounded organelle,0.9853800542710203,False,27,47,1176,1708,ENSG00000167074 ENSG00000169592 ENSG00000153406 ENSG00000066084 ENSG00000100354 ENSG00000166118 ENSG00000010810 ENSG00000103811 ENSG00000122986 ENSG00000155511 ENSG00000149131 ENSG00000023902 ENSG00000141002 ENSG00000120903 ENSG00000174579 ENSG00000104885 ENSG00000221914 ENSG00000187266 ENSG00000157823 ENSG00000237649 ENSG00000185619 ENSG00000113070 ENSG00000111669 ENSG00000167157 ENSG00000178093 ENSG00000196182 ENSG00000171174,TEF INO80E NMRAL1 DIP2B TNRC6B SPATA19 FYN CTSH HVCN1 GRIA1 SERPING1 PLEKHO1 TCF25 CHRNA2 MSL2 DOT1L PPP2R2A EPOR AP3S2 KIFC1 PCGF3 HBEGF TPI1 PRRX2 TSSK6 STK40 RBKS
GO:CC,GO:0005794,Golgi apparatus,0.9858256712300604,False,1,47,132,1708,ENSG00000157823,AP3S2
GO:CC,GO:0043229,intracellular organelle,0.9858256712300604,False,29,47,1255,1708,ENSG00000131558 ENSG00000167074 ENSG00000169592 ENSG00000153406 ENSG00000066084 ENSG00000100354 ENSG00000166118 ENSG00000010810 ENSG00000103811 ENSG00000122986 ENSG00000155511 ENSG00000149131 ENSG00000023902 ENSG00000141002 ENSG00000120903 ENSG00000174579 ENSG00000104885 ENSG00000221914 ENSG00000187266 ENSG00000157823 ENSG00000237649 ENSG00000185619 ENSG00000113070 ENSG00000111669 ENSG00000167157 ENSG00000178093 ENSG00000196182 ENSG00000168778 ENSG00000171174,EXOC4 TEF INO80E NMRAL1 DIP2B TNRC6B SPATA19 FYN CTSH HVCN1 GRIA1 SERPING1 PLEKHO1 TCF25 CHRNA2 MSL2 DOT1L PPP2R2A EPOR AP3S2 KIFC1 PCGF3 HBEGF TPI1 PRRX2 TSSK6 STK40 TCTN2 RBKS
GO:CC,GO:0031967,organelle envelope,0.9858256712300604,False,1,47,125,1708,ENSG00000166118,SPATA19
GO:CC,GO:0043227,membrane-bounded organelle,0.9906848152160824,False,28,47,1250,1708,ENSG00000167074 ENSG00000169592 ENSG00000153406 ENSG00000066084 ENSG00000100354 ENSG00000166118 ENSG00000010810 ENSG00000103811 ENSG00000122986 ENSG00000155511 ENSG00000149131 ENSG00000023902 ENSG00000141002 ENSG00000120903 ENSG00000174579 ENSG00000104885 ENSG00000221914 ENSG00000187266 ENSG00000157823 ENSG00000237649 ENSG00000185619 ENSG00000113070 ENSG00000111669 ENSG00000167157 ENSG00000178093 ENSG00000196182 ENSG00000168778 ENSG00000171174,TEF INO80E NMRAL1 DIP2B TNRC6B SPATA19 FYN CTSH HVCN1 GRIA1 SERPING1 PLEKHO1 TCF25 CHRNA2 MSL2 DOT1L PPP2R2A EPOR AP3S2 KIFC1 PCGF3 HBEGF TPI1 PRRX2 TSSK6 STK40 TCTN2 RBKS
GO:CC,GO:0043226,organelle,0.9946890489145465,False,29,47,1314,1708,ENSG00000131558 ENSG00000167074 ENSG00000169592 ENSG00000153406 ENSG00000066084 ENSG00000100354 ENSG00000166118 ENSG00000010810 ENSG00000103811 ENSG00000122986 ENSG00000155511 ENSG00000149131 ENSG00000023902 ENSG00000141002 ENSG00000120903 ENSG00000174579 ENSG00000104885 ENSG00000221914 ENSG00000187266 ENSG00000157823 ENSG00000237649 ENSG00000185619 ENSG00000113070 ENSG00000111669 ENSG00000167157 ENSG00000178093 ENSG00000196182 ENSG00000168778 ENSG00000171174,EXOC4 TEF INO80E NMRAL1 DIP2B TNRC6B SPATA19 FYN CTSH HVCN1 GRIA1 SERPING1 PLEKHO1 TCF25 CHRNA2 MSL2 DOT1L PPP2R2A EPOR AP3S2 KIFC1 PCGF3 HBEGF TPI1 PRRX2 TSSK6 STK40 TCTN2 RBKS
