source,term_id,term_name,fdr,significant,intersection_size,query_size,term_size,background_size,genes,gene_symbols
GO:CC,GO:0110165,cellular anatomical structure,5.554819910146936e-17,True,95,111,1630,3629,ENSG00000156395 ENSG00000067082 ENSG00000120451 ENSG00000080854 ENSG00000110497 ENSG00000166793 ENSG00000245532 ENSG00000171310 ENSG00000122986 ENSG00000089053 ENSG00000168778 ENSG00000133687 ENSG00000161813 ENSG00000135454 ENSG00000111669 ENSG00000151778 ENSG00000066735 ENSG00000182732 ENSG00000171877 ENSG00000157456 ENSG00000103811 ENSG00000169594 ENSG00000073417 ENSG00000242498 ENSG00000185518 ENSG00000149927 ENSG00000153406 ENSG00000103042 ENSG00000103056 ENSG00000258839 ENSG00000177374 ENSG00000181291 ENSG00000131096 ENSG00000166573 ENSG00000205517 ENSG00000178093 ENSG00000104885 ENSG00000186020 ENSG00000161652 ENSG00000023902 ENSG00000143614 ENSG00000162753 ENSG00000116852 ENSG00000159023 ENSG00000196182 ENSG00000196517 ENSG00000162426 ENSG00000188641 ENSG00000053438 ENSG00000100354 ENSG00000100403 ENSG00000251322 ENSG00000115896 ENSG00000082153 ENSG00000158019 ENSG00000115828 ENSG00000124356 ENSG00000115085 ENSG00000174579 ENSG00000154822 ENSG00000007402 ENSG00000055955 ENSG00000163635 ENSG00000198948 ENSG00000150630 ENSG00000133256 ENSG00000151422 ENSG00000078795 ENSG00000120725 ENSG00000113070 ENSG00000155511 ENSG00000113448 ENSG00000010810 ENSG00000079691 ENSG00000232040 ENSG00000137411 ENSG00000213654 ENSG00000204231 ENSG00000112659 ENSG00000135298 ENSG00000005483 ENSG00000184903 ENSG00000131558 ENSG00000002822 ENSG00000070882 ENSG00000176406 ENSG00000158106 ENSG00000147799 ENSG00000120907 ENSG00000168077 ENSG00000147535 ENSG00000104442 ENSG00000173273 ENSG00000167157 ENSG00000130635,SORCS3 KLF6 SNX19 IGSF9B AMBRA1 YPEL4 NEAT1 CHST11 HVCN1 ANAPC5 TCTN2 TMTC1 LARP4 B4GALNT1 TPI1 SERP2 KIF26A RGS6 FRMD5 CCNB2 CTSH BNC1 PDE8A ARPIN SV2B DOC2A NMRAL1 SLC38A7 SMPD3 MC1R HIC1 TMEM132E PYY GALR1 RGL3 TSSK6 DOT1L ZNF529 IZUMO2 PLEKHO1 GATAD2B SLC9C2 KIF21B EPB41 STK40 SLC6A9 SLC45A1 DPYD NNAT TNRC6B ZC3H7B SHANK3 PLCL1 BZW1 BABAM2 QPCT STAMBP ZAP70 MSL2 PLCL2 CACNA2D2 ITIH4 ATXN7 MFAP3L VEGFC PDE6B FER PKD2L2 SIL1 HBEGF GRIA1 PDE4D FYN CARMIL1 SCAND3 VARS2 GPSM3 RXRB CUL9 ADGRB3 KMT2E IMMP2L EXOC4 MAD1L1 OSBPL3 RIMS2 RHPN1 ARHGAP39 ADRA1A SCARA3 PLPP5 ARMC1 TNKS PRRX2 COL5A1
GO:CC,GO:0005575,cellular_component,5.554819910146936e-17,True,95,111,1638,3629,ENSG00000156395 ENSG00000067082 ENSG00000120451 ENSG00000080854 ENSG00000110497 ENSG00000166793 ENSG00000245532 ENSG00000171310 ENSG00000122986 ENSG00000089053 ENSG00000168778 ENSG00000133687 ENSG00000161813 ENSG00000135454 ENSG00000111669 ENSG00000151778 ENSG00000066735 ENSG00000182732 ENSG00000171877 ENSG00000157456 ENSG00000103811 ENSG00000169594 ENSG00000073417 ENSG00000242498 ENSG00000185518 ENSG00000149927 ENSG00000153406 ENSG00000103042 ENSG00000103056 ENSG00000258839 ENSG00000177374 ENSG00000181291 ENSG00000131096 ENSG00000166573 ENSG00000205517 ENSG00000178093 ENSG00000104885 ENSG00000186020 ENSG00000161652 ENSG00000023902 ENSG00000143614 ENSG00000162753 ENSG00000116852 ENSG00000159023 ENSG00000196182 ENSG00000196517 ENSG00000162426 ENSG00000188641 ENSG00000053438 ENSG00000100354 ENSG00000100403 ENSG00000251322 ENSG00000115896 ENSG00000082153 ENSG00000158019 ENSG00000115828 ENSG00000124356 ENSG00000115085 ENSG00000174579 ENSG00000154822 ENSG00000007402 ENSG00000055955 ENSG00000163635 ENSG00000198948 ENSG00000150630 ENSG00000133256 ENSG00000151422 ENSG00000078795 ENSG00000120725 ENSG00000113070 ENSG00000155511 ENSG00000113448 ENSG00000010810 ENSG00000079691 ENSG00000232040 ENSG00000137411 ENSG00000213654 ENSG00000204231 ENSG00000112659 ENSG00000135298 ENSG00000005483 ENSG00000184903 ENSG00000131558 ENSG00000002822 ENSG00000070882 ENSG00000176406 ENSG00000158106 ENSG00000147799 ENSG00000120907 ENSG00000168077 ENSG00000147535 ENSG00000104442 ENSG00000173273 ENSG00000167157 ENSG00000130635,SORCS3 KLF6 SNX19 IGSF9B AMBRA1 YPEL4 NEAT1 CHST11 HVCN1 ANAPC5 TCTN2 TMTC1 LARP4 B4GALNT1 TPI1 SERP2 KIF26A RGS6 FRMD5 CCNB2 CTSH BNC1 PDE8A ARPIN SV2B DOC2A NMRAL1 SLC38A7 SMPD3 MC1R HIC1 TMEM132E PYY GALR1 RGL3 TSSK6 DOT1L ZNF529 IZUMO2 PLEKHO1 GATAD2B SLC9C2 KIF21B EPB41 STK40 SLC6A9 SLC45A1 DPYD NNAT TNRC6B ZC3H7B SHANK3 PLCL1 BZW1 BABAM2 QPCT STAMBP ZAP70 MSL2 PLCL2 CACNA2D2 ITIH4 ATXN7 MFAP3L VEGFC PDE6B FER PKD2L2 SIL1 HBEGF GRIA1 PDE4D FYN CARMIL1 SCAND3 VARS2 GPSM3 RXRB CUL9 ADGRB3 KMT2E IMMP2L EXOC4 MAD1L1 OSBPL3 RIMS2 RHPN1 ARHGAP39 ADRA1A SCARA3 PLPP5 ARMC1 TNKS PRRX2 COL5A1
GO:MF,GO:0003674,molecular_function,7.730477251885942e-17,True,94,111,1587,3629,ENSG00000156395 ENSG00000067082 ENSG00000120451 ENSG00000080854 ENSG00000110497 ENSG00000166793 ENSG00000245532 ENSG00000171310 ENSG00000122986 ENSG00000089053 ENSG00000111011 ENSG00000133687 ENSG00000161813 ENSG00000135454 ENSG00000111669 ENSG00000151778 ENSG00000066735 ENSG00000182732 ENSG00000166133 ENSG00000171877 ENSG00000157456 ENSG00000103811 ENSG00000169594 ENSG00000073417 ENSG00000242498 ENSG00000185518 ENSG00000149927 ENSG00000153406 ENSG00000103042 ENSG00000103056 ENSG00000258839 ENSG00000177374 ENSG00000131096 ENSG00000166573 ENSG00000205517 ENSG00000178093 ENSG00000104885 ENSG00000186020 ENSG00000023902 ENSG00000143614 ENSG00000162753 ENSG00000116852 ENSG00000159023 ENSG00000196182 ENSG00000196517 ENSG00000162426 ENSG00000188641 ENSG00000100354 ENSG00000100403 ENSG00000251322 ENSG00000115896 ENSG00000082153 ENSG00000158019 ENSG00000115828 ENSG00000124356 ENSG00000115085 ENSG00000174579 ENSG00000154822 ENSG00000168016 ENSG00000007402 ENSG00000055955 ENSG00000163635 ENSG00000198948 ENSG00000150630 ENSG00000133256 ENSG00000151422 ENSG00000078795 ENSG00000120725 ENSG00000113070 ENSG00000155511 ENSG00000113448 ENSG00000010810 ENSG00000079691 ENSG00000232040 ENSG00000137411 ENSG00000213654 ENSG00000204231 ENSG00000112659 ENSG00000135298 ENSG00000005483 ENSG00000184903 ENSG00000131558 ENSG00000002822 ENSG00000070882 ENSG00000176406 ENSG00000158106 ENSG00000147799 ENSG00000120907 ENSG00000168077 ENSG00000147535 ENSG00000104442 ENSG00000173273 ENSG00000167157 ENSG00000130635,SORCS3 KLF6 SNX19 IGSF9B AMBRA1 YPEL4 NEAT1 CHST11 HVCN1 ANAPC5 RSRC2 TMTC1 LARP4 B4GALNT1 TPI1 SERP2 KIF26A RGS6 RPUSD2 FRMD5 CCNB2 CTSH BNC1 PDE8A ARPIN SV2B DOC2A NMRAL1 SLC38A7 SMPD3 MC1R HIC1 PYY GALR1 RGL3 TSSK6 DOT1L ZNF529 PLEKHO1 GATAD2B SLC9C2 KIF21B EPB41 STK40 SLC6A9 SLC45A1 DPYD TNRC6B ZC3H7B SHANK3 PLCL1 BZW1 BABAM2 QPCT STAMBP ZAP70 MSL2 PLCL2 TRANK1 CACNA2D2 ITIH4 ATXN7 MFAP3L VEGFC PDE6B FER PKD2L2 SIL1 HBEGF GRIA1 PDE4D FYN CARMIL1 SCAND3 VARS2 GPSM3 RXRB CUL9 ADGRB3 KMT2E IMMP2L EXOC4 MAD1L1 OSBPL3 RIMS2 RHPN1 ARHGAP39 ADRA1A SCARA3 PLPP5 ARMC1 TNKS PRRX2 COL5A1
GO:BP,GO:0008150,biological_process,5.097637120043232e-16,True,92,111,1526,3629,ENSG00000156395 ENSG00000067082 ENSG00000120451 ENSG00000080854 ENSG00000110497 ENSG00000245532 ENSG00000171310 ENSG00000122986 ENSG00000089053 ENSG00000168778 ENSG00000133687 ENSG00000161813 ENSG00000135454 ENSG00000111669 ENSG00000151778 ENSG00000066735 ENSG00000182732 ENSG00000166133 ENSG00000171877 ENSG00000157456 ENSG00000103811 ENSG00000169594 ENSG00000073417 ENSG00000242498 ENSG00000185518 ENSG00000149927 ENSG00000103042 ENSG00000103056 ENSG00000258839 ENSG00000177374 ENSG00000181291 ENSG00000131096 ENSG00000166573 ENSG00000205517 ENSG00000178093 ENSG00000104885 ENSG00000186020 ENSG00000023902 ENSG00000143614 ENSG00000162753 ENSG00000116852 ENSG00000159023 ENSG00000196182 ENSG00000196517 ENSG00000162426 ENSG00000188641 ENSG00000053438 ENSG00000100354 ENSG00000100403 ENSG00000251322 ENSG00000115896 ENSG00000082153 ENSG00000158019 ENSG00000115828 ENSG00000124356 ENSG00000115085 ENSG00000174579 ENSG00000154822 ENSG00000007402 ENSG00000055955 ENSG00000163635 ENSG00000150630 ENSG00000133256 ENSG00000151422 ENSG00000078795 ENSG00000120725 ENSG00000113070 ENSG00000155511 ENSG00000113448 ENSG00000010810 ENSG00000079691 ENSG00000232040 ENSG00000137411 ENSG00000213654 ENSG00000204231 ENSG00000112659 ENSG00000135298 ENSG00000005483 ENSG00000184903 ENSG00000131558 ENSG00000002822 ENSG00000070882 ENSG00000176406 ENSG00000158106 ENSG00000147799 ENSG00000120907 ENSG00000168077 ENSG00000147535 ENSG00000104442 ENSG00000173273 ENSG00000167157 ENSG00000130635,SORCS3 KLF6 SNX19 IGSF9B AMBRA1 NEAT1 CHST11 HVCN1 ANAPC5 TCTN2 TMTC1 LARP4 B4GALNT1 TPI1 SERP2 KIF26A RGS6 RPUSD2 FRMD5 CCNB2 CTSH BNC1 PDE8A ARPIN SV2B DOC2A SLC38A7 SMPD3 MC1R HIC1 TMEM132E PYY GALR1 RGL3 TSSK6 DOT1L ZNF529 PLEKHO1 GATAD2B SLC9C2 KIF21B EPB41 STK40 SLC6A9 SLC45A1 DPYD NNAT TNRC6B ZC3H7B SHANK3 PLCL1 BZW1 BABAM2 QPCT STAMBP ZAP70 MSL2 PLCL2 CACNA2D2 ITIH4 ATXN7 VEGFC PDE6B FER PKD2L2 SIL1 HBEGF GRIA1 PDE4D FYN CARMIL1 SCAND3 VARS2 GPSM3 RXRB CUL9 ADGRB3 KMT2E IMMP2L EXOC4 MAD1L1 OSBPL3 RIMS2 RHPN1 ARHGAP39 ADRA1A SCARA3 PLPP5 ARMC1 TNKS PRRX2 COL5A1
GO:BP,GO:0009987,cellular process,5.097637120043232e-16,True,91,111,1496,3629,ENSG00000156395 ENSG00000067082 ENSG00000120451 ENSG00000080854 ENSG00000110497 ENSG00000245532 ENSG00000171310 ENSG00000122986 ENSG00000089053 ENSG00000168778 ENSG00000133687 ENSG00000161813 ENSG00000135454 ENSG00000111669 ENSG00000151778 ENSG00000066735 ENSG00000182732 ENSG00000166133 ENSG00000171877 ENSG00000157456 ENSG00000103811 ENSG00000169594 ENSG00000073417 ENSG00000242498 ENSG00000185518 ENSG00000149927 ENSG00000103042 ENSG00000103056 ENSG00000258839 ENSG00000177374 ENSG00000181291 ENSG00000131096 ENSG00000166573 ENSG00000205517 ENSG00000178093 ENSG00000104885 ENSG00000186020 ENSG00000023902 ENSG00000143614 ENSG00000162753 ENSG00000116852 ENSG00000159023 ENSG00000196182 ENSG00000196517 ENSG00000162426 ENSG00000188641 ENSG00000053438 ENSG00000100354 ENSG00000100403 ENSG00000251322 ENSG00000115896 ENSG00000082153 ENSG00000158019 ENSG00000115828 ENSG00000124356 ENSG00000115085 ENSG00000174579 ENSG00000154822 ENSG00000007402 ENSG00000055955 ENSG00000163635 ENSG00000150630 ENSG00000133256 ENSG00000151422 ENSG00000078795 ENSG00000120725 ENSG00000113070 ENSG00000155511 ENSG00000113448 ENSG00000010810 ENSG00000079691 ENSG00000232040 ENSG00000137411 ENSG00000213654 ENSG00000204231 ENSG00000112659 ENSG00000135298 ENSG00000005483 ENSG00000184903 ENSG00000131558 ENSG00000002822 ENSG00000070882 ENSG00000176406 ENSG00000158106 ENSG00000147799 ENSG00000120907 ENSG00000168077 ENSG00000147535 ENSG00000173273 ENSG00000167157 ENSG00000130635,SORCS3 KLF6 SNX19 IGSF9B AMBRA1 NEAT1 CHST11 HVCN1 ANAPC5 TCTN2 TMTC1 LARP4 B4GALNT1 TPI1 SERP2 KIF26A RGS6 RPUSD2 FRMD5 CCNB2 CTSH BNC1 PDE8A ARPIN SV2B DOC2A SLC38A7 SMPD3 MC1R HIC1 TMEM132E PYY GALR1 RGL3 TSSK6 DOT1L ZNF529 PLEKHO1 GATAD2B SLC9C2 KIF21B EPB41 STK40 SLC6A9 SLC45A1 DPYD NNAT TNRC6B ZC3H7B SHANK3 PLCL1 BZW1 BABAM2 QPCT STAMBP ZAP70 MSL2 PLCL2 CACNA2D2 ITIH4 ATXN7 VEGFC PDE6B FER PKD2L2 SIL1 HBEGF GRIA1 PDE4D FYN CARMIL1 SCAND3 VARS2 GPSM3 RXRB CUL9 ADGRB3 KMT2E IMMP2L EXOC4 MAD1L1 OSBPL3 RIMS2 RHPN1 ARHGAP39 ADRA1A SCARA3 PLPP5 TNKS PRRX2 COL5A1
GO:MF,GO:0005488,binding,4.200008625743351e-15,True,89,111,1495,3629,ENSG00000156395 ENSG00000067082 ENSG00000120451 ENSG00000080854 ENSG00000110497 ENSG00000166793 ENSG00000245532 ENSG00000122986 ENSG00000089053 ENSG00000111011 ENSG00000133687 ENSG00000161813 ENSG00000111669 ENSG00000151778 ENSG00000066735 ENSG00000182732 ENSG00000166133 ENSG00000171877 ENSG00000157456 ENSG00000103811 ENSG00000169594 ENSG00000073417 ENSG00000242498 ENSG00000185518 ENSG00000149927 ENSG00000153406 ENSG00000103042 ENSG00000103056 ENSG00000258839 ENSG00000177374 ENSG00000131096 ENSG00000166573 ENSG00000205517 ENSG00000178093 ENSG00000104885 ENSG00000186020 ENSG00000023902 ENSG00000143614 ENSG00000116852 ENSG00000159023 ENSG00000196182 ENSG00000196517 ENSG00000188641 ENSG00000100354 ENSG00000100403 ENSG00000251322 ENSG00000082153 ENSG00000158019 ENSG00000115828 ENSG00000124356 ENSG00000115085 ENSG00000174579 ENSG00000154822 ENSG00000168016 ENSG00000007402 ENSG00000055955 ENSG00000163635 ENSG00000198948 ENSG00000150630 ENSG00000133256 ENSG00000151422 ENSG00000078795 ENSG00000120725 ENSG00000113070 ENSG00000155511 ENSG00000113448 ENSG00000010810 ENSG00000079691 ENSG00000232040 ENSG00000137411 ENSG00000213654 ENSG00000204231 ENSG00000112659 ENSG00000135298 ENSG00000005483 ENSG00000184903 ENSG00000131558 ENSG00000002822 ENSG00000070882 ENSG00000176406 ENSG00000158106 ENSG00000147799 ENSG00000120907 ENSG00000168077 ENSG00000147535 ENSG00000104442 ENSG00000173273 ENSG00000167157 ENSG00000130635,SORCS3 KLF6 SNX19 IGSF9B AMBRA1 YPEL4 NEAT1 HVCN1 ANAPC5 RSRC2 TMTC1 LARP4 TPI1 SERP2 KIF26A RGS6 RPUSD2 FRMD5 CCNB2 CTSH BNC1 PDE8A ARPIN SV2B DOC2A NMRAL1 SLC38A7 SMPD3 MC1R HIC1 PYY GALR1 RGL3 TSSK6 DOT1L ZNF529 PLEKHO1 GATAD2B KIF21B EPB41 STK40 SLC6A9 DPYD TNRC6B ZC3H7B SHANK3 BZW1 BABAM2 QPCT STAMBP ZAP70 MSL2 PLCL2 TRANK1 CACNA2D2 ITIH4 ATXN7 MFAP3L VEGFC PDE6B FER PKD2L2 SIL1 HBEGF GRIA1 PDE4D FYN CARMIL1 SCAND3 VARS2 GPSM3 RXRB CUL9 ADGRB3 KMT2E IMMP2L EXOC4 MAD1L1 OSBPL3 RIMS2 RHPN1 ARHGAP39 ADRA1A SCARA3 PLPP5 ARMC1 TNKS PRRX2 COL5A1
GO:CC,GO:0005737,cytoplasm,2.9434929873851594e-13,True,72,111,1057,3629,ENSG00000067082 ENSG00000120451 ENSG00000110497 ENSG00000171310 ENSG00000122986 ENSG00000089053 ENSG00000168778 ENSG00000133687 ENSG00000161813 ENSG00000135454 ENSG00000111669 ENSG00000151778 ENSG00000066735 ENSG00000182732 ENSG00000157456 ENSG00000103811 ENSG00000169594 ENSG00000073417 ENSG00000185518 ENSG00000149927 ENSG00000153406 ENSG00000103042 ENSG00000103056 ENSG00000258839 ENSG00000205517 ENSG00000178093 ENSG00000104885 ENSG00000023902 ENSG00000116852 ENSG00000159023 ENSG00000196182 ENSG00000196517 ENSG00000188641 ENSG00000053438 ENSG00000100354 ENSG00000115896 ENSG00000082153 ENSG00000158019 ENSG00000115828 ENSG00000124356 ENSG00000115085 ENSG00000154822 ENSG00000055955 ENSG00000163635 ENSG00000198948 ENSG00000150630 ENSG00000151422 ENSG00000120725 ENSG00000113070 ENSG00000155511 ENSG00000113448 ENSG00000010810 ENSG00000079691 ENSG00000232040 ENSG00000137411 ENSG00000213654 ENSG00000204231 ENSG00000112659 ENSG00000005483 ENSG00000184903 ENSG00000131558 ENSG00000002822 ENSG00000070882 ENSG00000176406 ENSG00000158106 ENSG00000147799 ENSG00000120907 ENSG00000168077 ENSG00000147535 ENSG00000104442 ENSG00000173273 ENSG00000130635,KLF6 SNX19 AMBRA1 CHST11 HVCN1 ANAPC5 TCTN2 TMTC1 LARP4 B4GALNT1 TPI1 SERP2 KIF26A RGS6 CCNB2 CTSH BNC1 PDE8A SV2B DOC2A NMRAL1 SLC38A7 SMPD3 MC1R RGL3 TSSK6 DOT1L PLEKHO1 KIF21B EPB41 STK40 SLC6A9 DPYD NNAT TNRC6B PLCL1 BZW1 BABAM2 QPCT STAMBP ZAP70 PLCL2 ITIH4 ATXN7 MFAP3L VEGFC FER SIL1 HBEGF GRIA1 PDE4D FYN CARMIL1 SCAND3 VARS2 GPSM3 RXRB CUL9 KMT2E IMMP2L EXOC4 MAD1L1 OSBPL3 RIMS2 RHPN1 ARHGAP39 ADRA1A SCARA3 PLPP5 ARMC1 TNKS COL5A1
GO:BP,GO:0065007,biological regulation,2.209168146254461e-12,True,72,111,1060,3629,ENSG00000156395 ENSG00000067082 ENSG00000120451 ENSG00000110497 ENSG00000245532 ENSG00000171310 ENSG00000122986 ENSG00000089053 ENSG00000168778 ENSG00000161813 ENSG00000151778 ENSG00000066735 ENSG00000182732 ENSG00000171877 ENSG00000157456 ENSG00000103811 ENSG00000169594 ENSG00000073417 ENSG00000242498 ENSG00000185518 ENSG00000149927 ENSG00000103056 ENSG00000258839 ENSG00000177374 ENSG00000131096 ENSG00000166573 ENSG00000205517 ENSG00000104885 ENSG00000186020 ENSG00000023902 ENSG00000143614 ENSG00000162753 ENSG00000159023 ENSG00000196182 ENSG00000196517 ENSG00000053438 ENSG00000100354 ENSG00000100403 ENSG00000251322 ENSG00000115896 ENSG00000082153 ENSG00000158019 ENSG00000124356 ENSG00000115085 ENSG00000174579 ENSG00000154822 ENSG00000007402 ENSG00000163635 ENSG00000150630 ENSG00000133256 ENSG00000151422 ENSG00000113070 ENSG00000155511 ENSG00000113448 ENSG00000010810 ENSG00000079691 ENSG00000232040 ENSG00000137411 ENSG00000213654 ENSG00000204231 ENSG00000112659 ENSG00000135298 ENSG00000005483 ENSG00000131558 ENSG00000002822 ENSG00000176406 ENSG00000158106 ENSG00000147799 ENSG00000120907 ENSG00000173273 ENSG00000167157 ENSG00000130635,SORCS3 KLF6 SNX19 AMBRA1 NEAT1 CHST11 HVCN1 ANAPC5 TCTN2 LARP4 SERP2 KIF26A RGS6 FRMD5 CCNB2 CTSH BNC1 PDE8A ARPIN SV2B DOC2A SMPD3 MC1R HIC1 PYY GALR1 RGL3 DOT1L ZNF529 PLEKHO1 GATAD2B SLC9C2 EPB41 STK40 SLC6A9 NNAT TNRC6B ZC3H7B SHANK3 PLCL1 BZW1 BABAM2 STAMBP ZAP70 MSL2 PLCL2 CACNA2D2 ATXN7 VEGFC PDE6B FER HBEGF GRIA1 PDE4D FYN CARMIL1 SCAND3 VARS2 GPSM3 RXRB CUL9 ADGRB3 KMT2E EXOC4 MAD1L1 RIMS2 RHPN1 ARHGAP39 ADRA1A TNKS PRRX2 COL5A1
GO:CC,GO:0005622,intracellular anatomical structure,4.494439709472193e-12,True,81,111,1388,3629,ENSG00000067082 ENSG00000120451 ENSG00000110497 ENSG00000166793 ENSG00000245532 ENSG00000171310 ENSG00000122986 ENSG00000089053 ENSG00000168778 ENSG00000133687 ENSG00000161813 ENSG00000135454 ENSG00000111669 ENSG00000151778 ENSG00000066735 ENSG00000182732 ENSG00000171877 ENSG00000157456 ENSG00000103811 ENSG00000169594 ENSG00000073417 ENSG00000185518 ENSG00000149927 ENSG00000153406 ENSG00000103042 ENSG00000103056 ENSG00000258839 ENSG00000177374 ENSG00000205517 ENSG00000178093 ENSG00000104885 ENSG00000186020 ENSG00000023902 ENSG00000143614 ENSG00000116852 ENSG00000159023 ENSG00000196182 ENSG00000196517 ENSG00000188641 ENSG00000053438 ENSG00000100354 ENSG00000100403 ENSG00000115896 ENSG00000082153 ENSG00000158019 ENSG00000115828 ENSG00000124356 ENSG00000115085 ENSG00000174579 ENSG00000154822 ENSG00000055955 ENSG00000163635 ENSG00000198948 ENSG00000150630 ENSG00000151422 ENSG00000120725 ENSG00000113070 ENSG00000155511 ENSG00000113448 ENSG00000010810 ENSG00000079691 ENSG00000232040 ENSG00000137411 ENSG00000213654 ENSG00000204231 ENSG00000112659 ENSG00000005483 ENSG00000184903 ENSG00000131558 ENSG00000002822 ENSG00000070882 ENSG00000176406 ENSG00000158106 ENSG00000147799 ENSG00000120907 ENSG00000168077 ENSG00000147535 ENSG00000104442 ENSG00000173273 ENSG00000167157 ENSG00000130635,KLF6 SNX19 AMBRA1 YPEL4 NEAT1 CHST11 HVCN1 ANAPC5 TCTN2 TMTC1 LARP4 B4GALNT1 TPI1 SERP2 KIF26A RGS6 FRMD5 CCNB2 CTSH BNC1 PDE8A SV2B DOC2A NMRAL1 SLC38A7 SMPD3 MC1R HIC1 RGL3 TSSK6 DOT1L ZNF529 PLEKHO1 GATAD2B KIF21B EPB41 STK40 SLC6A9 DPYD NNAT TNRC6B ZC3H7B PLCL1 BZW1 BABAM2 QPCT STAMBP ZAP70 MSL2 PLCL2 ITIH4 ATXN7 MFAP3L VEGFC FER SIL1 HBEGF GRIA1 PDE4D FYN CARMIL1 SCAND3 VARS2 GPSM3 RXRB CUL9 KMT2E IMMP2L EXOC4 MAD1L1 OSBPL3 RIMS2 RHPN1 ARHGAP39 ADRA1A SCARA3 PLPP5 ARMC1 TNKS PRRX2 COL5A1
GO:BP,GO:0050789,regulation of biological process,5.230419998002322e-12,True,70,111,1025,3629,ENSG00000156395 ENSG00000067082 ENSG00000120451 ENSG00000110497 ENSG00000245532 ENSG00000171310 ENSG00000122986 ENSG00000089053 ENSG00000168778 ENSG00000161813 ENSG00000151778 ENSG00000066735 ENSG00000182732 ENSG00000171877 ENSG00000157456 ENSG00000103811 ENSG00000169594 ENSG00000073417 ENSG00000242498 ENSG00000185518 ENSG00000149927 ENSG00000103056 ENSG00000258839 ENSG00000177374 ENSG00000131096 ENSG00000166573 ENSG00000205517 ENSG00000104885 ENSG00000186020 ENSG00000023902 ENSG00000143614 ENSG00000159023 ENSG00000196182 ENSG00000196517 ENSG00000053438 ENSG00000100354 ENSG00000100403 ENSG00000251322 ENSG00000115896 ENSG00000082153 ENSG00000158019 ENSG00000124356 ENSG00000115085 ENSG00000174579 ENSG00000154822 ENSG00000007402 ENSG00000163635 ENSG00000150630 ENSG00000133256 ENSG00000151422 ENSG00000113070 ENSG00000155511 ENSG00000113448 ENSG00000010810 ENSG00000079691 ENSG00000232040 ENSG00000213654 ENSG00000204231 ENSG00000112659 ENSG00000135298 ENSG00000005483 ENSG00000131558 ENSG00000002822 ENSG00000176406 ENSG00000158106 ENSG00000147799 ENSG00000120907 ENSG00000173273 ENSG00000167157 ENSG00000130635,SORCS3 KLF6 SNX19 AMBRA1 NEAT1 CHST11 HVCN1 ANAPC5 TCTN2 LARP4 SERP2 KIF26A RGS6 FRMD5 CCNB2 CTSH BNC1 PDE8A ARPIN SV2B DOC2A SMPD3 MC1R HIC1 PYY GALR1 RGL3 DOT1L ZNF529 PLEKHO1 GATAD2B EPB41 STK40 SLC6A9 NNAT TNRC6B ZC3H7B SHANK3 PLCL1 BZW1 BABAM2 STAMBP ZAP70 MSL2 PLCL2 CACNA2D2 ATXN7 VEGFC PDE6B FER HBEGF GRIA1 PDE4D FYN CARMIL1 SCAND3 GPSM3 RXRB CUL9 ADGRB3 KMT2E EXOC4 MAD1L1 RIMS2 RHPN1 ARHGAP39 ADRA1A TNKS PRRX2 COL5A1
GO:MF,GO:0005515,protein binding,1.5642825180878624e-11,True,79,111,1338,3629,ENSG00000156395 ENSG00000067082 ENSG00000120451 ENSG00000080854 ENSG00000110497 ENSG00000122986 ENSG00000089053 ENSG00000111011 ENSG00000133687 ENSG00000161813 ENSG00000111669 ENSG00000151778 ENSG00000066735 ENSG00000182732 ENSG00000171877 ENSG00000157456 ENSG00000103811 ENSG00000073417 ENSG00000242498 ENSG00000185518 ENSG00000149927 ENSG00000153406 ENSG00000103042 ENSG00000103056 ENSG00000258839 ENSG00000177374 ENSG00000131096 ENSG00000166573 ENSG00000205517 ENSG00000178093 ENSG00000104885 ENSG00000023902 ENSG00000143614 ENSG00000116852 ENSG00000159023 ENSG00000196182 ENSG00000188641 ENSG00000100354 ENSG00000100403 ENSG00000251322 ENSG00000082153 ENSG00000158019 ENSG00000115828 ENSG00000124356 ENSG00000115085 ENSG00000174579 ENSG00000154822 ENSG00000168016 ENSG00000055955 ENSG00000163635 ENSG00000198948 ENSG00000150630 ENSG00000133256 ENSG00000151422 ENSG00000120725 ENSG00000113070 ENSG00000155511 ENSG00000113448 ENSG00000010810 ENSG00000079691 ENSG00000137411 ENSG00000213654 ENSG00000204231 ENSG00000112659 ENSG00000135298 ENSG00000005483 ENSG00000184903 ENSG00000131558 ENSG00000002822 ENSG00000070882 ENSG00000176406 ENSG00000158106 ENSG00000147799 ENSG00000120907 ENSG00000168077 ENSG00000147535 ENSG00000104442 ENSG00000173273 ENSG00000130635,SORCS3 KLF6 SNX19 IGSF9B AMBRA1 HVCN1 ANAPC5 RSRC2 TMTC1 LARP4 TPI1 SERP2 KIF26A RGS6 FRMD5 CCNB2 CTSH PDE8A ARPIN SV2B DOC2A NMRAL1 SLC38A7 SMPD3 MC1R HIC1 PYY GALR1 RGL3 TSSK6 DOT1L PLEKHO1 GATAD2B KIF21B EPB41 STK40 DPYD TNRC6B ZC3H7B SHANK3 BZW1 BABAM2 QPCT STAMBP ZAP70 MSL2 PLCL2 TRANK1 ITIH4 ATXN7 MFAP3L VEGFC PDE6B FER SIL1 HBEGF GRIA1 PDE4D FYN CARMIL1 VARS2 GPSM3 RXRB CUL9 ADGRB3 KMT2E IMMP2L EXOC4 MAD1L1 OSBPL3 RIMS2 RHPN1 ARHGAP39 ADRA1A SCARA3 PLPP5 ARMC1 TNKS COL5A1
GO:BP,GO:0050794,regulation of cellular process,6.127392075197538e-11,True,67,111,992,3629,ENSG00000156395 ENSG00000067082 ENSG00000110497 ENSG00000245532 ENSG00000171310 ENSG00000122986 ENSG00000089053 ENSG00000168778 ENSG00000161813 ENSG00000151778 ENSG00000066735 ENSG00000182732 ENSG00000171877 ENSG00000103811 ENSG00000169594 ENSG00000073417 ENSG00000242498 ENSG00000185518 ENSG00000149927 ENSG00000103056 ENSG00000258839 ENSG00000177374 ENSG00000131096 ENSG00000166573 ENSG00000205517 ENSG00000104885 ENSG00000186020 ENSG00000023902 ENSG00000143614 ENSG00000196182 ENSG00000196517 ENSG00000053438 ENSG00000100354 ENSG00000100403 ENSG00000251322 ENSG00000115896 ENSG00000082153 ENSG00000158019 ENSG00000124356 ENSG00000115085 ENSG00000174579 ENSG00000154822 ENSG00000007402 ENSG00000163635 ENSG00000150630 ENSG00000133256 ENSG00000151422 ENSG00000113070 ENSG00000155511 ENSG00000113448 ENSG00000010810 ENSG00000079691 ENSG00000232040 ENSG00000213654 ENSG00000204231 ENSG00000112659 ENSG00000135298 ENSG00000005483 ENSG00000131558 ENSG00000002822 ENSG00000176406 ENSG00000158106 ENSG00000147799 ENSG00000120907 ENSG00000173273 ENSG00000167157 ENSG00000130635,SORCS3 KLF6 AMBRA1 NEAT1 CHST11 HVCN1 ANAPC5 TCTN2 LARP4 SERP2 KIF26A RGS6 FRMD5 CTSH BNC1 PDE8A ARPIN SV2B DOC2A SMPD3 MC1R HIC1 PYY GALR1 RGL3 DOT1L ZNF529 PLEKHO1 GATAD2B STK40 SLC6A9 NNAT TNRC6B ZC3H7B SHANK3 PLCL1 BZW1 BABAM2 STAMBP ZAP70 MSL2 PLCL2 CACNA2D2 ATXN7 VEGFC PDE6B FER HBEGF GRIA1 PDE4D FYN CARMIL1 SCAND3 GPSM3 RXRB CUL9 ADGRB3 KMT2E EXOC4 MAD1L1 RIMS2 RHPN1 ARHGAP39 ADRA1A TNKS PRRX2 COL5A1
GO:BP,GO:0010646,regulation of cell communication,2.0200082196174473e-10,True,35,111,299,3629,ENSG00000156395 ENSG00000110497 ENSG00000171310 ENSG00000066735 ENSG00000182732 ENSG00000103811 ENSG00000073417 ENSG00000185518 ENSG00000103056 ENSG00000258839 ENSG00000177374 ENSG00000166573 ENSG00000104885 ENSG00000196182 ENSG00000196517 ENSG00000053438 ENSG00000251322 ENSG00000115896 ENSG00000158019 ENSG00000124356 ENSG00000115085 ENSG00000154822 ENSG00000007402 ENSG00000150630 ENSG00000151422 ENSG00000113070 ENSG00000155511 ENSG00000113448 ENSG00000010810 ENSG00000204231 ENSG00000002822 ENSG00000176406 ENSG00000147799 ENSG00000120907 ENSG00000173273,SORCS3 AMBRA1 CHST11 KIF26A RGS6 CTSH PDE8A SV2B SMPD3 MC1R HIC1 GALR1 DOT1L STK40 SLC6A9 NNAT SHANK3 PLCL1 BABAM2 STAMBP ZAP70 PLCL2 CACNA2D2 VEGFC FER HBEGF GRIA1 PDE4D FYN RXRB MAD1L1 RIMS2 ARHGAP39 ADRA1A TNKS
GO:BP,GO:0023051,regulation of signaling,2.121442348785462e-10,True,35,111,301,3629,ENSG00000156395 ENSG00000110497 ENSG00000171310 ENSG00000066735 ENSG00000182732 ENSG00000103811 ENSG00000073417 ENSG00000185518 ENSG00000103056 ENSG00000258839 ENSG00000177374 ENSG00000166573 ENSG00000104885 ENSG00000196182 ENSG00000196517 ENSG00000053438 ENSG00000251322 ENSG00000115896 ENSG00000158019 ENSG00000124356 ENSG00000115085 ENSG00000154822 ENSG00000007402 ENSG00000150630 ENSG00000151422 ENSG00000113070 ENSG00000155511 ENSG00000113448 ENSG00000010810 ENSG00000204231 ENSG00000002822 ENSG00000176406 ENSG00000147799 ENSG00000120907 ENSG00000173273,SORCS3 AMBRA1 CHST11 KIF26A RGS6 CTSH PDE8A SV2B SMPD3 MC1R HIC1 GALR1 DOT1L STK40 SLC6A9 NNAT SHANK3 PLCL1 BABAM2 STAMBP ZAP70 PLCL2 CACNA2D2 VEGFC FER HBEGF GRIA1 PDE4D FYN RXRB MAD1L1 RIMS2 ARHGAP39 ADRA1A TNKS
GO:CC,GO:0016020,membrane,1.5948928385501684e-09,True,57,111,825,3629,ENSG00000156395 ENSG00000120451 ENSG00000080854 ENSG00000110497 ENSG00000171310 ENSG00000122986 ENSG00000168778 ENSG00000133687 ENSG00000161813 ENSG00000135454 ENSG00000151778 ENSG00000182732 ENSG00000171877 ENSG00000157456 ENSG00000185518 ENSG00000149927 ENSG00000103042 ENSG00000103056 ENSG00000258839 ENSG00000181291 ENSG00000166573 ENSG00000205517 ENSG00000161652 ENSG00000023902 ENSG00000162753 ENSG00000159023 ENSG00000196517 ENSG00000162426 ENSG00000053438 ENSG00000251322 ENSG00000082153 ENSG00000124356 ENSG00000115085 ENSG00000007402 ENSG00000055955 ENSG00000198948 ENSG00000150630 ENSG00000133256 ENSG00000151422 ENSG00000078795 ENSG00000113070 ENSG00000155511 ENSG00000113448 ENSG00000010810 ENSG00000079691 ENSG00000213654 ENSG00000135298 ENSG00000005483 ENSG00000184903 ENSG00000131558 ENSG00000070882 ENSG00000176406 ENSG00000120907 ENSG00000168077 ENSG00000147535 ENSG00000104442 ENSG00000173273,SORCS3 SNX19 IGSF9B AMBRA1 CHST11 HVCN1 TCTN2 TMTC1 LARP4 B4GALNT1 SERP2 RGS6 FRMD5 CCNB2 SV2B DOC2A SLC38A7 SMPD3 MC1R TMEM132E GALR1 RGL3 IZUMO2 PLEKHO1 SLC9C2 EPB41 SLC6A9 SLC45A1 NNAT SHANK3 BZW1 STAMBP ZAP70 CACNA2D2 ITIH4 MFAP3L VEGFC PDE6B FER PKD2L2 HBEGF GRIA1 PDE4D FYN CARMIL1 GPSM3 ADGRB3 KMT2E IMMP2L EXOC4 OSBPL3 RIMS2 ADRA1A SCARA3 PLPP5 ARMC1 TNKS
GO:BP,GO:0023052,signaling,1.6377648027596437e-09,True,45,111,521,3629,ENSG00000156395 ENSG00000120451 ENSG00000110497 ENSG00000171310 ENSG00000168778 ENSG00000151778 ENSG00000066735 ENSG00000182732 ENSG00000103811 ENSG00000073417 ENSG00000185518 ENSG00000149927 ENSG00000103056 ENSG00000258839 ENSG00000177374 ENSG00000131096 ENSG00000166573 ENSG00000205517 ENSG00000104885 ENSG00000196182 ENSG00000196517 ENSG00000053438 ENSG00000251322 ENSG00000115896 ENSG00000158019 ENSG00000124356 ENSG00000115085 ENSG00000154822 ENSG00000007402 ENSG00000150630 ENSG00000133256 ENSG00000151422 ENSG00000113070 ENSG00000155511 ENSG00000113448 ENSG00000010810 ENSG00000204231 ENSG00000135298 ENSG00000131558 ENSG00000002822 ENSG00000176406 ENSG00000158106 ENSG00000147799 ENSG00000120907 ENSG00000173273,SORCS3 SNX19 AMBRA1 CHST11 TCTN2 SERP2 KIF26A RGS6 CTSH PDE8A SV2B DOC2A SMPD3 MC1R HIC1 PYY GALR1 RGL3 DOT1L STK40 SLC6A9 NNAT SHANK3 PLCL1 BABAM2 STAMBP ZAP70 PLCL2 CACNA2D2 VEGFC PDE6B FER HBEGF GRIA1 PDE4D FYN RXRB ADGRB3 EXOC4 MAD1L1 RIMS2 RHPN1 ARHGAP39 ADRA1A TNKS
GO:BP,GO:0007154,cell communication,1.6721434736759875e-09,True,45,111,523,3629,ENSG00000156395 ENSG00000120451 ENSG00000110497 ENSG00000171310 ENSG00000168778 ENSG00000151778 ENSG00000066735 ENSG00000182732 ENSG00000103811 ENSG00000073417 ENSG00000185518 ENSG00000149927 ENSG00000103056 ENSG00000258839 ENSG00000177374 ENSG00000131096 ENSG00000166573 ENSG00000205517 ENSG00000104885 ENSG00000196182 ENSG00000196517 ENSG00000053438 ENSG00000251322 ENSG00000115896 ENSG00000158019 ENSG00000124356 ENSG00000115085 ENSG00000154822 ENSG00000007402 ENSG00000150630 ENSG00000133256 ENSG00000151422 ENSG00000113070 ENSG00000155511 ENSG00000113448 ENSG00000010810 ENSG00000204231 ENSG00000135298 ENSG00000131558 ENSG00000002822 ENSG00000176406 ENSG00000158106 ENSG00000147799 ENSG00000120907 ENSG00000173273,SORCS3 SNX19 AMBRA1 CHST11 TCTN2 SERP2 KIF26A RGS6 CTSH PDE8A SV2B DOC2A SMPD3 MC1R HIC1 PYY GALR1 RGL3 DOT1L STK40 SLC6A9 NNAT SHANK3 PLCL1 BABAM2 STAMBP ZAP70 PLCL2 CACNA2D2 VEGFC PDE6B FER HBEGF GRIA1 PDE4D FYN RXRB ADGRB3 EXOC4 MAD1L1 RIMS2 RHPN1 ARHGAP39 ADRA1A TNKS
GO:CC,GO:0043226,organelle,3.433480194532517e-09,True,74,111,1325,3629,ENSG00000156395 ENSG00000067082 ENSG00000120451 ENSG00000080854 ENSG00000110497 ENSG00000166793 ENSG00000245532 ENSG00000171310 ENSG00000122986 ENSG00000089053 ENSG00000168778 ENSG00000133687 ENSG00000161813 ENSG00000135454 ENSG00000111669 ENSG00000151778 ENSG00000066735 ENSG00000182732 ENSG00000171877 ENSG00000157456 ENSG00000103811 ENSG00000169594 ENSG00000073417 ENSG00000185518 ENSG00000149927 ENSG00000153406 ENSG00000103042 ENSG00000103056 ENSG00000177374 ENSG00000178093 ENSG00000104885 ENSG00000186020 ENSG00000023902 ENSG00000143614 ENSG00000116852 ENSG00000159023 ENSG00000196182 ENSG00000196517 ENSG00000100354 ENSG00000100403 ENSG00000251322 ENSG00000158019 ENSG00000115828 ENSG00000124356 ENSG00000174579 ENSG00000055955 ENSG00000163635 ENSG00000198948 ENSG00000150630 ENSG00000133256 ENSG00000151422 ENSG00000120725 ENSG00000113070 ENSG00000155511 ENSG00000113448 ENSG00000010810 ENSG00000079691 ENSG00000232040 ENSG00000137411 ENSG00000204231 ENSG00000135298 ENSG00000005483 ENSG00000184903 ENSG00000131558 ENSG00000002822 ENSG00000070882 ENSG00000176406 ENSG00000147799 ENSG00000120907 ENSG00000168077 ENSG00000104442 ENSG00000173273 ENSG00000167157 ENSG00000130635,SORCS3 KLF6 SNX19 IGSF9B AMBRA1 YPEL4 NEAT1 CHST11 HVCN1 ANAPC5 TCTN2 TMTC1 LARP4 B4GALNT1 TPI1 SERP2 KIF26A RGS6 FRMD5 CCNB2 CTSH BNC1 PDE8A SV2B DOC2A NMRAL1 SLC38A7 SMPD3 HIC1 TSSK6 DOT1L ZNF529 PLEKHO1 GATAD2B KIF21B EPB41 STK40 SLC6A9 TNRC6B ZC3H7B SHANK3 BABAM2 QPCT STAMBP MSL2 ITIH4 ATXN7 MFAP3L VEGFC PDE6B FER SIL1 HBEGF GRIA1 PDE4D FYN CARMIL1 SCAND3 VARS2 RXRB ADGRB3 KMT2E IMMP2L EXOC4 MAD1L1 OSBPL3 RIMS2 ARHGAP39 ADRA1A SCARA3 ARMC1 TNKS PRRX2 COL5A1
GO:BP,GO:0048518,positive regulation of biological process,2.872431787966972e-08,True,44,111,546,3629,ENSG00000067082 ENSG00000110497 ENSG00000245532 ENSG00000089053 ENSG00000161813 ENSG00000171877 ENSG00000103811 ENSG00000169594 ENSG00000073417 ENSG00000149927 ENSG00000103056 ENSG00000258839 ENSG00000177374 ENSG00000166573 ENSG00000104885 ENSG00000143614 ENSG00000159023 ENSG00000196517 ENSG00000053438 ENSG00000100354 ENSG00000251322 ENSG00000158019 ENSG00000124356 ENSG00000115085 ENSG00000174579 ENSG00000154822 ENSG00000007402 ENSG00000163635 ENSG00000150630 ENSG00000151422 ENSG00000113070 ENSG00000155511 ENSG00000113448 ENSG00000010810 ENSG00000079691 ENSG00000232040 ENSG00000213654 ENSG00000204231 ENSG00000135298 ENSG00000005483 ENSG00000002822 ENSG00000176406 ENSG00000120907 ENSG00000173273,KLF6 AMBRA1 NEAT1 ANAPC5 LARP4 FRMD5 CTSH BNC1 PDE8A DOC2A SMPD3 MC1R HIC1 GALR1 DOT1L GATAD2B EPB41 SLC6A9 NNAT TNRC6B SHANK3 BABAM2 STAMBP ZAP70 MSL2 PLCL2 CACNA2D2 ATXN7 VEGFC FER HBEGF GRIA1 PDE4D FYN CARMIL1 SCAND3 GPSM3 RXRB ADGRB3 KMT2E MAD1L1 RIMS2 ADRA1A TNKS
GO:BP,GO:0048856,anatomical structure development,1.2136452796256102e-07,True,40,111,483,3629,ENSG00000067082 ENSG00000120451 ENSG00000080854 ENSG00000110497 ENSG00000171310 ENSG00000161813 ENSG00000135454 ENSG00000066735 ENSG00000157456 ENSG00000103811 ENSG00000169594 ENSG00000242498 ENSG00000149927 ENSG00000103056 ENSG00000181291 ENSG00000131096 ENSG00000178093 ENSG00000023902 ENSG00000196182 ENSG00000053438 ENSG00000251322 ENSG00000115085 ENSG00000154822 ENSG00000007402 ENSG00000150630 ENSG00000133256 ENSG00000151422 ENSG00000113070 ENSG00000155511 ENSG00000113448 ENSG00000010810 ENSG00000204231 ENSG00000135298 ENSG00000005483 ENSG00000184903 ENSG00000131558 ENSG00000002822 ENSG00000176406 ENSG00000120907 ENSG00000130635,KLF6 SNX19 IGSF9B AMBRA1 CHST11 LARP4 B4GALNT1 KIF26A CCNB2 CTSH BNC1 ARPIN DOC2A SMPD3 TMEM132E PYY TSSK6 PLEKHO1 STK40 NNAT SHANK3 ZAP70 PLCL2 CACNA2D2 VEGFC PDE6B FER HBEGF GRIA1 PDE4D FYN RXRB ADGRB3 KMT2E IMMP2L EXOC4 MAD1L1 RIMS2 ADRA1A COL5A1
GO:BP,GO:0048522,positive regulation of cellular process,1.4624005531504896e-07,True,41,111,509,3629,ENSG00000067082 ENSG00000110497 ENSG00000245532 ENSG00000089053 ENSG00000161813 ENSG00000171877 ENSG00000103811 ENSG00000169594 ENSG00000073417 ENSG00000149927 ENSG00000103056 ENSG00000258839 ENSG00000177374 ENSG00000166573 ENSG00000104885 ENSG00000143614 ENSG00000196517 ENSG00000053438 ENSG00000100354 ENSG00000251322 ENSG00000158019 ENSG00000124356 ENSG00000115085 ENSG00000174579 ENSG00000163635 ENSG00000150630 ENSG00000151422 ENSG00000113070 ENSG00000155511 ENSG00000113448 ENSG00000010810 ENSG00000079691 ENSG00000232040 ENSG00000213654 ENSG00000204231 ENSG00000135298 ENSG00000005483 ENSG00000002822 ENSG00000176406 ENSG00000120907 ENSG00000173273,KLF6 AMBRA1 NEAT1 ANAPC5 LARP4 FRMD5 CTSH BNC1 PDE8A DOC2A SMPD3 MC1R HIC1 GALR1 DOT1L GATAD2B SLC6A9 NNAT TNRC6B SHANK3 BABAM2 STAMBP ZAP70 MSL2 ATXN7 VEGFC FER HBEGF GRIA1 PDE4D FYN CARMIL1 SCAND3 GPSM3 RXRB ADGRB3 KMT2E MAD1L1 RIMS2 ADRA1A TNKS
GO:BP,GO:0032502,developmental process,3.1621385971186297e-07,True,41,111,523,3629,ENSG00000067082 ENSG00000120451 ENSG00000080854 ENSG00000110497 ENSG00000171310 ENSG00000161813 ENSG00000135454 ENSG00000066735 ENSG00000157456 ENSG00000103811 ENSG00000169594 ENSG00000242498 ENSG00000149927 ENSG00000103056 ENSG00000181291 ENSG00000131096 ENSG00000178093 ENSG00000023902 ENSG00000143614 ENSG00000196182 ENSG00000053438 ENSG00000251322 ENSG00000115085 ENSG00000154822 ENSG00000007402 ENSG00000150630 ENSG00000133256 ENSG00000151422 ENSG00000113070 ENSG00000155511 ENSG00000113448 ENSG00000010810 ENSG00000204231 ENSG00000135298 ENSG00000005483 ENSG00000184903 ENSG00000131558 ENSG00000002822 ENSG00000176406 ENSG00000120907 ENSG00000130635,KLF6 SNX19 IGSF9B AMBRA1 CHST11 LARP4 B4GALNT1 KIF26A CCNB2 CTSH BNC1 ARPIN DOC2A SMPD3 TMEM132E PYY TSSK6 PLEKHO1 GATAD2B STK40 NNAT SHANK3 ZAP70 PLCL2 CACNA2D2 VEGFC PDE6B FER HBEGF GRIA1 PDE4D FYN RXRB ADGRB3 KMT2E IMMP2L EXOC4 MAD1L1 RIMS2 ADRA1A COL5A1
GO:BP,GO:0032501,multicellular organismal process,3.632992407831061e-07,True,43,111,573,3629,ENSG00000156395 ENSG00000067082 ENSG00000120451 ENSG00000080854 ENSG00000110497 ENSG00000171310 ENSG00000135454 ENSG00000066735 ENSG00000157456 ENSG00000103811 ENSG00000149927 ENSG00000103056 ENSG00000258839 ENSG00000181291 ENSG00000131096 ENSG00000166573 ENSG00000159023 ENSG00000196182 ENSG00000196517 ENSG00000053438 ENSG00000251322 ENSG00000115896 ENSG00000115085 ENSG00000154822 ENSG00000007402 ENSG00000163635 ENSG00000150630 ENSG00000133256 ENSG00000151422 ENSG00000113070 ENSG00000155511 ENSG00000113448 ENSG00000010810 ENSG00000213654 ENSG00000204231 ENSG00000135298 ENSG00000005483 ENSG00000184903 ENSG00000131558 ENSG00000002822 ENSG00000176406 ENSG00000120907 ENSG00000130635,SORCS3 KLF6 SNX19 IGSF9B AMBRA1 CHST11 B4GALNT1 KIF26A CCNB2 CTSH DOC2A SMPD3 MC1R TMEM132E PYY GALR1 EPB41 STK40 SLC6A9 NNAT SHANK3 PLCL1 ZAP70 PLCL2 CACNA2D2 ATXN7 VEGFC PDE6B FER HBEGF GRIA1 PDE4D FYN GPSM3 RXRB ADGRB3 KMT2E IMMP2L EXOC4 MAD1L1 RIMS2 ADRA1A COL5A1
GO:BP,GO:0009966,regulation of signal transduction,3.632992407831061e-07,True,28,111,265,3629,ENSG00000110497 ENSG00000171310 ENSG00000066735 ENSG00000182732 ENSG00000103811 ENSG00000073417 ENSG00000103056 ENSG00000258839 ENSG00000177374 ENSG00000104885 ENSG00000196182 ENSG00000251322 ENSG00000158019 ENSG00000124356 ENSG00000115085 ENSG00000154822 ENSG00000150630 ENSG00000151422 ENSG00000113070 ENSG00000155511 ENSG00000113448 ENSG00000010810 ENSG00000204231 ENSG00000002822 ENSG00000176406 ENSG00000147799 ENSG00000120907 ENSG00000173273,AMBRA1 CHST11 KIF26A RGS6 CTSH PDE8A SMPD3 MC1R HIC1 DOT1L STK40 SHANK3 BABAM2 STAMBP ZAP70 PLCL2 VEGFC FER HBEGF GRIA1 PDE4D FYN RXRB MAD1L1 RIMS2 ARHGAP39 ADRA1A TNKS
GO:BP,GO:0008152,metabolic process,1.0181716292221208e-06,True,59,111,1003,3629,ENSG00000067082 ENSG00000110497 ENSG00000245532 ENSG00000171310 ENSG00000122986 ENSG00000089053 ENSG00000133687 ENSG00000161813 ENSG00000135454 ENSG00000111669 ENSG00000166133 ENSG00000103811 ENSG00000169594 ENSG00000073417 ENSG00000103056 ENSG00000258839 ENSG00000177374 ENSG00000166573 ENSG00000178093 ENSG00000104885 ENSG00000186020 ENSG00000143614 ENSG00000196182 ENSG00000196517 ENSG00000188641 ENSG00000053438 ENSG00000100354 ENSG00000100403 ENSG00000251322 ENSG00000115896 ENSG00000082153 ENSG00000158019 ENSG00000115828 ENSG00000124356 ENSG00000115085 ENSG00000174579 ENSG00000154822 ENSG00000055955 ENSG00000163635 ENSG00000151422 ENSG00000120725 ENSG00000155511 ENSG00000113448 ENSG00000010810 ENSG00000079691 ENSG00000232040 ENSG00000137411 ENSG00000213654 ENSG00000204231 ENSG00000112659 ENSG00000005483 ENSG00000184903 ENSG00000131558 ENSG00000070882 ENSG00000120907 ENSG00000147535 ENSG00000173273 ENSG00000167157 ENSG00000130635,KLF6 AMBRA1 NEAT1 CHST11 HVCN1 ANAPC5 TMTC1 LARP4 B4GALNT1 TPI1 RPUSD2 CTSH BNC1 PDE8A SMPD3 MC1R HIC1 GALR1 TSSK6 DOT1L ZNF529 GATAD2B STK40 SLC6A9 DPYD NNAT TNRC6B ZC3H7B SHANK3 PLCL1 BZW1 BABAM2 QPCT STAMBP ZAP70 MSL2 PLCL2 ITIH4 ATXN7 FER SIL1 GRIA1 PDE4D FYN CARMIL1 SCAND3 VARS2 GPSM3 RXRB CUL9 KMT2E IMMP2L EXOC4 OSBPL3 ADRA1A PLPP5 TNKS PRRX2 COL5A1
GO:BP,GO:0007165,signal transduction,1.0181716292221208e-06,True,38,111,481,3629,ENSG00000156395 ENSG00000110497 ENSG00000171310 ENSG00000168778 ENSG00000151778 ENSG00000066735 ENSG00000182732 ENSG00000103811 ENSG00000073417 ENSG00000103056 ENSG00000258839 ENSG00000177374 ENSG00000131096 ENSG00000166573 ENSG00000205517 ENSG00000104885 ENSG00000196182 ENSG00000251322 ENSG00000115896 ENSG00000158019 ENSG00000124356 ENSG00000115085 ENSG00000154822 ENSG00000150630 ENSG00000133256 ENSG00000151422 ENSG00000113070 ENSG00000155511 ENSG00000113448 ENSG00000010810 ENSG00000204231 ENSG00000135298 ENSG00000002822 ENSG00000176406 ENSG00000158106 ENSG00000147799 ENSG00000120907 ENSG00000173273,SORCS3 AMBRA1 CHST11 TCTN2 SERP2 KIF26A RGS6 CTSH PDE8A SMPD3 MC1R HIC1 PYY GALR1 RGL3 DOT1L STK40 SHANK3 PLCL1 BABAM2 STAMBP ZAP70 PLCL2 VEGFC PDE6B FER HBEGF GRIA1 PDE4D FYN RXRB ADGRB3 MAD1L1 RIMS2 RHPN1 ARHGAP39 ADRA1A TNKS
GO:BP,GO:0007267,cell-cell signaling,1.020982073821641e-06,True,17,111,104,3629,ENSG00000156395 ENSG00000120451 ENSG00000185518 ENSG00000149927 ENSG00000103056 ENSG00000166573 ENSG00000196517 ENSG00000053438 ENSG00000251322 ENSG00000115896 ENSG00000154822 ENSG00000007402 ENSG00000155511 ENSG00000010810 ENSG00000131558 ENSG00000176406 ENSG00000120907,SORCS3 SNX19 SV2B DOC2A SMPD3 GALR1 SLC6A9 NNAT SHANK3 PLCL1 PLCL2 CACNA2D2 GRIA1 FYN EXOC4 RIMS2 ADRA1A
GO:CC,GO:0043229,intracellular organelle,1.25540429278414e-06,True,67,111,1266,3629,ENSG00000067082 ENSG00000120451 ENSG00000110497 ENSG00000166793 ENSG00000245532 ENSG00000171310 ENSG00000122986 ENSG00000089053 ENSG00000168778 ENSG00000133687 ENSG00000161813 ENSG00000135454 ENSG00000111669 ENSG00000151778 ENSG00000066735 ENSG00000182732 ENSG00000171877 ENSG00000157456 ENSG00000103811 ENSG00000169594 ENSG00000185518 ENSG00000149927 ENSG00000153406 ENSG00000103042 ENSG00000103056 ENSG00000177374 ENSG00000178093 ENSG00000104885 ENSG00000186020 ENSG00000023902 ENSG00000143614 ENSG00000116852 ENSG00000159023 ENSG00000196182 ENSG00000196517 ENSG00000100354 ENSG00000100403 ENSG00000158019 ENSG00000115828 ENSG00000124356 ENSG00000174579 ENSG00000055955 ENSG00000163635 ENSG00000198948 ENSG00000150630 ENSG00000151422 ENSG00000120725 ENSG00000113070 ENSG00000155511 ENSG00000113448 ENSG00000010810 ENSG00000079691 ENSG00000232040 ENSG00000137411 ENSG00000204231 ENSG00000005483 ENSG00000184903 ENSG00000131558 ENSG00000002822 ENSG00000070882 ENSG00000147799 ENSG00000120907 ENSG00000168077 ENSG00000104442 ENSG00000173273 ENSG00000167157 ENSG00000130635,KLF6 SNX19 AMBRA1 YPEL4 NEAT1 CHST11 HVCN1 ANAPC5 TCTN2 TMTC1 LARP4 B4GALNT1 TPI1 SERP2 KIF26A RGS6 FRMD5 CCNB2 CTSH BNC1 SV2B DOC2A NMRAL1 SLC38A7 SMPD3 HIC1 TSSK6 DOT1L ZNF529 PLEKHO1 GATAD2B KIF21B EPB41 STK40 SLC6A9 TNRC6B ZC3H7B BABAM2 QPCT STAMBP MSL2 ITIH4 ATXN7 MFAP3L VEGFC FER SIL1 HBEGF GRIA1 PDE4D FYN CARMIL1 SCAND3 VARS2 RXRB KMT2E IMMP2L EXOC4 MAD1L1 OSBPL3 ARHGAP39 ADRA1A SCARA3 ARMC1 TNKS PRRX2 COL5A1
GO:BP,GO:0051716,cellular response to stimulus,1.612930648633863e-06,True,43,111,605,3629,ENSG00000156395 ENSG00000110497 ENSG00000171310 ENSG00000122986 ENSG00000168778 ENSG00000151778 ENSG00000066735 ENSG00000182732 ENSG00000103811 ENSG00000073417 ENSG00000103056 ENSG00000258839 ENSG00000177374 ENSG00000131096 ENSG00000166573 ENSG00000205517 ENSG00000104885 ENSG00000196182 ENSG00000251322 ENSG00000115896 ENSG00000158019 ENSG00000124356 ENSG00000115085 ENSG00000174579 ENSG00000154822 ENSG00000163635 ENSG00000150630 ENSG00000133256 ENSG00000151422 ENSG00000113070 ENSG00000155511 ENSG00000113448 ENSG00000010810 ENSG00000213654 ENSG00000204231 ENSG00000135298 ENSG00000184903 ENSG00000002822 ENSG00000176406 ENSG00000158106 ENSG00000147799 ENSG00000120907 ENSG00000173273,SORCS3 AMBRA1 CHST11 HVCN1 TCTN2 SERP2 KIF26A RGS6 CTSH PDE8A SMPD3 MC1R HIC1 PYY GALR1 RGL3 DOT1L STK40 SHANK3 PLCL1 BABAM2 STAMBP ZAP70 MSL2 PLCL2 ATXN7 VEGFC PDE6B FER HBEGF GRIA1 PDE4D FYN GPSM3 RXRB ADGRB3 IMMP2L MAD1L1 RIMS2 RHPN1 ARHGAP39 ADRA1A TNKS
GO:CC,GO:0005886,plasma membrane,1.931559045485169e-06,True,35,111,445,3629,ENSG00000156395 ENSG00000080854 ENSG00000122986 ENSG00000168778 ENSG00000182732 ENSG00000185518 ENSG00000103056 ENSG00000258839 ENSG00000166573 ENSG00000205517 ENSG00000023902 ENSG00000162753 ENSG00000159023 ENSG00000196517 ENSG00000251322 ENSG00000124356 ENSG00000115085 ENSG00000007402 ENSG00000055955 ENSG00000198948 ENSG00000133256 ENSG00000151422 ENSG00000113070 ENSG00000155511 ENSG00000113448 ENSG00000010810 ENSG00000079691 ENSG00000213654 ENSG00000135298 ENSG00000005483 ENSG00000131558 ENSG00000070882 ENSG00000176406 ENSG00000120907 ENSG00000147535,SORCS3 IGSF9B HVCN1 TCTN2 RGS6 SV2B SMPD3 MC1R GALR1 RGL3 PLEKHO1 SLC9C2 EPB41 SLC6A9 SHANK3 STAMBP ZAP70 CACNA2D2 ITIH4 MFAP3L PDE6B FER HBEGF GRIA1 PDE4D FYN CARMIL1 GPSM3 ADGRB3 KMT2E EXOC4 OSBPL3 RIMS2 ADRA1A PLPP5
GO:BP,GO:0050896,response to stimulus,2.0826215260137716e-06,True,48,111,733,3629,ENSG00000156395 ENSG00000110497 ENSG00000245532 ENSG00000171310 ENSG00000122986 ENSG00000168778 ENSG00000151778 ENSG00000066735 ENSG00000182732 ENSG00000103811 ENSG00000073417 ENSG00000103056 ENSG00000258839 ENSG00000177374 ENSG00000131096 ENSG00000166573 ENSG00000205517 ENSG00000104885 ENSG00000196182 ENSG00000251322 ENSG00000115896 ENSG00000158019 ENSG00000124356 ENSG00000115085 ENSG00000174579 ENSG00000154822 ENSG00000055955 ENSG00000163635 ENSG00000150630 ENSG00000133256 ENSG00000151422 ENSG00000078795 ENSG00000113070 ENSG00000155511 ENSG00000113448 ENSG00000010810 ENSG00000213654 ENSG00000204231 ENSG00000135298 ENSG00000184903 ENSG00000002822 ENSG00000176406 ENSG00000158106 ENSG00000147799 ENSG00000120907 ENSG00000168077 ENSG00000173273 ENSG00000130635,SORCS3 AMBRA1 NEAT1 CHST11 HVCN1 TCTN2 SERP2 KIF26A RGS6 CTSH PDE8A SMPD3 MC1R HIC1 PYY GALR1 RGL3 DOT1L STK40 SHANK3 PLCL1 BABAM2 STAMBP ZAP70 MSL2 PLCL2 ITIH4 ATXN7 VEGFC PDE6B FER PKD2L2 HBEGF GRIA1 PDE4D FYN GPSM3 RXRB ADGRB3 IMMP2L MAD1L1 RIMS2 RHPN1 ARHGAP39 ADRA1A SCARA3 TNKS COL5A1
GO:CC,GO:0043227,membrane-bounded organelle,2.4028278901389475e-06,True,66,111,1261,3629,ENSG00000067082 ENSG00000120451 ENSG00000110497 ENSG00000166793 ENSG00000245532 ENSG00000171310 ENSG00000122986 ENSG00000089053 ENSG00000168778 ENSG00000133687 ENSG00000135454 ENSG00000111669 ENSG00000151778 ENSG00000182732 ENSG00000157456 ENSG00000103811 ENSG00000169594 ENSG00000073417 ENSG00000185518 ENSG00000149927 ENSG00000153406 ENSG00000103042 ENSG00000103056 ENSG00000177374 ENSG00000178093 ENSG00000104885 ENSG00000186020 ENSG00000023902 ENSG00000143614 ENSG00000116852 ENSG00000159023 ENSG00000196182 ENSG00000196517 ENSG00000100354 ENSG00000100403 ENSG00000158019 ENSG00000115828 ENSG00000124356 ENSG00000174579 ENSG00000055955 ENSG00000163635 ENSG00000198948 ENSG00000150630 ENSG00000133256 ENSG00000151422 ENSG00000120725 ENSG00000113070 ENSG00000155511 ENSG00000113448 ENSG00000010810 ENSG00000079691 ENSG00000232040 ENSG00000137411 ENSG00000204231 ENSG00000005483 ENSG00000184903 ENSG00000002822 ENSG00000070882 ENSG00000176406 ENSG00000147799 ENSG00000120907 ENSG00000168077 ENSG00000104442 ENSG00000173273 ENSG00000167157 ENSG00000130635,KLF6 SNX19 AMBRA1 YPEL4 NEAT1 CHST11 HVCN1 ANAPC5 TCTN2 TMTC1 B4GALNT1 TPI1 SERP2 RGS6 CCNB2 CTSH BNC1 PDE8A SV2B DOC2A NMRAL1 SLC38A7 SMPD3 HIC1 TSSK6 DOT1L ZNF529 PLEKHO1 GATAD2B KIF21B EPB41 STK40 SLC6A9 TNRC6B ZC3H7B BABAM2 QPCT STAMBP MSL2 ITIH4 ATXN7 MFAP3L VEGFC PDE6B FER SIL1 HBEGF GRIA1 PDE4D FYN CARMIL1 SCAND3 VARS2 RXRB KMT2E IMMP2L MAD1L1 OSBPL3 RIMS2 ARHGAP39 ADRA1A SCARA3 ARMC1 TNKS PRRX2 COL5A1
GO:CC,GO:0071944,cell periphery,3.407824196916565e-06,True,36,111,481,3629,ENSG00000156395 ENSG00000080854 ENSG00000122986 ENSG00000168778 ENSG00000182732 ENSG00000185518 ENSG00000103056 ENSG00000258839 ENSG00000166573 ENSG00000205517 ENSG00000023902 ENSG00000162753 ENSG00000159023 ENSG00000196517 ENSG00000251322 ENSG00000124356 ENSG00000115085 ENSG00000007402 ENSG00000055955 ENSG00000198948 ENSG00000133256 ENSG00000151422 ENSG00000113070 ENSG00000155511 ENSG00000113448 ENSG00000010810 ENSG00000079691 ENSG00000213654 ENSG00000135298 ENSG00000005483 ENSG00000131558 ENSG00000070882 ENSG00000176406 ENSG00000120907 ENSG00000147535 ENSG00000130635,SORCS3 IGSF9B HVCN1 TCTN2 RGS6 SV2B SMPD3 MC1R GALR1 RGL3 PLEKHO1 SLC9C2 EPB41 SLC6A9 SHANK3 STAMBP ZAP70 CACNA2D2 ITIH4 MFAP3L PDE6B FER HBEGF GRIA1 PDE4D FYN CARMIL1 GPSM3 ADGRB3 KMT2E EXOC4 OSBPL3 RIMS2 ADRA1A PLPP5 COL5A1
GO:BP,GO:0099537,trans-synaptic signaling,4.226766804245406e-06,True,13,111,65,3629,ENSG00000156395 ENSG00000185518 ENSG00000149927 ENSG00000196517 ENSG00000251322 ENSG00000115896 ENSG00000154822 ENSG00000007402 ENSG00000155511 ENSG00000010810 ENSG00000131558 ENSG00000176406 ENSG00000120907,SORCS3 SV2B DOC2A SLC6A9 SHANK3 PLCL1 PLCL2 CACNA2D2 GRIA1 FYN EXOC4 RIMS2 ADRA1A
GO:BP,GO:0007268,chemical synaptic transmission,4.226766804245406e-06,True,13,111,65,3629,ENSG00000156395 ENSG00000185518 ENSG00000149927 ENSG00000196517 ENSG00000251322 ENSG00000115896 ENSG00000154822 ENSG00000007402 ENSG00000155511 ENSG00000010810 ENSG00000131558 ENSG00000176406 ENSG00000120907,SORCS3 SV2B DOC2A SLC6A9 SHANK3 PLCL1 PLCL2 CACNA2D2 GRIA1 FYN EXOC4 RIMS2 ADRA1A
GO:BP,GO:0098916,anterograde trans-synaptic signaling,4.226766804245406e-06,True,13,111,65,3629,ENSG00000156395 ENSG00000185518 ENSG00000149927 ENSG00000196517 ENSG00000251322 ENSG00000115896 ENSG00000154822 ENSG00000007402 ENSG00000155511 ENSG00000010810 ENSG00000131558 ENSG00000176406 ENSG00000120907,SORCS3 SV2B DOC2A SLC6A9 SHANK3 PLCL1 PLCL2 CACNA2D2 GRIA1 FYN EXOC4 RIMS2 ADRA1A
GO:BP,GO:0048583,regulation of response to stimulus,4.226766804245406e-06,True,31,111,361,3629,ENSG00000110497 ENSG00000245532 ENSG00000171310 ENSG00000066735 ENSG00000182732 ENSG00000103811 ENSG00000073417 ENSG00000103056 ENSG00000258839 ENSG00000177374 ENSG00000104885 ENSG00000196182 ENSG00000251322 ENSG00000158019 ENSG00000124356 ENSG00000115085 ENSG00000154822 ENSG00000163635 ENSG00000150630 ENSG00000151422 ENSG00000113070 ENSG00000155511 ENSG00000113448 ENSG00000010810 ENSG00000213654 ENSG00000204231 ENSG00000002822 ENSG00000176406 ENSG00000147799 ENSG00000120907 ENSG00000173273,AMBRA1 NEAT1 CHST11 KIF26A RGS6 CTSH PDE8A SMPD3 MC1R HIC1 DOT1L STK40 SHANK3 BABAM2 STAMBP ZAP70 PLCL2 ATXN7 VEGFC FER HBEGF GRIA1 PDE4D FYN GPSM3 RXRB MAD1L1 RIMS2 ARHGAP39 ADRA1A TNKS
GO:CC,GO:0042995,cell projection,5.480471361310441e-06,True,22,111,208,3629,ENSG00000080854 ENSG00000110497 ENSG00000122986 ENSG00000168778 ENSG00000182732 ENSG00000242498 ENSG00000149927 ENSG00000103042 ENSG00000178093 ENSG00000023902 ENSG00000116852 ENSG00000251322 ENSG00000198948 ENSG00000133256 ENSG00000151422 ENSG00000155511 ENSG00000113448 ENSG00000010810 ENSG00000079691 ENSG00000131558 ENSG00000070882 ENSG00000176406,IGSF9B AMBRA1 HVCN1 TCTN2 RGS6 ARPIN DOC2A SLC38A7 TSSK6 PLEKHO1 KIF21B SHANK3 MFAP3L PDE6B FER GRIA1 PDE4D FYN CARMIL1 EXOC4 OSBPL3 RIMS2
GO:BP,GO:0050804,modulation of chemical synaptic transmission,6.44226968436108e-06,True,11,111,46,3629,ENSG00000156395 ENSG00000185518 ENSG00000196517 ENSG00000251322 ENSG00000115896 ENSG00000154822 ENSG00000007402 ENSG00000155511 ENSG00000010810 ENSG00000176406 ENSG00000120907,SORCS3 SV2B SLC6A9 SHANK3 PLCL1 PLCL2 CACNA2D2 GRIA1 FYN RIMS2 ADRA1A
GO:BP,GO:0099177,regulation of trans-synaptic signaling,6.44226968436108e-06,True,11,111,46,3629,ENSG00000156395 ENSG00000185518 ENSG00000196517 ENSG00000251322 ENSG00000115896 ENSG00000154822 ENSG00000007402 ENSG00000155511 ENSG00000010810 ENSG00000176406 ENSG00000120907,SORCS3 SV2B SLC6A9 SHANK3 PLCL1 PLCL2 CACNA2D2 GRIA1 FYN RIMS2 ADRA1A
GO:CC,GO:0043231,intracellular membrane-bounded organelle,8.73775942428081e-06,True,62,111,1187,3629,ENSG00000067082 ENSG00000120451 ENSG00000110497 ENSG00000166793 ENSG00000245532 ENSG00000171310 ENSG00000122986 ENSG00000089053 ENSG00000133687 ENSG00000135454 ENSG00000111669 ENSG00000151778 ENSG00000182732 ENSG00000157456 ENSG00000103811 ENSG00000169594 ENSG00000185518 ENSG00000149927 ENSG00000153406 ENSG00000103042 ENSG00000103056 ENSG00000177374 ENSG00000178093 ENSG00000104885 ENSG00000186020 ENSG00000023902 ENSG00000143614 ENSG00000116852 ENSG00000159023 ENSG00000196182 ENSG00000196517 ENSG00000100354 ENSG00000100403 ENSG00000158019 ENSG00000115828 ENSG00000124356 ENSG00000174579 ENSG00000055955 ENSG00000163635 ENSG00000198948 ENSG00000150630 ENSG00000151422 ENSG00000120725 ENSG00000113070 ENSG00000155511 ENSG00000113448 ENSG00000010810 ENSG00000079691 ENSG00000232040 ENSG00000137411 ENSG00000204231 ENSG00000005483 ENSG00000184903 ENSG00000002822 ENSG00000070882 ENSG00000147799 ENSG00000120907 ENSG00000168077 ENSG00000104442 ENSG00000173273 ENSG00000167157 ENSG00000130635,KLF6 SNX19 AMBRA1 YPEL4 NEAT1 CHST11 HVCN1 ANAPC5 TMTC1 B4GALNT1 TPI1 SERP2 RGS6 CCNB2 CTSH BNC1 SV2B DOC2A NMRAL1 SLC38A7 SMPD3 HIC1 TSSK6 DOT1L ZNF529 PLEKHO1 GATAD2B KIF21B EPB41 STK40 SLC6A9 TNRC6B ZC3H7B BABAM2 QPCT STAMBP MSL2 ITIH4 ATXN7 MFAP3L VEGFC FER SIL1 HBEGF GRIA1 PDE4D FYN CARMIL1 SCAND3 VARS2 RXRB KMT2E IMMP2L MAD1L1 OSBPL3 ARHGAP39 ADRA1A SCARA3 ARMC1 TNKS PRRX2 COL5A1
GO:BP,GO:0099536,synaptic signaling,9.553231142260332e-06,True,13,111,70,3629,ENSG00000156395 ENSG00000185518 ENSG00000149927 ENSG00000196517 ENSG00000251322 ENSG00000115896 ENSG00000154822 ENSG00000007402 ENSG00000155511 ENSG00000010810 ENSG00000131558 ENSG00000176406 ENSG00000120907,SORCS3 SV2B DOC2A SLC6A9 SHANK3 PLCL1 PLCL2 CACNA2D2 GRIA1 FYN EXOC4 RIMS2 ADRA1A
GO:CC,GO:0005829,cytosol,1.0776249700678692e-05,True,36,111,508,3629,ENSG00000067082 ENSG00000110497 ENSG00000089053 ENSG00000161813 ENSG00000111669 ENSG00000066735 ENSG00000182732 ENSG00000157456 ENSG00000103811 ENSG00000073417 ENSG00000153406 ENSG00000205517 ENSG00000159023 ENSG00000196182 ENSG00000188641 ENSG00000100354 ENSG00000158019 ENSG00000124356 ENSG00000115085 ENSG00000163635 ENSG00000151422 ENSG00000155511 ENSG00000113448 ENSG00000010810 ENSG00000079691 ENSG00000137411 ENSG00000204231 ENSG00000112659 ENSG00000131558 ENSG00000002822 ENSG00000070882 ENSG00000158106 ENSG00000147799 ENSG00000120907 ENSG00000104442 ENSG00000173273,KLF6 AMBRA1 ANAPC5 LARP4 TPI1 KIF26A RGS6 CCNB2 CTSH PDE8A NMRAL1 RGL3 EPB41 STK40 DPYD TNRC6B BABAM2 STAMBP ZAP70 ATXN7 FER GRIA1 PDE4D FYN CARMIL1 VARS2 RXRB CUL9 EXOC4 MAD1L1 OSBPL3 RHPN1 ARHGAP39 ADRA1A ARMC1 TNKS
GO:CC,GO:0120025,plasma membrane bounded cell projection,1.3727001705884345e-05,True,21,111,204,3629,ENSG00000080854 ENSG00000110497 ENSG00000122986 ENSG00000168778 ENSG00000182732 ENSG00000242498 ENSG00000149927 ENSG00000103042 ENSG00000178093 ENSG00000023902 ENSG00000116852 ENSG00000251322 ENSG00000198948 ENSG00000133256 ENSG00000151422 ENSG00000155511 ENSG00000113448 ENSG00000010810 ENSG00000079691 ENSG00000131558 ENSG00000070882,IGSF9B AMBRA1 HVCN1 TCTN2 RGS6 ARPIN DOC2A SLC38A7 TSSK6 PLEKHO1 KIF21B SHANK3 MFAP3L PDE6B FER GRIA1 PDE4D FYN CARMIL1 EXOC4 OSBPL3
GO:MF,GO:0008081,phosphoric diester hydrolase activity,1.670671883813017e-05,True,6,111,10,3629,ENSG00000073417 ENSG00000103056 ENSG00000115896 ENSG00000154822 ENSG00000133256 ENSG00000113448,PDE8A SMPD3 PLCL1 PLCL2 PDE6B PDE4D
GO:BP,GO:0035556,intracellular signal transduction,1.769360170739731e-05,True,25,111,266,3629,ENSG00000110497 ENSG00000151778 ENSG00000182732 ENSG00000103811 ENSG00000073417 ENSG00000103056 ENSG00000258839 ENSG00000177374 ENSG00000205517 ENSG00000104885 ENSG00000196182 ENSG00000251322 ENSG00000115896 ENSG00000158019 ENSG00000124356 ENSG00000115085 ENSG00000154822 ENSG00000151422 ENSG00000113070 ENSG00000155511 ENSG00000010810 ENSG00000204231 ENSG00000002822 ENSG00000147799 ENSG00000120907,AMBRA1 SERP2 RGS6 CTSH PDE8A SMPD3 MC1R HIC1 RGL3 DOT1L STK40 SHANK3 PLCL1 BABAM2 STAMBP ZAP70 PLCL2 FER HBEGF GRIA1 FYN RXRB MAD1L1 ARHGAP39 ADRA1A
GO:CC,GO:0098590,plasma membrane region,3.001156303506475e-05,True,15,111,114,3629,ENSG00000156395 ENSG00000080854 ENSG00000122986 ENSG00000168778 ENSG00000023902 ENSG00000159023 ENSG00000196517 ENSG00000124356 ENSG00000007402 ENSG00000133256 ENSG00000155511 ENSG00000113448 ENSG00000135298 ENSG00000176406 ENSG00000120907,SORCS3 IGSF9B HVCN1 TCTN2 PLEKHO1 EPB41 SLC6A9 STAMBP CACNA2D2 PDE6B GRIA1 PDE4D ADGRB3 RIMS2 ADRA1A
GO:BP,GO:0048519,negative regulation of biological process,3.2118424314896106e-05,True,35,111,486,3629,ENSG00000156395 ENSG00000110497 ENSG00000245532 ENSG00000171310 ENSG00000066735 ENSG00000182732 ENSG00000171877 ENSG00000103811 ENSG00000242498 ENSG00000103056 ENSG00000258839 ENSG00000177374 ENSG00000104885 ENSG00000143614 ENSG00000196182 ENSG00000100354 ENSG00000100403 ENSG00000251322 ENSG00000115896 ENSG00000158019 ENSG00000124356 ENSG00000154822 ENSG00000163635 ENSG00000150630 ENSG00000151422 ENSG00000155511 ENSG00000113448 ENSG00000010810 ENSG00000079691 ENSG00000135298 ENSG00000002822 ENSG00000158106 ENSG00000120907 ENSG00000173273 ENSG00000130635,SORCS3 AMBRA1 NEAT1 CHST11 KIF26A RGS6 FRMD5 CTSH ARPIN SMPD3 MC1R HIC1 DOT1L GATAD2B STK40 TNRC6B ZC3H7B SHANK3 PLCL1 BABAM2 STAMBP PLCL2 ATXN7 VEGFC FER GRIA1 PDE4D FYN CARMIL1 ADGRB3 MAD1L1 RHPN1 ADRA1A TNKS COL5A1
GO:BP,GO:0044238,primary metabolic process,3.4471907635820136e-05,True,50,111,861,3629,ENSG00000067082 ENSG00000110497 ENSG00000245532 ENSG00000171310 ENSG00000089053 ENSG00000133687 ENSG00000161813 ENSG00000135454 ENSG00000111669 ENSG00000166133 ENSG00000103811 ENSG00000169594 ENSG00000073417 ENSG00000103056 ENSG00000258839 ENSG00000177374 ENSG00000166573 ENSG00000178093 ENSG00000104885 ENSG00000186020 ENSG00000143614 ENSG00000196182 ENSG00000196517 ENSG00000188641 ENSG00000053438 ENSG00000100354 ENSG00000100403 ENSG00000115896 ENSG00000082153 ENSG00000158019 ENSG00000115828 ENSG00000124356 ENSG00000115085 ENSG00000174579 ENSG00000154822 ENSG00000163635 ENSG00000151422 ENSG00000120725 ENSG00000113448 ENSG00000010810 ENSG00000232040 ENSG00000137411 ENSG00000204231 ENSG00000112659 ENSG00000005483 ENSG00000184903 ENSG00000070882 ENSG00000147535 ENSG00000173273 ENSG00000167157,KLF6 AMBRA1 NEAT1 CHST11 ANAPC5 TMTC1 LARP4 B4GALNT1 TPI1 RPUSD2 CTSH BNC1 PDE8A SMPD3 MC1R HIC1 GALR1 TSSK6 DOT1L ZNF529 GATAD2B STK40 SLC6A9 DPYD NNAT TNRC6B ZC3H7B PLCL1 BZW1 BABAM2 QPCT STAMBP ZAP70 MSL2 PLCL2 ATXN7 FER SIL1 PDE4D FYN SCAND3 VARS2 RXRB CUL9 KMT2E IMMP2L OSBPL3 PLPP5 TNKS PRRX2
GO:BP,GO:0048513,animal organ development,3.9410447868632836e-05,True,22,111,222,3629,ENSG00000120451 ENSG00000171310 ENSG00000066735 ENSG00000157456 ENSG00000103811 ENSG00000103056 ENSG00000181291 ENSG00000196182 ENSG00000053438 ENSG00000251322 ENSG00000150630 ENSG00000133256 ENSG00000151422 ENSG00000113070 ENSG00000155511 ENSG00000010810 ENSG00000204231 ENSG00000184903 ENSG00000131558 ENSG00000002822 ENSG00000120907 ENSG00000130635,SNX19 CHST11 KIF26A CCNB2 CTSH SMPD3 TMEM132E STK40 NNAT SHANK3 VEGFC PDE6B FER HBEGF GRIA1 FYN RXRB IMMP2L EXOC4 MAD1L1 ADRA1A COL5A1
GO:BP,GO:0065008,regulation of biological quality,5.9878074674383774e-05,True,22,111,228,3629,ENSG00000156395 ENSG00000120451 ENSG00000122986 ENSG00000103811 ENSG00000103056 ENSG00000166573 ENSG00000023902 ENSG00000162753 ENSG00000053438 ENSG00000100354 ENSG00000251322 ENSG00000007402 ENSG00000150630 ENSG00000151422 ENSG00000155511 ENSG00000113448 ENSG00000010810 ENSG00000079691 ENSG00000137411 ENSG00000135298 ENSG00000176406 ENSG00000120907,SORCS3 SNX19 HVCN1 CTSH SMPD3 GALR1 PLEKHO1 SLC9C2 NNAT TNRC6B SHANK3 CACNA2D2 VEGFC FER GRIA1 PDE4D FYN CARMIL1 VARS2 ADGRB3 RIMS2 ADRA1A
GO:BP,GO:0048731,system development,5.9878074674383774e-05,True,27,111,326,3629,ENSG00000120451 ENSG00000080854 ENSG00000110497 ENSG00000171310 ENSG00000135454 ENSG00000066735 ENSG00000157456 ENSG00000103811 ENSG00000149927 ENSG00000103056 ENSG00000181291 ENSG00000131096 ENSG00000196182 ENSG00000053438 ENSG00000251322 ENSG00000150630 ENSG00000133256 ENSG00000151422 ENSG00000155511 ENSG00000010810 ENSG00000204231 ENSG00000135298 ENSG00000184903 ENSG00000002822 ENSG00000176406 ENSG00000120907 ENSG00000130635,SNX19 IGSF9B AMBRA1 CHST11 B4GALNT1 KIF26A CCNB2 CTSH DOC2A SMPD3 TMEM132E PYY STK40 NNAT SHANK3 VEGFC PDE6B FER GRIA1 FYN RXRB ADGRB3 IMMP2L MAD1L1 RIMS2 ADRA1A COL5A1
GO:BP,GO:0043170,macromolecule metabolic process,8.839494185063051e-05,True,48,111,837,3629,ENSG00000067082 ENSG00000110497 ENSG00000245532 ENSG00000171310 ENSG00000089053 ENSG00000133687 ENSG00000161813 ENSG00000166133 ENSG00000103811 ENSG00000169594 ENSG00000073417 ENSG00000103056 ENSG00000258839 ENSG00000177374 ENSG00000166573 ENSG00000178093 ENSG00000104885 ENSG00000186020 ENSG00000143614 ENSG00000196182 ENSG00000196517 ENSG00000053438 ENSG00000100354 ENSG00000100403 ENSG00000251322 ENSG00000082153 ENSG00000158019 ENSG00000115828 ENSG00000124356 ENSG00000115085 ENSG00000174579 ENSG00000055955 ENSG00000163635 ENSG00000151422 ENSG00000120725 ENSG00000155511 ENSG00000113448 ENSG00000010810 ENSG00000232040 ENSG00000137411 ENSG00000213654 ENSG00000204231 ENSG00000112659 ENSG00000005483 ENSG00000184903 ENSG00000173273 ENSG00000167157 ENSG00000130635,KLF6 AMBRA1 NEAT1 CHST11 ANAPC5 TMTC1 LARP4 RPUSD2 CTSH BNC1 PDE8A SMPD3 MC1R HIC1 GALR1 TSSK6 DOT1L ZNF529 GATAD2B STK40 SLC6A9 NNAT TNRC6B ZC3H7B SHANK3 BZW1 BABAM2 QPCT STAMBP ZAP70 MSL2 ITIH4 ATXN7 FER SIL1 GRIA1 PDE4D FYN SCAND3 VARS2 GPSM3 RXRB CUL9 KMT2E IMMP2L TNKS PRRX2 COL5A1
GO:BP,GO:0048584,positive regulation of response to stimulus,8.839494185063051e-05,True,22,111,234,3629,ENSG00000110497 ENSG00000245532 ENSG00000103811 ENSG00000073417 ENSG00000258839 ENSG00000177374 ENSG00000251322 ENSG00000158019 ENSG00000115085 ENSG00000154822 ENSG00000150630 ENSG00000151422 ENSG00000113070 ENSG00000155511 ENSG00000113448 ENSG00000010810 ENSG00000213654 ENSG00000204231 ENSG00000002822 ENSG00000176406 ENSG00000120907 ENSG00000173273,AMBRA1 NEAT1 CTSH PDE8A MC1R HIC1 SHANK3 BABAM2 ZAP70 PLCL2 VEGFC FER HBEGF GRIA1 PDE4D FYN GPSM3 RXRB MAD1L1 RIMS2 ADRA1A TNKS
GO:BP,GO:0003008,system process,8.839494185063051e-05,True,18,111,163,3629,ENSG00000156395 ENSG00000258839 ENSG00000166573 ENSG00000159023 ENSG00000196182 ENSG00000196517 ENSG00000251322 ENSG00000163635 ENSG00000150630 ENSG00000133256 ENSG00000113070 ENSG00000155511 ENSG00000113448 ENSG00000010810 ENSG00000135298 ENSG00000184903 ENSG00000176406 ENSG00000120907,SORCS3 MC1R GALR1 EPB41 STK40 SLC6A9 SHANK3 ATXN7 VEGFC PDE6B HBEGF GRIA1 PDE4D FYN ADGRB3 IMMP2L RIMS2 ADRA1A
GO:BP,GO:0048523,negative regulation of cellular process,0.00010087985200813801,True,33,111,468,3629,ENSG00000156395 ENSG00000110497 ENSG00000245532 ENSG00000171310 ENSG00000066735 ENSG00000182732 ENSG00000171877 ENSG00000103811 ENSG00000242498 ENSG00000103056 ENSG00000258839 ENSG00000177374 ENSG00000104885 ENSG00000143614 ENSG00000196182 ENSG00000100354 ENSG00000100403 ENSG00000251322 ENSG00000158019 ENSG00000124356 ENSG00000154822 ENSG00000163635 ENSG00000150630 ENSG00000151422 ENSG00000155511 ENSG00000113448 ENSG00000010810 ENSG00000079691 ENSG00000002822 ENSG00000158106 ENSG00000120907 ENSG00000173273 ENSG00000130635,SORCS3 AMBRA1 NEAT1 CHST11 KIF26A RGS6 FRMD5 CTSH ARPIN SMPD3 MC1R HIC1 DOT1L GATAD2B STK40 TNRC6B ZC3H7B SHANK3 BABAM2 STAMBP PLCL2 ATXN7 VEGFC FER GRIA1 PDE4D FYN CARMIL1 MAD1L1 RHPN1 ADRA1A TNKS COL5A1
GO:BP,GO:0007275,multicellular organism development,0.00013605050118727373,True,29,111,385,3629,ENSG00000120451 ENSG00000080854 ENSG00000110497 ENSG00000171310 ENSG00000135454 ENSG00000066735 ENSG00000157456 ENSG00000103811 ENSG00000149927 ENSG00000103056 ENSG00000181291 ENSG00000131096 ENSG00000196182 ENSG00000053438 ENSG00000251322 ENSG00000115085 ENSG00000150630 ENSG00000133256 ENSG00000151422 ENSG00000155511 ENSG00000010810 ENSG00000204231 ENSG00000135298 ENSG00000184903 ENSG00000131558 ENSG00000002822 ENSG00000176406 ENSG00000120907 ENSG00000130635,SNX19 IGSF9B AMBRA1 CHST11 B4GALNT1 KIF26A CCNB2 CTSH DOC2A SMPD3 TMEM132E PYY STK40 NNAT SHANK3 ZAP70 VEGFC PDE6B FER GRIA1 FYN RXRB ADGRB3 IMMP2L EXOC4 MAD1L1 RIMS2 ADRA1A COL5A1
GO:BP,GO:0051179,localization,0.00015512032427743956,True,32,111,455,3629,ENSG00000120451 ENSG00000171310 ENSG00000122986 ENSG00000168778 ENSG00000185518 ENSG00000149927 ENSG00000103042 ENSG00000103056 ENSG00000166573 ENSG00000162753 ENSG00000159023 ENSG00000196517 ENSG00000162426 ENSG00000053438 ENSG00000251322 ENSG00000115896 ENSG00000154822 ENSG00000007402 ENSG00000150630 ENSG00000078795 ENSG00000120725 ENSG00000155511 ENSG00000113448 ENSG00000010810 ENSG00000079691 ENSG00000131558 ENSG00000002822 ENSG00000070882 ENSG00000176406 ENSG00000168077 ENSG00000104442 ENSG00000173273,SNX19 CHST11 HVCN1 TCTN2 SV2B DOC2A SLC38A7 SMPD3 GALR1 SLC9C2 EPB41 SLC6A9 SLC45A1 NNAT SHANK3 PLCL1 PLCL2 CACNA2D2 VEGFC PKD2L2 SIL1 GRIA1 PDE4D FYN CARMIL1 EXOC4 MAD1L1 OSBPL3 RIMS2 SCARA3 ARMC1 TNKS
GO:CC,GO:0030054,cell junction,0.00020452715197656146,True,19,111,204,3629,ENSG00000156395 ENSG00000080854 ENSG00000110497 ENSG00000171877 ENSG00000185518 ENSG00000149927 ENSG00000159023 ENSG00000196517 ENSG00000251322 ENSG00000115085 ENSG00000007402 ENSG00000198948 ENSG00000151422 ENSG00000155511 ENSG00000010810 ENSG00000135298 ENSG00000131558 ENSG00000176406 ENSG00000147799,SORCS3 IGSF9B AMBRA1 FRMD5 SV2B DOC2A EPB41 SLC6A9 SHANK3 ZAP70 CACNA2D2 MFAP3L FER GRIA1 FYN ADGRB3 EXOC4 RIMS2 ARHGAP39
GO:BP,GO:0009888,tissue development,0.000233212745058588,True,17,111,158,3629,ENSG00000120451 ENSG00000110497 ENSG00000171310 ENSG00000103811 ENSG00000169594 ENSG00000103056 ENSG00000181291 ENSG00000131096 ENSG00000251322 ENSG00000150630 ENSG00000151422 ENSG00000113070 ENSG00000113448 ENSG00000204231 ENSG00000131558 ENSG00000120907 ENSG00000130635,SNX19 AMBRA1 CHST11 CTSH BNC1 SMPD3 TMEM132E PYY SHANK3 VEGFC FER HBEGF PDE4D RXRB EXOC4 ADRA1A COL5A1
GO:BP,GO:0023056,positive regulation of signaling,0.00024244053105526749,True,17,111,159,3629,ENSG00000110497 ENSG00000103811 ENSG00000073417 ENSG00000258839 ENSG00000177374 ENSG00000166573 ENSG00000053438 ENSG00000251322 ENSG00000115085 ENSG00000151422 ENSG00000113070 ENSG00000155511 ENSG00000204231 ENSG00000002822 ENSG00000176406 ENSG00000120907 ENSG00000173273,AMBRA1 CTSH PDE8A MC1R HIC1 GALR1 NNAT SHANK3 ZAP70 FER HBEGF GRIA1 RXRB MAD1L1 RIMS2 ADRA1A TNKS
GO:BP,GO:0010647,positive regulation of cell communication,0.00024244053105526749,True,17,111,159,3629,ENSG00000110497 ENSG00000103811 ENSG00000073417 ENSG00000258839 ENSG00000177374 ENSG00000166573 ENSG00000053438 ENSG00000251322 ENSG00000115085 ENSG00000151422 ENSG00000113070 ENSG00000155511 ENSG00000204231 ENSG00000002822 ENSG00000176406 ENSG00000120907 ENSG00000173273,AMBRA1 CTSH PDE8A MC1R HIC1 GALR1 NNAT SHANK3 ZAP70 FER HBEGF GRIA1 RXRB MAD1L1 RIMS2 ADRA1A TNKS
GO:BP,GO:0071840,cellular component organization or biogenesis,0.0002696892704737103,True,40,111,663,3629,ENSG00000120451 ENSG00000110497 ENSG00000089053 ENSG00000168778 ENSG00000161813 ENSG00000135454 ENSG00000066735 ENSG00000166133 ENSG00000171877 ENSG00000157456 ENSG00000242498 ENSG00000149927 ENSG00000103056 ENSG00000178093 ENSG00000104885 ENSG00000023902 ENSG00000143614 ENSG00000159023 ENSG00000196182 ENSG00000251322 ENSG00000158019 ENSG00000174579 ENSG00000007402 ENSG00000163635 ENSG00000151422 ENSG00000113070 ENSG00000155511 ENSG00000010810 ENSG00000079691 ENSG00000112659 ENSG00000135298 ENSG00000005483 ENSG00000184903 ENSG00000131558 ENSG00000002822 ENSG00000176406 ENSG00000158106 ENSG00000147799 ENSG00000173273 ENSG00000130635,SNX19 AMBRA1 ANAPC5 TCTN2 LARP4 B4GALNT1 KIF26A RPUSD2 FRMD5 CCNB2 ARPIN DOC2A SMPD3 TSSK6 DOT1L PLEKHO1 GATAD2B EPB41 STK40 SHANK3 BABAM2 MSL2 CACNA2D2 ATXN7 FER HBEGF GRIA1 FYN CARMIL1 CUL9 ADGRB3 KMT2E IMMP2L EXOC4 MAD1L1 RIMS2 RHPN1 ARHGAP39 TNKS COL5A1
GO:BP,GO:0009058,biosynthetic process,0.0003323246368864718,True,42,111,721,3629,ENSG00000067082 ENSG00000110497 ENSG00000245532 ENSG00000171310 ENSG00000122986 ENSG00000133687 ENSG00000161813 ENSG00000135454 ENSG00000111669 ENSG00000166133 ENSG00000103811 ENSG00000169594 ENSG00000073417 ENSG00000103056 ENSG00000258839 ENSG00000177374 ENSG00000166573 ENSG00000104885 ENSG00000186020 ENSG00000143614 ENSG00000196182 ENSG00000196517 ENSG00000188641 ENSG00000053438 ENSG00000100354 ENSG00000100403 ENSG00000251322 ENSG00000082153 ENSG00000174579 ENSG00000163635 ENSG00000120725 ENSG00000155511 ENSG00000113448 ENSG00000010810 ENSG00000137411 ENSG00000213654 ENSG00000204231 ENSG00000005483 ENSG00000070882 ENSG00000173273 ENSG00000167157 ENSG00000130635,KLF6 AMBRA1 NEAT1 CHST11 HVCN1 TMTC1 LARP4 B4GALNT1 TPI1 RPUSD2 CTSH BNC1 PDE8A SMPD3 MC1R HIC1 GALR1 DOT1L ZNF529 GATAD2B STK40 SLC6A9 DPYD NNAT TNRC6B ZC3H7B SHANK3 BZW1 MSL2 ATXN7 SIL1 GRIA1 PDE4D FYN VARS2 GPSM3 RXRB KMT2E OSBPL3 TNKS PRRX2 COL5A1
GO:BP,GO:0051239,regulation of multicellular organismal process,0.0003323246368864718,True,23,111,277,3629,ENSG00000110497 ENSG00000103811 ENSG00000103056 ENSG00000258839 ENSG00000166573 ENSG00000159023 ENSG00000251322 ENSG00000115896 ENSG00000115085 ENSG00000154822 ENSG00000007402 ENSG00000150630 ENSG00000151422 ENSG00000113070 ENSG00000155511 ENSG00000113448 ENSG00000010810 ENSG00000213654 ENSG00000204231 ENSG00000135298 ENSG00000002822 ENSG00000176406 ENSG00000120907,AMBRA1 CTSH SMPD3 MC1R GALR1 EPB41 SHANK3 PLCL1 ZAP70 PLCL2 CACNA2D2 VEGFC FER HBEGF GRIA1 PDE4D FYN GPSM3 RXRB ADGRB3 MAD1L1 RIMS2 ADRA1A
GO:BP,GO:0006810,transport,0.00035482078167656234,True,27,111,363,3629,ENSG00000120451 ENSG00000122986 ENSG00000185518 ENSG00000149927 ENSG00000103042 ENSG00000103056 ENSG00000166573 ENSG00000162753 ENSG00000159023 ENSG00000196517 ENSG00000162426 ENSG00000053438 ENSG00000115896 ENSG00000154822 ENSG00000007402 ENSG00000150630 ENSG00000078795 ENSG00000120725 ENSG00000155511 ENSG00000113448 ENSG00000010810 ENSG00000079691 ENSG00000131558 ENSG00000070882 ENSG00000176406 ENSG00000168077 ENSG00000173273,SNX19 HVCN1 SV2B DOC2A SLC38A7 SMPD3 GALR1 SLC9C2 EPB41 SLC6A9 SLC45A1 NNAT PLCL1 PLCL2 CACNA2D2 VEGFC PKD2L2 SIL1 GRIA1 PDE4D FYN CARMIL1 EXOC4 OSBPL3 RIMS2 SCARA3 TNKS
GO:BP,GO:0016477,cell migration,0.00035601636178488814,True,14,111,115,3629,ENSG00000066735 ENSG00000171877 ENSG00000103811 ENSG00000242498 ENSG00000103056 ENSG00000023902 ENSG00000115085 ENSG00000150630 ENSG00000151422 ENSG00000113070 ENSG00000010810 ENSG00000079691 ENSG00000213654 ENSG00000130635,KIF26A FRMD5 CTSH ARPIN SMPD3 PLEKHO1 ZAP70 VEGFC FER HBEGF FYN CARMIL1 GPSM3 COL5A1
GO:BP,GO:0048870,cell motility,0.00035601636178488814,True,15,111,131,3629,ENSG00000066735 ENSG00000171877 ENSG00000103811 ENSG00000242498 ENSG00000103056 ENSG00000178093 ENSG00000023902 ENSG00000115085 ENSG00000150630 ENSG00000151422 ENSG00000113070 ENSG00000010810 ENSG00000079691 ENSG00000213654 ENSG00000130635,KIF26A FRMD5 CTSH ARPIN SMPD3 TSSK6 PLEKHO1 ZAP70 VEGFC FER HBEGF FYN CARMIL1 GPSM3 COL5A1
GO:BP,GO:0016043,cellular component organization,0.00041228907353287595,True,39,111,652,3629,ENSG00000120451 ENSG00000110497 ENSG00000089053 ENSG00000168778 ENSG00000161813 ENSG00000135454 ENSG00000066735 ENSG00000171877 ENSG00000157456 ENSG00000242498 ENSG00000149927 ENSG00000103056 ENSG00000178093 ENSG00000104885 ENSG00000023902 ENSG00000143614 ENSG00000159023 ENSG00000196182 ENSG00000251322 ENSG00000158019 ENSG00000174579 ENSG00000007402 ENSG00000163635 ENSG00000151422 ENSG00000113070 ENSG00000155511 ENSG00000010810 ENSG00000079691 ENSG00000112659 ENSG00000135298 ENSG00000005483 ENSG00000184903 ENSG00000131558 ENSG00000002822 ENSG00000176406 ENSG00000158106 ENSG00000147799 ENSG00000173273 ENSG00000130635,SNX19 AMBRA1 ANAPC5 TCTN2 LARP4 B4GALNT1 KIF26A FRMD5 CCNB2 ARPIN DOC2A SMPD3 TSSK6 DOT1L PLEKHO1 GATAD2B EPB41 STK40 SHANK3 BABAM2 MSL2 CACNA2D2 ATXN7 FER HBEGF GRIA1 FYN CARMIL1 CUL9 ADGRB3 KMT2E IMMP2L EXOC4 MAD1L1 RIMS2 RHPN1 ARHGAP39 TNKS COL5A1
GO:BP,GO:0051128,regulation of cellular component organization,0.0005383745057079062,True,20,111,227,3629,ENSG00000110497 ENSG00000089053 ENSG00000066735 ENSG00000242498 ENSG00000149927 ENSG00000103056 ENSG00000023902 ENSG00000251322 ENSG00000163635 ENSG00000151422 ENSG00000113070 ENSG00000010810 ENSG00000079691 ENSG00000112659 ENSG00000135298 ENSG00000002822 ENSG00000176406 ENSG00000158106 ENSG00000173273 ENSG00000130635,AMBRA1 ANAPC5 KIF26A ARPIN DOC2A SMPD3 PLEKHO1 SHANK3 ATXN7 FER HBEGF FYN CARMIL1 CUL9 ADGRB3 MAD1L1 RIMS2 RHPN1 TNKS COL5A1
GO:BP,GO:0097581,lamellipodium organization,0.0005383745057079062,True,4,111,6,3629,ENSG00000242498 ENSG00000023902 ENSG00000151422 ENSG00000079691,ARPIN PLEKHO1 FER CARMIL1
GO:BP,GO:0040011,locomotion,0.0005391944962945341,True,12,111,89,3629,ENSG00000066735 ENSG00000171877 ENSG00000103811 ENSG00000242498 ENSG00000103056 ENSG00000251322 ENSG00000150630 ENSG00000151422 ENSG00000113070 ENSG00000155511 ENSG00000079691 ENSG00000213654,KIF26A FRMD5 CTSH ARPIN SMPD3 SHANK3 VEGFC FER HBEGF GRIA1 CARMIL1 GPSM3
GO:BP,GO:0051234,establishment of localization,0.0006609765054714107,True,27,111,378,3629,ENSG00000120451 ENSG00000122986 ENSG00000185518 ENSG00000149927 ENSG00000103042 ENSG00000103056 ENSG00000166573 ENSG00000162753 ENSG00000159023 ENSG00000196517 ENSG00000162426 ENSG00000053438 ENSG00000115896 ENSG00000154822 ENSG00000007402 ENSG00000150630 ENSG00000078795 ENSG00000120725 ENSG00000155511 ENSG00000113448 ENSG00000010810 ENSG00000079691 ENSG00000131558 ENSG00000070882 ENSG00000176406 ENSG00000168077 ENSG00000173273,SNX19 HVCN1 SV2B DOC2A SLC38A7 SMPD3 GALR1 SLC9C2 EPB41 SLC6A9 SLC45A1 NNAT PLCL1 PLCL2 CACNA2D2 VEGFC PKD2L2 SIL1 GRIA1 PDE4D FYN CARMIL1 EXOC4 OSBPL3 RIMS2 SCARA3 TNKS
GO:MF,GO:0036094,small molecule binding,0.0006977917836581503,True,36,111,572,3629,ENSG00000067082 ENSG00000166793 ENSG00000066735 ENSG00000169594 ENSG00000073417 ENSG00000149927 ENSG00000103056 ENSG00000177374 ENSG00000178093 ENSG00000186020 ENSG00000143614 ENSG00000116852 ENSG00000196182 ENSG00000196517 ENSG00000188641 ENSG00000100403 ENSG00000115828 ENSG00000124356 ENSG00000115085 ENSG00000174579 ENSG00000154822 ENSG00000007402 ENSG00000133256 ENSG00000151422 ENSG00000078795 ENSG00000113448 ENSG00000010810 ENSG00000137411 ENSG00000204231 ENSG00000112659 ENSG00000005483 ENSG00000070882 ENSG00000176406 ENSG00000104442 ENSG00000173273 ENSG00000130635,KLF6 YPEL4 KIF26A BNC1 PDE8A DOC2A SMPD3 HIC1 TSSK6 ZNF529 GATAD2B KIF21B STK40 SLC6A9 DPYD ZC3H7B QPCT STAMBP ZAP70 MSL2 PLCL2 CACNA2D2 PDE6B FER PKD2L2 PDE4D FYN VARS2 RXRB CUL9 KMT2E OSBPL3 RIMS2 ARMC1 TNKS COL5A1
GO:BP,GO:0055085,transmembrane transport,0.0006985088031305864,True,14,111,123,3629,ENSG00000122986 ENSG00000185518 ENSG00000103042 ENSG00000162753 ENSG00000196517 ENSG00000162426 ENSG00000115896 ENSG00000154822 ENSG00000007402 ENSG00000078795 ENSG00000155511 ENSG00000113448 ENSG00000010810 ENSG00000131558,HVCN1 SV2B SLC38A7 SLC9C2 SLC6A9 SLC45A1 PLCL1 PLCL2 CACNA2D2 PKD2L2 GRIA1 PDE4D FYN EXOC4
GO:MF,GO:0098772,molecular function regulator activity,0.0007072040898957795,True,17,111,167,3629,ENSG00000110497 ENSG00000245532 ENSG00000182732 ENSG00000157456 ENSG00000103811 ENSG00000073417 ENSG00000131096 ENSG00000205517 ENSG00000055955 ENSG00000150630 ENSG00000120725 ENSG00000113070 ENSG00000113448 ENSG00000010810 ENSG00000213654 ENSG00000135298 ENSG00000147799,AMBRA1 NEAT1 RGS6 CCNB2 CTSH PDE8A PYY RGL3 ITIH4 VEGFC SIL1 HBEGF PDE4D FYN GPSM3 ADGRB3 ARHGAP39
GO:MF,GO:0043167,ion binding,0.0007665092963527243,True,35,111,558,3629,ENSG00000067082 ENSG00000166793 ENSG00000066735 ENSG00000169594 ENSG00000073417 ENSG00000149927 ENSG00000103056 ENSG00000177374 ENSG00000178093 ENSG00000186020 ENSG00000143614 ENSG00000116852 ENSG00000196182 ENSG00000196517 ENSG00000188641 ENSG00000100403 ENSG00000115828 ENSG00000124356 ENSG00000115085 ENSG00000174579 ENSG00000154822 ENSG00000007402 ENSG00000133256 ENSG00000151422 ENSG00000078795 ENSG00000113448 ENSG00000010810 ENSG00000137411 ENSG00000204231 ENSG00000112659 ENSG00000005483 ENSG00000176406 ENSG00000104442 ENSG00000173273 ENSG00000130635,KLF6 YPEL4 KIF26A BNC1 PDE8A DOC2A SMPD3 HIC1 TSSK6 ZNF529 GATAD2B KIF21B STK40 SLC6A9 DPYD ZC3H7B QPCT STAMBP ZAP70 MSL2 PLCL2 CACNA2D2 PDE6B FER PKD2L2 PDE4D FYN VARS2 RXRB CUL9 KMT2E RIMS2 ARMC1 TNKS COL5A1
GO:BP,GO:0040012,regulation of locomotion,0.0007794450829407811,True,11,111,78,3629,ENSG00000066735 ENSG00000171877 ENSG00000103811 ENSG00000242498 ENSG00000103056 ENSG00000150630 ENSG00000151422 ENSG00000113070 ENSG00000155511 ENSG00000079691 ENSG00000213654,KIF26A FRMD5 CTSH ARPIN SMPD3 VEGFC FER HBEGF GRIA1 CARMIL1 GPSM3
GO:MF,GO:0046872,metal ion binding,0.0010244996328554244,True,28,111,405,3629,ENSG00000067082 ENSG00000166793 ENSG00000169594 ENSG00000073417 ENSG00000149927 ENSG00000103056 ENSG00000177374 ENSG00000178093 ENSG00000186020 ENSG00000143614 ENSG00000196517 ENSG00000188641 ENSG00000100403 ENSG00000115828 ENSG00000124356 ENSG00000174579 ENSG00000007402 ENSG00000133256 ENSG00000078795 ENSG00000113448 ENSG00000010810 ENSG00000204231 ENSG00000112659 ENSG00000005483 ENSG00000176406 ENSG00000104442 ENSG00000173273 ENSG00000130635,KLF6 YPEL4 BNC1 PDE8A DOC2A SMPD3 HIC1 TSSK6 ZNF529 GATAD2B SLC6A9 DPYD ZC3H7B QPCT STAMBP MSL2 CACNA2D2 PDE6B PKD2L2 PDE4D FYN RXRB CUL9 KMT2E RIMS2 ARMC1 TNKS COL5A1
GO:MF,GO:0042578,phosphoric ester hydrolase activity,0.0010244996328554244,True,7,111,29,3629,ENSG00000073417 ENSG00000103056 ENSG00000115896 ENSG00000154822 ENSG00000133256 ENSG00000113448 ENSG00000147535,PDE8A SMPD3 PLCL1 PLCL2 PDE6B PDE4D PLPP5
GO:BP,GO:0009967,positive regulation of signal transduction,0.0010833787649818633,True,15,111,146,3629,ENSG00000110497 ENSG00000103811 ENSG00000073417 ENSG00000258839 ENSG00000177374 ENSG00000251322 ENSG00000115085 ENSG00000151422 ENSG00000113070 ENSG00000155511 ENSG00000204231 ENSG00000002822 ENSG00000176406 ENSG00000120907 ENSG00000173273,AMBRA1 CTSH PDE8A MC1R HIC1 SHANK3 ZAP70 FER HBEGF GRIA1 RXRB MAD1L1 RIMS2 ADRA1A TNKS
GO:BP,GO:0030154,cell differentiation,0.0010833787649818633,True,26,111,368,3629,ENSG00000067082 ENSG00000120451 ENSG00000110497 ENSG00000171310 ENSG00000066735 ENSG00000169594 ENSG00000103056 ENSG00000181291 ENSG00000131096 ENSG00000178093 ENSG00000023902 ENSG00000143614 ENSG00000251322 ENSG00000115085 ENSG00000154822 ENSG00000007402 ENSG00000150630 ENSG00000151422 ENSG00000113448 ENSG00000010810 ENSG00000204231 ENSG00000135298 ENSG00000005483 ENSG00000176406 ENSG00000120907 ENSG00000130635,KLF6 SNX19 AMBRA1 CHST11 KIF26A BNC1 SMPD3 TMEM132E PYY TSSK6 PLEKHO1 GATAD2B SHANK3 ZAP70 PLCL2 CACNA2D2 VEGFC FER PDE4D FYN RXRB ADGRB3 KMT2E RIMS2 ADRA1A COL5A1
GO:BP,GO:0032228,"regulation of synaptic transmission, GABAergic",0.0010833787649818633,True,3,111,3,3629,ENSG00000115896 ENSG00000154822 ENSG00000120907,PLCL1 PLCL2 ADRA1A
GO:BP,GO:0048869,cellular developmental process,0.0010833787649818633,True,26,111,368,3629,ENSG00000067082 ENSG00000120451 ENSG00000110497 ENSG00000171310 ENSG00000066735 ENSG00000169594 ENSG00000103056 ENSG00000181291 ENSG00000131096 ENSG00000178093 ENSG00000023902 ENSG00000143614 ENSG00000251322 ENSG00000115085 ENSG00000154822 ENSG00000007402 ENSG00000150630 ENSG00000151422 ENSG00000113448 ENSG00000010810 ENSG00000204231 ENSG00000135298 ENSG00000005483 ENSG00000176406 ENSG00000120907 ENSG00000130635,KLF6 SNX19 AMBRA1 CHST11 KIF26A BNC1 SMPD3 TMEM132E PYY TSSK6 PLEKHO1 GATAD2B SHANK3 ZAP70 PLCL2 CACNA2D2 VEGFC FER PDE4D FYN RXRB ADGRB3 KMT2E RIMS2 ADRA1A COL5A1
GO:BP,GO:0051240,positive regulation of multicellular organismal process,0.0010833787649818633,True,16,111,164,3629,ENSG00000110497 ENSG00000103811 ENSG00000258839 ENSG00000166573 ENSG00000251322 ENSG00000115085 ENSG00000007402 ENSG00000150630 ENSG00000155511 ENSG00000113448 ENSG00000010810 ENSG00000213654 ENSG00000204231 ENSG00000135298 ENSG00000176406 ENSG00000120907,AMBRA1 CTSH MC1R GALR1 SHANK3 ZAP70 CACNA2D2 VEGFC GRIA1 PDE4D FYN GPSM3 RXRB ADGRB3 RIMS2 ADRA1A
GO:BP,GO:0044057,regulation of system process,0.001083452702140312,True,8,111,42,3629,ENSG00000166573 ENSG00000159023 ENSG00000251322 ENSG00000113070 ENSG00000155511 ENSG00000113448 ENSG00000176406 ENSG00000120907,GALR1 EPB41 SHANK3 HBEGF GRIA1 PDE4D RIMS2 ADRA1A
GO:BP,GO:0008283,cell population proliferation,0.001083452702140312,True,17,111,183,3629,ENSG00000110497 ENSG00000245532 ENSG00000171310 ENSG00000103811 ENSG00000169594 ENSG00000103056 ENSG00000251322 ENSG00000124356 ENSG00000115085 ENSG00000154822 ENSG00000150630 ENSG00000151422 ENSG00000113070 ENSG00000010810 ENSG00000232040 ENSG00000002822 ENSG00000120907,AMBRA1 NEAT1 CHST11 CTSH BNC1 SMPD3 SHANK3 STAMBP ZAP70 PLCL2 VEGFC FER HBEGF FYN SCAND3 MAD1L1 ADRA1A
GO:BP,GO:0009059,macromolecule biosynthetic process,0.001083452702140312,True,37,111,633,3629,ENSG00000067082 ENSG00000110497 ENSG00000245532 ENSG00000171310 ENSG00000133687 ENSG00000161813 ENSG00000166133 ENSG00000103811 ENSG00000169594 ENSG00000073417 ENSG00000103056 ENSG00000258839 ENSG00000177374 ENSG00000166573 ENSG00000104885 ENSG00000186020 ENSG00000143614 ENSG00000196182 ENSG00000196517 ENSG00000053438 ENSG00000100354 ENSG00000100403 ENSG00000251322 ENSG00000082153 ENSG00000174579 ENSG00000163635 ENSG00000120725 ENSG00000155511 ENSG00000113448 ENSG00000010810 ENSG00000137411 ENSG00000213654 ENSG00000204231 ENSG00000005483 ENSG00000173273 ENSG00000167157 ENSG00000130635,KLF6 AMBRA1 NEAT1 CHST11 TMTC1 LARP4 RPUSD2 CTSH BNC1 PDE8A SMPD3 MC1R HIC1 GALR1 DOT1L ZNF529 GATAD2B STK40 SLC6A9 NNAT TNRC6B ZC3H7B SHANK3 BZW1 MSL2 ATXN7 SIL1 GRIA1 PDE4D FYN VARS2 GPSM3 RXRB KMT2E TNKS PRRX2 COL5A1
GO:CC,GO:0012505,endomembrane system,0.0011775441359154922,True,27,111,407,3629,ENSG00000120451 ENSG00000110497 ENSG00000171310 ENSG00000122986 ENSG00000133687 ENSG00000135454 ENSG00000151778 ENSG00000103811 ENSG00000185518 ENSG00000149927 ENSG00000103056 ENSG00000196517 ENSG00000115828 ENSG00000124356 ENSG00000055955 ENSG00000150630 ENSG00000120725 ENSG00000155511 ENSG00000113448 ENSG00000010810 ENSG00000079691 ENSG00000002822 ENSG00000070882 ENSG00000120907 ENSG00000168077 ENSG00000173273 ENSG00000130635,SNX19 AMBRA1 CHST11 HVCN1 TMTC1 B4GALNT1 SERP2 CTSH SV2B DOC2A SMPD3 SLC6A9 QPCT STAMBP ITIH4 VEGFC SIL1 GRIA1 PDE4D FYN CARMIL1 MAD1L1 OSBPL3 ADRA1A SCARA3 TNKS COL5A1
GO:CC,GO:0005856,cytoskeleton,0.0011775441359154922,True,19,111,232,3629,ENSG00000110497 ENSG00000089053 ENSG00000168778 ENSG00000066735 ENSG00000171877 ENSG00000157456 ENSG00000178093 ENSG00000116852 ENSG00000159023 ENSG00000163635 ENSG00000151422 ENSG00000113448 ENSG00000010810 ENSG00000079691 ENSG00000005483 ENSG00000131558 ENSG00000002822 ENSG00000147799 ENSG00000173273,AMBRA1 ANAPC5 TCTN2 KIF26A FRMD5 CCNB2 TSSK6 KIF21B EPB41 ATXN7 FER PDE4D FYN CARMIL1 KMT2E EXOC4 MAD1L1 ARHGAP39 TNKS
GO:MF,GO:0043169,cation binding,0.0012747772106092297,True,28,111,412,3629,ENSG00000067082 ENSG00000166793 ENSG00000169594 ENSG00000073417 ENSG00000149927 ENSG00000103056 ENSG00000177374 ENSG00000178093 ENSG00000186020 ENSG00000143614 ENSG00000196517 ENSG00000188641 ENSG00000100403 ENSG00000115828 ENSG00000124356 ENSG00000174579 ENSG00000007402 ENSG00000133256 ENSG00000078795 ENSG00000113448 ENSG00000010810 ENSG00000204231 ENSG00000112659 ENSG00000005483 ENSG00000176406 ENSG00000104442 ENSG00000173273 ENSG00000130635,KLF6 YPEL4 BNC1 PDE8A DOC2A SMPD3 HIC1 TSSK6 ZNF529 GATAD2B SLC6A9 DPYD ZC3H7B QPCT STAMBP MSL2 CACNA2D2 PDE6B PKD2L2 PDE4D FYN RXRB CUL9 KMT2E RIMS2 ARMC1 TNKS COL5A1
GO:CC,GO:0098588,bounding membrane of organelle,0.0014554993605771908,True,17,111,197,3629,ENSG00000120451 ENSG00000110497 ENSG00000171310 ENSG00000122986 ENSG00000168778 ENSG00000135454 ENSG00000185518 ENSG00000149927 ENSG00000103042 ENSG00000103056 ENSG00000196517 ENSG00000133256 ENSG00000113070 ENSG00000155511 ENSG00000168077 ENSG00000104442 ENSG00000173273,SNX19 AMBRA1 CHST11 HVCN1 TCTN2 B4GALNT1 SV2B DOC2A SLC38A7 SMPD3 SLC6A9 PDE6B HBEGF GRIA1 SCARA3 ARMC1 TNKS
GO:BP,GO:0030001,metal ion transport,0.0014653591295557939,True,10,111,70,3629,ENSG00000103042 ENSG00000162753 ENSG00000159023 ENSG00000196517 ENSG00000115896 ENSG00000154822 ENSG00000007402 ENSG00000078795 ENSG00000113448 ENSG00000010810,SLC38A7 SLC9C2 EPB41 SLC6A9 PLCL1 PLCL2 CACNA2D2 PKD2L2 PDE4D FYN
GO:BP,GO:0006812,monoatomic cation transport,0.001510670849773426,True,11,111,85,3629,ENSG00000122986 ENSG00000103042 ENSG00000162753 ENSG00000159023 ENSG00000196517 ENSG00000115896 ENSG00000154822 ENSG00000007402 ENSG00000078795 ENSG00000113448 ENSG00000010810,HVCN1 SLC38A7 SLC9C2 EPB41 SLC6A9 PLCL1 PLCL2 CACNA2D2 PKD2L2 PDE4D FYN
GO:CC,GO:0097060,synaptic membrane,0.0015116770205849275,True,7,111,36,3629,ENSG00000156395 ENSG00000080854 ENSG00000196517 ENSG00000007402 ENSG00000155511 ENSG00000135298 ENSG00000176406,SORCS3 IGSF9B SLC6A9 CACNA2D2 GRIA1 ADGRB3 RIMS2
GO:BP,GO:0006811,monoatomic ion transport,0.001566291216203012,True,12,111,101,3629,ENSG00000122986 ENSG00000103042 ENSG00000162753 ENSG00000159023 ENSG00000196517 ENSG00000115896 ENSG00000154822 ENSG00000007402 ENSG00000078795 ENSG00000155511 ENSG00000113448 ENSG00000010810,HVCN1 SLC38A7 SLC9C2 EPB41 SLC6A9 PLCL1 PLCL2 CACNA2D2 PKD2L2 GRIA1 PDE4D FYN
GO:BP,GO:0030334,regulation of cell migration,0.0015878679661157514,True,10,111,71,3629,ENSG00000066735 ENSG00000171877 ENSG00000103811 ENSG00000242498 ENSG00000103056 ENSG00000150630 ENSG00000151422 ENSG00000113070 ENSG00000079691 ENSG00000213654,KIF26A FRMD5 CTSH ARPIN SMPD3 VEGFC FER HBEGF CARMIL1 GPSM3
GO:BP,GO:0007188,adenylate cyclase-modulating G protein-coupled receptor signaling pathway,0.0016063128906547344,True,6,111,23,3629,ENSG00000258839 ENSG00000166573 ENSG00000113448 ENSG00000135298 ENSG00000176406 ENSG00000120907,MC1R GALR1 PDE4D ADGRB3 RIMS2 ADRA1A
GO:MF,GO:0003824,catalytic activity,0.0017300438836185717,True,30,111,468,3629,ENSG00000171310 ENSG00000133687 ENSG00000135454 ENSG00000111669 ENSG00000066735 ENSG00000182732 ENSG00000166133 ENSG00000103811 ENSG00000073417 ENSG00000103056 ENSG00000178093 ENSG00000104885 ENSG00000116852 ENSG00000196182 ENSG00000188641 ENSG00000115896 ENSG00000115828 ENSG00000124356 ENSG00000115085 ENSG00000174579 ENSG00000154822 ENSG00000133256 ENSG00000151422 ENSG00000113448 ENSG00000010810 ENSG00000137411 ENSG00000112659 ENSG00000184903 ENSG00000147535 ENSG00000173273,CHST11 TMTC1 B4GALNT1 TPI1 KIF26A RGS6 RPUSD2 CTSH PDE8A SMPD3 TSSK6 DOT1L KIF21B STK40 DPYD PLCL1 QPCT STAMBP ZAP70 MSL2 PLCL2 PDE6B FER PDE4D FYN VARS2 CUL9 IMMP2L PLPP5 TNKS
GO:BP,GO:0007612,learning,0.001873937998670901,True,5,111,15,3629,ENSG00000156395 ENSG00000251322 ENSG00000155511 ENSG00000010810 ENSG00000135298,SORCS3 SHANK3 GRIA1 FYN ADGRB3
GO:BP,GO:0019222,regulation of metabolic process,0.001873937998670901,True,34,111,576,3629,ENSG00000067082 ENSG00000110497 ENSG00000245532 ENSG00000122986 ENSG00000161813 ENSG00000103811 ENSG00000169594 ENSG00000073417 ENSG00000103056 ENSG00000258839 ENSG00000177374 ENSG00000166573 ENSG00000104885 ENSG00000186020 ENSG00000143614 ENSG00000196182 ENSG00000196517 ENSG00000100354 ENSG00000100403 ENSG00000082153 ENSG00000158019 ENSG00000174579 ENSG00000163635 ENSG00000151422 ENSG00000155511 ENSG00000113448 ENSG00000010810 ENSG00000213654 ENSG00000204231 ENSG00000005483 ENSG00000131558 ENSG00000120907 ENSG00000173273 ENSG00000167157,KLF6 AMBRA1 NEAT1 HVCN1 LARP4 CTSH BNC1 PDE8A SMPD3 MC1R HIC1 GALR1 DOT1L ZNF529 GATAD2B STK40 SLC6A9 TNRC6B ZC3H7B BZW1 BABAM2 MSL2 ATXN7 FER GRIA1 PDE4D FYN GPSM3 RXRB KMT2E EXOC4 ADRA1A TNKS PRRX2
GO:BP,GO:0007189,adenylate cyclase-activating G protein-coupled receptor signaling pathway,0.001873937998670901,True,5,111,15,3629,ENSG00000258839 ENSG00000166573 ENSG00000113448 ENSG00000135298 ENSG00000120907,MC1R GALR1 PDE4D ADGRB3 ADRA1A
GO:BP,GO:1903047,mitotic cell cycle process,0.002106016506752344,True,11,111,89,3629,ENSG00000110497 ENSG00000089053 ENSG00000157456 ENSG00000103056 ENSG00000158019 ENSG00000124356 ENSG00000112659 ENSG00000005483 ENSG00000131558 ENSG00000002822 ENSG00000173273,AMBRA1 ANAPC5 CCNB2 SMPD3 BABAM2 STAMBP CUL9 KMT2E EXOC4 MAD1L1 TNKS
GO:BP,GO:1902531,regulation of intracellular signal transduction,0.0021367953790905623,True,16,111,176,3629,ENSG00000110497 ENSG00000073417 ENSG00000103056 ENSG00000258839 ENSG00000177374 ENSG00000196182 ENSG00000158019 ENSG00000124356 ENSG00000115085 ENSG00000151422 ENSG00000113070 ENSG00000010810 ENSG00000204231 ENSG00000002822 ENSG00000147799 ENSG00000120907,AMBRA1 PDE8A SMPD3 MC1R HIC1 STK40 BABAM2 STAMBP ZAP70 FER HBEGF FYN RXRB MAD1L1 ARHGAP39 ADRA1A
GO:BP,GO:0048468,cell development,0.0021605595913756015,True,20,111,256,3629,ENSG00000067082 ENSG00000110497 ENSG00000171310 ENSG00000066735 ENSG00000169594 ENSG00000103056 ENSG00000181291 ENSG00000178093 ENSG00000251322 ENSG00000115085 ENSG00000154822 ENSG00000007402 ENSG00000150630 ENSG00000151422 ENSG00000113448 ENSG00000010810 ENSG00000135298 ENSG00000005483 ENSG00000176406 ENSG00000120907,KLF6 AMBRA1 CHST11 KIF26A BNC1 SMPD3 TMEM132E TSSK6 SHANK3 ZAP70 PLCL2 CACNA2D2 VEGFC FER PDE4D FYN ADGRB3 KMT2E RIMS2 ADRA1A
GO:MF,GO:0070851,growth factor receptor binding,0.0021610783312624904,True,4,111,8,3629,ENSG00000150630 ENSG00000151422 ENSG00000113070 ENSG00000010810,VEGFC FER HBEGF FYN
GO:BP,GO:2000145,regulation of cell motility,0.0022977412227671687,True,10,111,75,3629,ENSG00000066735 ENSG00000171877 ENSG00000103811 ENSG00000242498 ENSG00000103056 ENSG00000150630 ENSG00000151422 ENSG00000113070 ENSG00000079691 ENSG00000213654,KIF26A FRMD5 CTSH ARPIN SMPD3 VEGFC FER HBEGF CARMIL1 GPSM3
GO:BP,GO:0141124,intracellular signaling cassette,0.0023123423261328106,True,15,111,159,3629,ENSG00000110497 ENSG00000103811 ENSG00000073417 ENSG00000103056 ENSG00000258839 ENSG00000205517 ENSG00000196182 ENSG00000251322 ENSG00000124356 ENSG00000115085 ENSG00000151422 ENSG00000113070 ENSG00000155511 ENSG00000147799 ENSG00000120907,AMBRA1 CTSH PDE8A SMPD3 MC1R RGL3 STK40 SHANK3 STAMBP ZAP70 FER HBEGF GRIA1 ARHGAP39 ADRA1A
GO:BP,GO:0006887,exocytosis,0.0023672631054817666,True,6,111,25,3629,ENSG00000120451 ENSG00000185518 ENSG00000149927 ENSG00000103056 ENSG00000131558 ENSG00000176406,SNX19 SV2B DOC2A SMPD3 EXOC4 RIMS2
GO:CC,GO:0043232,intracellular membraneless organelle,0.002613654296329521,True,34,111,605,3629,ENSG00000067082 ENSG00000110497 ENSG00000166793 ENSG00000245532 ENSG00000089053 ENSG00000168778 ENSG00000161813 ENSG00000066735 ENSG00000182732 ENSG00000171877 ENSG00000157456 ENSG00000103811 ENSG00000169594 ENSG00000177374 ENSG00000178093 ENSG00000104885 ENSG00000143614 ENSG00000116852 ENSG00000159023 ENSG00000100354 ENSG00000174579 ENSG00000163635 ENSG00000151422 ENSG00000155511 ENSG00000113448 ENSG00000010810 ENSG00000079691 ENSG00000204231 ENSG00000005483 ENSG00000131558 ENSG00000002822 ENSG00000147799 ENSG00000173273 ENSG00000167157,KLF6 AMBRA1 YPEL4 NEAT1 ANAPC5 TCTN2 LARP4 KIF26A RGS6 FRMD5 CCNB2 CTSH BNC1 HIC1 TSSK6 DOT1L GATAD2B KIF21B EPB41 TNRC6B MSL2 ATXN7 FER GRIA1 PDE4D FYN CARMIL1 RXRB KMT2E EXOC4 MAD1L1 ARHGAP39 TNKS PRRX2
GO:CC,GO:0043228,membraneless organelle,0.002613654296329521,True,34,111,605,3629,ENSG00000067082 ENSG00000110497 ENSG00000166793 ENSG00000245532 ENSG00000089053 ENSG00000168778 ENSG00000161813 ENSG00000066735 ENSG00000182732 ENSG00000171877 ENSG00000157456 ENSG00000103811 ENSG00000169594 ENSG00000177374 ENSG00000178093 ENSG00000104885 ENSG00000143614 ENSG00000116852 ENSG00000159023 ENSG00000100354 ENSG00000174579 ENSG00000163635 ENSG00000151422 ENSG00000155511 ENSG00000113448 ENSG00000010810 ENSG00000079691 ENSG00000204231 ENSG00000005483 ENSG00000131558 ENSG00000002822 ENSG00000147799 ENSG00000173273 ENSG00000167157,KLF6 AMBRA1 YPEL4 NEAT1 ANAPC5 TCTN2 LARP4 KIF26A RGS6 FRMD5 CCNB2 CTSH BNC1 HIC1 TSSK6 DOT1L GATAD2B KIF21B EPB41 TNRC6B MSL2 ATXN7 FER GRIA1 PDE4D FYN CARMIL1 RXRB KMT2E EXOC4 MAD1L1 ARHGAP39 TNKS PRRX2
GO:CC,GO:0045202,synapse,0.002626972935120306,True,13,111,133,3629,ENSG00000156395 ENSG00000080854 ENSG00000185518 ENSG00000149927 ENSG00000196517 ENSG00000251322 ENSG00000007402 ENSG00000155511 ENSG00000010810 ENSG00000135298 ENSG00000131558 ENSG00000176406 ENSG00000147799,SORCS3 IGSF9B SV2B DOC2A SLC6A9 SHANK3 CACNA2D2 GRIA1 FYN ADGRB3 EXOC4 RIMS2 ARHGAP39
GO:BP,GO:0043954,cellular component maintenance,0.00275282474418669,True,4,111,9,3629,ENSG00000251322 ENSG00000010810 ENSG00000135298 ENSG00000176406,SHANK3 FYN ADGRB3 RIMS2
GO:BP,GO:0009889,regulation of biosynthetic process,0.0028451223113021107,True,30,111,491,3629,ENSG00000067082 ENSG00000110497 ENSG00000245532 ENSG00000122986 ENSG00000161813 ENSG00000103811 ENSG00000169594 ENSG00000073417 ENSG00000103056 ENSG00000258839 ENSG00000177374 ENSG00000166573 ENSG00000104885 ENSG00000186020 ENSG00000143614 ENSG00000196182 ENSG00000196517 ENSG00000100354 ENSG00000100403 ENSG00000082153 ENSG00000174579 ENSG00000163635 ENSG00000155511 ENSG00000113448 ENSG00000010810 ENSG00000213654 ENSG00000204231 ENSG00000005483 ENSG00000173273 ENSG00000167157,KLF6 AMBRA1 NEAT1 HVCN1 LARP4 CTSH BNC1 PDE8A SMPD3 MC1R HIC1 GALR1 DOT1L ZNF529 GATAD2B STK40 SLC6A9 TNRC6B ZC3H7B BZW1 MSL2 ATXN7 GRIA1 PDE4D FYN GPSM3 RXRB KMT2E TNKS PRRX2
GO:CC,GO:0014069,postsynaptic density,0.0029897788462146476,True,7,111,41,3629,ENSG00000156395 ENSG00000080854 ENSG00000196517 ENSG00000251322 ENSG00000155511 ENSG00000010810 ENSG00000135298,SORCS3 IGSF9B SLC6A9 SHANK3 GRIA1 FYN ADGRB3
GO:BP,GO:0007186,G protein-coupled receptor signaling pathway,0.00302733872537895,True,10,111,78,3629,ENSG00000156395 ENSG00000182732 ENSG00000258839 ENSG00000131096 ENSG00000166573 ENSG00000113448 ENSG00000010810 ENSG00000135298 ENSG00000176406 ENSG00000120907,SORCS3 RGS6 MC1R PYY GALR1 PDE4D FYN ADGRB3 RIMS2 ADRA1A
GO:MF,GO:0004115,"3',5'-cyclic-AMP phosphodiesterase activity",0.00314790314552434,True,3,111,4,3629,ENSG00000073417 ENSG00000133256 ENSG00000113448,PDE8A PDE6B PDE4D
GO:MF,GO:0004112,cyclic-nucleotide phosphodiesterase activity,0.00314790314552434,True,3,111,4,3629,ENSG00000073417 ENSG00000133256 ENSG00000113448,PDE8A PDE6B PDE4D
GO:MF,GO:0030234,enzyme regulator activity,0.00314790314552434,True,12,111,110,3629,ENSG00000110497 ENSG00000182732 ENSG00000157456 ENSG00000103811 ENSG00000073417 ENSG00000205517 ENSG00000055955 ENSG00000113070 ENSG00000010810 ENSG00000213654 ENSG00000135298 ENSG00000147799,AMBRA1 RGS6 CCNB2 CTSH PDE8A RGL3 ITIH4 HBEGF FYN GPSM3 ADGRB3 ARHGAP39
GO:MF,GO:0047555,"3',5'-cyclic-GMP phosphodiesterase activity",0.00314790314552434,True,3,111,4,3629,ENSG00000073417 ENSG00000133256 ENSG00000113448,PDE8A PDE6B PDE4D
GO:MF,GO:0004114,"3',5'-cyclic-nucleotide phosphodiesterase activity",0.00314790314552434,True,3,111,4,3629,ENSG00000073417 ENSG00000133256 ENSG00000113448,PDE8A PDE6B PDE4D
GO:BP,GO:0051494,negative regulation of cytoskeleton organization,0.003222578753042624,True,5,111,17,3629,ENSG00000242498 ENSG00000251322 ENSG00000163635 ENSG00000079691 ENSG00000158106,ARPIN SHANK3 ATXN7 CARMIL1 RHPN1
GO:CC,GO:0032279,asymmetric synapse,0.003229125951980191,True,7,111,42,3629,ENSG00000156395 ENSG00000080854 ENSG00000196517 ENSG00000251322 ENSG00000155511 ENSG00000010810 ENSG00000135298,SORCS3 IGSF9B SLC6A9 SHANK3 GRIA1 FYN ADGRB3
GO:CC,GO:0031090,organelle membrane,0.003229125951980191,True,22,111,323,3629,ENSG00000120451 ENSG00000110497 ENSG00000171310 ENSG00000122986 ENSG00000168778 ENSG00000135454 ENSG00000151778 ENSG00000185518 ENSG00000149927 ENSG00000103042 ENSG00000103056 ENSG00000196517 ENSG00000133256 ENSG00000113070 ENSG00000155511 ENSG00000113448 ENSG00000184903 ENSG00000070882 ENSG00000120907 ENSG00000168077 ENSG00000104442 ENSG00000173273,SNX19 AMBRA1 CHST11 HVCN1 TCTN2 B4GALNT1 SERP2 SV2B DOC2A SLC38A7 SMPD3 SLC6A9 PDE6B HBEGF GRIA1 PDE4D IMMP2L OSBPL3 ADRA1A SCARA3 ARMC1 TNKS
GO:BP,GO:0003013,circulatory system process,0.003367294485832918,True,7,111,38,3629,ENSG00000196517 ENSG00000150630 ENSG00000113070 ENSG00000113448 ENSG00000010810 ENSG00000184903 ENSG00000120907,SLC6A9 VEGFC HBEGF PDE4D FYN IMMP2L ADRA1A
GO:CC,GO:0099572,postsynaptic specialization,0.003537827479245874,True,7,111,43,3629,ENSG00000156395 ENSG00000080854 ENSG00000196517 ENSG00000251322 ENSG00000155511 ENSG00000010810 ENSG00000135298,SORCS3 IGSF9B SLC6A9 SHANK3 GRIA1 FYN ADGRB3
GO:CC,GO:0043005,neuron projection,0.003537827479245874,True,11,111,104,3629,ENSG00000080854 ENSG00000182732 ENSG00000149927 ENSG00000103042 ENSG00000116852 ENSG00000251322 ENSG00000198948 ENSG00000133256 ENSG00000155511 ENSG00000010810 ENSG00000131558,IGSF9B RGS6 DOC2A SLC38A7 KIF21B SHANK3 MFAP3L PDE6B GRIA1 FYN EXOC4
GO:BP,GO:0051301,cell division,0.003548773154153282,True,9,111,65,3629,ENSG00000089053 ENSG00000157456 ENSG00000159023 ENSG00000158019 ENSG00000124356 ENSG00000150630 ENSG00000131558 ENSG00000002822 ENSG00000173273,ANAPC5 CCNB2 EPB41 BABAM2 STAMBP VEGFC EXOC4 MAD1L1 TNKS
GO:BP,GO:0032940,secretion by cell,0.003548773154153282,True,9,111,65,3629,ENSG00000120451 ENSG00000185518 ENSG00000149927 ENSG00000103056 ENSG00000166573 ENSG00000053438 ENSG00000150630 ENSG00000131558 ENSG00000176406,SNX19 SV2B DOC2A SMPD3 GALR1 NNAT VEGFC EXOC4 RIMS2
GO:BP,GO:0032879,regulation of localization,0.0035566916648641666,True,14,111,148,3629,ENSG00000185518 ENSG00000149927 ENSG00000103056 ENSG00000166573 ENSG00000159023 ENSG00000053438 ENSG00000251322 ENSG00000007402 ENSG00000150630 ENSG00000155511 ENSG00000113448 ENSG00000010810 ENSG00000002822 ENSG00000176406,SV2B DOC2A SMPD3 GALR1 EPB41 NNAT SHANK3 CACNA2D2 VEGFC GRIA1 PDE4D FYN MAD1L1 RIMS2
GO:BP,GO:0023061,signal release,0.0037714552541191597,True,7,111,39,3629,ENSG00000120451 ENSG00000185518 ENSG00000149927 ENSG00000103056 ENSG00000166573 ENSG00000053438 ENSG00000176406,SNX19 SV2B DOC2A SMPD3 GALR1 NNAT RIMS2
GO:BP,GO:0010639,negative regulation of organelle organization,0.0037714552541191597,True,7,111,39,3629,ENSG00000242498 ENSG00000251322 ENSG00000163635 ENSG00000079691 ENSG00000002822 ENSG00000158106 ENSG00000173273,ARPIN SHANK3 ATXN7 CARMIL1 MAD1L1 RHPN1 TNKS
GO:BP,GO:0034220,monoatomic ion transmembrane transport,0.0038035284767671007,True,10,111,81,3629,ENSG00000122986 ENSG00000162753 ENSG00000196517 ENSG00000115896 ENSG00000154822 ENSG00000007402 ENSG00000078795 ENSG00000155511 ENSG00000113448 ENSG00000010810,HVCN1 SLC9C2 SLC6A9 PLCL1 PLCL2 CACNA2D2 PKD2L2 GRIA1 PDE4D FYN
GO:BP,GO:0010556,regulation of macromolecule biosynthetic process,0.003900122311279326,True,29,111,478,3629,ENSG00000067082 ENSG00000110497 ENSG00000245532 ENSG00000161813 ENSG00000103811 ENSG00000169594 ENSG00000073417 ENSG00000103056 ENSG00000258839 ENSG00000177374 ENSG00000166573 ENSG00000104885 ENSG00000186020 ENSG00000143614 ENSG00000196182 ENSG00000196517 ENSG00000100354 ENSG00000100403 ENSG00000082153 ENSG00000174579 ENSG00000163635 ENSG00000155511 ENSG00000113448 ENSG00000010810 ENSG00000213654 ENSG00000204231 ENSG00000005483 ENSG00000173273 ENSG00000167157,KLF6 AMBRA1 NEAT1 LARP4 CTSH BNC1 PDE8A SMPD3 MC1R HIC1 GALR1 DOT1L ZNF529 GATAD2B STK40 SLC6A9 TNRC6B ZC3H7B BZW1 MSL2 ATXN7 GRIA1 PDE4D FYN GPSM3 RXRB KMT2E TNKS PRRX2
GO:CC,GO:0030672,synaptic vesicle membrane,0.004120287962057343,True,4,111,12,3629,ENSG00000185518 ENSG00000149927 ENSG00000196517 ENSG00000155511,SV2B DOC2A SLC6A9 GRIA1
GO:CC,GO:0099501,exocytic vesicle membrane,0.004120287962057343,True,4,111,12,3629,ENSG00000185518 ENSG00000149927 ENSG00000196517 ENSG00000155511,SV2B DOC2A SLC6A9 GRIA1
GO:CC,GO:0098984,neuron to neuron synapse,0.0042231799240158305,True,7,111,45,3629,ENSG00000156395 ENSG00000080854 ENSG00000196517 ENSG00000251322 ENSG00000155511 ENSG00000010810 ENSG00000135298,SORCS3 IGSF9B SLC6A9 SHANK3 GRIA1 FYN ADGRB3
GO:BP,GO:0006816,calcium ion transport,0.004308767618218484,True,7,111,40,3629,ENSG00000159023 ENSG00000115896 ENSG00000154822 ENSG00000007402 ENSG00000078795 ENSG00000113448 ENSG00000010810,EPB41 PLCL1 PLCL2 CACNA2D2 PKD2L2 PDE4D FYN
GO:BP,GO:0033043,regulation of organelle organization,0.004358054184189765,True,12,111,116,3629,ENSG00000089053 ENSG00000242498 ENSG00000149927 ENSG00000103056 ENSG00000251322 ENSG00000163635 ENSG00000151422 ENSG00000079691 ENSG00000112659 ENSG00000002822 ENSG00000158106 ENSG00000173273,ANAPC5 ARPIN DOC2A SMPD3 SHANK3 ATXN7 FER CARMIL1 CUL9 MAD1L1 RHPN1 TNKS
GO:BP,GO:0019538,protein metabolic process,0.004358054184189765,True,24,111,363,3629,ENSG00000110497 ENSG00000171310 ENSG00000089053 ENSG00000133687 ENSG00000161813 ENSG00000103811 ENSG00000178093 ENSG00000196182 ENSG00000196517 ENSG00000053438 ENSG00000100354 ENSG00000082153 ENSG00000158019 ENSG00000115828 ENSG00000124356 ENSG00000115085 ENSG00000174579 ENSG00000151422 ENSG00000120725 ENSG00000010810 ENSG00000137411 ENSG00000112659 ENSG00000184903 ENSG00000173273,AMBRA1 CHST11 ANAPC5 TMTC1 LARP4 CTSH TSSK6 STK40 SLC6A9 NNAT TNRC6B BZW1 BABAM2 QPCT STAMBP ZAP70 MSL2 FER SIL1 FYN VARS2 CUL9 IMMP2L TNKS
GO:BP,GO:0007166,cell surface receptor signaling pathway,0.004358054184189765,True,18,111,231,3629,ENSG00000171310 ENSG00000168778 ENSG00000103056 ENSG00000177374 ENSG00000104885 ENSG00000251322 ENSG00000124356 ENSG00000115085 ENSG00000154822 ENSG00000150630 ENSG00000151422 ENSG00000113070 ENSG00000155511 ENSG00000113448 ENSG00000010810 ENSG00000135298 ENSG00000176406 ENSG00000173273,CHST11 TCTN2 SMPD3 HIC1 DOT1L SHANK3 STAMBP ZAP70 PLCL2 VEGFC FER HBEGF GRIA1 PDE4D FYN ADGRB3 RIMS2 TNKS
GO:BP,GO:0140352,export from cell,0.004432947684979139,True,9,111,68,3629,ENSG00000120451 ENSG00000185518 ENSG00000149927 ENSG00000103056 ENSG00000166573 ENSG00000053438 ENSG00000150630 ENSG00000131558 ENSG00000176406,SNX19 SV2B DOC2A SMPD3 GALR1 NNAT VEGFC EXOC4 RIMS2
GO:BP,GO:0098655,monoatomic cation transmembrane transport,0.004432947684979139,True,9,111,68,3629,ENSG00000122986 ENSG00000162753 ENSG00000196517 ENSG00000115896 ENSG00000154822 ENSG00000007402 ENSG00000078795 ENSG00000113448 ENSG00000010810,HVCN1 SLC9C2 SLC6A9 PLCL1 PLCL2 CACNA2D2 PKD2L2 PDE4D FYN
GO:BP,GO:0009893,positive regulation of metabolic process,0.004432947684979139,True,21,111,296,3629,ENSG00000067082 ENSG00000110497 ENSG00000245532 ENSG00000161813 ENSG00000103811 ENSG00000169594 ENSG00000258839 ENSG00000166573 ENSG00000104885 ENSG00000143614 ENSG00000196517 ENSG00000100354 ENSG00000158019 ENSG00000174579 ENSG00000163635 ENSG00000155511 ENSG00000113448 ENSG00000213654 ENSG00000204231 ENSG00000005483 ENSG00000173273,KLF6 AMBRA1 NEAT1 LARP4 CTSH BNC1 MC1R GALR1 DOT1L GATAD2B SLC6A9 TNRC6B BABAM2 MSL2 ATXN7 GRIA1 PDE4D GPSM3 RXRB KMT2E TNKS
GO:BP,GO:0060255,regulation of macromolecule metabolic process,0.004519551513827175,True,31,111,534,3629,ENSG00000067082 ENSG00000110497 ENSG00000245532 ENSG00000161813 ENSG00000103811 ENSG00000169594 ENSG00000073417 ENSG00000103056 ENSG00000258839 ENSG00000177374 ENSG00000166573 ENSG00000104885 ENSG00000186020 ENSG00000143614 ENSG00000196182 ENSG00000196517 ENSG00000100354 ENSG00000100403 ENSG00000082153 ENSG00000158019 ENSG00000174579 ENSG00000163635 ENSG00000151422 ENSG00000155511 ENSG00000113448 ENSG00000010810 ENSG00000213654 ENSG00000204231 ENSG00000005483 ENSG00000173273 ENSG00000167157,KLF6 AMBRA1 NEAT1 LARP4 CTSH BNC1 PDE8A SMPD3 MC1R HIC1 GALR1 DOT1L ZNF529 GATAD2B STK40 SLC6A9 TNRC6B ZC3H7B BZW1 BABAM2 MSL2 ATXN7 FER GRIA1 PDE4D FYN GPSM3 RXRB KMT2E TNKS PRRX2
GO:BP,GO:1903530,regulation of secretion by cell,0.004652629606163589,True,7,111,41,3629,ENSG00000185518 ENSG00000149927 ENSG00000103056 ENSG00000166573 ENSG00000053438 ENSG00000150630 ENSG00000176406,SV2B DOC2A SMPD3 GALR1 NNAT VEGFC RIMS2
GO:BP,GO:0042127,regulation of cell population proliferation,0.004681800817629506,True,14,111,154,3629,ENSG00000110497 ENSG00000245532 ENSG00000171310 ENSG00000103811 ENSG00000169594 ENSG00000103056 ENSG00000124356 ENSG00000115085 ENSG00000150630 ENSG00000151422 ENSG00000113070 ENSG00000232040 ENSG00000002822 ENSG00000120907,AMBRA1 NEAT1 CHST11 CTSH BNC1 SMPD3 STAMBP ZAP70 VEGFC FER HBEGF SCAND3 MAD1L1 ADRA1A
GO:BP,GO:0050793,regulation of developmental process,0.004918282001097935,True,17,111,214,3629,ENSG00000110497 ENSG00000161813 ENSG00000103811 ENSG00000169594 ENSG00000242498 ENSG00000103056 ENSG00000023902 ENSG00000143614 ENSG00000251322 ENSG00000115085 ENSG00000007402 ENSG00000150630 ENSG00000010810 ENSG00000204231 ENSG00000135298 ENSG00000176406 ENSG00000130635,AMBRA1 LARP4 CTSH BNC1 ARPIN SMPD3 PLEKHO1 GATAD2B SHANK3 ZAP70 CACNA2D2 VEGFC FYN RXRB ADGRB3 RIMS2 COL5A1
GO:MF,GO:0008047,enzyme activator activity,0.004950679901799934,True,8,111,54,3629,ENSG00000110497 ENSG00000182732 ENSG00000103811 ENSG00000073417 ENSG00000113070 ENSG00000010810 ENSG00000135298 ENSG00000147799,AMBRA1 RGS6 CTSH PDE8A HBEGF FYN ADGRB3 ARHGAP39
GO:MF,GO:0008324,monoatomic cation transmembrane transporter activity,0.004950679901799934,True,8,111,54,3629,ENSG00000122986 ENSG00000103042 ENSG00000162753 ENSG00000196517 ENSG00000162426 ENSG00000007402 ENSG00000078795 ENSG00000155511,HVCN1 SLC38A7 SLC9C2 SLC6A9 SLC45A1 CACNA2D2 PKD2L2 GRIA1
GO:BP,GO:0008284,positive regulation of cell population proliferation,0.004955823033972702,True,10,111,85,3629,ENSG00000245532 ENSG00000103811 ENSG00000169594 ENSG00000103056 ENSG00000124356 ENSG00000115085 ENSG00000150630 ENSG00000151422 ENSG00000113070 ENSG00000232040,NEAT1 CTSH BNC1 SMPD3 STAMBP ZAP70 VEGFC FER HBEGF SCAND3
GO:BP,GO:0007610,behavior,0.004955823033972702,True,8,111,55,3629,ENSG00000156395 ENSG00000135454 ENSG00000258839 ENSG00000131096 ENSG00000251322 ENSG00000155511 ENSG00000010810 ENSG00000135298,SORCS3 B4GALNT1 MC1R PYY SHANK3 GRIA1 FYN ADGRB3
GO:BP,GO:0070588,calcium ion transmembrane transport,0.005136910332808334,True,6,111,30,3629,ENSG00000115896 ENSG00000154822 ENSG00000007402 ENSG00000078795 ENSG00000113448 ENSG00000010810,PLCL1 PLCL2 CACNA2D2 PKD2L2 PDE4D FYN
GO:BP,GO:0050900,leukocyte migration,0.005136910332808334,True,6,111,30,3629,ENSG00000103056 ENSG00000115085 ENSG00000150630 ENSG00000151422 ENSG00000010810 ENSG00000213654,SMPD3 ZAP70 VEGFC FER FYN GPSM3
GO:BP,GO:0050808,synapse organization,0.005136910332808334,True,7,111,42,3629,ENSG00000251322 ENSG00000007402 ENSG00000155511 ENSG00000010810 ENSG00000135298 ENSG00000176406 ENSG00000147799,SHANK3 CACNA2D2 GRIA1 FYN ADGRB3 RIMS2 ARHGAP39
GO:BP,GO:0010604,positive regulation of macromolecule metabolic process,0.00525283759710499,True,20,111,280,3629,ENSG00000067082 ENSG00000245532 ENSG00000161813 ENSG00000103811 ENSG00000169594 ENSG00000258839 ENSG00000166573 ENSG00000104885 ENSG00000143614 ENSG00000196517 ENSG00000100354 ENSG00000158019 ENSG00000174579 ENSG00000163635 ENSG00000155511 ENSG00000113448 ENSG00000213654 ENSG00000204231 ENSG00000005483 ENSG00000173273,KLF6 NEAT1 LARP4 CTSH BNC1 MC1R GALR1 DOT1L GATAD2B SLC6A9 TNRC6B BABAM2 MSL2 ATXN7 GRIA1 PDE4D GPSM3 RXRB KMT2E TNKS
GO:MF,GO:0016788,"hydrolase activity, acting on ester bonds",0.005365273004483806,True,8,111,55,3629,ENSG00000073417 ENSG00000103056 ENSG00000115896 ENSG00000154822 ENSG00000133256 ENSG00000113448 ENSG00000137411 ENSG00000147535,PDE8A SMPD3 PLCL1 PLCL2 PDE6B PDE4D VARS2 PLPP5
GO:BP,GO:0000278,mitotic cell cycle,0.005397756009955693,True,11,111,103,3629,ENSG00000110497 ENSG00000089053 ENSG00000157456 ENSG00000103056 ENSG00000158019 ENSG00000124356 ENSG00000112659 ENSG00000005483 ENSG00000131558 ENSG00000002822 ENSG00000173273,AMBRA1 ANAPC5 CCNB2 SMPD3 BABAM2 STAMBP CUL9 KMT2E EXOC4 MAD1L1 TNKS
GO:MF,GO:0097110,scaffold protein binding,0.005420484012938582,True,4,111,11,3629,ENSG00000251322 ENSG00000155511 ENSG00000113448 ENSG00000010810,SHANK3 GRIA1 PDE4D FYN
GO:CC,GO:0042734,presynaptic membrane,0.00544864671123316,True,4,111,13,3629,ENSG00000196517 ENSG00000007402 ENSG00000155511 ENSG00000176406,SLC6A9 CACNA2D2 GRIA1 RIMS2
GO:BP,GO:0051046,regulation of secretion,0.005450335573741531,True,7,111,43,3629,ENSG00000185518 ENSG00000149927 ENSG00000103056 ENSG00000166573 ENSG00000053438 ENSG00000150630 ENSG00000176406,SV2B DOC2A SMPD3 GALR1 NNAT VEGFC RIMS2
GO:BP,GO:0060429,epithelium development,0.005450335573741531,True,10,111,87,3629,ENSG00000110497 ENSG00000103811 ENSG00000181291 ENSG00000131096 ENSG00000251322 ENSG00000150630 ENSG00000151422 ENSG00000113070 ENSG00000113448 ENSG00000130635,AMBRA1 CTSH TMEM132E PYY SHANK3 VEGFC FER HBEGF PDE4D COL5A1
GO:BP,GO:0050795,regulation of behavior,0.005450335573741531,True,3,111,5,3629,ENSG00000258839 ENSG00000251322 ENSG00000155511,MC1R SHANK3 GRIA1
GO:BP,GO:0009581,detection of external stimulus,0.005450335573741531,True,3,111,5,3629,ENSG00000133256 ENSG00000078795 ENSG00000010810,PDE6B PKD2L2 FYN
GO:BP,GO:1902743,regulation of lamellipodium organization,0.005450335573741531,True,3,111,5,3629,ENSG00000242498 ENSG00000151422 ENSG00000079691,ARPIN FER CARMIL1
GO:BP,GO:0010648,negative regulation of cell communication,0.005450335573741531,True,13,111,139,3629,ENSG00000156395 ENSG00000171310 ENSG00000066735 ENSG00000182732 ENSG00000103056 ENSG00000177374 ENSG00000251322 ENSG00000124356 ENSG00000154822 ENSG00000155511 ENSG00000113448 ENSG00000010810 ENSG00000002822,SORCS3 CHST11 KIF26A RGS6 SMPD3 HIC1 SHANK3 STAMBP PLCL2 GRIA1 PDE4D FYN MAD1L1
GO:BP,GO:0009582,detection of abiotic stimulus,0.005450335573741531,True,3,111,5,3629,ENSG00000133256 ENSG00000078795 ENSG00000010810,PDE6B PKD2L2 FYN
GO:BP,GO:0023057,negative regulation of signaling,0.005602415441749003,True,13,111,140,3629,ENSG00000156395 ENSG00000171310 ENSG00000066735 ENSG00000182732 ENSG00000103056 ENSG00000177374 ENSG00000251322 ENSG00000124356 ENSG00000154822 ENSG00000155511 ENSG00000113448 ENSG00000010810 ENSG00000002822,SORCS3 CHST11 KIF26A RGS6 SMPD3 HIC1 SHANK3 STAMBP PLCL2 GRIA1 PDE4D FYN MAD1L1
GO:BP,GO:0034330,cell junction organization,0.005620386440090475,True,8,111,57,3629,ENSG00000251322 ENSG00000007402 ENSG00000151422 ENSG00000155511 ENSG00000010810 ENSG00000135298 ENSG00000176406 ENSG00000147799,SHANK3 CACNA2D2 FER GRIA1 FYN ADGRB3 RIMS2 ARHGAP39
GO:CC,GO:0048786,presynaptic active zone,0.005745952566893179,True,3,111,6,3629,ENSG00000007402 ENSG00000155511 ENSG00000176406,CACNA2D2 GRIA1 RIMS2
GO:MF,GO:0042562,hormone binding,0.005945508342742276,True,3,111,5,3629,ENSG00000103811 ENSG00000258839 ENSG00000166573,CTSH MC1R GALR1
GO:BP,GO:0006996,organelle organization,0.006254076403646891,True,23,111,354,3629,ENSG00000120451 ENSG00000110497 ENSG00000089053 ENSG00000168778 ENSG00000161813 ENSG00000135454 ENSG00000171877 ENSG00000157456 ENSG00000242498 ENSG00000149927 ENSG00000103056 ENSG00000178093 ENSG00000104885 ENSG00000159023 ENSG00000251322 ENSG00000163635 ENSG00000151422 ENSG00000079691 ENSG00000112659 ENSG00000184903 ENSG00000002822 ENSG00000158106 ENSG00000173273,SNX19 AMBRA1 ANAPC5 TCTN2 LARP4 B4GALNT1 FRMD5 CCNB2 ARPIN DOC2A SMPD3 TSSK6 DOT1L EPB41 SHANK3 ATXN7 FER CARMIL1 CUL9 IMMP2L MAD1L1 RHPN1 TNKS
GO:BP,GO:0046903,secretion,0.006254076403646891,True,9,111,73,3629,ENSG00000120451 ENSG00000185518 ENSG00000149927 ENSG00000103056 ENSG00000166573 ENSG00000053438 ENSG00000150630 ENSG00000131558 ENSG00000176406,SNX19 SV2B DOC2A SMPD3 GALR1 NNAT VEGFC EXOC4 RIMS2
GO:BP,GO:1902904,negative regulation of supramolecular fiber organization,0.006539784644494609,True,5,111,21,3629,ENSG00000242498 ENSG00000251322 ENSG00000163635 ENSG00000079691 ENSG00000158106,ARPIN SHANK3 ATXN7 CARMIL1 RHPN1
GO:BP,GO:0051130,positive regulation of cellular component organization,0.006745431500217026,True,11,111,107,3629,ENSG00000110497 ENSG00000089053 ENSG00000149927 ENSG00000103056 ENSG00000251322 ENSG00000151422 ENSG00000010810 ENSG00000079691 ENSG00000135298 ENSG00000002822 ENSG00000173273,AMBRA1 ANAPC5 DOC2A SMPD3 SHANK3 FER FYN CARMIL1 ADGRB3 MAD1L1 TNKS
GO:BP,GO:0022603,regulation of anatomical structure morphogenesis,0.006764910828118771,True,9,111,74,3629,ENSG00000161813 ENSG00000103811 ENSG00000242498 ENSG00000023902 ENSG00000251322 ENSG00000150630 ENSG00000010810 ENSG00000135298 ENSG00000176406,LARP4 CTSH ARPIN PLEKHO1 SHANK3 VEGFC FYN ADGRB3 RIMS2
GO:BP,GO:0006796,phosphate-containing compound metabolic process,0.006851592377237655,True,14,111,163,3629,ENSG00000111669 ENSG00000073417 ENSG00000103056 ENSG00000178093 ENSG00000196182 ENSG00000188641 ENSG00000115896 ENSG00000115085 ENSG00000154822 ENSG00000151422 ENSG00000113448 ENSG00000010810 ENSG00000147535 ENSG00000173273,TPI1 PDE8A SMPD3 TSSK6 STK40 DPYD PLCL1 ZAP70 PLCL2 FER PDE4D FYN PLPP5 TNKS
GO:BP,GO:0006793,phosphorus metabolic process,0.006851592377237655,True,14,111,163,3629,ENSG00000111669 ENSG00000073417 ENSG00000103056 ENSG00000178093 ENSG00000196182 ENSG00000188641 ENSG00000115896 ENSG00000115085 ENSG00000154822 ENSG00000151422 ENSG00000113448 ENSG00000010810 ENSG00000147535 ENSG00000173273,TPI1 PDE8A SMPD3 TSSK6 STK40 DPYD PLCL1 ZAP70 PLCL2 FER PDE4D FYN PLPP5 TNKS
GO:BP,GO:0010467,gene expression,0.007253404901795164,True,33,111,607,3629,ENSG00000067082 ENSG00000110497 ENSG00000245532 ENSG00000133687 ENSG00000161813 ENSG00000166133 ENSG00000103811 ENSG00000169594 ENSG00000073417 ENSG00000258839 ENSG00000177374 ENSG00000166573 ENSG00000104885 ENSG00000186020 ENSG00000143614 ENSG00000196182 ENSG00000053438 ENSG00000100354 ENSG00000100403 ENSG00000251322 ENSG00000082153 ENSG00000174579 ENSG00000163635 ENSG00000120725 ENSG00000155511 ENSG00000113448 ENSG00000010810 ENSG00000137411 ENSG00000213654 ENSG00000204231 ENSG00000005483 ENSG00000173273 ENSG00000167157,KLF6 AMBRA1 NEAT1 TMTC1 LARP4 RPUSD2 CTSH BNC1 PDE8A MC1R HIC1 GALR1 DOT1L ZNF529 GATAD2B STK40 NNAT TNRC6B ZC3H7B SHANK3 BZW1 MSL2 ATXN7 SIL1 GRIA1 PDE4D FYN VARS2 GPSM3 RXRB KMT2E TNKS PRRX2
GO:BP,GO:1901135,carbohydrate derivative metabolic process,0.007253404901795164,True,9,111,75,3629,ENSG00000171310 ENSG00000133687 ENSG00000135454 ENSG00000111669 ENSG00000073417 ENSG00000103056 ENSG00000188641 ENSG00000055955 ENSG00000113448,CHST11 TMTC1 B4GALNT1 TPI1 PDE8A SMPD3 DPYD ITIH4 PDE4D
GO:MF,GO:0015075,monoatomic ion transmembrane transporter activity,0.007674184324126062,True,8,111,59,3629,ENSG00000122986 ENSG00000103042 ENSG00000162753 ENSG00000196517 ENSG00000162426 ENSG00000007402 ENSG00000078795 ENSG00000155511,HVCN1 SLC38A7 SLC9C2 SLC6A9 SLC45A1 CACNA2D2 PKD2L2 GRIA1
GO:BP,GO:1903532,positive regulation of secretion by cell,0.007738421724960685,True,5,111,22,3629,ENSG00000149927 ENSG00000103056 ENSG00000166573 ENSG00000053438 ENSG00000150630,DOC2A SMPD3 GALR1 NNAT VEGFC
GO:BP,GO:0022604,regulation of cell morphogenesis,0.007738421724960685,True,5,111,22,3629,ENSG00000161813 ENSG00000242498 ENSG00000023902 ENSG00000010810 ENSG00000176406,LARP4 ARPIN PLEKHO1 FYN RIMS2
GO:MF,GO:0140677,molecular function activator activity,0.007834693330602402,True,10,111,91,3629,ENSG00000110497 ENSG00000182732 ENSG00000103811 ENSG00000073417 ENSG00000131096 ENSG00000150630 ENSG00000113070 ENSG00000010810 ENSG00000135298 ENSG00000147799,AMBRA1 RGS6 CTSH PDE8A PYY VEGFC HBEGF FYN ADGRB3 ARHGAP39
GO:BP,GO:0010557,positive regulation of macromolecule biosynthetic process,0.00820572504426154,True,17,111,228,3629,ENSG00000067082 ENSG00000161813 ENSG00000103811 ENSG00000169594 ENSG00000258839 ENSG00000166573 ENSG00000104885 ENSG00000143614 ENSG00000196517 ENSG00000174579 ENSG00000163635 ENSG00000155511 ENSG00000113448 ENSG00000213654 ENSG00000204231 ENSG00000005483 ENSG00000173273,KLF6 LARP4 CTSH BNC1 MC1R GALR1 DOT1L GATAD2B SLC6A9 MSL2 ATXN7 GRIA1 PDE4D GPSM3 RXRB KMT2E TNKS
GO:MF,GO:0005102,signaling receptor binding,0.008713945329139865,True,12,111,128,3629,ENSG00000171877 ENSG00000131096 ENSG00000251322 ENSG00000158019 ENSG00000154822 ENSG00000150630 ENSG00000151422 ENSG00000113070 ENSG00000155511 ENSG00000113448 ENSG00000010810 ENSG00000130635,FRMD5 PYY SHANK3 BABAM2 PLCL2 VEGFC FER HBEGF GRIA1 PDE4D FYN COL5A1
GO:MF,GO:0019899,enzyme binding,0.008831198574250453,True,15,111,187,3629,ENSG00000110497 ENSG00000089053 ENSG00000111669 ENSG00000171877 ENSG00000073417 ENSG00000258839 ENSG00000177374 ENSG00000205517 ENSG00000151422 ENSG00000155511 ENSG00000113448 ENSG00000010810 ENSG00000112659 ENSG00000005483 ENSG00000176406,AMBRA1 ANAPC5 TPI1 FRMD5 PDE8A MC1R HIC1 RGL3 FER GRIA1 PDE4D FYN CUL9 KMT2E RIMS2
GO:BP,GO:0051932,"synaptic transmission, GABAergic",0.008991774919599585,True,3,111,6,3629,ENSG00000115896 ENSG00000154822 ENSG00000120907,PLCL1 PLCL2 ADRA1A
GO:BP,GO:0098815,modulation of excitatory postsynaptic potential,0.008991774919599585,True,3,111,6,3629,ENSG00000251322 ENSG00000155511 ENSG00000176406,SHANK3 GRIA1 RIMS2
GO:BP,GO:0099558,maintenance of synapse structure,0.008991774919599585,True,3,111,6,3629,ENSG00000251322 ENSG00000135298 ENSG00000176406,SHANK3 ADGRB3 RIMS2
GO:BP,GO:0060292,long-term synaptic depression,0.008991774919599585,True,3,111,6,3629,ENSG00000156395 ENSG00000251322 ENSG00000155511,SORCS3 SHANK3 GRIA1
GO:BP,GO:0007631,feeding behavior,0.008991774919599585,True,3,111,6,3629,ENSG00000258839 ENSG00000131096 ENSG00000010810,MC1R PYY FYN
GO:BP,GO:2000463,positive regulation of excitatory postsynaptic potential,0.008991774919599585,True,3,111,6,3629,ENSG00000251322 ENSG00000155511 ENSG00000176406,SHANK3 GRIA1 RIMS2
GO:BP,GO:0051047,positive regulation of secretion,0.009010532465599491,True,5,111,23,3629,ENSG00000149927 ENSG00000103056 ENSG00000166573 ENSG00000053438 ENSG00000150630,DOC2A SMPD3 GALR1 NNAT VEGFC
GO:BP,GO:0046879,hormone secretion,0.009010532465599491,True,5,111,23,3629,ENSG00000120451 ENSG00000103056 ENSG00000166573 ENSG00000053438 ENSG00000176406,SNX19 SMPD3 GALR1 NNAT RIMS2
GO:BP,GO:0040017,positive regulation of locomotion,0.009134112691154425,True,7,111,48,3629,ENSG00000103811 ENSG00000150630 ENSG00000151422 ENSG00000113070 ENSG00000155511 ENSG00000079691 ENSG00000213654,CTSH VEGFC FER HBEGF GRIA1 CARMIL1 GPSM3
GO:MF,GO:0001653,peptide receptor activity,0.009134779183807904,True,3,111,6,3629,ENSG00000156395 ENSG00000258839 ENSG00000166573,SORCS3 MC1R GALR1
GO:MF,GO:0008528,G protein-coupled peptide receptor activity,0.009134779183807904,True,3,111,6,3629,ENSG00000156395 ENSG00000258839 ENSG00000166573,SORCS3 MC1R GALR1
GO:CC,GO:0060076,excitatory synapse,0.009542510543436486,True,3,111,7,3629,ENSG00000196517 ENSG00000155511 ENSG00000135298,SLC6A9 GRIA1 ADGRB3
GO:BP,GO:0080090,regulation of primary metabolic process,0.010657686688723621,True,26,111,444,3629,ENSG00000067082 ENSG00000110497 ENSG00000245532 ENSG00000161813 ENSG00000103811 ENSG00000169594 ENSG00000073417 ENSG00000103056 ENSG00000258839 ENSG00000177374 ENSG00000166573 ENSG00000104885 ENSG00000186020 ENSG00000143614 ENSG00000196517 ENSG00000100354 ENSG00000082153 ENSG00000158019 ENSG00000174579 ENSG00000163635 ENSG00000151422 ENSG00000010810 ENSG00000204231 ENSG00000005483 ENSG00000173273 ENSG00000167157,KLF6 AMBRA1 NEAT1 LARP4 CTSH BNC1 PDE8A SMPD3 MC1R HIC1 GALR1 DOT1L ZNF529 GATAD2B SLC6A9 TNRC6B BZW1 BABAM2 MSL2 ATXN7 FER FYN RXRB KMT2E TNKS PRRX2
GO:BP,GO:0009891,positive regulation of biosynthetic process,0.0107521161044668,True,17,111,235,3629,ENSG00000067082 ENSG00000161813 ENSG00000103811 ENSG00000169594 ENSG00000258839 ENSG00000166573 ENSG00000104885 ENSG00000143614 ENSG00000196517 ENSG00000174579 ENSG00000163635 ENSG00000155511 ENSG00000113448 ENSG00000213654 ENSG00000204231 ENSG00000005483 ENSG00000173273,KLF6 LARP4 CTSH BNC1 MC1R GALR1 DOT1L GATAD2B SLC6A9 MSL2 ATXN7 GRIA1 PDE4D GPSM3 RXRB KMT2E TNKS
GO:BP,GO:0009914,hormone transport,0.010789539513466142,True,5,111,24,3629,ENSG00000120451 ENSG00000103056 ENSG00000166573 ENSG00000053438 ENSG00000176406,SNX19 SMPD3 GALR1 NNAT RIMS2
GO:MF,GO:0046873,metal ion transmembrane transporter activity,0.011152042364583507,True,6,111,36,3629,ENSG00000103042 ENSG00000162753 ENSG00000196517 ENSG00000007402 ENSG00000078795 ENSG00000155511,SLC38A7 SLC9C2 SLC6A9 CACNA2D2 PKD2L2 GRIA1
GO:BP,GO:0010638,positive regulation of organelle organization,0.011366941773030664,True,7,111,50,3629,ENSG00000089053 ENSG00000149927 ENSG00000103056 ENSG00000151422 ENSG00000079691 ENSG00000002822 ENSG00000173273,ANAPC5 DOC2A SMPD3 FER CARMIL1 MAD1L1 TNKS
GO:BP,GO:0035295,tube development,0.011366941773030664,True,10,111,98,3629,ENSG00000110497 ENSG00000103811 ENSG00000103056 ENSG00000131096 ENSG00000196182 ENSG00000251322 ENSG00000150630 ENSG00000151422 ENSG00000010810 ENSG00000135298,AMBRA1 CTSH SMPD3 PYY STK40 SHANK3 VEGFC FER FYN ADGRB3
GO:BP,GO:0051254,positive regulation of RNA metabolic process,0.011439713356065055,True,13,111,154,3629,ENSG00000067082 ENSG00000245532 ENSG00000169594 ENSG00000258839 ENSG00000166573 ENSG00000104885 ENSG00000143614 ENSG00000100354 ENSG00000174579 ENSG00000163635 ENSG00000204231 ENSG00000005483 ENSG00000173273,KLF6 NEAT1 BNC1 MC1R GALR1 DOT1L GATAD2B TNRC6B MSL2 ATXN7 RXRB KMT2E TNKS
GO:BP,GO:0010468,regulation of gene expression,0.012159224739380716,True,27,111,474,3629,ENSG00000067082 ENSG00000110497 ENSG00000245532 ENSG00000161813 ENSG00000103811 ENSG00000169594 ENSG00000073417 ENSG00000258839 ENSG00000177374 ENSG00000166573 ENSG00000104885 ENSG00000186020 ENSG00000143614 ENSG00000196182 ENSG00000100354 ENSG00000100403 ENSG00000082153 ENSG00000174579 ENSG00000163635 ENSG00000155511 ENSG00000113448 ENSG00000010810 ENSG00000213654 ENSG00000204231 ENSG00000005483 ENSG00000173273 ENSG00000167157,KLF6 AMBRA1 NEAT1 LARP4 CTSH BNC1 PDE8A MC1R HIC1 GALR1 DOT1L ZNF529 GATAD2B STK40 TNRC6B ZC3H7B BZW1 MSL2 ATXN7 GRIA1 PDE4D FYN GPSM3 RXRB KMT2E TNKS PRRX2
GO:BP,GO:0009628,response to abiotic stimulus,0.012165675656405703,True,9,111,82,3629,ENSG00000122986 ENSG00000258839 ENSG00000158019 ENSG00000150630 ENSG00000133256 ENSG00000078795 ENSG00000155511 ENSG00000010810 ENSG00000168077,HVCN1 MC1R BABAM2 VEGFC PDE6B PKD2L2 GRIA1 FYN SCARA3
GO:BP,GO:0009056,catabolic process,0.012165675656405703,True,16,111,217,3629,ENSG00000110497 ENSG00000245532 ENSG00000089053 ENSG00000111669 ENSG00000103811 ENSG00000073417 ENSG00000103056 ENSG00000188641 ENSG00000100354 ENSG00000115896 ENSG00000154822 ENSG00000113448 ENSG00000010810 ENSG00000112659 ENSG00000131558 ENSG00000120907,AMBRA1 NEAT1 ANAPC5 TPI1 CTSH PDE8A SMPD3 DPYD TNRC6B PLCL1 PLCL2 PDE4D FYN CUL9 EXOC4 ADRA1A
GO:BP,GO:0110053,regulation of actin filament organization,0.012534691156979933,True,5,111,25,3629,ENSG00000242498 ENSG00000251322 ENSG00000151422 ENSG00000079691 ENSG00000158106,ARPIN SHANK3 FER CARMIL1 RHPN1
GO:BP,GO:0050877,nervous system process,0.012794617721022408,True,10,111,100,3629,ENSG00000156395 ENSG00000258839 ENSG00000251322 ENSG00000163635 ENSG00000133256 ENSG00000155511 ENSG00000010810 ENSG00000135298 ENSG00000176406 ENSG00000120907,SORCS3 MC1R SHANK3 ATXN7 PDE6B GRIA1 FYN ADGRB3 RIMS2 ADRA1A
GO:MF,GO:0005215,transporter activity,0.013399038486111202,True,10,111,100,3629,ENSG00000122986 ENSG00000185518 ENSG00000103042 ENSG00000162753 ENSG00000196517 ENSG00000162426 ENSG00000007402 ENSG00000078795 ENSG00000155511 ENSG00000070882,HVCN1 SV2B SLC38A7 SLC9C2 SLC6A9 SLC45A1 CACNA2D2 PKD2L2 GRIA1 OSBPL3
GO:BP,GO:0150146,cell junction disassembly,0.013406551087755347,True,2,111,2,3629,ENSG00000151422 ENSG00000135298,FER ADGRB3
GO:BP,GO:1900449,regulation of glutamate receptor signaling pathway,0.013406551087755347,True,2,111,2,3629,ENSG00000251322 ENSG00000010810,SHANK3 FYN
GO:BP,GO:1905232,cellular response to L-glutamate,0.013406551087755347,True,2,111,2,3629,ENSG00000155511 ENSG00000010810,GRIA1 FYN
GO:BP,GO:0032970,regulation of actin filament-based process,0.013406551087755347,True,6,111,38,3629,ENSG00000242498 ENSG00000251322 ENSG00000151422 ENSG00000113448 ENSG00000079691 ENSG00000158106,ARPIN SHANK3 FER PDE4D CARMIL1 RHPN1
GO:BP,GO:0035313,"wound healing, spreading of epidermal cells",0.013406551087755347,True,2,111,2,3629,ENSG00000113070 ENSG00000130635,HBEGF COL5A1
GO:BP,GO:0007215,glutamate receptor signaling pathway,0.013406551087755347,True,3,111,7,3629,ENSG00000251322 ENSG00000155511 ENSG00000010810,SHANK3 GRIA1 FYN
GO:BP,GO:0017157,regulation of exocytosis,0.013406551087755347,True,4,111,15,3629,ENSG00000185518 ENSG00000149927 ENSG00000103056 ENSG00000176406,SV2B DOC2A SMPD3 RIMS2
GO:BP,GO:0032231,regulation of actin filament bundle assembly,0.013406551087755347,True,3,111,7,3629,ENSG00000251322 ENSG00000079691 ENSG00000158106,SHANK3 CARMIL1 RHPN1
GO:BP,GO:1902065,response to L-glutamate,0.013406551087755347,True,2,111,2,3629,ENSG00000155511 ENSG00000010810,GRIA1 FYN
GO:BP,GO:0050982,detection of mechanical stimulus,0.013406551087755347,True,2,111,2,3629,ENSG00000078795 ENSG00000010810,PKD2L2 FYN
GO:BP,GO:0061669,spontaneous neurotransmitter secretion,0.013406551087755347,True,2,111,2,3629,ENSG00000149927 ENSG00000176406,DOC2A RIMS2
GO:BP,GO:0033037,polysaccharide localization,0.013406551087755347,True,2,111,2,3629,ENSG00000171310 ENSG00000103056,CHST11 SMPD3
GO:BP,GO:0007010,cytoskeleton organization,0.01348299080867839,True,12,111,139,3629,ENSG00000161813 ENSG00000171877 ENSG00000157456 ENSG00000242498 ENSG00000159023 ENSG00000251322 ENSG00000163635 ENSG00000151422 ENSG00000079691 ENSG00000112659 ENSG00000158106 ENSG00000173273,LARP4 FRMD5 CCNB2 ARPIN EPB41 SHANK3 ATXN7 FER CARMIL1 CUL9 RHPN1 TNKS
GO:BP,GO:1902533,positive regulation of intracellular signal transduction,0.013580150710778222,True,10,111,102,3629,ENSG00000110497 ENSG00000073417 ENSG00000258839 ENSG00000177374 ENSG00000115085 ENSG00000151422 ENSG00000113070 ENSG00000204231 ENSG00000002822 ENSG00000120907,AMBRA1 PDE8A MC1R HIC1 ZAP70 FER HBEGF RXRB MAD1L1 ADRA1A
GO:BP,GO:0043412,macromolecule modification,0.013580150710778222,True,15,111,200,3629,ENSG00000110497 ENSG00000089053 ENSG00000166133 ENSG00000178093 ENSG00000196182 ENSG00000053438 ENSG00000158019 ENSG00000115828 ENSG00000124356 ENSG00000115085 ENSG00000174579 ENSG00000151422 ENSG00000010810 ENSG00000112659 ENSG00000173273,AMBRA1 ANAPC5 RPUSD2 TSSK6 STK40 NNAT BABAM2 QPCT STAMBP ZAP70 MSL2 FER FYN CUL9 TNKS
GO:BP,GO:0040007,growth,0.014014674155136995,True,9,111,85,3629,ENSG00000171310 ENSG00000066735 ENSG00000157456 ENSG00000103056 ENSG00000196182 ENSG00000007402 ENSG00000113070 ENSG00000176406 ENSG00000120907,CHST11 KIF26A CCNB2 SMPD3 STK40 CACNA2D2 HBEGF RIMS2 ADRA1A
GO:BP,GO:0022402,cell cycle process,0.014014674155136995,True,12,111,140,3629,ENSG00000110497 ENSG00000089053 ENSG00000157456 ENSG00000103056 ENSG00000104885 ENSG00000158019 ENSG00000124356 ENSG00000112659 ENSG00000005483 ENSG00000131558 ENSG00000002822 ENSG00000173273,AMBRA1 ANAPC5 CCNB2 SMPD3 DOT1L BABAM2 STAMBP CUL9 KMT2E EXOC4 MAD1L1 TNKS
GO:BP,GO:0051049,regulation of transport,0.014014674155136995,True,11,111,121,3629,ENSG00000185518 ENSG00000149927 ENSG00000103056 ENSG00000166573 ENSG00000159023 ENSG00000053438 ENSG00000150630 ENSG00000155511 ENSG00000113448 ENSG00000010810 ENSG00000176406,SV2B DOC2A SMPD3 GALR1 EPB41 NNAT VEGFC GRIA1 PDE4D FYN RIMS2
GO:MF,GO:0008188,neuropeptide receptor activity,0.014229607834171801,True,2,111,2,3629,ENSG00000156395 ENSG00000166573,SORCS3 GALR1
GO:MF,GO:0031698,beta-2 adrenergic receptor binding,0.014229607834171801,True,2,111,2,3629,ENSG00000155511 ENSG00000113448,GRIA1 PDE4D
GO:BP,GO:0051094,positive regulation of developmental process,0.015429431096962822,True,10,111,104,3629,ENSG00000110497 ENSG00000103811 ENSG00000169594 ENSG00000251322 ENSG00000115085 ENSG00000007402 ENSG00000150630 ENSG00000204231 ENSG00000135298 ENSG00000176406,AMBRA1 CTSH BNC1 SHANK3 ZAP70 CACNA2D2 VEGFC RXRB ADGRB3 RIMS2
GO:BP,GO:0009261,ribonucleotide catabolic process,0.01563465847580693,True,4,111,16,3629,ENSG00000111669 ENSG00000073417 ENSG00000188641 ENSG00000113448,TPI1 PDE8A DPYD PDE4D
GO:BP,GO:0051896,regulation of phosphatidylinositol 3-kinase/protein kinase B signal transduction,0.01568467926179832,True,5,111,27,3629,ENSG00000110497 ENSG00000103056 ENSG00000124356 ENSG00000151422 ENSG00000113070,AMBRA1 SMPD3 STAMBP FER HBEGF
GO:BP,GO:0046434,organophosphate catabolic process,0.01568467926179832,True,5,111,27,3629,ENSG00000111669 ENSG00000073417 ENSG00000103056 ENSG00000188641 ENSG00000113448,TPI1 PDE8A SMPD3 DPYD PDE4D
GO:BP,GO:0010564,regulation of cell cycle process,0.01593229025139913,True,9,111,87,3629,ENSG00000110497 ENSG00000089053 ENSG00000103056 ENSG00000104885 ENSG00000158019 ENSG00000112659 ENSG00000005483 ENSG00000002822 ENSG00000173273,AMBRA1 ANAPC5 SMPD3 DOT1L BABAM2 CUL9 KMT2E MAD1L1 TNKS
GO:BP,GO:0006139,nucleobase-containing compound metabolic process,0.016240872157957456,True,28,111,514,3629,ENSG00000067082 ENSG00000110497 ENSG00000245532 ENSG00000133687 ENSG00000111669 ENSG00000166133 ENSG00000169594 ENSG00000073417 ENSG00000103056 ENSG00000258839 ENSG00000177374 ENSG00000166573 ENSG00000104885 ENSG00000186020 ENSG00000143614 ENSG00000188641 ENSG00000100354 ENSG00000100403 ENSG00000158019 ENSG00000174579 ENSG00000163635 ENSG00000113448 ENSG00000232040 ENSG00000137411 ENSG00000204231 ENSG00000005483 ENSG00000173273 ENSG00000167157,KLF6 AMBRA1 NEAT1 TMTC1 TPI1 RPUSD2 BNC1 PDE8A SMPD3 MC1R HIC1 GALR1 DOT1L ZNF529 GATAD2B DPYD TNRC6B ZC3H7B BABAM2 MSL2 ATXN7 PDE4D SCAND3 VARS2 RXRB KMT2E TNKS PRRX2
GO:BP,GO:0007399,nervous system development,0.01643243786695851,True,15,111,205,3629,ENSG00000080854 ENSG00000110497 ENSG00000135454 ENSG00000066735 ENSG00000149927 ENSG00000181291 ENSG00000053438 ENSG00000251322 ENSG00000150630 ENSG00000155511 ENSG00000010810 ENSG00000204231 ENSG00000135298 ENSG00000184903 ENSG00000176406,IGSF9B AMBRA1 B4GALNT1 KIF26A DOC2A TMEM132E NNAT SHANK3 VEGFC GRIA1 FYN RXRB ADGRB3 IMMP2L RIMS2
GO:BP,GO:0070848,response to growth factor,0.016615817061550044,True,7,111,55,3629,ENSG00000171310 ENSG00000073417 ENSG00000103056 ENSG00000150630 ENSG00000151422 ENSG00000155511 ENSG00000010810,CHST11 PDE8A SMPD3 VEGFC FER GRIA1 FYN
GO:CC,GO:0045211,postsynaptic membrane,0.01679664680677194,True,5,111,29,3629,ENSG00000156395 ENSG00000080854 ENSG00000196517 ENSG00000155511 ENSG00000135298,SORCS3 IGSF9B SLC6A9 GRIA1 ADGRB3
GO:BP,GO:0009719,response to endogenous stimulus,0.01707052304737512,True,10,111,106,3629,ENSG00000171310 ENSG00000103811 ENSG00000073417 ENSG00000103056 ENSG00000150630 ENSG00000151422 ENSG00000155511 ENSG00000010810 ENSG00000204231 ENSG00000120907,CHST11 CTSH PDE8A SMPD3 VEGFC FER GRIA1 FYN RXRB ADRA1A
GO:BP,GO:0036211,protein modification process,0.01713853610296624,True,14,111,185,3629,ENSG00000110497 ENSG00000089053 ENSG00000178093 ENSG00000196182 ENSG00000053438 ENSG00000158019 ENSG00000115828 ENSG00000124356 ENSG00000115085 ENSG00000174579 ENSG00000151422 ENSG00000010810 ENSG00000112659 ENSG00000173273,AMBRA1 ANAPC5 TSSK6 STK40 NNAT BABAM2 QPCT STAMBP ZAP70 MSL2 FER FYN CUL9 TNKS
GO:BP,GO:0030029,actin filament-based process,0.01762485141085111,True,8,111,72,3629,ENSG00000171877 ENSG00000242498 ENSG00000159023 ENSG00000251322 ENSG00000151422 ENSG00000113448 ENSG00000079691 ENSG00000158106,FRMD5 ARPIN EPB41 SHANK3 FER PDE4D CARMIL1 RHPN1
GO:BP,GO:0034331,cell junction maintenance,0.01762485141085111,True,3,111,8,3629,ENSG00000251322 ENSG00000135298 ENSG00000176406,SHANK3 ADGRB3 RIMS2
GO:BP,GO:0031644,regulation of nervous system process,0.01762485141085111,True,3,111,8,3629,ENSG00000251322 ENSG00000155511 ENSG00000176406,SHANK3 GRIA1 RIMS2
GO:BP,GO:0045840,positive regulation of mitotic nuclear division,0.01762485141085111,True,3,111,8,3629,ENSG00000089053 ENSG00000103056 ENSG00000002822,ANAPC5 SMPD3 MAD1L1
GO:BP,GO:0006950,response to stress,0.01762485141085111,True,22,111,368,3629,ENSG00000110497 ENSG00000245532 ENSG00000122986 ENSG00000151778 ENSG00000103056 ENSG00000258839 ENSG00000177374 ENSG00000104885 ENSG00000251322 ENSG00000158019 ENSG00000174579 ENSG00000055955 ENSG00000163635 ENSG00000150630 ENSG00000151422 ENSG00000113070 ENSG00000155511 ENSG00000010810 ENSG00000213654 ENSG00000184903 ENSG00000168077 ENSG00000130635,AMBRA1 NEAT1 HVCN1 SERP2 SMPD3 MC1R HIC1 DOT1L SHANK3 BABAM2 MSL2 ITIH4 ATXN7 VEGFC FER HBEGF GRIA1 FYN GPSM3 IMMP2L SCARA3 COL5A1
GO:BP,GO:0051785,positive regulation of nuclear division,0.01762485141085111,True,3,111,8,3629,ENSG00000089053 ENSG00000103056 ENSG00000002822,ANAPC5 SMPD3 MAD1L1
GO:BP,GO:0050805,negative regulation of synaptic transmission,0.01762485141085111,True,3,111,8,3629,ENSG00000156395 ENSG00000251322 ENSG00000155511,SORCS3 SHANK3 GRIA1
GO:BP,GO:0002790,peptide secretion,0.017843072459459354,True,4,111,17,3629,ENSG00000120451 ENSG00000103056 ENSG00000053438 ENSG00000176406,SNX19 SMPD3 NNAT RIMS2
GO:BP,GO:0051783,regulation of nuclear division,0.017843072459459354,True,4,111,17,3629,ENSG00000089053 ENSG00000103056 ENSG00000112659 ENSG00000002822,ANAPC5 SMPD3 CUL9 MAD1L1
GO:BP,GO:0003015,heart process,0.017843072459459354,True,4,111,17,3629,ENSG00000113070 ENSG00000113448 ENSG00000010810 ENSG00000120907,HBEGF PDE4D FYN ADRA1A
GO:BP,GO:0030072,peptide hormone secretion,0.017843072459459354,True,4,111,17,3629,ENSG00000120451 ENSG00000103056 ENSG00000053438 ENSG00000176406,SNX19 SMPD3 NNAT RIMS2
GO:BP,GO:0007088,regulation of mitotic nuclear division,0.017843072459459354,True,4,111,17,3629,ENSG00000089053 ENSG00000103056 ENSG00000112659 ENSG00000002822,ANAPC5 SMPD3 CUL9 MAD1L1
GO:BP,GO:1902903,regulation of supramolecular fiber organization,0.018699984867129194,True,6,111,42,3629,ENSG00000242498 ENSG00000251322 ENSG00000163635 ENSG00000151422 ENSG00000079691 ENSG00000158106,ARPIN SHANK3 ATXN7 FER CARMIL1 RHPN1
GO:BP,GO:0071705,nitrogen compound transport,0.018851864591888572,True,7,111,57,3629,ENSG00000120451 ENSG00000103042 ENSG00000103056 ENSG00000196517 ENSG00000053438 ENSG00000176406 ENSG00000173273,SNX19 SLC38A7 SMPD3 SLC6A9 NNAT RIMS2 TNKS
GO:MF,GO:0035254,glutamate receptor binding,0.01956205019849552,True,3,111,8,3629,ENSG00000251322 ENSG00000155511 ENSG00000010810,SHANK3 GRIA1 FYN
GO:MF,GO:0015171,amino acid transmembrane transporter activity,0.01956205019849552,True,3,111,8,3629,ENSG00000103042 ENSG00000196517 ENSG00000155511,SLC38A7 SLC6A9 GRIA1
GO:MF,GO:0004715,non-membrane spanning protein tyrosine kinase activity,0.01956205019849552,True,3,111,8,3629,ENSG00000115085 ENSG00000151422 ENSG00000010810,ZAP70 FER FYN
GO:MF,GO:0022857,transmembrane transporter activity,0.020228258300971094,True,9,111,90,3629,ENSG00000122986 ENSG00000185518 ENSG00000103042 ENSG00000162753 ENSG00000196517 ENSG00000162426 ENSG00000007402 ENSG00000078795 ENSG00000155511,HVCN1 SV2B SLC38A7 SLC9C2 SLC6A9 SLC45A1 CACNA2D2 PKD2L2 GRIA1
GO:MF,GO:0140096,"catalytic activity, acting on a protein",0.020228258300971094,True,14,111,188,3629,ENSG00000133687 ENSG00000103811 ENSG00000178093 ENSG00000104885 ENSG00000196182 ENSG00000115828 ENSG00000124356 ENSG00000115085 ENSG00000174579 ENSG00000151422 ENSG00000010810 ENSG00000112659 ENSG00000184903 ENSG00000173273,TMTC1 CTSH TSSK6 DOT1L STK40 QPCT STAMBP ZAP70 MSL2 FER FYN CUL9 IMMP2L TNKS
GO:BP,GO:0007049,cell cycle,0.020419817215348267,True,13,111,169,3629,ENSG00000110497 ENSG00000089053 ENSG00000157456 ENSG00000103056 ENSG00000104885 ENSG00000158019 ENSG00000124356 ENSG00000232040 ENSG00000112659 ENSG00000005483 ENSG00000131558 ENSG00000002822 ENSG00000173273,AMBRA1 ANAPC5 CCNB2 SMPD3 DOT1L BABAM2 STAMBP SCAND3 CUL9 KMT2E EXOC4 MAD1L1 TNKS
GO:CC,GO:0097708,intracellular vesicle,0.021049646748351643,True,16,111,239,3629,ENSG00000120451 ENSG00000110497 ENSG00000122986 ENSG00000103811 ENSG00000185518 ENSG00000149927 ENSG00000116852 ENSG00000196517 ENSG00000115828 ENSG00000124356 ENSG00000055955 ENSG00000150630 ENSG00000113070 ENSG00000155511 ENSG00000010810 ENSG00000079691,SNX19 AMBRA1 HVCN1 CTSH SV2B DOC2A KIF21B SLC6A9 QPCT STAMBP ITIH4 VEGFC HBEGF GRIA1 FYN CARMIL1
GO:CC,GO:0031410,cytoplasmic vesicle,0.021049646748351643,True,16,111,239,3629,ENSG00000120451 ENSG00000110497 ENSG00000122986 ENSG00000103811 ENSG00000185518 ENSG00000149927 ENSG00000116852 ENSG00000196517 ENSG00000115828 ENSG00000124356 ENSG00000055955 ENSG00000150630 ENSG00000113070 ENSG00000155511 ENSG00000010810 ENSG00000079691,SNX19 AMBRA1 HVCN1 CTSH SV2B DOC2A KIF21B SLC6A9 QPCT STAMBP ITIH4 VEGFC HBEGF GRIA1 FYN CARMIL1
GO:CC,GO:0043233,organelle lumen,0.021049646748351643,True,30,111,589,3629,ENSG00000067082 ENSG00000166793 ENSG00000245532 ENSG00000089053 ENSG00000182732 ENSG00000103811 ENSG00000169594 ENSG00000153406 ENSG00000177374 ENSG00000104885 ENSG00000143614 ENSG00000159023 ENSG00000196182 ENSG00000100354 ENSG00000158019 ENSG00000115828 ENSG00000124356 ENSG00000174579 ENSG00000055955 ENSG00000163635 ENSG00000198948 ENSG00000150630 ENSG00000120725 ENSG00000113448 ENSG00000079691 ENSG00000204231 ENSG00000005483 ENSG00000120907 ENSG00000173273 ENSG00000130635,KLF6 YPEL4 NEAT1 ANAPC5 RGS6 CTSH BNC1 NMRAL1 HIC1 DOT1L GATAD2B EPB41 STK40 TNRC6B BABAM2 QPCT STAMBP MSL2 ITIH4 ATXN7 MFAP3L VEGFC SIL1 PDE4D CARMIL1 RXRB KMT2E ADRA1A TNKS COL5A1
GO:CC,GO:0031974,membrane-enclosed lumen,0.021049646748351643,True,30,111,589,3629,ENSG00000067082 ENSG00000166793 ENSG00000245532 ENSG00000089053 ENSG00000182732 ENSG00000103811 ENSG00000169594 ENSG00000153406 ENSG00000177374 ENSG00000104885 ENSG00000143614 ENSG00000159023 ENSG00000196182 ENSG00000100354 ENSG00000158019 ENSG00000115828 ENSG00000124356 ENSG00000174579 ENSG00000055955 ENSG00000163635 ENSG00000198948 ENSG00000150630 ENSG00000120725 ENSG00000113448 ENSG00000079691 ENSG00000204231 ENSG00000005483 ENSG00000120907 ENSG00000173273 ENSG00000130635,KLF6 YPEL4 NEAT1 ANAPC5 RGS6 CTSH BNC1 NMRAL1 HIC1 DOT1L GATAD2B EPB41 STK40 TNRC6B BABAM2 QPCT STAMBP MSL2 ITIH4 ATXN7 MFAP3L VEGFC SIL1 PDE4D CARMIL1 RXRB KMT2E ADRA1A TNKS COL5A1
GO:CC,GO:0070013,intracellular organelle lumen,0.021049646748351643,True,30,111,589,3629,ENSG00000067082 ENSG00000166793 ENSG00000245532 ENSG00000089053 ENSG00000182732 ENSG00000103811 ENSG00000169594 ENSG00000153406 ENSG00000177374 ENSG00000104885 ENSG00000143614 ENSG00000159023 ENSG00000196182 ENSG00000100354 ENSG00000158019 ENSG00000115828 ENSG00000124356 ENSG00000174579 ENSG00000055955 ENSG00000163635 ENSG00000198948 ENSG00000150630 ENSG00000120725 ENSG00000113448 ENSG00000079691 ENSG00000204231 ENSG00000005483 ENSG00000120907 ENSG00000173273 ENSG00000130635,KLF6 YPEL4 NEAT1 ANAPC5 RGS6 CTSH BNC1 NMRAL1 HIC1 DOT1L GATAD2B EPB41 STK40 TNRC6B BABAM2 QPCT STAMBP MSL2 ITIH4 ATXN7 MFAP3L VEGFC SIL1 PDE4D CARMIL1 RXRB KMT2E ADRA1A TNKS COL5A1
GO:BP,GO:0071495,cellular response to endogenous stimulus,0.021152649226059497,True,9,111,92,3629,ENSG00000171310 ENSG00000103811 ENSG00000073417 ENSG00000103056 ENSG00000150630 ENSG00000151422 ENSG00000155511 ENSG00000010810 ENSG00000204231,CHST11 CTSH PDE8A SMPD3 VEGFC FER GRIA1 FYN RXRB
GO:CC,GO:0015630,microtubule cytoskeleton,0.021477447426835636,True,12,111,155,3629,ENSG00000089053 ENSG00000066735 ENSG00000157456 ENSG00000116852 ENSG00000159023 ENSG00000163635 ENSG00000151422 ENSG00000113448 ENSG00000005483 ENSG00000131558 ENSG00000002822 ENSG00000173273,ANAPC5 KIF26A CCNB2 KIF21B EPB41 ATXN7 FER PDE4D KMT2E EXOC4 MAD1L1 TNKS
GO:BP,GO:1901292,nucleoside phosphate catabolic process,0.02149062845570677,True,4,111,18,3629,ENSG00000111669 ENSG00000073417 ENSG00000188641 ENSG00000113448,TPI1 PDE8A DPYD PDE4D
GO:BP,GO:0072523,purine-containing compound catabolic process,0.02149062845570677,True,4,111,18,3629,ENSG00000111669 ENSG00000073417 ENSG00000188641 ENSG00000113448,TPI1 PDE8A DPYD PDE4D
GO:BP,GO:0006836,neurotransmitter transport,0.02149062845570677,True,4,111,18,3629,ENSG00000185518 ENSG00000149927 ENSG00000196517 ENSG00000176406,SV2B DOC2A SLC6A9 RIMS2
GO:BP,GO:0009166,nucleotide catabolic process,0.02149062845570677,True,4,111,18,3629,ENSG00000111669 ENSG00000073417 ENSG00000188641 ENSG00000113448,TPI1 PDE8A DPYD PDE4D
GO:BP,GO:0043491,phosphatidylinositol 3-kinase/protein kinase B signal transduction,0.022207571095368504,True,5,111,30,3629,ENSG00000110497 ENSG00000103056 ENSG00000124356 ENSG00000151422 ENSG00000113070,AMBRA1 SMPD3 STAMBP FER HBEGF
GO:BP,GO:0030335,positive regulation of cell migration,0.022856280456154513,True,6,111,44,3629,ENSG00000103811 ENSG00000150630 ENSG00000151422 ENSG00000113070 ENSG00000079691 ENSG00000213654,CTSH VEGFC FER HBEGF CARMIL1 GPSM3
GO:BP,GO:0051241,negative regulation of multicellular organismal process,0.023535629588335088,True,9,111,94,3629,ENSG00000258839 ENSG00000115896 ENSG00000154822 ENSG00000151422 ENSG00000113448 ENSG00000010810 ENSG00000135298 ENSG00000002822 ENSG00000120907,MC1R PLCL1 PLCL2 FER PDE4D FYN ADGRB3 MAD1L1 ADRA1A
GO:BP,GO:0140029,exocytic process,0.023535629588335088,True,3,111,9,3629,ENSG00000149927 ENSG00000131558 ENSG00000176406,DOC2A EXOC4 RIMS2
GO:BP,GO:0007218,neuropeptide signaling pathway,0.023535629588335088,True,3,111,9,3629,ENSG00000156395 ENSG00000131096 ENSG00000166573,SORCS3 PYY GALR1
GO:CC,GO:0048787,presynaptic active zone membrane,0.023629001193501017,True,2,111,3,3629,ENSG00000007402 ENSG00000155511,CACNA2D2 GRIA1
GO:BP,GO:0051726,regulation of cell cycle,0.024089793851309625,True,10,111,113,3629,ENSG00000110497 ENSG00000089053 ENSG00000103056 ENSG00000104885 ENSG00000158019 ENSG00000232040 ENSG00000112659 ENSG00000005483 ENSG00000002822 ENSG00000173273,AMBRA1 ANAPC5 SMPD3 DOT1L BABAM2 SCAND3 CUL9 KMT2E MAD1L1 TNKS
GO:BP,GO:0051129,negative regulation of cellular component organization,0.024602243731782485,True,8,111,77,3629,ENSG00000242498 ENSG00000251322 ENSG00000163635 ENSG00000010810 ENSG00000079691 ENSG00000002822 ENSG00000158106 ENSG00000173273,ARPIN SHANK3 ATXN7 FYN CARMIL1 MAD1L1 RHPN1 TNKS
GO:CC,GO:0005634,nucleus,0.024660223653225323,True,38,111,819,3629,ENSG00000067082 ENSG00000110497 ENSG00000166793 ENSG00000245532 ENSG00000089053 ENSG00000111669 ENSG00000182732 ENSG00000157456 ENSG00000169594 ENSG00000153406 ENSG00000177374 ENSG00000178093 ENSG00000104885 ENSG00000186020 ENSG00000023902 ENSG00000143614 ENSG00000159023 ENSG00000196182 ENSG00000100354 ENSG00000100403 ENSG00000158019 ENSG00000124356 ENSG00000174579 ENSG00000163635 ENSG00000198948 ENSG00000151422 ENSG00000113448 ENSG00000010810 ENSG00000079691 ENSG00000232040 ENSG00000204231 ENSG00000005483 ENSG00000002822 ENSG00000070882 ENSG00000147799 ENSG00000120907 ENSG00000173273 ENSG00000167157,KLF6 AMBRA1 YPEL4 NEAT1 ANAPC5 TPI1 RGS6 CCNB2 BNC1 NMRAL1 HIC1 TSSK6 DOT1L ZNF529 PLEKHO1 GATAD2B EPB41 STK40 TNRC6B ZC3H7B BABAM2 STAMBP MSL2 ATXN7 MFAP3L FER PDE4D FYN CARMIL1 SCAND3 RXRB KMT2E MAD1L1 OSBPL3 ARHGAP39 ADRA1A TNKS PRRX2
GO:BP,GO:0007611,learning or memory,0.02495473768480632,True,5,111,31,3629,ENSG00000156395 ENSG00000251322 ENSG00000155511 ENSG00000010810 ENSG00000135298,SORCS3 SHANK3 GRIA1 FYN ADGRB3
GO:BP,GO:0015833,peptide transport,0.025173260660474657,True,4,111,19,3629,ENSG00000120451 ENSG00000103056 ENSG00000053438 ENSG00000176406,SNX19 SMPD3 NNAT RIMS2
GO:BP,GO:0097553,calcium ion transmembrane import into cytosol,0.025173260660474657,True,4,111,19,3629,ENSG00000115896 ENSG00000154822 ENSG00000113448 ENSG00000010810,PLCL1 PLCL2 PDE4D FYN
GO:BP,GO:0031032,actomyosin structure organization,0.025173260660474657,True,4,111,19,3629,ENSG00000171877 ENSG00000159023 ENSG00000079691 ENSG00000158106,FRMD5 EPB41 CARMIL1 RHPN1
GO:CC,GO:0099503,secretory vesicle,0.02713673452270074,True,9,111,101,3629,ENSG00000122986 ENSG00000103811 ENSG00000185518 ENSG00000149927 ENSG00000196517 ENSG00000115828 ENSG00000055955 ENSG00000150630 ENSG00000155511,HVCN1 CTSH SV2B DOC2A SLC6A9 QPCT ITIH4 VEGFC GRIA1
GO:CC,GO:0008021,synaptic vesicle,0.02713673452270074,True,4,111,21,3629,ENSG00000185518 ENSG00000149927 ENSG00000196517 ENSG00000155511,SV2B DOC2A SLC6A9 GRIA1
GO:BP,GO:2000147,positive regulation of cell motility,0.02747283214841444,True,6,111,46,3629,ENSG00000103811 ENSG00000150630 ENSG00000151422 ENSG00000113070 ENSG00000079691 ENSG00000213654,CTSH VEGFC FER HBEGF CARMIL1 GPSM3
GO:BP,GO:0007346,regulation of mitotic cell cycle,0.02802811949307245,True,7,111,62,3629,ENSG00000110497 ENSG00000089053 ENSG00000103056 ENSG00000158019 ENSG00000112659 ENSG00000005483 ENSG00000002822,AMBRA1 ANAPC5 SMPD3 BABAM2 CUL9 KMT2E MAD1L1
GO:BP,GO:0070647,protein modification by small protein conjugation or removal,0.02802811949307245,True,8,111,79,3629,ENSG00000110497 ENSG00000089053 ENSG00000158019 ENSG00000124356 ENSG00000174579 ENSG00000010810 ENSG00000112659 ENSG00000173273,AMBRA1 ANAPC5 BABAM2 STAMBP MSL2 FYN CUL9 TNKS
GO:BP,GO:0072673,lamellipodium morphogenesis,0.028406382411937558,True,2,111,3,3629,ENSG00000242498 ENSG00000023902,ARPIN PLEKHO1
GO:BP,GO:0006904,vesicle docking involved in exocytosis,0.028406382411937558,True,2,111,3,3629,ENSG00000131558 ENSG00000176406,EXOC4 RIMS2
GO:BP,GO:0032232,negative regulation of actin filament bundle assembly,0.028406382411937558,True,2,111,3,3629,ENSG00000251322 ENSG00000158106,SHANK3 RHPN1
GO:BP,GO:0010634,positive regulation of epithelial cell migration,0.028406382411937558,True,2,111,3,3629,ENSG00000103811 ENSG00000113070,CTSH HBEGF
GO:BP,GO:0045822,negative regulation of heart contraction,0.028406382411937558,True,2,111,3,3629,ENSG00000113448 ENSG00000120907,PDE4D ADRA1A
GO:BP,GO:0009650,UV protection,0.028406382411937558,True,2,111,3,3629,ENSG00000258839 ENSG00000168077,MC1R SCARA3
GO:BP,GO:0048520,positive regulation of behavior,0.028406382411937558,True,2,111,3,3629,ENSG00000258839 ENSG00000155511,MC1R GRIA1
GO:BP,GO:0098814,spontaneous synaptic transmission,0.028406382411937558,True,2,111,3,3629,ENSG00000149927 ENSG00000176406,DOC2A RIMS2
GO:BP,GO:0006198,cAMP catabolic process,0.028406382411937558,True,2,111,3,3629,ENSG00000073417 ENSG00000113448,PDE8A PDE4D
GO:BP,GO:0030032,lamellipodium assembly,0.028406382411937558,True,2,111,3,3629,ENSG00000151422 ENSG00000079691,FER CARMIL1
GO:BP,GO:0009214,cyclic nucleotide catabolic process,0.028406382411937558,True,2,111,3,3629,ENSG00000073417 ENSG00000113448,PDE8A PDE4D
GO:BP,GO:1900452,regulation of long-term synaptic depression,0.028406382411937558,True,2,111,3,3629,ENSG00000156395 ENSG00000251322,SORCS3 SHANK3
GO:BP,GO:0044772,mitotic cell cycle phase transition,0.0286555036451334,True,6,111,47,3629,ENSG00000110497 ENSG00000089053 ENSG00000157456 ENSG00000158019 ENSG00000005483 ENSG00000002822,AMBRA1 ANAPC5 CCNB2 BABAM2 KMT2E MAD1L1
GO:BP,GO:0120035,regulation of plasma membrane bounded cell projection organization,0.02877788699469231,True,7,111,63,3629,ENSG00000066735 ENSG00000242498 ENSG00000251322 ENSG00000151422 ENSG00000010810 ENSG00000079691 ENSG00000135298,KIF26A ARPIN SHANK3 FER FYN CARMIL1 ADGRB3
GO:BP,GO:0007259,cell surface receptor signaling pathway via JAK-STAT,0.02924036995480273,True,3,111,10,3629,ENSG00000104885 ENSG00000124356 ENSG00000151422,DOT1L STAMBP FER
GO:BP,GO:0009653,anatomical structure morphogenesis,0.02924036995480273,True,15,111,223,3629,ENSG00000171310 ENSG00000161813 ENSG00000103811 ENSG00000242498 ENSG00000103056 ENSG00000023902 ENSG00000196182 ENSG00000251322 ENSG00000150630 ENSG00000113070 ENSG00000010810 ENSG00000135298 ENSG00000131558 ENSG00000176406 ENSG00000130635,CHST11 LARP4 CTSH ARPIN SMPD3 PLEKHO1 STK40 SHANK3 VEGFC HBEGF FYN ADGRB3 EXOC4 RIMS2 COL5A1
GO:BP,GO:0008015,blood circulation,0.029838287740950094,True,5,111,33,3629,ENSG00000150630 ENSG00000113070 ENSG00000113448 ENSG00000184903 ENSG00000120907,VEGFC HBEGF PDE4D IMMP2L ADRA1A
GO:BP,GO:0043687,post-translational protein modification,0.030254162013184486,True,8,111,81,3629,ENSG00000110497 ENSG00000089053 ENSG00000158019 ENSG00000124356 ENSG00000174579 ENSG00000010810 ENSG00000112659 ENSG00000173273,AMBRA1 ANAPC5 BABAM2 STAMBP MSL2 FYN CUL9 TNKS
GO:MF,GO:0031690,adrenergic receptor binding,0.030424404508764862,True,2,111,3,3629,ENSG00000155511 ENSG00000113448,GRIA1 PDE4D
GO:MF,GO:0005295,neutral L-amino acid:sodium symporter activity,0.030424404508764862,True,2,111,3,3629,ENSG00000103042 ENSG00000196517,SLC38A7 SLC6A9
GO:MF,GO:0005283,amino acid:sodium symporter activity,0.030424404508764862,True,2,111,3,3629,ENSG00000103042 ENSG00000196517,SLC38A7 SLC6A9
GO:MF,GO:0005416,amino acid:monoatomic cation symporter activity,0.030424404508764862,True,2,111,3,3629,ENSG00000103042 ENSG00000196517,SLC38A7 SLC6A9
GO:MF,GO:0004435,"phosphatidylinositol-4,5-bisphosphate phospholipase C activity",0.030424404508764862,True,2,111,3,3629,ENSG00000115896 ENSG00000154822,PLCL1 PLCL2
GO:MF,GO:0005343,organic acid:sodium symporter activity,0.030424404508764862,True,2,111,3,3629,ENSG00000103042 ENSG00000196517,SLC38A7 SLC6A9
GO:MF,GO:0005154,epidermal growth factor receptor binding,0.030424404508764862,True,2,111,3,3629,ENSG00000151422 ENSG00000113070,FER HBEGF
GO:BP,GO:0031344,regulation of cell projection organization,0.030752040864348254,True,7,111,64,3629,ENSG00000066735 ENSG00000242498 ENSG00000251322 ENSG00000151422 ENSG00000010810 ENSG00000079691 ENSG00000135298,KIF26A ARPIN SHANK3 FER FYN CARMIL1 ADGRB3
GO:BP,GO:0007420,brain development,0.030752040864348254,True,6,111,48,3629,ENSG00000066735 ENSG00000053438 ENSG00000251322 ENSG00000155511 ENSG00000010810 ENSG00000184903,KIF26A NNAT SHANK3 GRIA1 FYN IMMP2L
GO:BP,GO:1902680,positive regulation of RNA biosynthetic process,0.030752040864348254,True,11,111,139,3629,ENSG00000067082 ENSG00000169594 ENSG00000258839 ENSG00000166573 ENSG00000104885 ENSG00000143614 ENSG00000174579 ENSG00000163635 ENSG00000204231 ENSG00000005483 ENSG00000173273,KLF6 BNC1 MC1R GALR1 DOT1L GATAD2B MSL2 ATXN7 RXRB KMT2E TNKS
GO:BP,GO:0045893,positive regulation of DNA-templated transcription,0.030752040864348254,True,11,111,139,3629,ENSG00000067082 ENSG00000169594 ENSG00000258839 ENSG00000166573 ENSG00000104885 ENSG00000143614 ENSG00000174579 ENSG00000163635 ENSG00000204231 ENSG00000005483 ENSG00000173273,KLF6 BNC1 MC1R GALR1 DOT1L GATAD2B MSL2 ATXN7 RXRB KMT2E TNKS
GO:BP,GO:0120039,plasma membrane bounded cell projection morphogenesis,0.030752040864348254,True,6,111,48,3629,ENSG00000242498 ENSG00000023902 ENSG00000251322 ENSG00000010810 ENSG00000135298 ENSG00000176406,ARPIN PLEKHO1 SHANK3 FYN ADGRB3 RIMS2
GO:MF,GO:0005262,calcium channel activity,0.03117343413944987,True,3,111,10,3629,ENSG00000007402 ENSG00000078795 ENSG00000155511,CACNA2D2 PKD2L2 GRIA1
GO:CC,GO:0070382,exocytic vesicle,0.03134658393167597,True,4,111,22,3629,ENSG00000185518 ENSG00000149927 ENSG00000196517 ENSG00000155511,SV2B DOC2A SLC6A9 GRIA1
GO:BP,GO:0090304,nucleic acid metabolic process,0.0323885823071886,True,25,111,470,3629,ENSG00000067082 ENSG00000110497 ENSG00000245532 ENSG00000133687 ENSG00000166133 ENSG00000169594 ENSG00000073417 ENSG00000103056 ENSG00000258839 ENSG00000177374 ENSG00000166573 ENSG00000104885 ENSG00000186020 ENSG00000143614 ENSG00000100354 ENSG00000100403 ENSG00000158019 ENSG00000174579 ENSG00000163635 ENSG00000232040 ENSG00000137411 ENSG00000204231 ENSG00000005483 ENSG00000173273 ENSG00000167157,KLF6 AMBRA1 NEAT1 TMTC1 RPUSD2 BNC1 PDE8A SMPD3 MC1R HIC1 GALR1 DOT1L ZNF529 GATAD2B TNRC6B ZC3H7B BABAM2 MSL2 ATXN7 SCAND3 VARS2 RXRB KMT2E TNKS PRRX2
GO:BP,GO:0044770,cell cycle phase transition,0.03282640296184655,True,7,111,65,3629,ENSG00000110497 ENSG00000089053 ENSG00000157456 ENSG00000104885 ENSG00000158019 ENSG00000005483 ENSG00000002822,AMBRA1 ANAPC5 CCNB2 DOT1L BABAM2 KMT2E MAD1L1
GO:BP,GO:0050890,cognition,0.032840948361959305,True,5,111,34,3629,ENSG00000156395 ENSG00000251322 ENSG00000155511 ENSG00000010810 ENSG00000135298,SORCS3 SHANK3 GRIA1 FYN ADGRB3
GO:CC,GO:1990234,transferase complex,0.035453379020946404,True,7,111,69,3629,ENSG00000110497 ENSG00000089053 ENSG00000157456 ENSG00000158019 ENSG00000174579 ENSG00000163635 ENSG00000112659,AMBRA1 ANAPC5 CCNB2 BABAM2 MSL2 ATXN7 CUL9
GO:CC,GO:0098794,postsynapse,0.035453379020946404,True,7,111,69,3629,ENSG00000156395 ENSG00000080854 ENSG00000196517 ENSG00000251322 ENSG00000155511 ENSG00000010810 ENSG00000135298,SORCS3 IGSF9B SLC6A9 SHANK3 GRIA1 FYN ADGRB3
GO:CC,GO:0032991,protein-containing complex,0.03549000807757381,True,29,111,590,3629,ENSG00000110497 ENSG00000245532 ENSG00000122986 ENSG00000089053 ENSG00000168778 ENSG00000161813 ENSG00000157456 ENSG00000104885 ENSG00000143614 ENSG00000116852 ENSG00000159023 ENSG00000158019 ENSG00000115085 ENSG00000174579 ENSG00000007402 ENSG00000163635 ENSG00000151422 ENSG00000155511 ENSG00000113448 ENSG00000079691 ENSG00000204231 ENSG00000112659 ENSG00000005483 ENSG00000184903 ENSG00000131558 ENSG00000002822 ENSG00000168077 ENSG00000173273 ENSG00000130635,AMBRA1 NEAT1 HVCN1 ANAPC5 TCTN2 LARP4 CCNB2 DOT1L GATAD2B KIF21B EPB41 BABAM2 ZAP70 MSL2 CACNA2D2 ATXN7 FER GRIA1 PDE4D CARMIL1 RXRB CUL9 KMT2E IMMP2L EXOC4 MAD1L1 SCARA3 TNKS COL5A1
GO:BP,GO:0030036,actin cytoskeleton organization,0.03550887186357347,True,7,111,66,3629,ENSG00000171877 ENSG00000242498 ENSG00000159023 ENSG00000251322 ENSG00000151422 ENSG00000079691 ENSG00000158106,FRMD5 ARPIN EPB41 SHANK3 FER CARMIL1 RHPN1
GO:BP,GO:0097696,cell surface receptor signaling pathway via STAT,0.03656526144109374,True,3,111,11,3629,ENSG00000104885 ENSG00000124356 ENSG00000151422,DOT1L STAMBP FER
GO:BP,GO:1903305,regulation of regulated secretory pathway,0.03656526144109374,True,3,111,11,3629,ENSG00000185518 ENSG00000149927 ENSG00000176406,SV2B DOC2A RIMS2
GO:BP,GO:0016079,synaptic vesicle exocytosis,0.03656526144109374,True,3,111,11,3629,ENSG00000185518 ENSG00000149927 ENSG00000176406,SV2B DOC2A RIMS2
GO:BP,GO:0048858,cell projection morphogenesis,0.03656526144109374,True,6,111,50,3629,ENSG00000242498 ENSG00000023902 ENSG00000251322 ENSG00000010810 ENSG00000135298 ENSG00000176406,ARPIN PLEKHO1 SHANK3 FYN ADGRB3 RIMS2
GO:BP,GO:0032956,regulation of actin cytoskeleton organization,0.03656526144109374,True,5,111,35,3629,ENSG00000242498 ENSG00000251322 ENSG00000151422 ENSG00000079691 ENSG00000158106,ARPIN SHANK3 FER CARMIL1 RHPN1
GO:BP,GO:0010817,regulation of hormone levels,0.03656526144109374,True,5,111,35,3629,ENSG00000120451 ENSG00000103056 ENSG00000166573 ENSG00000053438 ENSG00000176406,SNX19 SMPD3 GALR1 NNAT RIMS2
GO:CC,GO:0097038,perinuclear endoplasmic reticulum,0.03814046166527906,True,2,111,4,3629,ENSG00000010810 ENSG00000070882,FYN OSBPL3
GO:CC,GO:0060170,ciliary membrane,0.03814046166527906,True,2,111,4,3629,ENSG00000168778 ENSG00000133256,TCTN2 PDE6B
GO:BP,GO:0019637,organophosphate metabolic process,0.03822325515426902,True,8,111,85,3629,ENSG00000111669 ENSG00000073417 ENSG00000103056 ENSG00000188641 ENSG00000115896 ENSG00000154822 ENSG00000113448 ENSG00000147535,TPI1 PDE8A SMPD3 DPYD PLCL1 PLCL2 PDE4D PLPP5
GO:CC,GO:0098793,presynapse,0.038378945758659494,True,6,111,54,3629,ENSG00000185518 ENSG00000149927 ENSG00000196517 ENSG00000007402 ENSG00000155511 ENSG00000176406,SV2B DOC2A SLC6A9 CACNA2D2 GRIA1 RIMS2
GO:CC,GO:0000151,ubiquitin ligase complex,0.038378945758659494,True,4,111,24,3629,ENSG00000110497 ENSG00000089053 ENSG00000158019 ENSG00000112659,AMBRA1 ANAPC5 BABAM2 CUL9
GO:MF,GO:0030554,adenyl nucleotide binding,0.03890076619125459,True,11,111,143,3629,ENSG00000066735 ENSG00000178093 ENSG00000116852 ENSG00000196182 ENSG00000188641 ENSG00000115085 ENSG00000151422 ENSG00000113448 ENSG00000010810 ENSG00000137411 ENSG00000112659,KIF26A TSSK6 KIF21B STK40 DPYD ZAP70 FER PDE4D FYN VARS2 CUL9
GO:MF,GO:0015291,secondary active transmembrane transporter activity,0.03890076619125459,True,4,111,22,3629,ENSG00000103042 ENSG00000162753 ENSG00000196517 ENSG00000162426,SLC38A7 SLC9C2 SLC6A9 SLC45A1
GO:MF,GO:0044325,transmembrane transporter binding,0.03890076619125459,True,3,111,11,3629,ENSG00000113448 ENSG00000010810 ENSG00000176406,PDE4D FYN RIMS2
GO:MF,GO:0001664,G protein-coupled receptor binding,0.03890076619125459,True,4,111,22,3629,ENSG00000131096 ENSG00000155511 ENSG00000113448 ENSG00000010810,PYY GRIA1 PDE4D FYN
GO:MF,GO:0015085,calcium ion transmembrane transporter activity,0.03890076619125459,True,3,111,11,3629,ENSG00000007402 ENSG00000078795 ENSG00000155511,CACNA2D2 PKD2L2 GRIA1
GO:CC,GO:0099080,supramolecular complex,0.040161384715917375,True,12,111,173,3629,ENSG00000245532 ENSG00000161813 ENSG00000066735 ENSG00000103811 ENSG00000143614 ENSG00000116852 ENSG00000100354 ENSG00000010810 ENSG00000079691 ENSG00000005483 ENSG00000002822 ENSG00000130635,NEAT1 LARP4 KIF26A CTSH GATAD2B KIF21B TNRC6B FYN CARMIL1 KMT2E MAD1L1 COL5A1
GO:BP,GO:0033036,macromolecule localization,0.040743421500086266,True,16,111,256,3629,ENSG00000120451 ENSG00000171310 ENSG00000168778 ENSG00000103056 ENSG00000166573 ENSG00000159023 ENSG00000053438 ENSG00000251322 ENSG00000007402 ENSG00000150630 ENSG00000120725 ENSG00000010810 ENSG00000131558 ENSG00000070882 ENSG00000176406 ENSG00000173273,SNX19 CHST11 TCTN2 SMPD3 GALR1 EPB41 NNAT SHANK3 CACNA2D2 VEGFC SIL1 FYN EXOC4 OSBPL3 RIMS2 TNKS
GO:BP,GO:0060322,head development,0.043490887266518875,True,6,111,52,3629,ENSG00000066735 ENSG00000053438 ENSG00000251322 ENSG00000155511 ENSG00000010810 ENSG00000184903,KIF26A NNAT SHANK3 GRIA1 FYN IMMP2L
GO:BP,GO:0048646,anatomical structure formation involved in morphogenesis,0.043490887266518875,True,9,111,106,3629,ENSG00000103811 ENSG00000103056 ENSG00000023902 ENSG00000251322 ENSG00000150630 ENSG00000010810 ENSG00000135298 ENSG00000131558 ENSG00000130635,CTSH SMPD3 PLEKHO1 SHANK3 VEGFC FYN ADGRB3 EXOC4 COL5A1
GO:BP,GO:0120036,plasma membrane bounded cell projection organization,0.043639773314823126,True,10,111,126,3629,ENSG00000168778 ENSG00000066735 ENSG00000242498 ENSG00000023902 ENSG00000251322 ENSG00000151422 ENSG00000010810 ENSG00000079691 ENSG00000135298 ENSG00000176406,TCTN2 KIF26A ARPIN PLEKHO1 SHANK3 FER FYN CARMIL1 ADGRB3 RIMS2
GO:CC,GO:0031252,cell leading edge,0.04534192691790827,True,5,111,40,3629,ENSG00000242498 ENSG00000023902 ENSG00000151422 ENSG00000155511 ENSG00000079691,ARPIN PLEKHO1 FER GRIA1 CARMIL1
GO:BP,GO:0031047,regulatory ncRNA-mediated gene silencing,0.04579179964333968,True,3,111,12,3629,ENSG00000245532 ENSG00000100354 ENSG00000100403,NEAT1 TNRC6B ZC3H7B
GO:BP,GO:0098739,import across plasma membrane,0.04579179964333968,True,3,111,12,3629,ENSG00000162753 ENSG00000196517 ENSG00000010810,SLC9C2 SLC6A9 FYN
GO:BP,GO:0009887,animal organ morphogenesis,0.04579179964333968,True,8,111,88,3629,ENSG00000171310 ENSG00000103811 ENSG00000103056 ENSG00000196182 ENSG00000251322 ENSG00000150630 ENSG00000131558 ENSG00000130635,CHST11 CTSH SMPD3 STK40 SHANK3 VEGFC EXOC4 COL5A1
GO:BP,GO:0051017,actin filament bundle assembly,0.04579179964333968,True,3,111,12,3629,ENSG00000251322 ENSG00000079691 ENSG00000158106,SHANK3 CARMIL1 RHPN1
GO:BP,GO:0007017,microtubule-based process,0.04579179964333968,True,8,111,88,3629,ENSG00000066735 ENSG00000157456 ENSG00000178093 ENSG00000116852 ENSG00000163635 ENSG00000151422 ENSG00000112659 ENSG00000173273,KIF26A CCNB2 TSSK6 KIF21B ATXN7 FER CUL9 TNKS
GO:BP,GO:0071363,cellular response to growth factor stimulus,0.04582383256999358,True,6,111,53,3629,ENSG00000171310 ENSG00000073417 ENSG00000103056 ENSG00000150630 ENSG00000155511 ENSG00000010810,CHST11 PDE8A SMPD3 VEGFC GRIA1 FYN
GO:BP,GO:0048589,developmental growth,0.04582383256999358,True,6,111,53,3629,ENSG00000171310 ENSG00000103056 ENSG00000196182 ENSG00000007402 ENSG00000176406 ENSG00000120907,CHST11 SMPD3 STK40 CACNA2D2 RIMS2 ADRA1A
GO:BP,GO:0018193,peptidyl-amino acid modification,0.04582383256999358,True,6,111,53,3629,ENSG00000053438 ENSG00000115828 ENSG00000115085 ENSG00000151422 ENSG00000010810 ENSG00000173273,NNAT QPCT ZAP70 FER FYN TNKS
GO:BP,GO:0034655,nucleobase-containing compound catabolic process,0.04582383256999358,True,6,111,53,3629,ENSG00000245532 ENSG00000111669 ENSG00000073417 ENSG00000188641 ENSG00000100354 ENSG00000113448,NEAT1 TPI1 PDE8A DPYD TNRC6B PDE4D
GO:BP,GO:0048015,phosphatidylinositol-mediated signaling,0.04612066671540628,True,2,111,4,3629,ENSG00000115896 ENSG00000154822,PLCL1 PLCL2
GO:BP,GO:0048278,vesicle docking,0.04612066671540628,True,2,111,4,3629,ENSG00000131558 ENSG00000176406,EXOC4 RIMS2
GO:BP,GO:0046058,cAMP metabolic process,0.04612066671540628,True,2,111,4,3629,ENSG00000073417 ENSG00000113448,PDE8A PDE4D
GO:BP,GO:0002063,chondrocyte development,0.04612066671540628,True,2,111,4,3629,ENSG00000171310 ENSG00000103056,CHST11 SMPD3
GO:BP,GO:1903523,negative regulation of blood circulation,0.04612066671540628,True,2,111,4,3629,ENSG00000113448 ENSG00000120907,PDE4D ADRA1A
GO:BP,GO:0048538,thymus development,0.04612066671540628,True,2,111,4,3629,ENSG00000157456 ENSG00000002822,CCNB2 MAD1L1
GO:BP,GO:0009968,negative regulation of signal transduction,0.04612066671540628,True,10,111,128,3629,ENSG00000171310 ENSG00000066735 ENSG00000182732 ENSG00000103056 ENSG00000177374 ENSG00000124356 ENSG00000154822 ENSG00000113448 ENSG00000010810 ENSG00000002822,CHST11 KIF26A RGS6 SMPD3 HIC1 STAMBP PLCL2 PDE4D FYN MAD1L1
GO:BP,GO:0014009,glial cell proliferation,0.04612066671540628,True,2,111,4,3629,ENSG00000251322 ENSG00000150630,SHANK3 VEGFC
GO:BP,GO:0030030,cell projection organization,0.04612066671540628,True,10,111,128,3629,ENSG00000168778 ENSG00000066735 ENSG00000242498 ENSG00000023902 ENSG00000251322 ENSG00000151422 ENSG00000010810 ENSG00000079691 ENSG00000135298 ENSG00000176406,TCTN2 KIF26A ARPIN PLEKHO1 SHANK3 FER FYN CARMIL1 ADGRB3 RIMS2
GO:BP,GO:0010632,regulation of epithelial cell migration,0.04612066671540628,True,2,111,4,3629,ENSG00000103811 ENSG00000113070,CTSH HBEGF
GO:BP,GO:0045776,negative regulation of blood pressure,0.04612066671540628,True,2,111,4,3629,ENSG00000150630 ENSG00000120907,VEGFC ADRA1A
GO:CC,GO:0005938,cell cortex,0.046250938249076355,True,4,111,26,3629,ENSG00000159023 ENSG00000151422 ENSG00000131558 ENSG00000176406,EPB41 FER EXOC4 RIMS2
GO:CC,GO:0031253,cell projection membrane,0.046250938249076355,True,4,111,26,3629,ENSG00000168778 ENSG00000023902 ENSG00000133256 ENSG00000155511,TCTN2 PLEKHO1 PDE6B GRIA1
GO:CC,GO:0098978,glutamatergic synapse,0.046250938249076355,True,6,111,57,3629,ENSG00000156395 ENSG00000149927 ENSG00000251322 ENSG00000155511 ENSG00000135298 ENSG00000147799,SORCS3 DOC2A SHANK3 GRIA1 ADGRB3 ARHGAP39
GO:BP,GO:0045787,positive regulation of cell cycle,0.04699238976253394,True,5,111,38,3629,ENSG00000089053 ENSG00000103056 ENSG00000232040 ENSG00000005483 ENSG00000002822,ANAPC5 SMPD3 SCAND3 KMT2E MAD1L1
GO:BP,GO:0002768,immune response-regulating cell surface receptor signaling pathway,0.04699238976253394,True,5,111,38,3629,ENSG00000115085 ENSG00000154822 ENSG00000151422 ENSG00000113448 ENSG00000010810,ZAP70 PLCL2 FER PDE4D FYN
GO:BP,GO:0070887,cellular response to chemical stimulus,0.047343875357724816,True,11,111,150,3629,ENSG00000122986 ENSG00000103811 ENSG00000103056 ENSG00000150630 ENSG00000151422 ENSG00000113070 ENSG00000155511 ENSG00000113448 ENSG00000010810 ENSG00000213654 ENSG00000204231,HVCN1 CTSH SMPD3 VEGFC FER HBEGF GRIA1 PDE4D FYN GPSM3 RXRB
GO:BP,GO:0016070,RNA metabolic process,0.047343875357724816,True,22,111,411,3629,ENSG00000067082 ENSG00000110497 ENSG00000245532 ENSG00000133687 ENSG00000166133 ENSG00000169594 ENSG00000073417 ENSG00000258839 ENSG00000177374 ENSG00000166573 ENSG00000104885 ENSG00000186020 ENSG00000143614 ENSG00000100354 ENSG00000100403 ENSG00000174579 ENSG00000163635 ENSG00000137411 ENSG00000204231 ENSG00000005483 ENSG00000173273 ENSG00000167157,KLF6 AMBRA1 NEAT1 TMTC1 RPUSD2 BNC1 PDE8A MC1R HIC1 GALR1 DOT1L ZNF529 GATAD2B TNRC6B ZC3H7B MSL2 ATXN7 VARS2 RXRB KMT2E TNKS PRRX2
GO:BP,GO:0048729,tissue morphogenesis,0.04734569679193645,True,6,111,54,3629,ENSG00000103811 ENSG00000251322 ENSG00000150630 ENSG00000113070 ENSG00000131558 ENSG00000130635,CTSH SHANK3 VEGFC HBEGF EXOC4 COL5A1
GO:MF,GO:0016740,transferase activity,0.04776217028613157,True,13,111,191,3629,ENSG00000171310 ENSG00000133687 ENSG00000135454 ENSG00000178093 ENSG00000104885 ENSG00000196182 ENSG00000115828 ENSG00000115085 ENSG00000174579 ENSG00000151422 ENSG00000010810 ENSG00000112659 ENSG00000173273,CHST11 TMTC1 B4GALNT1 TSSK6 DOT1L STK40 QPCT ZAP70 MSL2 FER FYN CUL9 TNKS
GO:MF,GO:0004629,C-type glycerophospholipase activity,0.04858950450550738,True,2,111,4,3629,ENSG00000115896 ENSG00000154822,PLCL1 PLCL2
GO:MF,GO:0015175,neutral L-amino acid transmembrane transporter activity,0.04858950450550738,True,2,111,4,3629,ENSG00000103042 ENSG00000196517,SLC38A7 SLC6A9
GO:MF,GO:0098918,structural constituent of synapse,0.04858950450550738,True,2,111,4,3629,ENSG00000251322 ENSG00000176406,SHANK3 RIMS2
GO:CC,GO:0035770,ribonucleoprotein granule,0.04905115293961379,True,7,111,76,3629,ENSG00000245532 ENSG00000161813 ENSG00000103811 ENSG00000143614 ENSG00000100354 ENSG00000079691 ENSG00000005483,NEAT1 LARP4 CTSH GATAD2B TNRC6B CARMIL1 KMT2E
GO:MF,GO:0008289,lipid binding,0.049886878395484315,True,6,111,54,3629,ENSG00000120451 ENSG00000149927 ENSG00000103056 ENSG00000159023 ENSG00000151422 ENSG00000070882,SNX19 DOC2A SMPD3 EPB41 FER OSBPL3
GO:BP,GO:0043066,negative regulation of apoptotic process,0.04998484408450798,True,7,111,72,3629,ENSG00000110497 ENSG00000171310 ENSG00000103811 ENSG00000196182 ENSG00000158019 ENSG00000124356 ENSG00000010810,AMBRA1 CHST11 CTSH STK40 BABAM2 STAMBP FYN
GO:BP,GO:1901992,positive regulation of mitotic cell cycle phase transition,0.05056867918968907,False,3,111,13,3629,ENSG00000089053 ENSG00000005483 ENSG00000002822,ANAPC5 KMT2E MAD1L1
GO:BP,GO:0050679,positive regulation of epithelial cell proliferation,0.05056867918968907,False,3,111,13,3629,ENSG00000245532 ENSG00000150630 ENSG00000232040,NEAT1 VEGFC SCAND3
GO:BP,GO:0061572,actin filament bundle organization,0.05056867918968907,False,3,111,13,3629,ENSG00000251322 ENSG00000079691 ENSG00000158106,SHANK3 CARMIL1 RHPN1
GO:BP,GO:0050851,antigen receptor-mediated signaling pathway,0.05056867918968907,False,4,111,25,3629,ENSG00000115085 ENSG00000154822 ENSG00000113448 ENSG00000010810,ZAP70 PLCL2 PDE4D FYN
GO:BP,GO:0030900,forebrain development,0.05056867918968907,False,4,111,25,3629,ENSG00000066735 ENSG00000251322 ENSG00000155511 ENSG00000010810,KIF26A SHANK3 GRIA1 FYN
GO:BP,GO:0018108,peptidyl-tyrosine phosphorylation,0.05056867918968907,False,3,111,13,3629,ENSG00000115085 ENSG00000151422 ENSG00000010810,ZAP70 FER FYN
GO:BP,GO:0035264,multicellular organism growth,0.05056867918968907,False,3,111,13,3629,ENSG00000103056 ENSG00000196182 ENSG00000007402,SMPD3 STK40 CACNA2D2
GO:BP,GO:0034614,cellular response to reactive oxygen species,0.05056867918968907,False,3,111,13,3629,ENSG00000103056 ENSG00000151422 ENSG00000010810,SMPD3 FER FYN
GO:BP,GO:0030073,insulin secretion,0.05056867918968907,False,3,111,13,3629,ENSG00000120451 ENSG00000053438 ENSG00000176406,SNX19 NNAT RIMS2
GO:BP,GO:0018212,peptidyl-tyrosine modification,0.05056867918968907,False,3,111,13,3629,ENSG00000115085 ENSG00000151422 ENSG00000010810,ZAP70 FER FYN
GO:BP,GO:0035265,organ growth,0.05056867918968907,False,3,111,13,3629,ENSG00000103056 ENSG00000007402 ENSG00000120907,SMPD3 CACNA2D2 ADRA1A
GO:BP,GO:0050806,positive regulation of synaptic transmission,0.05056867918968907,False,3,111,13,3629,ENSG00000251322 ENSG00000155511 ENSG00000120907,SHANK3 GRIA1 ADRA1A
GO:BP,GO:0010720,positive regulation of cell development,0.05056867918968907,False,5,111,39,3629,ENSG00000110497 ENSG00000169594 ENSG00000251322 ENSG00000115085 ENSG00000150630,AMBRA1 BNC1 SHANK3 ZAP70 VEGFC
GO:BP,GO:0051493,regulation of cytoskeleton organization,0.05056867918968907,False,6,111,55,3629,ENSG00000242498 ENSG00000251322 ENSG00000163635 ENSG00000151422 ENSG00000079691 ENSG00000158106,ARPIN SHANK3 ATXN7 FER CARMIL1 RHPN1
GO:BP,GO:0002009,morphogenesis of an epithelium,0.05056867918968907,False,5,111,39,3629,ENSG00000103811 ENSG00000251322 ENSG00000150630 ENSG00000113070 ENSG00000130635,CTSH SHANK3 VEGFC HBEGF COL5A1
GO:BP,GO:0045321,leukocyte activation,0.05056867918968907,False,8,111,91,3629,ENSG00000067082 ENSG00000110497 ENSG00000115085 ENSG00000154822 ENSG00000151422 ENSG00000010810 ENSG00000005483 ENSG00000002822,KLF6 AMBRA1 ZAP70 PLCL2 FER FYN KMT2E MAD1L1
GO:BP,GO:1901136,carbohydrate derivative catabolic process,0.05056867918968907,False,4,111,25,3629,ENSG00000111669 ENSG00000073417 ENSG00000188641 ENSG00000113448,TPI1 PDE8A DPYD PDE4D
GO:BP,GO:1901137,carbohydrate derivative biosynthetic process,0.05056867918968907,False,5,111,39,3629,ENSG00000171310 ENSG00000133687 ENSG00000135454 ENSG00000111669 ENSG00000103056,CHST11 TMTC1 B4GALNT1 TPI1 SMPD3
GO:CC,GO:0034702,monoatomic ion channel complex,0.05126848693130747,False,4,111,27,3629,ENSG00000122986 ENSG00000007402 ENSG00000155511 ENSG00000113448,HVCN1 CACNA2D2 GRIA1 PDE4D
GO:CC,GO:0005654,nucleoplasm,0.051785038744210636,False,23,111,453,3629,ENSG00000067082 ENSG00000245532 ENSG00000089053 ENSG00000182732 ENSG00000169594 ENSG00000153406 ENSG00000177374 ENSG00000104885 ENSG00000143614 ENSG00000159023 ENSG00000196182 ENSG00000100354 ENSG00000158019 ENSG00000124356 ENSG00000174579 ENSG00000163635 ENSG00000198948 ENSG00000113448 ENSG00000079691 ENSG00000204231 ENSG00000005483 ENSG00000120907 ENSG00000173273,KLF6 NEAT1 ANAPC5 RGS6 BNC1 NMRAL1 HIC1 DOT1L GATAD2B EPB41 STK40 TNRC6B BABAM2 STAMBP MSL2 ATXN7 MFAP3L PDE4D CARMIL1 RXRB KMT2E ADRA1A TNKS
GO:MF,GO:0046943,carboxylic acid transmembrane transporter activity,0.05390606950091977,False,3,111,13,3629,ENSG00000103042 ENSG00000196517 ENSG00000155511,SLC38A7 SLC6A9 GRIA1
GO:MF,GO:0019903,protein phosphatase binding,0.05390606950091977,False,3,111,13,3629,ENSG00000110497 ENSG00000089053 ENSG00000151422,AMBRA1 ANAPC5 FER
GO:MF,GO:0120569,phospholipase activity,0.05390606950091977,False,3,111,13,3629,ENSG00000103056 ENSG00000115896 ENSG00000154822,SMPD3 PLCL1 PLCL2
GO:MF,GO:0032559,adenyl ribonucleotide binding,0.057016899335422304,False,10,111,133,3629,ENSG00000066735 ENSG00000178093 ENSG00000116852 ENSG00000196182 ENSG00000115085 ENSG00000151422 ENSG00000113448 ENSG00000010810 ENSG00000137411 ENSG00000112659,KIF26A TSSK6 KIF21B STK40 ZAP70 FER PDE4D FYN VARS2 CUL9
GO:BP,GO:0061448,connective tissue development,0.05797963267050338,False,4,111,26,3629,ENSG00000120451 ENSG00000171310 ENSG00000103056 ENSG00000130635,SNX19 CHST11 SMPD3 COL5A1
GO:BP,GO:0042692,muscle cell differentiation,0.05797963267050338,False,4,111,26,3629,ENSG00000023902 ENSG00000007402 ENSG00000135298 ENSG00000120907,PLEKHO1 CACNA2D2 ADGRB3 ADRA1A
GO:BP,GO:0097435,supramolecular fiber organization,0.058029619602208475,False,7,111,75,3629,ENSG00000242498 ENSG00000251322 ENSG00000163635 ENSG00000151422 ENSG00000079691 ENSG00000158106 ENSG00000130635,ARPIN SHANK3 ATXN7 FER CARMIL1 RHPN1 COL5A1
GO:BP,GO:0048585,negative regulation of response to stimulus,0.058235057186634034,False,11,111,156,3629,ENSG00000171310 ENSG00000066735 ENSG00000182732 ENSG00000103056 ENSG00000177374 ENSG00000124356 ENSG00000154822 ENSG00000151422 ENSG00000113448 ENSG00000010810 ENSG00000002822,CHST11 KIF26A RGS6 SMPD3 HIC1 STAMBP PLCL2 FER PDE4D FYN MAD1L1
GO:MF,GO:0038023,signaling receptor activity,0.05882838783999221,False,8,111,94,3629,ENSG00000156395 ENSG00000103811 ENSG00000258839 ENSG00000166573 ENSG00000155511 ENSG00000204231 ENSG00000135298 ENSG00000120907,SORCS3 CTSH MC1R GALR1 GRIA1 RXRB ADGRB3 ADRA1A
GO:MF,GO:0005261,monoatomic cation channel activity,0.05882838783999221,False,4,111,26,3629,ENSG00000122986 ENSG00000007402 ENSG00000078795 ENSG00000155511,HVCN1 CACNA2D2 PKD2L2 GRIA1
GO:MF,GO:0060089,molecular transducer activity,0.05882838783999221,False,8,111,94,3629,ENSG00000156395 ENSG00000103811 ENSG00000258839 ENSG00000166573 ENSG00000155511 ENSG00000204231 ENSG00000135298 ENSG00000120907,SORCS3 CTSH MC1R GALR1 GRIA1 RXRB ADGRB3 ADRA1A
GO:BP,GO:0007015,actin filament organization,0.05931385733539074,False,5,111,41,3629,ENSG00000242498 ENSG00000251322 ENSG00000151422 ENSG00000079691 ENSG00000158106,ARPIN SHANK3 FER CARMIL1 RHPN1
GO:BP,GO:0051209,release of sequestered calcium ion into cytosol,0.060492550681483834,False,3,111,14,3629,ENSG00000115896 ENSG00000154822 ENSG00000113448,PLCL1 PLCL2 PDE4D
GO:BP,GO:0032273,positive regulation of protein polymerization,0.060492550681483834,False,3,111,14,3629,ENSG00000110497 ENSG00000151422 ENSG00000079691,AMBRA1 FER CARMIL1
GO:BP,GO:0048813,dendrite morphogenesis,0.060492550681483834,False,3,111,14,3629,ENSG00000251322 ENSG00000010810 ENSG00000135298,SHANK3 FYN ADGRB3
GO:BP,GO:0008016,regulation of heart contraction,0.060492550681483834,False,3,111,14,3629,ENSG00000113070 ENSG00000113448 ENSG00000120907,HBEGF PDE4D ADRA1A
GO:BP,GO:0007269,neurotransmitter secretion,0.060492550681483834,False,3,111,14,3629,ENSG00000185518 ENSG00000149927 ENSG00000176406,SV2B DOC2A RIMS2
GO:BP,GO:0099643,signal release from synapse,0.060492550681483834,False,3,111,14,3629,ENSG00000185518 ENSG00000149927 ENSG00000176406,SV2B DOC2A RIMS2
GO:BP,GO:0043069,negative regulation of programmed cell death,0.060492550681483834,False,7,111,76,3629,ENSG00000110497 ENSG00000171310 ENSG00000103811 ENSG00000196182 ENSG00000158019 ENSG00000124356 ENSG00000010810,AMBRA1 CHST11 CTSH STK40 BABAM2 STAMBP FYN
GO:BP,GO:0042592,homeostatic process,0.0606195188928338,False,10,111,136,3629,ENSG00000110497 ENSG00000122986 ENSG00000157456 ENSG00000103811 ENSG00000185518 ENSG00000162753 ENSG00000251322 ENSG00000115896 ENSG00000154822 ENSG00000005483,AMBRA1 HVCN1 CCNB2 CTSH SV2B SLC9C2 SHANK3 PLCL1 PLCL2 KMT2E
GO:MF,GO:0016298,lipase activity,0.060805521963343295,False,3,111,14,3629,ENSG00000103056 ENSG00000115896 ENSG00000154822,SMPD3 PLCL1 PLCL2
GO:MF,GO:0015294,solute:monoatomic cation symporter activity,0.060805521963343295,False,3,111,14,3629,ENSG00000103042 ENSG00000196517 ENSG00000162426,SLC38A7 SLC6A9 SLC45A1
GO:BP,GO:0015804,neutral amino acid transport,0.06118114995921906,False,2,111,5,3629,ENSG00000103042 ENSG00000196517,SLC38A7 SLC6A9
GO:BP,GO:0051492,regulation of stress fiber assembly,0.06118114995921906,False,2,111,5,3629,ENSG00000079691 ENSG00000158106,CARMIL1 RHPN1
GO:BP,GO:0009187,cyclic nucleotide metabolic process,0.06118114995921906,False,2,111,5,3629,ENSG00000073417 ENSG00000113448,PDE8A PDE4D
GO:BP,GO:0045823,positive regulation of heart contraction,0.06118114995921906,False,2,111,5,3629,ENSG00000113448 ENSG00000120907,PDE4D ADRA1A
GO:BP,GO:0090505,epiboly involved in wound healing,0.06118114995921906,False,2,111,5,3629,ENSG00000113070 ENSG00000130635,HBEGF COL5A1
GO:BP,GO:0090504,epiboly,0.06118114995921906,False,2,111,5,3629,ENSG00000113070 ENSG00000130635,HBEGF COL5A1
GO:BP,GO:0055117,regulation of cardiac muscle contraction,0.06118114995921906,False,2,111,5,3629,ENSG00000113448 ENSG00000120907,PDE4D ADRA1A
GO:BP,GO:0120163,negative regulation of cold-induced thermogenesis,0.06118114995921906,False,2,111,5,3629,ENSG00000115896 ENSG00000154822,PLCL1 PLCL2
GO:BP,GO:0046148,pigment biosynthetic process,0.06118114995921906,False,2,111,5,3629,ENSG00000258839 ENSG00000196517,MC1R SLC6A9
GO:BP,GO:0045921,positive regulation of exocytosis,0.06118114995921906,False,2,111,5,3629,ENSG00000149927 ENSG00000103056,DOC2A SMPD3
GO:BP,GO:0140056,organelle localization by membrane tethering,0.06118114995921906,False,2,111,5,3629,ENSG00000131558 ENSG00000176406,EXOC4 RIMS2
GO:BP,GO:0045842,positive regulation of mitotic metaphase/anaphase transition,0.06118114995921906,False,2,111,5,3629,ENSG00000089053 ENSG00000002822,ANAPC5 MAD1L1
GO:BP,GO:0044319,"wound healing, spreading of cells",0.06118114995921906,False,2,111,5,3629,ENSG00000113070 ENSG00000130635,HBEGF COL5A1
GO:BP,GO:0052652,cyclic purine nucleotide metabolic process,0.06118114995921906,False,2,111,5,3629,ENSG00000073417 ENSG00000113448,PDE8A PDE4D
GO:BP,GO:1903524,positive regulation of blood circulation,0.06118114995921906,False,2,111,5,3629,ENSG00000113448 ENSG00000120907,PDE4D ADRA1A
GO:BP,GO:0038093,Fc receptor signaling pathway,0.06118114995921906,False,2,111,5,3629,ENSG00000151422 ENSG00000010810,FER FYN
GO:BP,GO:0016192,vesicle-mediated transport,0.06118114995921906,False,10,111,137,3629,ENSG00000120451 ENSG00000185518 ENSG00000149927 ENSG00000103056 ENSG00000155511 ENSG00000010810 ENSG00000079691 ENSG00000131558 ENSG00000176406 ENSG00000168077,SNX19 SV2B DOC2A SMPD3 GRIA1 FYN CARMIL1 EXOC4 RIMS2 SCARA3
GO:BP,GO:0070536,protein K63-linked deubiquitination,0.06118114995921906,False,2,111,5,3629,ENSG00000158019 ENSG00000124356,BABAM2 STAMBP
GO:BP,GO:1903426,regulation of reactive oxygen species biosynthetic process,0.06118114995921906,False,2,111,5,3629,ENSG00000122986 ENSG00000010810,HVCN1 FYN
GO:BP,GO:2000300,regulation of synaptic vesicle exocytosis,0.06118114995921906,False,2,111,5,3629,ENSG00000185518 ENSG00000176406,SV2B RIMS2
GO:BP,GO:0010460,positive regulation of heart rate,0.06118114995921906,False,2,111,5,3629,ENSG00000113448 ENSG00000120907,PDE4D ADRA1A
GO:BP,GO:0048286,lung alveolus development,0.06118114995921906,False,2,111,5,3629,ENSG00000103056 ENSG00000196182,SMPD3 STK40
GO:BP,GO:0007214,gamma-aminobutyric acid signaling pathway,0.06118114995921906,False,2,111,5,3629,ENSG00000115896 ENSG00000154822,PLCL1 PLCL2
GO:BP,GO:1901970,positive regulation of mitotic sister chromatid separation,0.06118114995921906,False,2,111,5,3629,ENSG00000089053 ENSG00000002822,ANAPC5 MAD1L1
GO:BP,GO:0022406,membrane docking,0.06118114995921906,False,2,111,5,3629,ENSG00000131558 ENSG00000176406,EXOC4 RIMS2
GO:BP,GO:0051252,regulation of RNA metabolic process,0.06146532335868112,False,18,111,325,3629,ENSG00000067082 ENSG00000110497 ENSG00000245532 ENSG00000169594 ENSG00000073417 ENSG00000258839 ENSG00000177374 ENSG00000166573 ENSG00000104885 ENSG00000186020 ENSG00000143614 ENSG00000100354 ENSG00000174579 ENSG00000163635 ENSG00000204231 ENSG00000005483 ENSG00000173273 ENSG00000167157,KLF6 AMBRA1 NEAT1 BNC1 PDE8A MC1R HIC1 GALR1 DOT1L ZNF529 GATAD2B TNRC6B MSL2 ATXN7 RXRB KMT2E TNKS PRRX2
GO:MF,GO:0004930,G protein-coupled receptor activity,0.06286919850967025,False,5,111,42,3629,ENSG00000156395 ENSG00000258839 ENSG00000166573 ENSG00000135298 ENSG00000120907,SORCS3 MC1R GALR1 ADGRB3 ADRA1A
GO:MF,GO:0031625,ubiquitin protein ligase binding,0.06286919850967025,False,4,111,27,3629,ENSG00000110497 ENSG00000111669 ENSG00000258839 ENSG00000112659,AMBRA1 TPI1 MC1R CUL9
GO:MF,GO:0043168,anion binding,0.06288319589599199,False,13,111,204,3629,ENSG00000066735 ENSG00000103056 ENSG00000178093 ENSG00000116852 ENSG00000196182 ENSG00000188641 ENSG00000115085 ENSG00000154822 ENSG00000151422 ENSG00000113448 ENSG00000010810 ENSG00000137411 ENSG00000112659,KIF26A SMPD3 TSSK6 KIF21B STK40 DPYD ZAP70 PLCL2 FER PDE4D FYN VARS2 CUL9
GO:MF,GO:0043178,alcohol binding,0.06302727377159956,False,2,111,5,3629,ENSG00000154822 ENSG00000070882,PLCL2 OSBPL3
GO:BP,GO:1901987,regulation of cell cycle phase transition,0.0648858775110467,False,6,111,60,3629,ENSG00000110497 ENSG00000089053 ENSG00000104885 ENSG00000158019 ENSG00000005483 ENSG00000002822,AMBRA1 ANAPC5 DOT1L BABAM2 KMT2E MAD1L1
GO:BP,GO:1901990,regulation of mitotic cell cycle phase transition,0.0648858775110467,False,5,111,43,3629,ENSG00000110497 ENSG00000089053 ENSG00000158019 ENSG00000005483 ENSG00000002822,AMBRA1 ANAPC5 BABAM2 KMT2E MAD1L1
GO:BP,GO:0019219,regulation of nucleobase-containing compound metabolic process,0.06572167355005124,False,19,111,353,3629,ENSG00000067082 ENSG00000110497 ENSG00000245532 ENSG00000169594 ENSG00000073417 ENSG00000258839 ENSG00000177374 ENSG00000166573 ENSG00000104885 ENSG00000186020 ENSG00000143614 ENSG00000100354 ENSG00000158019 ENSG00000174579 ENSG00000163635 ENSG00000204231 ENSG00000005483 ENSG00000173273 ENSG00000167157,KLF6 AMBRA1 NEAT1 BNC1 PDE8A MC1R HIC1 GALR1 DOT1L ZNF529 GATAD2B TNRC6B BABAM2 MSL2 ATXN7 RXRB KMT2E TNKS PRRX2
GO:BP,GO:0035592,establishment of protein localization to extracellular region,0.06572167355005124,False,4,111,28,3629,ENSG00000120451 ENSG00000053438 ENSG00000150630 ENSG00000176406,SNX19 NNAT VEGFC RIMS2
GO:BP,GO:0099565,"chemical synaptic transmission, postsynaptic",0.06572167355005124,False,3,111,15,3629,ENSG00000251322 ENSG00000155511 ENSG00000176406,SHANK3 GRIA1 RIMS2
GO:BP,GO:0060079,excitatory postsynaptic potential,0.06572167355005124,False,3,111,15,3629,ENSG00000251322 ENSG00000155511 ENSG00000176406,SHANK3 GRIA1 RIMS2
GO:BP,GO:0071692,protein localization to extracellular region,0.06572167355005124,False,4,111,28,3629,ENSG00000120451 ENSG00000053438 ENSG00000150630 ENSG00000176406,SNX19 NNAT VEGFC RIMS2
GO:BP,GO:0002062,chondrocyte differentiation,0.06572167355005124,False,3,111,15,3629,ENSG00000120451 ENSG00000171310 ENSG00000103056,SNX19 CHST11 SMPD3
GO:BP,GO:0009154,purine ribonucleotide catabolic process,0.06572167355005124,False,3,111,15,3629,ENSG00000111669 ENSG00000073417 ENSG00000113448,TPI1 PDE8A PDE4D
GO:BP,GO:0009306,protein secretion,0.06572167355005124,False,4,111,28,3629,ENSG00000120451 ENSG00000053438 ENSG00000150630 ENSG00000176406,SNX19 NNAT VEGFC RIMS2
GO:CC,GO:0031461,cullin-RING ubiquitin ligase complex,0.06633384892782408,False,3,111,16,3629,ENSG00000110497 ENSG00000089053 ENSG00000112659,AMBRA1 ANAPC5 CUL9
GO:CC,GO:0098839,postsynaptic density membrane,0.06633384892782408,False,3,111,16,3629,ENSG00000156395 ENSG00000155511 ENSG00000135298,SORCS3 GRIA1 ADGRB3
GO:CC,GO:0031981,nuclear lumen,0.06633384892782408,False,24,111,491,3629,ENSG00000067082 ENSG00000166793 ENSG00000245532 ENSG00000089053 ENSG00000182732 ENSG00000169594 ENSG00000153406 ENSG00000177374 ENSG00000104885 ENSG00000143614 ENSG00000159023 ENSG00000196182 ENSG00000100354 ENSG00000158019 ENSG00000124356 ENSG00000174579 ENSG00000163635 ENSG00000198948 ENSG00000113448 ENSG00000079691 ENSG00000204231 ENSG00000005483 ENSG00000120907 ENSG00000173273,KLF6 YPEL4 NEAT1 ANAPC5 RGS6 BNC1 NMRAL1 HIC1 DOT1L GATAD2B EPB41 STK40 TNRC6B BABAM2 STAMBP MSL2 ATXN7 MFAP3L PDE4D CARMIL1 RXRB KMT2E ADRA1A TNKS
GO:BP,GO:0007155,cell adhesion,0.06646210268453005,False,9,111,119,3629,ENSG00000080854 ENSG00000110497 ENSG00000171877 ENSG00000115085 ENSG00000151422 ENSG00000010810 ENSG00000079691 ENSG00000002822 ENSG00000130635,IGSF9B AMBRA1 FRMD5 ZAP70 FER FYN CARMIL1 MAD1L1 COL5A1
GO:MF,GO:0004888,transmembrane signaling receptor activity,0.06669813303338008,False,7,111,79,3629,ENSG00000156395 ENSG00000103811 ENSG00000258839 ENSG00000166573 ENSG00000155511 ENSG00000135298 ENSG00000120907,SORCS3 CTSH MC1R GALR1 GRIA1 ADGRB3 ADRA1A
GO:MF,GO:0004713,protein tyrosine kinase activity,0.06669813303338008,False,3,111,15,3629,ENSG00000115085 ENSG00000151422 ENSG00000010810,ZAP70 FER FYN
GO:MF,GO:0044389,ubiquitin-like protein ligase binding,0.06669813303338008,False,4,111,28,3629,ENSG00000110497 ENSG00000111669 ENSG00000258839 ENSG00000112659,AMBRA1 TPI1 MC1R CUL9
GO:MF,GO:0015293,symporter activity,0.06669813303338008,False,3,111,15,3629,ENSG00000103042 ENSG00000196517 ENSG00000162426,SLC38A7 SLC6A9 SLC45A1
GO:BP,GO:0002376,immune system process,0.06682843313904192,False,15,111,255,3629,ENSG00000067082 ENSG00000110497 ENSG00000122986 ENSG00000157456 ENSG00000103811 ENSG00000103056 ENSG00000115085 ENSG00000154822 ENSG00000150630 ENSG00000151422 ENSG00000113448 ENSG00000010810 ENSG00000213654 ENSG00000005483 ENSG00000002822,KLF6 AMBRA1 HVCN1 CCNB2 CTSH SMPD3 ZAP70 PLCL2 VEGFC FER PDE4D FYN GPSM3 KMT2E MAD1L1
GO:MF,GO:0060589,nucleoside-triphosphatase regulator activity,0.06720519847513874,False,5,111,44,3629,ENSG00000182732 ENSG00000205517 ENSG00000213654 ENSG00000135298 ENSG00000147799,RGS6 RGL3 GPSM3 ADGRB3 ARHGAP39
GO:MF,GO:0016787,hydrolase activity,0.06720519847513874,False,13,111,208,3629,ENSG00000182732 ENSG00000103811 ENSG00000073417 ENSG00000103056 ENSG00000116852 ENSG00000115896 ENSG00000124356 ENSG00000154822 ENSG00000133256 ENSG00000113448 ENSG00000137411 ENSG00000184903 ENSG00000147535,RGS6 CTSH PDE8A SMPD3 KIF21B PLCL1 STAMBP PLCL2 PDE6B PDE4D VARS2 IMMP2L PLPP5
GO:MF,GO:0030695,GTPase regulator activity,0.06720519847513874,False,5,111,44,3629,ENSG00000182732 ENSG00000205517 ENSG00000213654 ENSG00000135298 ENSG00000147799,RGS6 RGL3 GPSM3 ADGRB3 ARHGAP39
GO:BP,GO:0002764,immune response-regulating signaling pathway,0.06796812881982688,False,6,111,61,3629,ENSG00000103811 ENSG00000115085 ENSG00000154822 ENSG00000151422 ENSG00000113448 ENSG00000010810,CTSH ZAP70 PLCL2 FER PDE4D FYN
GO:BP,GO:0000902,cell morphogenesis,0.07008796151913214,False,7,111,80,3629,ENSG00000161813 ENSG00000242498 ENSG00000023902 ENSG00000251322 ENSG00000010810 ENSG00000135298 ENSG00000176406,LARP4 ARPIN PLEKHO1 SHANK3 FYN ADGRB3 RIMS2
GO:MF,GO:0005216,monoatomic ion channel activity,0.07050773396886274,False,4,111,29,3629,ENSG00000122986 ENSG00000007402 ENSG00000078795 ENSG00000155511,HVCN1 CACNA2D2 PKD2L2 GRIA1
GO:MF,GO:0015081,sodium ion transmembrane transporter activity,0.07248834569161024,False,3,111,16,3629,ENSG00000103042 ENSG00000162753 ENSG00000196517,SLC38A7 SLC9C2 SLC6A9
GO:MF,GO:0016757,glycosyltransferase activity,0.07248834569161024,False,3,111,16,3629,ENSG00000133687 ENSG00000135454 ENSG00000173273,TMTC1 B4GALNT1 TNKS
GO:MF,GO:0015078,proton transmembrane transporter activity,0.07248834569161024,False,3,111,16,3629,ENSG00000122986 ENSG00000162753 ENSG00000162426,HVCN1 SLC9C2 SLC45A1
GO:BP,GO:0002682,regulation of immune system process,0.074784991900325,False,11,111,165,3629,ENSG00000110497 ENSG00000103811 ENSG00000103056 ENSG00000115085 ENSG00000154822 ENSG00000150630 ENSG00000151422 ENSG00000113448 ENSG00000010810 ENSG00000213654 ENSG00000002822,AMBRA1 CTSH SMPD3 ZAP70 PLCL2 VEGFC FER PDE4D FYN GPSM3 MAD1L1
GO:BP,GO:0048598,embryonic morphogenesis,0.07514566436729239,False,5,111,45,3629,ENSG00000171310 ENSG00000251322 ENSG00000150630 ENSG00000131558 ENSG00000130635,CHST11 SHANK3 VEGFC EXOC4 COL5A1
GO:CC,GO:0099634,postsynaptic specialization membrane,0.07525322162237953,False,3,111,17,3629,ENSG00000156395 ENSG00000155511 ENSG00000135298,SORCS3 GRIA1 ADGRB3
GO:CC,GO:0031965,nuclear membrane,0.07525322162237953,False,4,111,31,3629,ENSG00000113448 ENSG00000070882 ENSG00000120907 ENSG00000173273,PDE4D OSBPL3 ADRA1A TNKS
GO:CC,GO:0005635,nuclear envelope,0.07525322162237953,False,5,111,47,3629,ENSG00000113448 ENSG00000002822 ENSG00000070882 ENSG00000120907 ENSG00000173273,PDE4D MAD1L1 OSBPL3 ADRA1A TNKS
GO:BP,GO:0048167,regulation of synaptic plasticity,0.07663845782720134,False,3,111,16,3629,ENSG00000156395 ENSG00000251322 ENSG00000155511,SORCS3 SHANK3 GRIA1
GO:BP,GO:0060047,heart contraction,0.07663845782720134,False,3,111,16,3629,ENSG00000113070 ENSG00000113448 ENSG00000120907,HBEGF PDE4D ADRA1A
GO:BP,GO:1905475,regulation of protein localization to membrane,0.07663845782720134,False,3,111,16,3629,ENSG00000251322 ENSG00000007402 ENSG00000010810,SHANK3 CACNA2D2 FYN
GO:BP,GO:1903522,regulation of blood circulation,0.07663845782720134,False,3,111,16,3629,ENSG00000113070 ENSG00000113448 ENSG00000120907,HBEGF PDE4D ADRA1A
GO:BP,GO:0006195,purine nucleotide catabolic process,0.07663845782720134,False,3,111,16,3629,ENSG00000111669 ENSG00000073417 ENSG00000113448,TPI1 PDE8A PDE4D
GO:BP,GO:0016567,protein ubiquitination,0.07693966422656133,False,6,111,63,3629,ENSG00000110497 ENSG00000089053 ENSG00000174579 ENSG00000010810 ENSG00000112659 ENSG00000173273,AMBRA1 ANAPC5 MSL2 FYN CUL9 TNKS
GO:BP,GO:0032880,regulation of protein localization,0.07693966422656133,False,6,111,63,3629,ENSG00000159023 ENSG00000053438 ENSG00000251322 ENSG00000007402 ENSG00000150630 ENSG00000010810,EPB41 NNAT SHANK3 CACNA2D2 VEGFC FYN
GO:BP,GO:0090068,positive regulation of cell cycle process,0.07992616431334162,False,4,111,30,3629,ENSG00000089053 ENSG00000103056 ENSG00000005483 ENSG00000002822,ANAPC5 SMPD3 KMT2E MAD1L1
GO:BP,GO:0033554,cellular response to stress,0.07992616431334162,False,12,111,190,3629,ENSG00000110497 ENSG00000151778 ENSG00000103056 ENSG00000258839 ENSG00000177374 ENSG00000104885 ENSG00000158019 ENSG00000174579 ENSG00000163635 ENSG00000151422 ENSG00000010810 ENSG00000184903,AMBRA1 SERP2 SMPD3 MC1R HIC1 DOT1L BABAM2 MSL2 ATXN7 FER FYN IMMP2L
GO:BP,GO:0007169,cell surface receptor protein tyrosine kinase signaling pathway,0.07999612961647665,False,5,111,46,3629,ENSG00000103056 ENSG00000150630 ENSG00000151422 ENSG00000113070 ENSG00000010810,SMPD3 VEGFC FER HBEGF FYN
GO:BP,GO:0017156,calcium-ion regulated exocytosis,0.08000598466361267,False,2,111,6,3629,ENSG00000149927 ENSG00000176406,DOC2A RIMS2
GO:BP,GO:1902101,positive regulation of metaphase/anaphase transition of cell cycle,0.08000598466361267,False,2,111,6,3629,ENSG00000089053 ENSG00000002822,ANAPC5 MAD1L1
GO:BP,GO:0090132,epithelium migration,0.08000598466361267,False,2,111,6,3629,ENSG00000103811 ENSG00000113070,CTSH HBEGF
GO:BP,GO:0019953,sexual reproduction,0.08000598466361267,False,8,111,103,3629,ENSG00000122986 ENSG00000089053 ENSG00000135454 ENSG00000157456 ENSG00000169594 ENSG00000178093 ENSG00000151422 ENSG00000184903,HVCN1 ANAPC5 B4GALNT1 CCNB2 BNC1 TSSK6 FER IMMP2L
GO:BP,GO:0035249,"synaptic transmission, glutamatergic",0.08000598466361267,False,2,111,6,3629,ENSG00000251322 ENSG00000155511,SHANK3 GRIA1
GO:BP,GO:0048661,positive regulation of smooth muscle cell proliferation,0.08000598466361267,False,2,111,6,3629,ENSG00000103056 ENSG00000113070,SMPD3 HBEGF
GO:BP,GO:0097061,dendritic spine organization,0.08000598466361267,False,2,111,6,3629,ENSG00000251322 ENSG00000010810,SHANK3 FYN
GO:BP,GO:0010631,epithelial cell migration,0.08000598466361267,False,2,111,6,3629,ENSG00000103811 ENSG00000113070,CTSH HBEGF
GO:BP,GO:0003333,amino acid transmembrane transport,0.08000598466361267,False,2,111,6,3629,ENSG00000103042 ENSG00000196517,SLC38A7 SLC6A9
GO:BP,GO:0034446,substrate adhesion-dependent cell spreading,0.08000598466361267,False,2,111,6,3629,ENSG00000151422 ENSG00000079691,FER CARMIL1
GO:BP,GO:0106027,neuron projection organization,0.08000598466361267,False,2,111,6,3629,ENSG00000251322 ENSG00000010810,SHANK3 FYN
GO:BP,GO:0019233,sensory perception of pain,0.08000598466361267,False,2,111,6,3629,ENSG00000258839 ENSG00000010810,MC1R FYN
GO:BP,GO:1903409,reactive oxygen species biosynthetic process,0.08000598466361267,False,2,111,6,3629,ENSG00000122986 ENSG00000010810,HVCN1 FYN
GO:BP,GO:0001775,cell activation,0.08000598466361267,False,8,111,103,3629,ENSG00000067082 ENSG00000110497 ENSG00000115085 ENSG00000154822 ENSG00000151422 ENSG00000010810 ENSG00000005483 ENSG00000002822,KLF6 AMBRA1 ZAP70 PLCL2 FER FYN KMT2E MAD1L1
GO:CC,GO:0034774,secretory granule lumen,0.08010866521073771,False,4,111,32,3629,ENSG00000103811 ENSG00000115828 ENSG00000055955 ENSG00000150630,CTSH QPCT ITIH4 VEGFC
GO:CC,GO:0060205,cytoplasmic vesicle lumen,0.08010866521073771,False,4,111,32,3629,ENSG00000103811 ENSG00000115828 ENSG00000055955 ENSG00000150630,CTSH QPCT ITIH4 VEGFC
GO:CC,GO:0031983,vesicle lumen,0.08010866521073771,False,4,111,32,3629,ENSG00000103811 ENSG00000115828 ENSG00000055955 ENSG00000150630,CTSH QPCT ITIH4 VEGFC
GO:MF,GO:0004117,"calmodulin-activated dual specificity 3',5'-cyclic-GMP, 3',5'-cyclic-AMP phosphodiesterase activity",0.08206659469031327,False,1,111,1,3629,ENSG00000133256,PDE6B
GO:MF,GO:0004169,dolichyl-phosphate-mannose-protein mannosyltransferase activity,0.08206659469031327,False,1,111,1,3629,ENSG00000133687,TMTC1
GO:MF,GO:0002061,pyrimidine nucleobase binding,0.08206659469031327,False,1,111,1,3629,ENSG00000188641,DPYD
GO:MF,GO:0005354,galactose transmembrane transporter activity,0.08206659469031327,False,1,111,1,3629,ENSG00000162426,SLC45A1
GO:MF,GO:0005356,D-glucose:proton symporter activity,0.08206659469031327,False,1,111,1,3629,ENSG00000162426,SLC45A1
GO:MF,GO:0005524,ATP binding,0.08206659469031327,False,9,111,130,3629,ENSG00000066735 ENSG00000178093 ENSG00000116852 ENSG00000196182 ENSG00000115085 ENSG00000151422 ENSG00000010810 ENSG00000137411 ENSG00000112659,KIF26A TSSK6 KIF21B STK40 ZAP70 FER FYN VARS2 CUL9
GO:MF,GO:0005543,phospholipid binding,0.08206659469031327,False,4,111,33,3629,ENSG00000120451 ENSG00000149927 ENSG00000103056 ENSG00000159023,SNX19 DOC2A SMPD3 EPB41
GO:MF,GO:0005545,1-phosphatidylinositol binding,0.08206659469031327,False,1,111,1,3629,ENSG00000159023,EPB41
GO:MF,GO:1990404,NAD+-protein mono-ADP-ribosyltransferase activity,0.08206659469031327,False,1,111,1,3629,ENSG00000173273,TNKS
GO:MF,GO:0008143,poly(A) binding,0.08206659469031327,False,1,111,1,3629,ENSG00000161813,LARP4
GO:MF,GO:0008179,adenylate cyclase binding,0.08206659469031327,False,1,111,1,3629,ENSG00000155511,GRIA1
GO:MF,GO:0008270,zinc ion binding,0.08206659469031327,False,13,111,232,3629,ENSG00000067082 ENSG00000169594 ENSG00000177374 ENSG00000186020 ENSG00000143614 ENSG00000100403 ENSG00000115828 ENSG00000174579 ENSG00000204231 ENSG00000112659 ENSG00000005483 ENSG00000176406 ENSG00000173273,KLF6 BNC1 HIC1 ZNF529 GATAD2B ZC3H7B QPCT MSL2 RXRB CUL9 KMT2E RIMS2 TNKS
GO:MF,GO:0140902,L-glutamine:sodium symporter activity,0.08206659469031327,False,1,111,1,3629,ENSG00000103042,SLC38A7
GO:MF,GO:0140901,L-asparagine:sodium symporter activity,0.08206659469031327,False,1,111,1,3629,ENSG00000103042,SLC38A7
GO:MF,GO:0140956,histone H3K79 trimethyltransferase activity,0.08206659469031327,False,1,111,1,3629,ENSG00000104885,DOT1L
GO:MF,GO:0141054,histone H2B ubiquitin ligase activity,0.08206659469031327,False,1,111,1,3629,ENSG00000174579,MSL2
GO:MF,GO:0140869,miRNA inhibitor activity via base-pairing,0.08206659469031327,False,1,111,1,3629,ENSG00000245532,NEAT1
GO:MF,GO:0005351,carbohydrate:proton symporter activity,0.08206659469031327,False,1,111,1,3629,ENSG00000162426,SLC45A1
GO:MF,GO:1901265,nucleoside phosphate binding,0.08206659469031327,False,11,111,185,3629,ENSG00000066735 ENSG00000178093 ENSG00000116852 ENSG00000196182 ENSG00000188641 ENSG00000115085 ENSG00000151422 ENSG00000113448 ENSG00000010810 ENSG00000137411 ENSG00000112659,KIF26A TSSK6 KIF21B STK40 DPYD ZAP70 FER PDE4D FYN VARS2 CUL9
GO:MF,GO:0140492,metal-dependent deubiquitinase activity,0.08206659469031327,False,1,111,1,3629,ENSG00000124356,STAMBP
GO:MF,GO:0140585,promoter-enhancer loop anchoring activity,0.08206659469031327,False,1,111,1,3629,ENSG00000174579,MSL2
GO:MF,GO:0140587,chromatin loop anchoring activity,0.08206659469031327,False,1,111,1,3629,ENSG00000174579,MSL2
GO:MF,GO:0140806,NAD+-protein-aspartate ADP-ribosyltransferase activity,0.08206659469031327,False,1,111,1,3629,ENSG00000173273,TNKS
GO:MF,GO:0140807,NAD+-protein-glutamate ADP-ribosyltransferase activity,0.08206659469031327,False,1,111,1,3629,ENSG00000173273,TNKS
GO:MF,GO:0098882,structural constituent of presynaptic active zone,0.08206659469031327,False,1,111,1,3629,ENSG00000176406,RIMS2
GO:MF,GO:0106260,DNA-DNA tethering activity,0.08206659469031327,False,1,111,1,3629,ENSG00000174579,MSL2
GO:MF,GO:0120570,sphingophospholipase activity,0.08206659469031327,False,1,111,1,3629,ENSG00000103056,SMPD3
GO:MF,GO:0097367,carbohydrate derivative binding,0.08206659469031327,False,12,111,199,3629,ENSG00000066735 ENSG00000178093 ENSG00000116852 ENSG00000196182 ENSG00000115085 ENSG00000151422 ENSG00000113070 ENSG00000113448 ENSG00000010810 ENSG00000137411 ENSG00000112659 ENSG00000130635,KIF26A TSSK6 KIF21B STK40 ZAP70 FER HBEGF PDE4D FYN VARS2 CUL9 COL5A1
GO:MF,GO:0008506,sucrose:proton symporter activity,0.08206659469031327,False,1,111,1,3629,ENSG00000162426,SLC45A1
GO:MF,GO:0008376,acetylgalactosaminyltransferase activity,0.08206659469031327,False,1,111,1,3629,ENSG00000135454,B4GALNT1
GO:MF,GO:0008515,sucrose transmembrane transporter activity,0.08206659469031327,False,1,111,1,3629,ENSG00000162426,SLC45A1
GO:MF,GO:0005172,vascular endothelial growth factor receptor binding,0.08206659469031327,False,1,111,1,3629,ENSG00000150630,VEGFC
GO:MF,GO:0015187,glycine transmembrane transporter activity,0.08206659469031327,False,1,111,1,3629,ENSG00000196517,SLC6A9
GO:MF,GO:0005244,voltage-gated monoatomic ion channel activity,0.08206659469031327,False,2,111,9,3629,ENSG00000122986 ENSG00000007402,HVCN1 CACNA2D2
GO:MF,GO:0061751,neutral sphingomyelin phosphodiesterase activity,0.08206659469031327,False,1,111,1,3629,ENSG00000103056,SMPD3
GO:MF,GO:0061980,regulatory RNA binding,0.08206659469031327,False,2,111,7,3629,ENSG00000245532 ENSG00000100403,NEAT1 ZC3H7B
GO:MF,GO:0070717,poly-purine tract binding,0.08206659469031327,False,1,111,1,3629,ENSG00000161813,LARP4
GO:MF,GO:0070324,thyroid hormone binding,0.08206659469031327,False,1,111,1,3629,ENSG00000103811,CTSH
GO:MF,GO:0008656,cysteine-type endopeptidase activator activity involved in apoptotic process,0.08206659469031327,False,1,111,1,3629,ENSG00000103811,CTSH
GO:MF,GO:0061578,K63-linked deubiquitinase activity,0.08206659469031327,False,1,111,1,3629,ENSG00000124356,STAMBP
GO:MF,GO:0004966,galanin receptor activity,0.08206659469031327,False,1,111,1,3629,ENSG00000166573,GALR1
GO:MF,GO:0009679,hexose:proton symporter activity,0.08206659469031327,False,1,111,1,3629,ENSG00000162426,SLC45A1
GO:MF,GO:0008929,methylglyoxal synthase activity,0.08206659469031327,False,1,111,1,3629,ENSG00000111669,TPI1
GO:MF,GO:0009669,sucrose:monoatomic cation symporter activity,0.08206659469031327,False,1,111,1,3629,ENSG00000162426,SLC45A1
GO:MF,GO:0004971,AMPA glutamate receptor activity,0.08206659469031327,False,1,111,1,3629,ENSG00000155511,GRIA1
GO:MF,GO:0015154,disaccharide transmembrane transporter activity,0.08206659469031327,False,1,111,1,3629,ENSG00000162426,SLC45A1
GO:MF,GO:0004980,melanocyte-stimulating hormone receptor activity,0.08206659469031327,False,1,111,1,3629,ENSG00000258839,MC1R
GO:MF,GO:0004977,melanocortin receptor activity,0.08206659469031327,False,1,111,1,3629,ENSG00000258839,MC1R
GO:MF,GO:0043515,kinetochore binding,0.08206659469031327,False,1,111,1,3629,ENSG00000002822,MAD1L1
GO:MF,GO:0043185,vascular endothelial growth factor receptor 3 binding,0.08206659469031327,False,1,111,1,3629,ENSG00000150630,VEGFC
GO:MF,GO:0015157,oligosaccharide transmembrane transporter activity,0.08206659469031327,False,1,111,1,3629,ENSG00000162426,SLC45A1
GO:MF,GO:0048101,"calmodulin-activated 3',5'-cyclic-GMP phosphodiesterase activity",0.08206659469031327,False,1,111,1,3629,ENSG00000133256,PDE6B
GO:MF,GO:0050659,N-acetylgalactosamine 4-sulfate 6-O-sulfotransferase activity,0.08206659469031327,False,1,111,1,3629,ENSG00000171310,CHST11
GO:MF,GO:0048407,platelet-derived growth factor binding,0.08206659469031327,False,1,111,1,3629,ENSG00000130635,COL5A1
GO:MF,GO:0050811,GABA receptor binding,0.08206659469031327,False,1,111,1,3629,ENSG00000154822,PLCL2
GO:MF,GO:0051020,GTPase binding,0.08206659469031327,False,4,111,33,3629,ENSG00000110497 ENSG00000205517 ENSG00000155511 ENSG00000176406,AMBRA1 RGL3 GRIA1 RIMS2
GO:MF,GO:0032555,purine ribonucleotide binding,0.08206659469031327,False,10,111,161,3629,ENSG00000066735 ENSG00000178093 ENSG00000116852 ENSG00000196182 ENSG00000115085 ENSG00000151422 ENSG00000113448 ENSG00000010810 ENSG00000137411 ENSG00000112659,KIF26A TSSK6 KIF21B STK40 ZAP70 FER PDE4D FYN VARS2 CUL9
GO:MF,GO:0035198,miRNA binding,0.08206659469031327,False,2,111,7,3629,ENSG00000245532 ENSG00000100403,NEAT1 ZC3H7B
GO:MF,GO:0032397,activating MHC class I receptor activity,0.08206659469031327,False,1,111,1,3629,ENSG00000103811,CTSH
GO:MF,GO:0032553,ribonucleotide binding,0.08206659469031327,False,10,111,162,3629,ENSG00000066735 ENSG00000178093 ENSG00000116852 ENSG00000196182 ENSG00000115085 ENSG00000151422 ENSG00000113448 ENSG00000010810 ENSG00000137411 ENSG00000112659,KIF26A TSSK6 KIF21B STK40 ZAP70 FER PDE4D FYN VARS2 CUL9
GO:MF,GO:0015295,solute:proton symporter activity,0.08206659469031327,False,1,111,1,3629,ENSG00000162426,SLC45A1
GO:MF,GO:0004937,alpha1-adrenergic receptor activity,0.08206659469031327,False,1,111,1,3629,ENSG00000120907,ADRA1A
GO:MF,GO:0004936,alpha-adrenergic receptor activity,0.08206659469031327,False,1,111,1,3629,ENSG00000120907,ADRA1A
GO:MF,GO:0015267,channel activity,0.08206659469031327,False,4,111,36,3629,ENSG00000122986 ENSG00000007402 ENSG00000078795 ENSG00000155511,HVCN1 CACNA2D2 PKD2L2 GRIA1
GO:MF,GO:0000810,diacylglycerol diphosphate phosphatase activity,0.08206659469031327,False,1,111,1,3629,ENSG00000147535,PLPP5
GO:MF,GO:0000030,mannosyltransferase activity,0.08206659469031327,False,1,111,1,3629,ENSG00000133687,TMTC1
GO:MF,GO:0000166,nucleotide binding,0.08206659469031327,False,11,111,184,3629,ENSG00000066735 ENSG00000178093 ENSG00000116852 ENSG00000196182 ENSG00000188641 ENSG00000115085 ENSG00000151422 ENSG00000113448 ENSG00000010810 ENSG00000137411 ENSG00000112659,KIF26A TSSK6 KIF21B STK40 DPYD ZAP70 FER PDE4D FYN VARS2 CUL9
GO:MF,GO:0003947,(N-acetylneuraminyl)-galactosylglucosylceramide N-acetylgalactosaminyltransferase activity,0.08206659469031327,False,1,111,1,3629,ENSG00000135454,B4GALNT1
GO:MF,GO:0003950,NAD+ poly-ADP-ribosyltransferase activity,0.08206659469031327,False,1,111,1,3629,ENSG00000173273,TNKS
GO:MF,GO:0016773,"phosphotransferase activity, alcohol group as acceptor",0.08206659469031327,False,5,111,55,3629,ENSG00000178093 ENSG00000196182 ENSG00000115085 ENSG00000151422 ENSG00000010810,TSSK6 STK40 ZAP70 FER FYN
GO:MF,GO:0017113,dihydropyrimidine dehydrogenase (NADP+) activity,0.08206659469031327,False,1,111,1,3629,ENSG00000188641,DPYD
GO:MF,GO:0017076,purine nucleotide binding,0.08206659469031327,False,11,111,171,3629,ENSG00000066735 ENSG00000178093 ENSG00000116852 ENSG00000196182 ENSG00000188641 ENSG00000115085 ENSG00000151422 ENSG00000113448 ENSG00000010810 ENSG00000137411 ENSG00000112659,KIF26A TSSK6 KIF21B STK40 DPYD ZAP70 FER PDE4D FYN VARS2 CUL9
GO:MF,GO:0004807,triose-phosphate isomerase activity,0.08206659469031327,False,1,111,1,3629,ENSG00000111669,TPI1
GO:MF,GO:0032393,MHC class I receptor activity,0.08206659469031327,False,1,111,1,3629,ENSG00000103811,CTSH
GO:MF,GO:0031151,histone H3K79 methyltransferase activity,0.08206659469031327,False,1,111,1,3629,ENSG00000104885,DOT1L
GO:MF,GO:0031802,type 5 metabotropic glutamate receptor binding,0.08206659469031327,False,1,111,1,3629,ENSG00000010810,FYN
GO:MF,GO:0030552,cAMP binding,0.08206659469031327,False,1,111,1,3629,ENSG00000113448,PDE4D
GO:MF,GO:0030171,voltage-gated proton channel activity,0.08206659469031327,False,1,111,1,3629,ENSG00000122986,HVCN1
GO:MF,GO:0030165,PDZ domain binding,0.08206659469031327,False,2,111,7,3629,ENSG00000155511 ENSG00000131558,GRIA1 EXOC4
GO:MF,GO:0030108,HLA-A specific activating MHC class I receptor activity,0.08206659469031327,False,1,111,1,3629,ENSG00000103811,CTSH
GO:MF,GO:0019902,phosphatase binding,0.08206659469031327,False,3,111,18,3629,ENSG00000110497 ENSG00000089053 ENSG00000151422,AMBRA1 ANAPC5 FER
GO:MF,GO:0022803,passive transmembrane transporter activity,0.08206659469031327,False,4,111,36,3629,ENSG00000122986 ENSG00000007402 ENSG00000078795 ENSG00000155511,HVCN1 CACNA2D2 PKD2L2 GRIA1
GO:MF,GO:0022804,active transmembrane transporter activity,0.08206659469031327,False,4,111,34,3629,ENSG00000103042 ENSG00000162753 ENSG00000196517 ENSG00000162426,SLC38A7 SLC9C2 SLC6A9 SLC45A1
GO:MF,GO:0022821,solute:potassium antiporter activity,0.08206659469031327,False,1,111,1,3629,ENSG00000162753,SLC9C2
GO:MF,GO:0015375,glycine:sodium symporter activity,0.08206659469031327,False,1,111,1,3629,ENSG00000196517,SLC6A9
GO:MF,GO:0015386,potassium:proton antiporter activity,0.08206659469031327,False,1,111,1,3629,ENSG00000162753,SLC9C2
GO:MF,GO:0015517,galactose:proton symporter activity,0.08206659469031327,False,1,111,1,3629,ENSG00000162426,SLC45A1
GO:MF,GO:0015655,alanine:sodium symporter activity,0.08206659469031327,False,1,111,1,3629,ENSG00000103042,SLC38A7
GO:MF,GO:0022836,gated channel activity,0.08206659469031327,False,3,111,22,3629,ENSG00000122986 ENSG00000007402 ENSG00000155511,HVCN1 CACNA2D2 GRIA1
GO:MF,GO:0022832,voltage-gated channel activity,0.08206659469031327,False,2,111,9,3629,ENSG00000122986 ENSG00000007402,HVCN1 CACNA2D2
GO:MF,GO:0022843,voltage-gated monoatomic cation channel activity,0.08206659469031327,False,2,111,8,3629,ENSG00000122986 ENSG00000007402,HVCN1 CACNA2D2
GO:MF,GO:0016772,"transferase activity, transferring phosphorus-containing groups",0.08206659469031327,False,6,111,73,3629,ENSG00000178093 ENSG00000196182 ENSG00000115085 ENSG00000151422 ENSG00000010810 ENSG00000173273,TSSK6 STK40 ZAP70 FER FYN TNKS
GO:MF,GO:0016603,glutaminyl-peptide cyclotransferase activity,0.08206659469031327,False,1,111,1,3629,ENSG00000115828,QPCT
GO:MF,GO:0016758,hexosyltransferase activity,0.08206659469031327,False,2,111,9,3629,ENSG00000133687 ENSG00000135454,TMTC1 B4GALNT1
GO:MF,GO:0004767,sphingomyelin phosphodiesterase activity,0.08206659469031327,False,1,111,1,3629,ENSG00000103056,SMPD3
GO:MF,GO:0016505,peptidase activator activity involved in apoptotic process,0.08206659469031327,False,1,111,1,3629,ENSG00000103811,CTSH
GO:MF,GO:0019887,protein kinase regulator activity,0.08206659469031327,False,3,111,21,3629,ENSG00000157456 ENSG00000073417 ENSG00000113070,CCNB2 PDE8A HBEGF
GO:MF,GO:0004672,protein kinase activity,0.08206659469031327,False,5,111,48,3629,ENSG00000178093 ENSG00000196182 ENSG00000115085 ENSG00000151422 ENSG00000010810,TSSK6 STK40 ZAP70 FER FYN
GO:MF,GO:0002058,uracil binding,0.08206659469031327,False,1,111,1,3629,ENSG00000188641,DPYD
GO:MF,GO:0002054,nucleobase binding,0.08206659469031327,False,1,111,1,3629,ENSG00000188641,DPYD
GO:MF,GO:0001965,G-protein alpha-subunit binding,0.08206659469031327,False,1,111,1,3629,ENSG00000155511,GRIA1
GO:MF,GO:0000182,rDNA binding,0.08206659469031327,False,1,111,1,3629,ENSG00000169594,BNC1
GO:MF,GO:0016861,"intramolecular oxidoreductase activity, interconverting aldoses and ketoses",0.08206659469031327,False,1,111,1,3629,ENSG00000111669,TPI1
GO:MF,GO:0016838,"carbon-oxygen lyase activity, acting on phosphates",0.08206659469031327,False,1,111,1,3629,ENSG00000111669,TPI1
GO:CC,GO:0030141,secretory granule,0.08279706823488567,False,7,111,87,3629,ENSG00000122986 ENSG00000103811 ENSG00000185518 ENSG00000196517 ENSG00000115828 ENSG00000055955 ENSG00000150630,HVCN1 CTSH SV2B SLC6A9 QPCT ITIH4 VEGFC
GO:BP,GO:0043269,regulation of monoatomic ion transport,0.08431222533286423,False,4,111,31,3629,ENSG00000159023 ENSG00000155511 ENSG00000113448 ENSG00000010810,EPB41 GRIA1 PDE4D FYN
GO:BP,GO:0034329,cell junction assembly,0.08431222533286423,False,4,111,31,3629,ENSG00000251322 ENSG00000151422 ENSG00000155511 ENSG00000135298,SHANK3 FER GRIA1 ADGRB3
GO:BP,GO:0060078,regulation of postsynaptic membrane potential,0.08431222533286423,False,3,111,17,3629,ENSG00000251322 ENSG00000155511 ENSG00000176406,SHANK3 GRIA1 RIMS2
GO:BP,GO:0030323,respiratory tube development,0.08431222533286423,False,3,111,17,3629,ENSG00000103811 ENSG00000103056 ENSG00000196182,CTSH SMPD3 STK40
GO:BP,GO:0007416,synapse assembly,0.08431222533286423,False,3,111,17,3629,ENSG00000251322 ENSG00000155511 ENSG00000135298,SHANK3 GRIA1 ADGRB3
GO:BP,GO:0030324,lung development,0.08431222533286423,False,3,111,17,3629,ENSG00000103811 ENSG00000103056 ENSG00000196182,CTSH SMPD3 STK40
GO:BP,GO:0072593,reactive oxygen species metabolic process,0.08431222533286423,False,3,111,17,3629,ENSG00000122986 ENSG00000010810 ENSG00000184903,HVCN1 FYN IMMP2L
GO:BP,GO:0000302,response to reactive oxygen species,0.08431222533286423,False,3,111,17,3629,ENSG00000103056 ENSG00000151422 ENSG00000010810,SMPD3 FER FYN
GO:BP,GO:0045931,positive regulation of mitotic cell cycle,0.08431222533286423,False,3,111,17,3629,ENSG00000089053 ENSG00000005483 ENSG00000002822,ANAPC5 KMT2E MAD1L1
GO:MF,GO:0019207,kinase regulator activity,0.08432474378539295,False,3,111,23,3629,ENSG00000157456 ENSG00000073417 ENSG00000113070,CCNB2 PDE8A HBEGF
GO:CC,GO:0030658,transport vesicle membrane,0.08658396927807084,False,4,111,33,3629,ENSG00000185518 ENSG00000149927 ENSG00000196517 ENSG00000155511,SV2B DOC2A SLC6A9 GRIA1
GO:CC,GO:0005891,voltage-gated calcium channel complex,0.08661900786632122,False,2,111,7,3629,ENSG00000007402 ENSG00000113448,CACNA2D2 PDE4D
GO:CC,GO:0097431,mitotic spindle pole,0.08661900786632122,False,2,111,7,3629,ENSG00000002822 ENSG00000173273,MAD1L1 TNKS
GO:CC,GO:0140535,intracellular protein-containing complex,0.08701371808732587,False,6,111,69,3629,ENSG00000110497 ENSG00000089053 ENSG00000158019 ENSG00000174579 ENSG00000163635 ENSG00000112659,AMBRA1 ANAPC5 BABAM2 MSL2 ATXN7 CUL9
GO:MF,GO:0044877,protein-containing complex binding,0.08748838779901302,False,8,111,123,3629,ENSG00000245532 ENSG00000171877 ENSG00000178093 ENSG00000143614 ENSG00000159023 ENSG00000155511 ENSG00000079691 ENSG00000130635,NEAT1 FRMD5 TSSK6 GATAD2B EPB41 GRIA1 CARMIL1 COL5A1
GO:MF,GO:0016301,kinase activity,0.08748838779901302,False,5,111,59,3629,ENSG00000178093 ENSG00000196182 ENSG00000115085 ENSG00000151422 ENSG00000010810,TSSK6 STK40 ZAP70 FER FYN
GO:BP,GO:0005975,carbohydrate metabolic process,0.08899726177004365,False,5,111,48,3629,ENSG00000171310 ENSG00000135454 ENSG00000111669 ENSG00000103056 ENSG00000196182,CHST11 B4GALNT1 TPI1 SMPD3 STK40
GO:BP,GO:0044089,positive regulation of cellular component biogenesis,0.08899726177004365,False,5,111,48,3629,ENSG00000110497 ENSG00000103056 ENSG00000151422 ENSG00000079691 ENSG00000135298,AMBRA1 SMPD3 FER CARMIL1 ADGRB3
GO:BP,GO:0035641,locomotory exploration behavior,0.0891027567600207,False,1,111,1,3629,ENSG00000251322,SHANK3
GO:BP,GO:0002551,mast cell chemotaxis,0.0891027567600207,False,1,111,1,3629,ENSG00000150630,VEGFC
GO:BP,GO:0002322,B cell proliferation involved in immune response,0.0891027567600207,False,1,111,1,3629,ENSG00000154822,PLCL2
GO:BP,GO:0002337,B-1a B cell differentiation,0.0891027567600207,False,1,111,1,3629,ENSG00000154822,PLCL2
GO:BP,GO:0002429,immune response-activating cell surface receptor signaling pathway,0.0891027567600207,False,4,111,35,3629,ENSG00000115085 ENSG00000154822 ENSG00000113448 ENSG00000010810,ZAP70 PLCL2 PDE4D FYN
GO:BP,GO:0048790,maintenance of presynaptic active zone structure,0.0891027567600207,False,1,111,1,3629,ENSG00000176406,RIMS2
GO:BP,GO:0050665,hydrogen peroxide biosynthetic process,0.0891027567600207,False,1,111,1,3629,ENSG00000010810,FYN
GO:BP,GO:0071872,cellular response to epinephrine stimulus,0.0891027567600207,False,1,111,1,3629,ENSG00000113448,PDE4D
GO:BP,GO:0071875,adrenergic receptor signaling pathway,0.0891027567600207,False,2,111,7,3629,ENSG00000113448 ENSG00000120907,PDE4D ADRA1A
GO:BP,GO:0071882,phospholipase C-activating adrenergic receptor signaling pathway,0.0891027567600207,False,1,111,1,3629,ENSG00000120907,ADRA1A
GO:BP,GO:0003025,regulation of systemic arterial blood pressure by baroreceptor feedback,0.0891027567600207,False,1,111,1,3629,ENSG00000120907,ADRA1A
GO:BP,GO:1903365,regulation of fear response,0.0891027567600207,False,1,111,1,3629,ENSG00000251322,SHANK3
GO:BP,GO:0003057,regulation of the force of heart contraction by chemical signal,0.0891027567600207,False,1,111,1,3629,ENSG00000120907,ADRA1A
GO:BP,GO:0002685,regulation of leukocyte migration,0.0891027567600207,False,3,111,20,3629,ENSG00000103056 ENSG00000150630 ENSG00000213654,SMPD3 VEGFC GPSM3
GO:BP,GO:0048534,hematopoietic or lymphoid organ development,0.0891027567600207,False,2,111,8,3629,ENSG00000157456 ENSG00000002822,CCNB2 MAD1L1
GO:BP,GO:0035677,posterior lateral line neuromast hair cell development,0.0891027567600207,False,1,111,1,3629,ENSG00000181291,TMEM132E
GO:BP,GO:0090520,sphingolipid mediated signaling pathway,0.0891027567600207,False,1,111,1,3629,ENSG00000103056,SMPD3
GO:BP,GO:0090522,vesicle tethering involved in exocytosis,0.0891027567600207,False,1,111,1,3629,ENSG00000131558,EXOC4
GO:BP,GO:0097062,dendritic spine maintenance,0.0891027567600207,False,1,111,1,3629,ENSG00000010810,FYN
GO:BP,GO:0042770,signal transduction in response to DNA damage,0.0891027567600207,False,3,111,21,3629,ENSG00000177374 ENSG00000104885 ENSG00000158019,HIC1 DOT1L BABAM2
GO:BP,GO:0071593,lymphocyte aggregation,0.0891027567600207,False,1,111,1,3629,ENSG00000115085,ZAP70
GO:BP,GO:0071695,anatomical structure maturation,0.0891027567600207,False,3,111,18,3629,ENSG00000120451 ENSG00000169594 ENSG00000135298,SNX19 BNC1 ADGRB3
GO:BP,GO:0002027,regulation of heart rate,0.0891027567600207,False,2,111,7,3629,ENSG00000113448 ENSG00000120907,PDE4D ADRA1A
GO:BP,GO:0032754,positive regulation of interleukin-5 production,0.0891027567600207,False,1,111,1,3629,ENSG00000113448,PDE4D
GO:BP,GO:0097734,extracellular exosome biogenesis,0.0891027567600207,False,1,111,1,3629,ENSG00000103056,SMPD3
GO:BP,GO:1900273,positive regulation of long-term synaptic potentiation,0.0891027567600207,False,1,111,1,3629,ENSG00000251322,SHANK3
GO:BP,GO:1900451,positive regulation of glutamate receptor signaling pathway,0.0891027567600207,False,1,111,1,3629,ENSG00000251322,SHANK3
GO:BP,GO:0009790,embryo development,0.0891027567600207,False,7,111,87,3629,ENSG00000110497 ENSG00000171310 ENSG00000157456 ENSG00000251322 ENSG00000150630 ENSG00000131558 ENSG00000130635,AMBRA1 CHST11 CCNB2 SHANK3 VEGFC EXOC4 COL5A1
GO:BP,GO:0006071,glycerol metabolic process,0.0891027567600207,False,1,111,1,3629,ENSG00000111669,TPI1
GO:BP,GO:0048170,positive regulation of long-term neuronal synaptic plasticity,0.0891027567600207,False,1,111,1,3629,ENSG00000251322,SHANK3
GO:BP,GO:0048312,intracellular distribution of mitochondria,0.0891027567600207,False,1,111,1,3629,ENSG00000104442,ARMC1
GO:BP,GO:0048340,paraxial mesoderm morphogenesis,0.0891027567600207,False,1,111,1,3629,ENSG00000131558,EXOC4
GO:BP,GO:0048341,paraxial mesoderm formation,0.0891027567600207,False,1,111,1,3629,ENSG00000131558,EXOC4
GO:BP,GO:0046928,regulation of neurotransmitter secretion,0.0891027567600207,False,2,111,8,3629,ENSG00000185518 ENSG00000176406,SV2B RIMS2
GO:BP,GO:0003099,positive regulation of the force of heart contraction by chemical signal,0.0891027567600207,False,1,111,1,3629,ENSG00000120907,ADRA1A
GO:BP,GO:0003321,positive regulation of blood pressure by epinephrine-norepinephrine,0.0891027567600207,False,1,111,1,3629,ENSG00000120907,ADRA1A
GO:BP,GO:0003413,chondrocyte differentiation involved in endochondral bone morphogenesis,0.0891027567600207,False,1,111,1,3629,ENSG00000103056,SMPD3
GO:BP,GO:0003433,chondrocyte development involved in endochondral bone morphogenesis,0.0891027567600207,False,1,111,1,3629,ENSG00000103056,SMPD3
GO:BP,GO:0048484,enteric nervous system development,0.0891027567600207,False,1,111,1,3629,ENSG00000066735,KIF26A
GO:BP,GO:0010310,regulation of hydrogen peroxide metabolic process,0.0891027567600207,False,1,111,1,3629,ENSG00000010810,FYN
GO:BP,GO:0010459,negative regulation of heart rate,0.0891027567600207,False,1,111,1,3629,ENSG00000120907,ADRA1A
GO:BP,GO:0002694,regulation of leukocyte activation,0.0891027567600207,False,5,111,55,3629,ENSG00000110497 ENSG00000115085 ENSG00000151422 ENSG00000010810 ENSG00000002822,AMBRA1 ZAP70 FER FYN MAD1L1
GO:BP,GO:0097531,mast cell migration,0.0891027567600207,False,1,111,1,3629,ENSG00000150630,VEGFC
GO:BP,GO:0097688,glutamate receptor clustering,0.0891027567600207,False,1,111,1,3629,ENSG00000251322,SHANK3
GO:BP,GO:0038134,ERBB2-EGFR signaling pathway,0.0891027567600207,False,1,111,1,3629,ENSG00000113070,HBEGF
GO:BP,GO:0038135,ERBB2-ERBB4 signaling pathway,0.0891027567600207,False,1,111,1,3629,ENSG00000113070,HBEGF
GO:BP,GO:0040008,regulation of growth,0.0891027567600207,False,5,111,55,3629,ENSG00000066735 ENSG00000157456 ENSG00000007402 ENSG00000113070 ENSG00000176406,KIF26A CCNB2 CACNA2D2 HBEGF RIMS2
GO:BP,GO:0035930,corticosteroid hormone secretion,0.0891027567600207,False,1,111,1,3629,ENSG00000166573,GALR1
GO:BP,GO:0035933,glucocorticoid secretion,0.0891027567600207,False,1,111,1,3629,ENSG00000166573,GALR1
GO:BP,GO:0035989,tendon development,0.0891027567600207,False,1,111,1,3629,ENSG00000130635,COL5A1
GO:BP,GO:0036075,replacement ossification,0.0891027567600207,False,1,111,1,3629,ENSG00000103056,SMPD3
GO:BP,GO:0036119,response to platelet-derived growth factor,0.0891027567600207,False,2,111,7,3629,ENSG00000151422 ENSG00000010810,FER FYN
GO:BP,GO:1901645,regulation of synoviocyte proliferation,0.0891027567600207,False,1,111,1,3629,ENSG00000245532,NEAT1
GO:BP,GO:1901647,positive regulation of synoviocyte proliferation,0.0891027567600207,False,1,111,1,3629,ENSG00000245532,NEAT1
GO:BP,GO:0001985,negative regulation of heart rate involved in baroreceptor response to increased systemic arterial blood pressure,0.0891027567600207,False,1,111,1,3629,ENSG00000120907,ADRA1A
GO:BP,GO:0048916,posterior lateral line development,0.0891027567600207,False,1,111,1,3629,ENSG00000181291,TMEM132E
GO:BP,GO:0048919,posterior lateral line neuromast development,0.0891027567600207,False,1,111,1,3629,ENSG00000181291,TMEM132E
GO:BP,GO:0048923,posterior lateral line neuromast hair cell differentiation,0.0891027567600207,False,1,111,1,3629,ENSG00000181291,TMEM132E
GO:BP,GO:1901898,negative regulation of relaxation of cardiac muscle,0.0891027567600207,False,1,111,1,3629,ENSG00000113448,PDE4D
GO:BP,GO:1901976,regulation of cell cycle checkpoint,0.0891027567600207,False,2,111,7,3629,ENSG00000158019 ENSG00000002822,BABAM2 MAD1L1
GO:BP,GO:1903829,positive regulation of protein localization,0.0891027567600207,False,4,111,38,3629,ENSG00000159023 ENSG00000053438 ENSG00000150630 ENSG00000010810,EPB41 NNAT VEGFC FYN
GO:BP,GO:0001944,vasculature development,0.0891027567600207,False,6,111,76,3629,ENSG00000103811 ENSG00000150630 ENSG00000010810 ENSG00000135298 ENSG00000184903 ENSG00000130635,CTSH VEGFC FYN ADGRB3 IMMP2L COL5A1
GO:BP,GO:0001945,lymph vessel development,0.0891027567600207,False,1,111,1,3629,ENSG00000150630,VEGFC
GO:BP,GO:0001946,lymphangiogenesis,0.0891027567600207,False,1,111,1,3629,ENSG00000150630,VEGFC
GO:BP,GO:0001958,endochondral ossification,0.0891027567600207,False,1,111,1,3629,ENSG00000103056,SMPD3
GO:BP,GO:0001976,nervous system process involved in regulation of systemic arterial blood pressure,0.0891027567600207,False,1,111,1,3629,ENSG00000120907,ADRA1A
GO:BP,GO:0001978,regulation of systemic arterial blood pressure by carotid sinus baroreceptor feedback,0.0891027567600207,False,1,111,1,3629,ENSG00000120907,ADRA1A
GO:BP,GO:0001983,baroreceptor response to increased systemic arterial blood pressure,0.0891027567600207,False,1,111,1,3629,ENSG00000120907,ADRA1A
GO:BP,GO:0048915,posterior lateral line system development,0.0891027567600207,False,1,111,1,3629,ENSG00000181291,TMEM132E
GO:BP,GO:0001994,norepinephrine-epinephrine vasoconstriction involved in regulation of systemic arterial blood pressure,0.0891027567600207,False,1,111,1,3629,ENSG00000120907,ADRA1A
GO:BP,GO:0001996,positive regulation of heart rate by epinephrine-norepinephrine,0.0891027567600207,False,1,111,1,3629,ENSG00000120907,ADRA1A
GO:BP,GO:0001997,positive regulation of the force of heart contraction by epinephrine-norepinephrine,0.0891027567600207,False,1,111,1,3629,ENSG00000120907,ADRA1A
GO:BP,GO:0002011,morphogenesis of an epithelial sheet,0.0891027567600207,False,2,111,7,3629,ENSG00000113070 ENSG00000130635,HBEGF COL5A1
GO:BP,GO:0050807,regulation of synapse organization,0.0891027567600207,False,3,111,21,3629,ENSG00000251322 ENSG00000010810 ENSG00000135298,SHANK3 FYN ADGRB3
GO:BP,GO:0050966,detection of mechanical stimulus involved in sensory perception of pain,0.0891027567600207,False,1,111,1,3629,ENSG00000010810,FYN
GO:BP,GO:0060541,respiratory system development,0.0891027567600207,False,3,111,18,3629,ENSG00000103811 ENSG00000103056 ENSG00000196182,CTSH SMPD3 STK40
GO:BP,GO:0010730,negative regulation of hydrogen peroxide biosynthetic process,0.0891027567600207,False,1,111,1,3629,ENSG00000010810,FYN
GO:BP,GO:0010608,post-transcriptional regulation of gene expression,0.0891027567600207,False,5,111,53,3629,ENSG00000245532 ENSG00000161813 ENSG00000100354 ENSG00000100403 ENSG00000082153,NEAT1 LARP4 TNRC6B ZC3H7B BZW1
GO:BP,GO:0032674,regulation of interleukin-5 production,0.0891027567600207,False,1,111,1,3629,ENSG00000113448,PDE4D
GO:BP,GO:0032212,positive regulation of telomere maintenance via telomerase,0.0891027567600207,False,1,111,1,3629,ENSG00000173273,TNKS
GO:BP,GO:0032230,"positive regulation of synaptic transmission, GABAergic",0.0891027567600207,False,1,111,1,3629,ENSG00000120907,ADRA1A
GO:BP,GO:0090267,positive regulation of mitotic cell cycle spindle assembly checkpoint,0.0891027567600207,False,1,111,1,3629,ENSG00000002822,MAD1L1
GO:BP,GO:0048703,embryonic viscerocranium morphogenesis,0.0891027567600207,False,1,111,1,3629,ENSG00000171310,CHST11
GO:BP,GO:1901989,positive regulation of cell cycle phase transition,0.0891027567600207,False,3,111,19,3629,ENSG00000089053 ENSG00000005483 ENSG00000002822,ANAPC5 KMT2E MAD1L1
GO:BP,GO:1901526,positive regulation of mitophagy,0.0891027567600207,False,1,111,1,3629,ENSG00000110497,AMBRA1
GO:BP,GO:0090325,regulation of locomotion involved in locomotory behavior,0.0891027567600207,False,1,111,1,3629,ENSG00000155511,GRIA1
GO:BP,GO:0090326,positive regulation of locomotion involved in locomotory behavior,0.0891027567600207,False,1,111,1,3629,ENSG00000155511,GRIA1
GO:BP,GO:0009175,pyrimidine ribonucleoside monophosphate catabolic process,0.0891027567600207,False,1,111,1,3629,ENSG00000188641,DPYD
GO:BP,GO:0009176,pyrimidine deoxyribonucleoside monophosphate metabolic process,0.0891027567600207,False,1,111,1,3629,ENSG00000188641,DPYD
GO:BP,GO:0009178,pyrimidine deoxyribonucleoside monophosphate catabolic process,0.0891027567600207,False,1,111,1,3629,ENSG00000188641,DPYD
GO:BP,GO:0045785,positive regulation of cell adhesion,0.0891027567600207,False,5,111,51,3629,ENSG00000110497 ENSG00000171877 ENSG00000115085 ENSG00000010810 ENSG00000079691,AMBRA1 FRMD5 ZAP70 FYN CARMIL1
GO:BP,GO:0006814,sodium ion transport,0.0891027567600207,False,3,111,18,3629,ENSG00000103042 ENSG00000162753 ENSG00000196517,SLC38A7 SLC9C2 SLC6A9
GO:BP,GO:0006612,protein targeting to membrane,0.0891027567600207,False,2,111,8,3629,ENSG00000120725 ENSG00000010810,SIL1 FYN
GO:BP,GO:0007063,regulation of sister chromatid cohesion,0.0891027567600207,False,1,111,1,3629,ENSG00000173273,TNKS
GO:BP,GO:0006979,response to oxidative stress,0.0891027567600207,False,4,111,36,3629,ENSG00000103056 ENSG00000151422 ENSG00000010810 ENSG00000168077,SMPD3 FER FYN SCARA3
GO:BP,GO:0071871,response to epinephrine,0.0891027567600207,False,1,111,1,3629,ENSG00000113448,PDE4D
GO:BP,GO:0035426,extracellular matrix-cell signaling,0.0891027567600207,False,1,111,1,3629,ENSG00000151422,FER
GO:BP,GO:0035640,exploration behavior,0.0891027567600207,False,1,111,1,3629,ENSG00000251322,SHANK3
GO:BP,GO:0098883,synapse pruning,0.0891027567600207,False,1,111,1,3629,ENSG00000135298,ADGRB3
GO:BP,GO:0010727,negative regulation of hydrogen peroxide metabolic process,0.0891027567600207,False,1,111,1,3629,ENSG00000010810,FYN
GO:BP,GO:0032774,RNA biosynthetic process,0.0891027567600207,False,19,111,386,3629,ENSG00000067082 ENSG00000110497 ENSG00000133687 ENSG00000166133 ENSG00000169594 ENSG00000073417 ENSG00000258839 ENSG00000177374 ENSG00000166573 ENSG00000104885 ENSG00000186020 ENSG00000143614 ENSG00000100403 ENSG00000174579 ENSG00000163635 ENSG00000204231 ENSG00000005483 ENSG00000173273 ENSG00000167157,KLF6 AMBRA1 TMTC1 RPUSD2 BNC1 PDE8A MC1R HIC1 GALR1 DOT1L ZNF529 GATAD2B ZC3H7B MSL2 ATXN7 RXRB KMT2E TNKS PRRX2
GO:BP,GO:0032943,mononuclear cell proliferation,0.0891027567600207,False,4,111,32,3629,ENSG00000115085 ENSG00000154822 ENSG00000010810 ENSG00000002822,ZAP70 PLCL2 FYN MAD1L1
GO:BP,GO:0032446,protein modification by small protein conjugation,0.0891027567600207,False,6,111,70,3629,ENSG00000110497 ENSG00000089053 ENSG00000174579 ENSG00000010810 ENSG00000112659 ENSG00000173273,AMBRA1 ANAPC5 MSL2 FYN CUL9 TNKS
GO:BP,GO:0032634,interleukin-5 production,0.0891027567600207,False,1,111,1,3629,ENSG00000113448,PDE4D
GO:BP,GO:0010587,miRNA catabolic process,0.0891027567600207,False,1,111,1,3629,ENSG00000245532,NEAT1
GO:BP,GO:1903541,regulation of exosomal secretion,0.0891027567600207,False,1,111,1,3629,ENSG00000103056,SMPD3
GO:BP,GO:1903543,positive regulation of exosomal secretion,0.0891027567600207,False,1,111,1,3629,ENSG00000103056,SMPD3
GO:BP,GO:0048881,mechanosensory lateral line system development,0.0891027567600207,False,1,111,1,3629,ENSG00000181291,TMEM132E
GO:BP,GO:0045765,regulation of angiogenesis,0.0891027567600207,False,4,111,32,3629,ENSG00000103811 ENSG00000150630 ENSG00000010810 ENSG00000135298,CTSH VEGFC FYN ADGRB3
GO:BP,GO:0072521,purine-containing compound metabolic process,0.0891027567600207,False,5,111,53,3629,ENSG00000111669 ENSG00000073417 ENSG00000188641 ENSG00000113448 ENSG00000079691,TPI1 PDE8A DPYD PDE4D CARMIL1
GO:BP,GO:0072578,neurotransmitter-gated ion channel clustering,0.0891027567600207,False,1,111,1,3629,ENSG00000251322,SHANK3
GO:BP,GO:0072697,protein localization to cell cortex,0.0891027567600207,False,1,111,1,3629,ENSG00000159023,EPB41
GO:BP,GO:0046050,UMP catabolic process,0.0891027567600207,False,1,111,1,3629,ENSG00000188641,DPYD
GO:BP,GO:0046063,dCMP metabolic process,0.0891027567600207,False,1,111,1,3629,ENSG00000188641,DPYD
GO:BP,GO:0045838,positive regulation of membrane potential,0.0891027567600207,False,1,111,1,3629,ENSG00000155511,GRIA1
GO:BP,GO:0006468,protein phosphorylation,0.0891027567600207,False,6,111,69,3629,ENSG00000178093 ENSG00000196182 ENSG00000115085 ENSG00000151422 ENSG00000010810 ENSG00000173273,TSSK6 STK40 ZAP70 FER FYN TNKS
GO:BP,GO:0006351,DNA-templated transcription,0.0891027567600207,False,16,111,307,3629,ENSG00000067082 ENSG00000110497 ENSG00000169594 ENSG00000073417 ENSG00000258839 ENSG00000177374 ENSG00000166573 ENSG00000104885 ENSG00000186020 ENSG00000143614 ENSG00000174579 ENSG00000163635 ENSG00000204231 ENSG00000005483 ENSG00000173273 ENSG00000167157,KLF6 AMBRA1 BNC1 PDE8A MC1R HIC1 GALR1 DOT1L ZNF529 GATAD2B MSL2 ATXN7 RXRB KMT2E TNKS PRRX2
GO:BP,GO:0006644,phospholipid metabolic process,0.0891027567600207,False,4,111,33,3629,ENSG00000103056 ENSG00000115896 ENSG00000154822 ENSG00000147535,SMPD3 PLCL1 PLCL2 PLPP5
GO:BP,GO:0045875,negative regulation of sister chromatid cohesion,0.0891027567600207,False,1,111,1,3629,ENSG00000173273,TNKS
GO:BP,GO:0045927,positive regulation of growth,0.0891027567600207,False,3,111,22,3629,ENSG00000007402 ENSG00000113070 ENSG00000176406,CACNA2D2 HBEGF RIMS2
GO:BP,GO:0045668,negative regulation of osteoblast differentiation,0.0891027567600207,False,1,111,1,3629,ENSG00000150630,VEGFC
GO:BP,GO:0045760,positive regulation of action potential,0.0891027567600207,False,1,111,1,3629,ENSG00000120907,ADRA1A
GO:BP,GO:0090130,tissue migration,0.0891027567600207,False,2,111,7,3629,ENSG00000103811 ENSG00000113070,CTSH HBEGF
GO:BP,GO:0009173,pyrimidine ribonucleoside monophosphate metabolic process,0.0891027567600207,False,1,111,1,3629,ENSG00000188641,DPYD
GO:BP,GO:0046035,CMP metabolic process,0.0891027567600207,False,1,111,1,3629,ENSG00000188641,DPYD
GO:BP,GO:0046049,UMP metabolic process,0.0891027567600207,False,1,111,1,3629,ENSG00000188641,DPYD
GO:BP,GO:0006355,regulation of DNA-templated transcription,0.0891027567600207,False,16,111,299,3629,ENSG00000067082 ENSG00000110497 ENSG00000169594 ENSG00000073417 ENSG00000258839 ENSG00000177374 ENSG00000166573 ENSG00000104885 ENSG00000186020 ENSG00000143614 ENSG00000174579 ENSG00000163635 ENSG00000204231 ENSG00000005483 ENSG00000173273 ENSG00000167157,KLF6 AMBRA1 BNC1 PDE8A MC1R HIC1 GALR1 DOT1L ZNF529 GATAD2B MSL2 ATXN7 RXRB KMT2E TNKS PRRX2
GO:BP,GO:0006144,purine nucleobase metabolic process,0.0891027567600207,False,1,111,1,3629,ENSG00000188641,DPYD
GO:BP,GO:0006145,purine nucleobase catabolic process,0.0891027567600207,False,1,111,1,3629,ENSG00000188641,DPYD
GO:BP,GO:0006206,pyrimidine nucleobase metabolic process,0.0891027567600207,False,1,111,1,3629,ENSG00000188641,DPYD
GO:BP,GO:0006208,pyrimidine nucleobase catabolic process,0.0891027567600207,False,1,111,1,3629,ENSG00000188641,DPYD
GO:BP,GO:0006210,thymine catabolic process,0.0891027567600207,False,1,111,1,3629,ENSG00000188641,DPYD
GO:BP,GO:0006212,uracil catabolic process,0.0891027567600207,False,1,111,1,3629,ENSG00000188641,DPYD
GO:BP,GO:1901342,regulation of vasculature development,0.0891027567600207,False,4,111,33,3629,ENSG00000103811 ENSG00000150630 ENSG00000010810 ENSG00000135298,CTSH VEGFC FYN ADGRB3
GO:BP,GO:1901401,regulation of tetrapyrrole metabolic process,0.0891027567600207,False,1,111,1,3629,ENSG00000196517,SLC6A9
GO:BP,GO:0009129,pyrimidine nucleoside monophosphate metabolic process,0.0891027567600207,False,1,111,1,3629,ENSG00000188641,DPYD
GO:BP,GO:0060452,positive regulation of cardiac muscle contraction,0.0891027567600207,False,1,111,1,3629,ENSG00000120907,ADRA1A
GO:BP,GO:0060359,response to ammonium ion,0.0891027567600207,False,1,111,1,3629,ENSG00000155511,GRIA1
GO:BP,GO:0019860,uracil metabolic process,0.0891027567600207,False,1,111,1,3629,ENSG00000188641,DPYD
GO:BP,GO:2000851,positive regulation of glucocorticoid secretion,0.0891027567600207,False,1,111,1,3629,ENSG00000166573,GALR1
GO:BP,GO:2001141,regulation of RNA biosynthetic process,0.0891027567600207,False,16,111,299,3629,ENSG00000067082 ENSG00000110497 ENSG00000169594 ENSG00000073417 ENSG00000258839 ENSG00000177374 ENSG00000166573 ENSG00000104885 ENSG00000186020 ENSG00000143614 ENSG00000174579 ENSG00000163635 ENSG00000204231 ENSG00000005483 ENSG00000173273 ENSG00000167157,KLF6 AMBRA1 BNC1 PDE8A MC1R HIC1 GALR1 DOT1L ZNF529 GATAD2B MSL2 ATXN7 RXRB KMT2E TNKS PRRX2
GO:BP,GO:0060448,dichotomous subdivision of terminal units involved in lung branching,0.0891027567600207,False,1,111,1,3629,ENSG00000103811,CTSH
GO:BP,GO:0120179,adherens junction disassembly,0.0891027567600207,False,1,111,1,3629,ENSG00000151422,FER
GO:BP,GO:2000821,regulation of grooming behavior,0.0891027567600207,False,1,111,1,3629,ENSG00000251322,SHANK3
GO:BP,GO:0021756,striatum development,0.0891027567600207,False,1,111,1,3629,ENSG00000251322,SHANK3
GO:BP,GO:0021700,developmental maturation,0.0891027567600207,False,3,111,22,3629,ENSG00000120451 ENSG00000169594 ENSG00000135298,SNX19 BNC1 ADGRB3
GO:BP,GO:0061792,secretory granule maturation,0.0891027567600207,False,1,111,1,3629,ENSG00000120451,SNX19
GO:BP,GO:0060600,dichotomous subdivision of an epithelial terminal unit,0.0891027567600207,False,1,111,1,3629,ENSG00000103811,CTSH
GO:BP,GO:2000627,positive regulation of miRNA catabolic process,0.0891027567600207,False,1,111,1,3629,ENSG00000245532,NEAT1
GO:BP,GO:1901463,regulation of tetrapyrrole biosynthetic process,0.0891027567600207,False,1,111,1,3629,ENSG00000196517,SLC6A9
GO:BP,GO:0009131,pyrimidine nucleoside monophosphate catabolic process,0.0891027567600207,False,1,111,1,3629,ENSG00000188641,DPYD
GO:BP,GO:0035194,regulatory ncRNA-mediated post-transcriptional gene silencing,0.0891027567600207,False,2,111,9,3629,ENSG00000245532 ENSG00000100354,NEAT1 TNRC6B
GO:BP,GO:0035195,miRNA-mediated post-transcriptional gene silencing,0.0891027567600207,False,2,111,9,3629,ENSG00000245532 ENSG00000100354,NEAT1 TNRC6B
GO:BP,GO:0035269,protein O-linked glycosylation via mannose,0.0891027567600207,False,1,111,1,3629,ENSG00000133687,TMTC1
GO:BP,GO:0008643,carbohydrate transport,0.0891027567600207,False,2,111,8,3629,ENSG00000103056 ENSG00000162426,SMPD3 SLC45A1
GO:BP,GO:0006915,apoptotic process,0.0891027567600207,False,10,111,156,3629,ENSG00000110497 ENSG00000171310 ENSG00000103811 ENSG00000177374 ENSG00000196182 ENSG00000158019 ENSG00000124356 ENSG00000133256 ENSG00000010810 ENSG00000120907,AMBRA1 CHST11 CTSH HIC1 STK40 BABAM2 STAMBP PDE6B FYN ADRA1A
GO:BP,GO:0006929,substrate-dependent cell migration,0.0891027567600207,False,1,111,1,3629,ENSG00000150630,VEGFC
GO:BP,GO:2000846,regulation of corticosteroid hormone secretion,0.0891027567600207,False,1,111,1,3629,ENSG00000166573,GALR1
GO:BP,GO:0060754,positive regulation of mast cell chemotaxis,0.0891027567600207,False,1,111,1,3629,ENSG00000150630,VEGFC
GO:BP,GO:0060291,long-term synaptic potentiation,0.0891027567600207,False,2,111,9,3629,ENSG00000251322 ENSG00000155511,SHANK3 GRIA1
GO:BP,GO:0060326,cell chemotaxis,0.0891027567600207,False,3,111,21,3629,ENSG00000150630 ENSG00000113070 ENSG00000213654,VEGFC HBEGF GPSM3
GO:BP,GO:2000822,regulation of behavioral fear response,0.0891027567600207,False,1,111,1,3629,ENSG00000251322,SHANK3
GO:BP,GO:0046135,pyrimidine nucleoside catabolic process,0.0891027567600207,False,1,111,1,3629,ENSG00000188641,DPYD
GO:BP,GO:0046104,thymidine metabolic process,0.0891027567600207,False,1,111,1,3629,ENSG00000188641,DPYD
GO:BP,GO:0046113,nucleobase catabolic process,0.0891027567600207,False,1,111,1,3629,ENSG00000188641,DPYD
GO:BP,GO:0046121,deoxyribonucleoside catabolic process,0.0891027567600207,False,1,111,1,3629,ENSG00000188641,DPYD
GO:BP,GO:0034285,response to disaccharide,0.0891027567600207,False,1,111,1,3629,ENSG00000155511,GRIA1
GO:BP,GO:0033058,directional locomotion,0.0891027567600207,False,1,111,1,3629,ENSG00000242498,ARPIN
GO:BP,GO:1900193,regulation of oocyte maturation,0.0891027567600207,False,1,111,1,3629,ENSG00000169594,BNC1
GO:BP,GO:0009744,response to sucrose,0.0891027567600207,False,1,111,1,3629,ENSG00000155511,GRIA1
GO:BP,GO:0005976,polysaccharide metabolic process,0.0891027567600207,False,2,111,7,3629,ENSG00000103056 ENSG00000196182,SMPD3 STK40
GO:BP,GO:0002941,synoviocyte proliferation,0.0891027567600207,False,1,111,1,3629,ENSG00000245532,NEAT1
GO:BP,GO:0007625,grooming behavior,0.0891027567600207,False,1,111,1,3629,ENSG00000251322,SHANK3
GO:BP,GO:1900195,positive regulation of oocyte maturation,0.0891027567600207,False,1,111,1,3629,ENSG00000169594,BNC1
GO:BP,GO:0046125,pyrimidine deoxyribonucleoside metabolic process,0.0891027567600207,False,1,111,1,3629,ENSG00000188641,DPYD
GO:BP,GO:0046127,pyrimidine deoxyribonucleoside catabolic process,0.0891027567600207,False,1,111,1,3629,ENSG00000188641,DPYD
GO:BP,GO:0046079,dUMP catabolic process,0.0891027567600207,False,1,111,1,3629,ENSG00000188641,DPYD
GO:BP,GO:0046174,polyol catabolic process,0.0891027567600207,False,1,111,1,3629,ENSG00000111669,TPI1
GO:BP,GO:0048010,vascular endothelial growth factor receptor signaling pathway,0.0891027567600207,False,2,111,8,3629,ENSG00000150630 ENSG00000010810,VEGFC FYN
GO:BP,GO:0046649,lymphocyte activation,0.0891027567600207,False,6,111,76,3629,ENSG00000067082 ENSG00000110497 ENSG00000115085 ENSG00000154822 ENSG00000010810 ENSG00000002822,KLF6 AMBRA1 ZAP70 PLCL2 FYN MAD1L1
GO:BP,GO:0046651,lymphocyte proliferation,0.0891027567600207,False,4,111,32,3629,ENSG00000115085 ENSG00000154822 ENSG00000010810 ENSG00000002822,ZAP70 PLCL2 FYN MAD1L1
GO:BP,GO:0141161,regulation of cAMP/PKA signal transduction,0.0891027567600207,False,1,111,1,3629,ENSG00000258839,MC1R
GO:BP,GO:0141163,positive regulation of cAMP/PKA signal transduction,0.0891027567600207,False,1,111,1,3629,ENSG00000258839,MC1R
GO:BP,GO:0141187,nucleic acid biosynthetic process,0.0891027567600207,False,20,111,395,3629,ENSG00000067082 ENSG00000110497 ENSG00000133687 ENSG00000166133 ENSG00000169594 ENSG00000073417 ENSG00000103056 ENSG00000258839 ENSG00000177374 ENSG00000166573 ENSG00000104885 ENSG00000186020 ENSG00000143614 ENSG00000100403 ENSG00000174579 ENSG00000163635 ENSG00000204231 ENSG00000005483 ENSG00000173273 ENSG00000167157,KLF6 AMBRA1 TMTC1 RPUSD2 BNC1 PDE8A SMPD3 MC1R HIC1 GALR1 DOT1L ZNF529 GATAD2B ZC3H7B MSL2 ATXN7 RXRB KMT2E TNKS PRRX2
GO:BP,GO:0150147,cell-cell junction disassembly,0.0891027567600207,False,1,111,1,3629,ENSG00000151422,FER
GO:BP,GO:1901653,cellular response to peptide,0.0891027567600207,False,1,111,1,3629,ENSG00000103056,SMPD3
GO:BP,GO:0007167,enzyme-linked receptor protein signaling pathway,0.0891027567600207,False,6,111,70,3629,ENSG00000171310 ENSG00000103056 ENSG00000150630 ENSG00000151422 ENSG00000113070 ENSG00000010810,CHST11 SMPD3 VEGFC FER HBEGF FYN
GO:BP,GO:0007057,spindle assembly involved in female meiosis I,0.0891027567600207,False,1,111,1,3629,ENSG00000157456,CCNB2
GO:BP,GO:0043200,response to amino acid,0.0891027567600207,False,2,111,8,3629,ENSG00000155511 ENSG00000010810,GRIA1 FYN
GO:BP,GO:0009249,protein lipoylation,0.0891027567600207,False,1,111,1,3629,ENSG00000053438,NNAT
GO:BP,GO:1901465,positive regulation of tetrapyrrole biosynthetic process,0.0891027567600207,False,1,111,1,3629,ENSG00000196517,SLC6A9
GO:BP,GO:1901490,regulation of lymphangiogenesis,0.0891027567600207,False,1,111,1,3629,ENSG00000150630,VEGFC
GO:BP,GO:0090128,regulation of synapse maturation,0.0891027567600207,False,1,111,1,3629,ENSG00000135298,ADGRB3
GO:BP,GO:0009314,response to radiation,0.0891027567600207,False,4,111,38,3629,ENSG00000258839 ENSG00000158019 ENSG00000133256 ENSG00000168077,MC1R BABAM2 PDE6B SCARA3
GO:BP,GO:0009222,pyrimidine ribonucleotide catabolic process,0.0891027567600207,False,1,111,1,3629,ENSG00000188641,DPYD
GO:BP,GO:0034599,cellular response to oxidative stress,0.0891027567600207,False,3,111,21,3629,ENSG00000103056 ENSG00000151422 ENSG00000010810,SMPD3 FER FYN
GO:BP,GO:0034654,nucleobase-containing compound biosynthetic process,0.0891027567600207,False,20,111,418,3629,ENSG00000067082 ENSG00000110497 ENSG00000133687 ENSG00000166133 ENSG00000169594 ENSG00000073417 ENSG00000103056 ENSG00000258839 ENSG00000177374 ENSG00000166573 ENSG00000104885 ENSG00000186020 ENSG00000143614 ENSG00000100403 ENSG00000174579 ENSG00000163635 ENSG00000204231 ENSG00000005483 ENSG00000173273 ENSG00000167157,KLF6 AMBRA1 TMTC1 RPUSD2 BNC1 PDE8A SMPD3 MC1R HIC1 GALR1 DOT1L ZNF529 GATAD2B ZC3H7B MSL2 ATXN7 RXRB KMT2E TNKS PRRX2
GO:BP,GO:1902744,negative regulation of lamellipodium organization,0.0891027567600207,False,1,111,1,3629,ENSG00000242498,ARPIN
GO:BP,GO:0034765,regulation of monoatomic ion transmembrane transport,0.0891027567600207,False,3,111,21,3629,ENSG00000155511 ENSG00000113448 ENSG00000010810,GRIA1 PDE4D FYN
GO:BP,GO:0034091,regulation of maintenance of sister chromatid cohesion,0.0891027567600207,False,1,111,1,3629,ENSG00000173273,TNKS
GO:BP,GO:0034092,negative regulation of maintenance of sister chromatid cohesion,0.0891027567600207,False,1,111,1,3629,ENSG00000173273,TNKS
GO:BP,GO:0034182,regulation of maintenance of mitotic sister chromatid cohesion,0.0891027567600207,False,1,111,1,3629,ENSG00000173273,TNKS
GO:BP,GO:0034183,negative regulation of maintenance of mitotic sister chromatid cohesion,0.0891027567600207,False,1,111,1,3629,ENSG00000173273,TNKS
GO:BP,GO:0010728,regulation of hydrogen peroxide biosynthetic process,0.0891027567600207,False,1,111,1,3629,ENSG00000010810,FYN
GO:BP,GO:0009259,ribonucleotide metabolic process,0.0891027567600207,False,4,111,32,3629,ENSG00000111669 ENSG00000073417 ENSG00000188641 ENSG00000113448,TPI1 PDE8A DPYD PDE4D
GO:BP,GO:0045471,response to ethanol,0.0891027567600207,False,2,111,8,3629,ENSG00000155511 ENSG00000010810,GRIA1 FYN
GO:BP,GO:0045112,integrin biosynthetic process,0.0891027567600207,False,1,111,1,3629,ENSG00000130635,COL5A1
GO:BP,GO:1901492,positive regulation of lymphangiogenesis,0.0891027567600207,False,1,111,1,3629,ENSG00000150630,VEGFC
GO:BP,GO:0009158,ribonucleoside monophosphate catabolic process,0.0891027567600207,False,1,111,1,3629,ENSG00000188641,DPYD
GO:BP,GO:0006213,pyrimidine nucleoside metabolic process,0.0891027567600207,False,1,111,1,3629,ENSG00000188641,DPYD
GO:BP,GO:0006214,thymidine catabolic process,0.0891027567600207,False,1,111,1,3629,ENSG00000188641,DPYD
GO:BP,GO:0006248,CMP catabolic process,0.0891027567600207,False,1,111,1,3629,ENSG00000188641,DPYD
GO:BP,GO:0006249,dCMP catabolic process,0.0891027567600207,False,1,111,1,3629,ENSG00000188641,DPYD
GO:BP,GO:1902950,regulation of dendritic spine maintenance,0.0891027567600207,False,1,111,1,3629,ENSG00000010810,FYN
GO:BP,GO:1902951,negative regulation of dendritic spine maintenance,0.0891027567600207,False,1,111,1,3629,ENSG00000010810,FYN
GO:BP,GO:0046078,dUMP metabolic process,0.0891027567600207,False,1,111,1,3629,ENSG00000188641,DPYD
GO:BP,GO:0016081,synaptic vesicle docking,0.0891027567600207,False,1,111,1,3629,ENSG00000176406,RIMS2
GO:BP,GO:0009112,nucleobase metabolic process,0.0891027567600207,False,1,111,1,3629,ENSG00000188641,DPYD
GO:BP,GO:0043242,negative regulation of protein-containing complex disassembly,0.0891027567600207,False,2,111,7,3629,ENSG00000163635 ENSG00000079691,ATXN7 CARMIL1
GO:BP,GO:0043243,positive regulation of protein-containing complex disassembly,0.0891027567600207,False,1,111,1,3629,ENSG00000079691,CARMIL1
GO:BP,GO:0043244,regulation of protein-containing complex disassembly,0.0891027567600207,False,2,111,7,3629,ENSG00000163635 ENSG00000079691,ATXN7 CARMIL1
GO:BP,GO:1990911,response to psychosocial stress,0.0891027567600207,False,1,111,1,3629,ENSG00000155511,GRIA1
GO:BP,GO:0051640,organelle localization,0.0891027567600207,False,5,111,52,3629,ENSG00000103056 ENSG00000131558 ENSG00000002822 ENSG00000176406 ENSG00000104442,SMPD3 EXOC4 MAD1L1 RIMS2 ARMC1
GO:BP,GO:1905664,regulation of calcium ion import across plasma membrane,0.0891027567600207,False,1,111,1,3629,ENSG00000010810,FYN
GO:BP,GO:1905806,regulation of synapse pruning,0.0891027567600207,False,1,111,1,3629,ENSG00000135298,ADGRB3
GO:BP,GO:0016310,phosphorylation,0.0891027567600207,False,6,111,76,3629,ENSG00000178093 ENSG00000196182 ENSG00000115085 ENSG00000151422 ENSG00000010810 ENSG00000173273,TSSK6 STK40 ZAP70 FER FYN TNKS
GO:BP,GO:0016322,neuron remodeling,0.0891027567600207,False,1,111,1,3629,ENSG00000135298,ADGRB3
GO:BP,GO:0016358,dendrite development,0.0891027567600207,False,3,111,18,3629,ENSG00000251322 ENSG00000010810 ENSG00000135298,SHANK3 FYN ADGRB3
GO:BP,GO:0016579,protein deubiquitination,0.0891027567600207,False,2,111,9,3629,ENSG00000158019 ENSG00000124356,BABAM2 STAMBP
GO:BP,GO:0016051,carbohydrate biosynthetic process,0.0891027567600207,False,3,111,18,3629,ENSG00000171310 ENSG00000111669 ENSG00000103056,CHST11 TPI1 SMPD3
GO:BP,GO:0097195,pilomotor reflex,0.0891027567600207,False,1,111,1,3629,ENSG00000120907,ADRA1A
GO:BP,GO:1905820,positive regulation of chromosome separation,0.0891027567600207,False,2,111,8,3629,ENSG00000089053 ENSG00000002822,ANAPC5 MAD1L1
GO:BP,GO:1990009,retinal cell apoptotic process,0.0891027567600207,False,1,111,1,3629,ENSG00000133256,PDE6B
GO:BP,GO:0051823,regulation of synapse structural plasticity,0.0891027567600207,False,1,111,1,3629,ENSG00000251322,SHANK3
GO:BP,GO:0051835,positive regulation of synapse structural plasticity,0.0891027567600207,False,1,111,1,3629,ENSG00000251322,SHANK3
GO:BP,GO:0051897,positive regulation of phosphatidylinositol 3-kinase/protein kinase B signal transduction,0.0891027567600207,False,3,111,19,3629,ENSG00000110497 ENSG00000151422 ENSG00000113070,AMBRA1 FER HBEGF
GO:BP,GO:0051898,negative regulation of phosphatidylinositol 3-kinase/protein kinase B signal transduction,0.0891027567600207,False,2,111,8,3629,ENSG00000103056 ENSG00000124356,SMPD3 STAMBP
GO:BP,GO:0060092,"regulation of synaptic transmission, glycinergic",0.0891027567600207,False,1,111,1,3629,ENSG00000196517,SLC6A9
GO:BP,GO:0019482,beta-alanine metabolic process,0.0891027567600207,False,1,111,1,3629,ENSG00000188641,DPYD
GO:BP,GO:0022411,cellular component disassembly,0.0891027567600207,False,4,111,37,3629,ENSG00000163635 ENSG00000151422 ENSG00000079691 ENSG00000135298,ATXN7 FER CARMIL1 ADGRB3
GO:BP,GO:0022414,reproductive process,0.0891027567600207,False,8,111,121,3629,ENSG00000122986 ENSG00000089053 ENSG00000135454 ENSG00000157456 ENSG00000169594 ENSG00000178093 ENSG00000151422 ENSG00000184903,HVCN1 ANAPC5 B4GALNT1 CCNB2 BNC1 TSSK6 FER IMMP2L
GO:BP,GO:0099587,inorganic ion import across plasma membrane,0.0891027567600207,False,2,111,7,3629,ENSG00000162753 ENSG00000010810,SLC9C2 FYN
GO:BP,GO:0019483,beta-alanine biosynthetic process,0.0891027567600207,False,1,111,1,3629,ENSG00000188641,DPYD
GO:BP,GO:0051924,regulation of calcium ion transport,0.0891027567600207,False,3,111,22,3629,ENSG00000159023 ENSG00000113448 ENSG00000010810,EPB41 PDE4D FYN
GO:BP,GO:0051638,barbed-end actin filament uncapping,0.0891027567600207,False,1,111,1,3629,ENSG00000079691,CARMIL1
GO:BP,GO:0030212,hyaluronan metabolic process,0.0891027567600207,False,2,111,8,3629,ENSG00000103056 ENSG00000055955,SMPD3 ITIH4
GO:BP,GO:0012501,programmed cell death,0.0891027567600207,False,10,111,161,3629,ENSG00000110497 ENSG00000171310 ENSG00000103811 ENSG00000177374 ENSG00000196182 ENSG00000158019 ENSG00000124356 ENSG00000133256 ENSG00000010810 ENSG00000120907,AMBRA1 CHST11 CTSH HIC1 STK40 BABAM2 STAMBP PDE6B FYN ADRA1A
GO:BP,GO:2000026,regulation of multicellular organismal development,0.0891027567600207,False,9,111,136,3629,ENSG00000110497 ENSG00000103811 ENSG00000103056 ENSG00000251322 ENSG00000115085 ENSG00000150630 ENSG00000010810 ENSG00000204231 ENSG00000135298,AMBRA1 CTSH SMPD3 SHANK3 ZAP70 VEGFC FYN RXRB ADGRB3
GO:BP,GO:0007613,memory,0.0891027567600207,False,3,111,18,3629,ENSG00000156395 ENSG00000251322 ENSG00000155511,SORCS3 SHANK3 GRIA1
GO:BP,GO:0043149,stress fiber assembly,0.0891027567600207,False,2,111,8,3629,ENSG00000079691 ENSG00000158106,CARMIL1 RHPN1
GO:BP,GO:0043366,beta selection,0.0891027567600207,False,1,111,1,3629,ENSG00000115085,ZAP70
GO:BP,GO:0044087,regulation of cellular component biogenesis,0.0891027567600207,False,7,111,87,3629,ENSG00000110497 ENSG00000103056 ENSG00000251322 ENSG00000151422 ENSG00000079691 ENSG00000135298 ENSG00000158106,AMBRA1 SMPD3 SHANK3 FER CARMIL1 ADGRB3 RHPN1
GO:BP,GO:0007260,tyrosine phosphorylation of STAT protein,0.0891027567600207,False,1,111,1,3629,ENSG00000151422,FER
GO:BP,GO:1901879,regulation of protein depolymerization,0.0891027567600207,False,2,111,7,3629,ENSG00000163635 ENSG00000079691,ATXN7 CARMIL1
GO:BP,GO:1901880,negative regulation of protein depolymerization,0.0891027567600207,False,2,111,7,3629,ENSG00000163635 ENSG00000079691,ATXN7 CARMIL1
GO:BP,GO:1901881,positive regulation of protein depolymerization,0.0891027567600207,False,1,111,1,3629,ENSG00000079691,CARMIL1
GO:BP,GO:1901897,regulation of relaxation of cardiac muscle,0.0891027567600207,False,1,111,1,3629,ENSG00000113448,PDE4D
GO:BP,GO:0051962,positive regulation of nervous system development,0.0891027567600207,False,3,111,22,3629,ENSG00000251322 ENSG00000150630 ENSG00000135298,SHANK3 VEGFC ADGRB3
GO:BP,GO:0030038,contractile actin filament bundle assembly,0.0891027567600207,False,2,111,8,3629,ENSG00000079691 ENSG00000158106,CARMIL1 RHPN1
GO:BP,GO:0051464,positive regulation of cortisol secretion,0.0891027567600207,False,1,111,1,3629,ENSG00000166573,GALR1
GO:BP,GO:0051497,negative regulation of stress fiber assembly,0.0891027567600207,False,1,111,1,3629,ENSG00000158106,RHPN1
GO:BP,GO:0051549,positive regulation of keratinocyte migration,0.0891027567600207,False,1,111,1,3629,ENSG00000113070,HBEGF
GO:BP,GO:0007276,gamete generation,0.0891027567600207,False,6,111,70,3629,ENSG00000135454 ENSG00000157456 ENSG00000169594 ENSG00000178093 ENSG00000151422 ENSG00000184903,B4GALNT1 CCNB2 BNC1 TSSK6 FER IMMP2L
GO:BP,GO:0042330,taxis,0.0891027567600207,False,4,111,34,3629,ENSG00000150630 ENSG00000151422 ENSG00000113070 ENSG00000213654,VEGFC FER HBEGF GPSM3
GO:BP,GO:0042391,regulation of membrane potential,0.0891027567600207,False,4,111,32,3629,ENSG00000251322 ENSG00000155511 ENSG00000176406 ENSG00000120907,SHANK3 GRIA1 RIMS2 ADRA1A
GO:BP,GO:0042440,pigment metabolic process,0.0891027567600207,False,2,111,7,3629,ENSG00000258839 ENSG00000196517,MC1R SLC6A9
GO:BP,GO:0007292,female gamete generation,0.0891027567600207,False,3,111,19,3629,ENSG00000157456 ENSG00000169594 ENSG00000184903,CCNB2 BNC1 IMMP2L
GO:BP,GO:0097117,guanylate kinase-associated protein clustering,0.0891027567600207,False,1,111,1,3629,ENSG00000251322,SHANK3
GO:BP,GO:0097151,positive regulation of inhibitory postsynaptic potential,0.0891027567600207,False,1,111,1,3629,ENSG00000176406,RIMS2
GO:BP,GO:0097154,GABAergic neuron differentiation,0.0891027567600207,False,1,111,1,3629,ENSG00000251322,SHANK3
GO:BP,GO:0097187,dentinogenesis,0.0891027567600207,False,1,111,1,3629,ENSG00000103056,SMPD3
GO:BP,GO:0019242,methylglyoxal biosynthetic process,0.0891027567600207,False,1,111,1,3629,ENSG00000111669,TPI1
GO:BP,GO:0019693,ribose phosphate metabolic process,0.0891027567600207,False,4,111,33,3629,ENSG00000111669 ENSG00000073417 ENSG00000188641 ENSG00000113448,TPI1 PDE8A DPYD PDE4D
GO:BP,GO:0019725,cellular homeostasis,0.0891027567600207,False,5,111,56,3629,ENSG00000110497 ENSG00000122986 ENSG00000185518 ENSG00000162753 ENSG00000251322,AMBRA1 HVCN1 SV2B SLC9C2 SHANK3
GO:BP,GO:0019859,thymine metabolic process,0.0891027567600207,False,1,111,1,3629,ENSG00000188641,DPYD
GO:BP,GO:0060753,regulation of mast cell chemotaxis,0.0891027567600207,False,1,111,1,3629,ENSG00000150630,VEGFC
GO:BP,GO:0021537,telencephalon development,0.0891027567600207,False,3,111,18,3629,ENSG00000066735 ENSG00000251322 ENSG00000155511,KIF26A SHANK3 GRIA1
GO:BP,GO:0021544,subpallium development,0.0891027567600207,False,1,111,1,3629,ENSG00000251322,SHANK3
GO:BP,GO:2000833,positive regulation of steroid hormone secretion,0.0891027567600207,False,1,111,1,3629,ENSG00000166573,GALR1
GO:BP,GO:0110088,hippocampal neuron apoptotic process,0.0891027567600207,False,1,111,1,3629,ENSG00000124356,STAMBP
GO:BP,GO:0110089,regulation of hippocampal neuron apoptotic process,0.0891027567600207,False,1,111,1,3629,ENSG00000124356,STAMBP
GO:BP,GO:0061300,cerebellum vasculature development,0.0891027567600207,False,1,111,1,3629,ENSG00000184903,IMMP2L
GO:BP,GO:0060992,response to fungicide,0.0891027567600207,False,1,111,1,3629,ENSG00000155511,GRIA1
GO:BP,GO:2000813,negative regulation of barbed-end actin filament capping,0.0891027567600207,False,1,111,1,3629,ENSG00000079691,CARMIL1
GO:BP,GO:2000831,regulation of steroid hormone secretion,0.0891027567600207,False,1,111,1,3629,ENSG00000166573,GALR1
GO:BP,GO:0019563,glycerol catabolic process,0.0891027567600207,False,1,111,1,3629,ENSG00000111669,TPI1
GO:BP,GO:0019405,alditol catabolic process,0.0891027567600207,False,1,111,1,3629,ENSG00000111669,TPI1
GO:BP,GO:2000241,regulation of reproductive process,0.0891027567600207,False,3,111,18,3629,ENSG00000122986 ENSG00000089053 ENSG00000169594,HVCN1 ANAPC5 BNC1
GO:BP,GO:2000253,positive regulation of feeding behavior,0.0891027567600207,False,1,111,1,3629,ENSG00000258839,MC1R
GO:BP,GO:2000625,regulation of miRNA catabolic process,0.0891027567600207,False,1,111,1,3629,ENSG00000245532,NEAT1
GO:BP,GO:2000812,regulation of barbed-end actin filament capping,0.0891027567600207,False,1,111,1,3629,ENSG00000079691,CARMIL1
GO:BP,GO:2000573,positive regulation of DNA biosynthetic process,0.0891027567600207,False,1,111,1,3629,ENSG00000173273,TNKS
GO:BP,GO:2000848,positive regulation of corticosteroid hormone secretion,0.0891027567600207,False,1,111,1,3629,ENSG00000166573,GALR1
GO:BP,GO:2000849,regulation of glucocorticoid secretion,0.0891027567600207,False,1,111,1,3629,ENSG00000166573,GALR1
GO:BP,GO:0060259,regulation of feeding behavior,0.0891027567600207,False,1,111,1,3629,ENSG00000258839,MC1R
GO:BP,GO:0070212,protein poly-ADP-ribosylation,0.0891027567600207,False,1,111,1,3629,ENSG00000173273,TNKS
GO:BP,GO:0061028,establishment of endothelial barrier,0.0891027567600207,False,1,111,1,3629,ENSG00000113448,PDE4D
GO:BP,GO:0061061,muscle structure development,0.0891027567600207,False,5,111,56,3629,ENSG00000023902 ENSG00000007402 ENSG00000113070 ENSG00000135298 ENSG00000120907,PLEKHO1 CACNA2D2 HBEGF ADGRB3 ADRA1A
GO:BP,GO:1901078,negative regulation of relaxation of muscle,0.0891027567600207,False,1,111,1,3629,ENSG00000113448,PDE4D
GO:BP,GO:0017186,"peptidyl-pyroglutamic acid biosynthetic process, using glutaminyl-peptide cyclotransferase",0.0891027567600207,False,1,111,1,3629,ENSG00000115828,QPCT
GO:BP,GO:0018199,peptidyl-glutamine modification,0.0891027567600207,False,1,111,1,3629,ENSG00000115828,QPCT
GO:BP,GO:0060012,"synaptic transmission, glycinergic",0.0891027567600207,False,1,111,1,3629,ENSG00000196517,SLC6A9
GO:BP,GO:0070213,protein auto-ADP-ribosylation,0.0891027567600207,False,1,111,1,3629,ENSG00000173273,TNKS
GO:BP,GO:0070301,cellular response to hydrogen peroxide,0.0891027567600207,False,2,111,9,3629,ENSG00000103056 ENSG00000010810,SMPD3 FYN
GO:BP,GO:0070371,ERK1 and ERK2 cascade,0.0891027567600207,False,3,111,22,3629,ENSG00000103811 ENSG00000073417 ENSG00000120907,CTSH PDE8A ADRA1A
GO:BP,GO:0070453,regulation of heme biosynthetic process,0.0891027567600207,False,1,111,1,3629,ENSG00000196517,SLC6A9
GO:BP,GO:0070455,positive regulation of heme biosynthetic process,0.0891027567600207,False,1,111,1,3629,ENSG00000196517,SLC6A9
GO:BP,GO:0060425,lung morphogenesis,0.0891027567600207,False,2,111,7,3629,ENSG00000103811 ENSG00000196182,CTSH STK40
GO:BP,GO:1901844,regulation of cell communication by electrical coupling involved in cardiac conduction,0.0891027567600207,False,1,111,1,3629,ENSG00000113448,PDE4D
GO:BP,GO:0036303,lymph vessel morphogenesis,0.0891027567600207,False,1,111,1,3629,ENSG00000150630,VEGFC
GO:BP,GO:0038095,Fc-epsilon receptor signaling pathway,0.0891027567600207,False,1,111,1,3629,ENSG00000151422,FER
GO:BP,GO:1901077,regulation of relaxation of muscle,0.0891027567600207,False,1,111,1,3629,ENSG00000113448,PDE4D
GO:BP,GO:0043400,cortisol secretion,0.0891027567600207,False,1,111,1,3629,ENSG00000166573,GALR1
GO:BP,GO:0110091,negative regulation of hippocampal neuron apoptotic process,0.0891027567600207,False,1,111,1,3629,ENSG00000124356,STAMBP
GO:BP,GO:0070486,leukocyte aggregation,0.0891027567600207,False,1,111,1,3629,ENSG00000115085,ZAP70
GO:BP,GO:0070489,T cell aggregation,0.0891027567600207,False,1,111,1,3629,ENSG00000115085,ZAP70
GO:BP,GO:0061743,motor learning,0.0891027567600207,False,1,111,1,3629,ENSG00000135298,ADGRB3
GO:BP,GO:1990182,exosomal secretion,0.0891027567600207,False,1,111,1,3629,ENSG00000103056,SMPD3
GO:BP,GO:1990416,cellular response to brain-derived neurotrophic factor stimulus,0.0891027567600207,False,1,111,1,3629,ENSG00000155511,GRIA1
GO:BP,GO:1990502,dense core granule maturation,0.0891027567600207,False,1,111,1,3629,ENSG00000120451,SNX19
GO:BP,GO:1990708,conditioned place preference,0.0891027567600207,False,1,111,1,3629,ENSG00000155511,GRIA1
GO:BP,GO:1990709,presynaptic active zone organization,0.0891027567600207,False,1,111,1,3629,ENSG00000176406,RIMS2
GO:BP,GO:2000393,negative regulation of lamellipodium morphogenesis,0.0891027567600207,False,1,111,1,3629,ENSG00000242498,ARPIN
GO:BP,GO:0021773,striatal medium spiny neuron differentiation,0.0891027567600207,False,1,111,1,3629,ENSG00000251322,SHANK3
GO:BP,GO:0021987,cerebral cortex development,0.0891027567600207,False,2,111,9,3629,ENSG00000066735 ENSG00000155511,KIF26A GRIA1
GO:BP,GO:0097114,NMDA glutamate receptor clustering,0.0891027567600207,False,1,111,1,3629,ENSG00000251322,SHANK3
GO:BP,GO:0000512,lncRNA-mediated post-transcriptional gene silencing,0.0891027567600207,False,1,111,1,3629,ENSG00000245532,NEAT1
GO:BP,GO:0050974,detection of mechanical stimulus involved in sensory perception,0.0891027567600207,False,1,111,1,3629,ENSG00000010810,FYN
GO:BP,GO:0050904,diapedesis,0.0891027567600207,False,1,111,1,3629,ENSG00000151422,FER
GO:BP,GO:0000768,syncytium formation by plasma membrane fusion,0.0891027567600207,False,2,111,7,3629,ENSG00000023902 ENSG00000135298,PLEKHO1 ADGRB3
GO:BP,GO:0001101,response to acid chemical,0.0891027567600207,False,2,111,9,3629,ENSG00000155511 ENSG00000010810,GRIA1 FYN
GO:BP,GO:0001508,action potential,0.0891027567600207,False,2,111,8,3629,ENSG00000155511 ENSG00000120907,GRIA1 ADRA1A
GO:BP,GO:0001560,regulation of cell growth by extracellular stimulus,0.0891027567600207,False,1,111,1,3629,ENSG00000066735,KIF26A
GO:BP,GO:0110020,regulation of actomyosin structure organization,0.0891027567600207,False,2,111,7,3629,ENSG00000079691 ENSG00000158106,CARMIL1 RHPN1
GO:BP,GO:0030836,positive regulation of actin filament depolymerization,0.0891027567600207,False,1,111,1,3629,ENSG00000079691,CARMIL1
GO:BP,GO:0030838,positive regulation of actin filament polymerization,0.0891027567600207,False,2,111,7,3629,ENSG00000151422 ENSG00000079691,FER CARMIL1
GO:BP,GO:0006949,syncytium formation,0.0891027567600207,False,2,111,7,3629,ENSG00000023902 ENSG00000135298,PLEKHO1 ADGRB3
GO:BP,GO:0097113,AMPA glutamate receptor clustering,0.0891027567600207,False,1,111,1,3629,ENSG00000251322,SHANK3
GO:BP,GO:0000455,enzyme-directed rRNA pseudouridine synthesis,0.0891027567600207,False,1,111,1,3629,ENSG00000166133,RPUSD2
GO:BP,GO:1904542,regulation of free ubiquitin chain polymerization,0.0891027567600207,False,1,111,1,3629,ENSG00000110497,AMBRA1
GO:BP,GO:1904544,positive regulation of free ubiquitin chain polymerization,0.0891027567600207,False,1,111,1,3629,ENSG00000110497,AMBRA1
GO:BP,GO:0051451,myoblast migration,0.0891027567600207,False,1,111,1,3629,ENSG00000023902,PLEKHO1
GO:BP,GO:1904717,regulation of AMPA glutamate receptor clustering,0.0891027567600207,False,1,111,1,3629,ENSG00000251322,SHANK3
GO:BP,GO:0030203,glycosaminoglycan metabolic process,0.0891027567600207,False,2,111,9,3629,ENSG00000103056 ENSG00000055955,SMPD3 ITIH4
GO:BP,GO:0071229,cellular response to acid chemical,0.0891027567600207,False,2,111,8,3629,ENSG00000155511 ENSG00000010810,GRIA1 FYN
GO:BP,GO:0071230,cellular response to amino acid stimulus,0.0891027567600207,False,2,111,7,3629,ENSG00000155511 ENSG00000010810,GRIA1 FYN
GO:BP,GO:0071242,cellular response to ammonium ion,0.0891027567600207,False,1,111,1,3629,ENSG00000155511,GRIA1
GO:BP,GO:0051125,regulation of actin nucleation,0.0891027567600207,False,2,111,7,3629,ENSG00000242498 ENSG00000079691,ARPIN CARMIL1
GO:BP,GO:1903804,glycine import across plasma membrane,0.0891027567600207,False,1,111,1,3629,ENSG00000196517,SLC6A9
GO:BP,GO:0035929,steroid hormone secretion,0.0891027567600207,False,1,111,1,3629,ENSG00000166573,GALR1
GO:BP,GO:0031987,locomotion involved in locomotory behavior,0.0891027567600207,False,1,111,1,3629,ENSG00000155511,GRIA1
GO:BP,GO:0099504,synaptic vesicle cycle,0.0891027567600207,False,3,111,19,3629,ENSG00000185518 ENSG00000149927 ENSG00000176406,SV2B DOC2A RIMS2
GO:BP,GO:0010644,cell communication by electrical coupling,0.0891027567600207,False,1,111,1,3629,ENSG00000113448,PDE4D
GO:BP,GO:0010649,regulation of cell communication by electrical coupling,0.0891027567600207,False,1,111,1,3629,ENSG00000113448,PDE4D
GO:BP,GO:0050678,regulation of epithelial cell proliferation,0.0891027567600207,False,3,111,21,3629,ENSG00000245532 ENSG00000150630 ENSG00000232040,NEAT1 VEGFC SCAND3
GO:BP,GO:0050714,positive regulation of protein secretion,0.0891027567600207,False,2,111,9,3629,ENSG00000053438 ENSG00000150630,NNAT VEGFC
GO:BP,GO:0050803,regulation of synapse structure or activity,0.0891027567600207,False,3,111,22,3629,ENSG00000251322 ENSG00000010810 ENSG00000135298,SHANK3 FYN ADGRB3
GO:BP,GO:0010813,neuropeptide catabolic process,0.0891027567600207,False,1,111,1,3629,ENSG00000103811,CTSH
GO:BP,GO:0010815,bradykinin catabolic process,0.0891027567600207,False,1,111,1,3629,ENSG00000103811,CTSH
GO:BP,GO:0010948,negative regulation of cell cycle process,0.0891027567600207,False,4,111,33,3629,ENSG00000104885 ENSG00000158019 ENSG00000002822 ENSG00000173273,DOT1L BABAM2 MAD1L1 TNKS
GO:BP,GO:0010992,ubiquitin recycling,0.0891027567600207,False,1,111,1,3629,ENSG00000110497,AMBRA1
GO:BP,GO:0010994,free ubiquitin chain polymerization,0.0891027567600207,False,1,111,1,3629,ENSG00000110497,AMBRA1
GO:BP,GO:0071418,cellular response to amine stimulus,0.0891027567600207,False,1,111,1,3629,ENSG00000155511,GRIA1
GO:BP,GO:0032026,response to magnesium ion,0.0891027567600207,False,1,111,1,3629,ENSG00000103056,SMPD3
GO:BP,GO:0031509,subtelomeric heterochromatin formation,0.0891027567600207,False,1,111,1,3629,ENSG00000104885,DOT1L
GO:BP,GO:0098659,inorganic cation import across plasma membrane,0.0891027567600207,False,2,111,7,3629,ENSG00000162753 ENSG00000010810,SLC9C2 FYN
GO:BP,GO:1904355,positive regulation of telomere capping,0.0891027567600207,False,1,111,1,3629,ENSG00000173273,TNKS
GO:BP,GO:1904358,positive regulation of telomere maintenance via telomere lengthening,0.0891027567600207,False,1,111,1,3629,ENSG00000173273,TNKS
GO:BP,GO:0050953,sensory perception of light stimulus,0.0891027567600207,False,2,111,8,3629,ENSG00000163635 ENSG00000133256,ATXN7 PDE6B
GO:BP,GO:0001923,B-1 B cell differentiation,0.0891027567600207,False,1,111,1,3629,ENSG00000154822,PLCL2
GO:BP,GO:0001667,ameboidal-type cell migration,0.0891027567600207,False,3,111,18,3629,ENSG00000103811 ENSG00000151422 ENSG00000113070,CTSH FER HBEGF
GO:BP,GO:0051146,striated muscle cell differentiation,0.0891027567600207,False,3,111,18,3629,ENSG00000023902 ENSG00000135298 ENSG00000120907,PLEKHO1 ADGRB3 ADRA1A
GO:BP,GO:0051216,cartilage development,0.0891027567600207,False,3,111,22,3629,ENSG00000120451 ENSG00000171310 ENSG00000103056,SNX19 CHST11 SMPD3
GO:BP,GO:0000304,response to singlet oxygen,0.0891027567600207,False,1,111,1,3629,ENSG00000010810,FYN
GO:BP,GO:1904951,positive regulation of establishment of protein localization,0.0891027567600207,False,3,111,19,3629,ENSG00000053438 ENSG00000150630 ENSG00000010810,NNAT VEGFC FYN
GO:BP,GO:1904776,regulation of protein localization to cell cortex,0.0891027567600207,False,1,111,1,3629,ENSG00000159023,EPB41
GO:BP,GO:1904778,positive regulation of protein localization to cell cortex,0.0891027567600207,False,1,111,1,3629,ENSG00000159023,EPB41
GO:BP,GO:1904907,"regulation of maintenance of mitotic sister chromatid cohesion, telomeric",0.0891027567600207,False,1,111,1,3629,ENSG00000173273,TNKS
GO:BP,GO:1904908,"negative regulation of maintenance of mitotic sister chromatid cohesion, telomeric",0.0891027567600207,False,1,111,1,3629,ENSG00000173273,TNKS
GO:BP,GO:0099003,vesicle-mediated transport in synapse,0.0891027567600207,False,3,111,20,3629,ENSG00000185518 ENSG00000149927 ENSG00000176406,SV2B DOC2A RIMS2
GO:BP,GO:0008219,cell death,0.0891027567600207,False,10,111,161,3629,ENSG00000110497 ENSG00000171310 ENSG00000103811 ENSG00000177374 ENSG00000196182 ENSG00000158019 ENSG00000124356 ENSG00000133256 ENSG00000010810 ENSG00000120907,AMBRA1 CHST11 CTSH HIC1 STK40 BABAM2 STAMBP PDE6B FYN ADRA1A
GO:BP,GO:0099403,"maintenance of mitotic sister chromatid cohesion, telomeric",0.0891027567600207,False,1,111,1,3629,ENSG00000173273,TNKS
GO:BP,GO:0099404,"mitotic sister chromatid cohesion, telomeric",0.0891027567600207,False,1,111,1,3629,ENSG00000173273,TNKS
GO:BP,GO:0031118,rRNA pseudouridine synthesis,0.0891027567600207,False,1,111,1,3629,ENSG00000166133,RPUSD2
GO:BP,GO:0140014,mitotic nuclear division,0.0891027567600207,False,4,111,38,3629,ENSG00000089053 ENSG00000103056 ENSG00000112659 ENSG00000002822,ANAPC5 SMPD3 CUL9 MAD1L1
GO:BP,GO:0140112,extracellular vesicle biogenesis,0.0891027567600207,False,1,111,1,3629,ENSG00000103056,SMPD3
GO:BP,GO:0140253,cell-cell fusion,0.0891027567600207,False,2,111,7,3629,ENSG00000023902 ENSG00000135298,PLEKHO1 ADGRB3
GO:BP,GO:0106104,regulation of glutamate receptor clustering,0.0891027567600207,False,1,111,1,3629,ENSG00000251322,SHANK3
GO:BP,GO:0099173,postsynapse organization,0.0891027567600207,False,3,111,20,3629,ENSG00000251322 ENSG00000010810 ENSG00000147799,SHANK3 FYN ARHGAP39
GO:BP,GO:0015074,DNA integration,0.0891027567600207,False,1,111,1,3629,ENSG00000232040,SCAND3
GO:BP,GO:0030155,regulation of cell adhesion,0.0891027567600207,False,6,111,77,3629,ENSG00000110497 ENSG00000171877 ENSG00000115085 ENSG00000010810 ENSG00000079691 ENSG00000002822,AMBRA1 FRMD5 ZAP70 FYN CARMIL1 MAD1L1
GO:BP,GO:0015757,galactose transmembrane transport,0.0891027567600207,False,1,111,1,3629,ENSG00000162426,SLC45A1
GO:BP,GO:0015766,disaccharide transport,0.0891027567600207,False,1,111,1,3629,ENSG00000162426,SLC45A1
GO:BP,GO:0015770,sucrose transport,0.0891027567600207,False,1,111,1,3629,ENSG00000162426,SLC45A1
GO:BP,GO:0015772,oligosaccharide transport,0.0891027567600207,False,1,111,1,3629,ENSG00000162426,SLC45A1
GO:BP,GO:0015774,polysaccharide transport,0.0891027567600207,False,1,111,1,3629,ENSG00000103056,SMPD3
GO:BP,GO:0015816,glycine transport,0.0891027567600207,False,1,111,1,3629,ENSG00000196517,SLC6A9
GO:BP,GO:0007417,central nervous system development,0.0891027567600207,False,6,111,70,3629,ENSG00000066735 ENSG00000053438 ENSG00000251322 ENSG00000155511 ENSG00000010810 ENSG00000184903,KIF26A NNAT SHANK3 GRIA1 FYN IMMP2L
GO:BP,GO:0007520,myoblast fusion,0.0891027567600207,False,2,111,7,3629,ENSG00000023902 ENSG00000135298,PLEKHO1 ADGRB3
GO:BP,GO:0071286,cellular response to magnesium ion,0.0891027567600207,False,1,111,1,3629,ENSG00000103056,SMPD3
GO:BP,GO:0070661,leukocyte proliferation,0.0891027567600207,False,4,111,38,3629,ENSG00000115085 ENSG00000154822 ENSG00000010810 ENSG00000002822,ZAP70 PLCL2 FYN MAD1L1
GO:BP,GO:0030728,ovulation,0.0891027567600207,False,1,111,1,3629,ENSG00000184903,IMMP2L
GO:BP,GO:0051462,regulation of cortisol secretion,0.0891027567600207,False,1,111,1,3629,ENSG00000166573,GALR1
GO:BP,GO:0007585,respiratory gaseous exchange by respiratory system,0.0891027567600207,False,2,111,7,3629,ENSG00000171310 ENSG00000196182,CHST11 STK40
GO:BP,GO:0007601,visual perception,0.0891027567600207,False,2,111,8,3629,ENSG00000163635 ENSG00000133256,ATXN7 PDE6B
GO:BP,GO:0006865,amino acid transport,0.0891027567600207,False,2,111,8,3629,ENSG00000103042 ENSG00000196517,SLC38A7 SLC6A9
GO:BP,GO:0086064,cell communication by electrical coupling involved in cardiac conduction,0.0891027567600207,False,1,111,1,3629,ENSG00000113448,PDE4D
GO:BP,GO:0045010,actin nucleation,0.0891027567600207,False,2,111,9,3629,ENSG00000242498 ENSG00000079691,ARPIN CARMIL1
GO:BP,GO:0045055,regulated exocytosis,0.0891027567600207,False,3,111,19,3629,ENSG00000185518 ENSG00000149927 ENSG00000176406,SV2B DOC2A RIMS2
GO:BP,GO:0006935,chemotaxis,0.0891027567600207,False,4,111,34,3629,ENSG00000150630 ENSG00000151422 ENSG00000113070 ENSG00000213654,VEGFC FER HBEGF GPSM3
GO:BP,GO:0006942,regulation of striated muscle contraction,0.0891027567600207,False,2,111,8,3629,ENSG00000113448 ENSG00000120907,PDE4D ADRA1A
GO:BP,GO:0051695,actin filament uncapping,0.0891027567600207,False,1,111,1,3629,ENSG00000079691,CARMIL1
GO:BP,GO:0050865,regulation of cell activation,0.09003619379463215,False,5,111,58,3629,ENSG00000110497 ENSG00000115085 ENSG00000151422 ENSG00000010810 ENSG00000002822,AMBRA1 ZAP70 FER FYN MAD1L1
GO:BP,GO:0000082,G1/S transition of mitotic cell cycle,0.09136440009448307,False,3,111,23,3629,ENSG00000110497 ENSG00000157456 ENSG00000005483,AMBRA1 CCNB2 KMT2E
GO:BP,GO:0000075,cell cycle checkpoint signaling,0.09136440009448307,False,3,111,23,3629,ENSG00000104885 ENSG00000158019 ENSG00000002822,DOT1L BABAM2 MAD1L1
GO:BP,GO:0062197,cellular response to chemical stress,0.09136440009448307,False,3,111,23,3629,ENSG00000103056 ENSG00000151422 ENSG00000010810,SMPD3 FER FYN
GO:BP,GO:0050852,T cell receptor signaling pathway,0.09136440009448307,False,3,111,23,3629,ENSG00000115085 ENSG00000113448 ENSG00000010810,ZAP70 PDE4D FYN
GO:BP,GO:0032271,regulation of protein polymerization,0.09136440009448307,False,3,111,23,3629,ENSG00000110497 ENSG00000151422 ENSG00000079691,AMBRA1 FER CARMIL1
GO:MF,GO:0016853,isomerase activity,0.09243498068478767,False,4,111,41,3629,ENSG00000111669 ENSG00000066735 ENSG00000166133 ENSG00000116852,TPI1 KIF26A RPUSD2 KIF21B
GO:MF,GO:0051219,phosphoprotein binding,0.09282671476963207,False,2,111,10,3629,ENSG00000159023 ENSG00000115085,EPB41 ZAP70
GO:BP,GO:0045786,negative regulation of cell cycle,0.09388159373256565,False,4,111,40,3629,ENSG00000104885 ENSG00000158019 ENSG00000002822 ENSG00000173273,DOT1L BABAM2 MAD1L1 TNKS
GO:BP,GO:0048609,multicellular organismal reproductive process,0.09388159373256565,False,6,111,79,3629,ENSG00000135454 ENSG00000157456 ENSG00000169594 ENSG00000178093 ENSG00000151422 ENSG00000184903,B4GALNT1 CCNB2 BNC1 TSSK6 FER IMMP2L
GO:MF,GO:1901363,heterocyclic compound binding,0.09528039231630359,False,11,111,197,3629,ENSG00000066735 ENSG00000178093 ENSG00000116852 ENSG00000196182 ENSG00000188641 ENSG00000115085 ENSG00000151422 ENSG00000113448 ENSG00000010810 ENSG00000137411 ENSG00000112659,KIF26A TSSK6 KIF21B STK40 DPYD ZAP70 FER PDE4D FYN VARS2 CUL9
GO:MF,GO:0030545,signaling receptor regulator activity,0.09825627937623682,False,4,111,42,3629,ENSG00000131096 ENSG00000150630 ENSG00000113070 ENSG00000113448,PYY VEGFC HBEGF PDE4D
GO:CC,GO:1902494,catalytic complex,0.09862250547513376,False,10,111,157,3629,ENSG00000110497 ENSG00000089053 ENSG00000157456 ENSG00000143614 ENSG00000158019 ENSG00000174579 ENSG00000163635 ENSG00000112659 ENSG00000005483 ENSG00000184903,AMBRA1 ANAPC5 CCNB2 GATAD2B BABAM2 MSL2 ATXN7 CUL9 KMT2E IMMP2L
GO:BP,GO:0120161,regulation of cold-induced thermogenesis,0.10025617196683197,False,2,111,10,3629,ENSG00000115896 ENSG00000154822,PLCL1 PLCL2
GO:BP,GO:0001764,neuron migration,0.10025617196683197,False,2,111,10,3629,ENSG00000066735 ENSG00000010810,KIF26A FYN
GO:BP,GO:0042542,response to hydrogen peroxide,0.10025617196683197,False,2,111,10,3629,ENSG00000103056 ENSG00000010810,SMPD3 FYN
GO:BP,GO:0051588,regulation of neurotransmitter transport,0.10025617196683197,False,2,111,10,3629,ENSG00000185518 ENSG00000176406,SV2B RIMS2
GO:BP,GO:0001704,formation of primary germ layer,0.10025617196683197,False,2,111,10,3629,ENSG00000131558 ENSG00000130635,EXOC4 COL5A1
GO:BP,GO:0006022,aminoglycan metabolic process,0.10025617196683197,False,2,111,10,3629,ENSG00000103056 ENSG00000055955,SMPD3 ITIH4
GO:BP,GO:0060048,cardiac muscle contraction,0.10025617196683197,False,2,111,10,3629,ENSG00000113448 ENSG00000120907,PDE4D ADRA1A
GO:BP,GO:0008306,associative learning,0.10025617196683197,False,2,111,10,3629,ENSG00000251322 ENSG00000155511,SHANK3 GRIA1
GO:BP,GO:0016441,post-transcriptional gene silencing,0.10025617196683197,False,2,111,10,3629,ENSG00000245532 ENSG00000100354,NEAT1 TNRC6B
GO:BP,GO:0010959,regulation of metal ion transport,0.10025617196683197,False,3,111,24,3629,ENSG00000159023 ENSG00000113448 ENSG00000010810,EPB41 PDE4D FYN
GO:BP,GO:0051306,mitotic sister chromatid separation,0.10025617196683197,False,2,111,10,3629,ENSG00000089053 ENSG00000002822,ANAPC5 MAD1L1
GO:BP,GO:0048008,platelet-derived growth factor receptor signaling pathway,0.10025617196683197,False,2,111,10,3629,ENSG00000103056 ENSG00000151422,SMPD3 FER
GO:BP,GO:0010965,regulation of mitotic sister chromatid separation,0.10025617196683197,False,2,111,10,3629,ENSG00000089053 ENSG00000002822,ANAPC5 MAD1L1
GO:BP,GO:0090066,regulation of anatomical structure size,0.10025617196683197,False,4,111,41,3629,ENSG00000251322 ENSG00000151422 ENSG00000079691 ENSG00000120907,SHANK3 FER CARMIL1 ADRA1A
GO:BP,GO:0007200,phospholipase C-activating G protein-coupled receptor signaling pathway,0.10025617196683197,False,2,111,10,3629,ENSG00000258839 ENSG00000120907,MC1R ADRA1A
GO:BP,GO:0014902,myotube differentiation,0.10025617196683197,False,2,111,10,3629,ENSG00000023902 ENSG00000135298,PLEKHO1 ADGRB3
GO:BP,GO:0030855,epithelial cell differentiation,0.10025617196683197,False,4,111,41,3629,ENSG00000181291 ENSG00000131096 ENSG00000151422 ENSG00000113448,TMEM132E PYY FER PDE4D
GO:BP,GO:0006672,ceramide metabolic process,0.10025617196683197,False,2,111,10,3629,ENSG00000135454 ENSG00000103056,B4GALNT1 SMPD3
GO:CC,GO:0036194,muscle cell projection,0.10121496029459633,False,1,111,1,3629,ENSG00000023902,PLEKHO1
GO:CC,GO:0044615,nuclear pore nuclear basket,0.10121496029459633,False,1,111,1,3629,ENSG00000002822,MAD1L1
GO:CC,GO:0005929,cilium,0.10121496029459633,False,6,111,74,3629,ENSG00000110497 ENSG00000122986 ENSG00000168778 ENSG00000178093 ENSG00000133256 ENSG00000113448,AMBRA1 HVCN1 TCTN2 TSSK6 PDE6B PDE4D
GO:CC,GO:0044308,axonal spine,0.10121496029459633,False,1,111,1,3629,ENSG00000155511,GRIA1
GO:CC,GO:0014731,spectrin-associated cytoskeleton,0.10121496029459633,False,1,111,1,3629,ENSG00000159023,EPB41
GO:CC,GO:0005588,collagen type V trimer,0.10121496029459633,False,1,111,1,3629,ENSG00000130635,COL5A1
GO:CC,GO:0005643,nuclear pore,0.10121496029459633,False,2,111,8,3629,ENSG00000002822 ENSG00000173273,MAD1L1 TNKS
GO:CC,GO:0000145,exocyst,0.10121496029459633,False,1,111,1,3629,ENSG00000131558,EXOC4
GO:CC,GO:0005581,collagen trimer,0.10121496029459633,False,2,111,9,3629,ENSG00000168077 ENSG00000130635,SCARA3 COL5A1
GO:CC,GO:0005813,centrosome,0.10121496029459633,False,6,111,77,3629,ENSG00000157456 ENSG00000113448 ENSG00000005483 ENSG00000131558 ENSG00000002822 ENSG00000173273,CCNB2 PDE4D KMT2E EXOC4 MAD1L1 TNKS
GO:CC,GO:0030027,lamellipodium,0.10121496029459633,False,3,111,20,3629,ENSG00000242498 ENSG00000151422 ENSG00000079691,ARPIN FER CARMIL1
GO:CC,GO:0000137,Golgi cis cisterna,0.10121496029459633,False,1,111,1,3629,ENSG00000103056,SMPD3
GO:CC,GO:0150053,cerebellar climbing fiber to Purkinje cell synapse,0.10121496029459633,False,1,111,1,3629,ENSG00000135298,ADGRB3
GO:CC,GO:1990728,mitotic spindle assembly checkpoint MAD1-MAD2 complex,0.10121496029459633,False,1,111,1,3629,ENSG00000002822,MAD1L1
GO:CC,GO:1990635,proximal dendrite,0.10121496029459633,False,1,111,1,3629,ENSG00000155511,GRIA1
GO:CC,GO:1904724,tertiary granule lumen,0.10121496029459633,False,2,111,9,3629,ENSG00000103811 ENSG00000115828,CTSH QPCT
GO:CC,GO:0098850,extrinsic component of synaptic vesicle membrane,0.10121496029459633,False,1,111,1,3629,ENSG00000149927,DOC2A
GO:CC,GO:0099738,cell cortex region,0.10121496029459633,False,1,111,1,3629,ENSG00000176406,RIMS2
GO:CC,GO:0099568,cytoplasmic region,0.10121496029459633,False,1,111,1,3629,ENSG00000176406,RIMS2
GO:CC,GO:0099544,perisynaptic space,0.10121496029459633,False,1,111,1,3629,ENSG00000155511,GRIA1
GO:CC,GO:0098688,parallel fiber to Purkinje cell synapse,0.10121496029459633,False,1,111,1,3629,ENSG00000196517,SLC6A9
GO:CC,GO:0070210,Rpd3L-Expanded complex,0.10121496029459633,False,1,111,1,3629,ENSG00000005483,KMT2E
GO:CC,GO:0070531,BRCA1-A complex,0.10121496029459633,False,1,111,1,3629,ENSG00000158019,BABAM2
GO:CC,GO:0072487,MSL complex,0.10121496029459633,False,1,111,1,3629,ENSG00000174579,MSL2
GO:CC,GO:1990706,MAD1 complex,0.10121496029459633,False,1,111,1,3629,ENSG00000002822,MAD1L1
GO:CC,GO:0042382,paraspeckles,0.10121496029459633,False,1,111,1,3629,ENSG00000245532,NEAT1
GO:CC,GO:0036195,muscle cell projection membrane,0.10121496029459633,False,1,111,1,3629,ENSG00000023902,PLEKHO1
GO:CC,GO:0034967,Set3 complex,0.10121496029459633,False,1,111,1,3629,ENSG00000005483,KMT2E
GO:CC,GO:0032584,growth cone membrane,0.10121496029459633,False,1,111,1,3629,ENSG00000131558,EXOC4
GO:CC,GO:0031312,extrinsic component of organelle membrane,0.10121496029459633,False,1,111,1,3629,ENSG00000149927,DOC2A
GO:CC,GO:0098831,presynaptic active zone cytoplasmic component,0.10121496029459633,False,1,111,1,3629,ENSG00000176406,RIMS2
GO:CC,GO:0097386,glial cell projection,0.10121496029459633,False,1,111,1,3629,ENSG00000010810,FYN
GO:CC,GO:0042720,mitochondrial inner membrane peptidase complex,0.10121496029459633,False,1,111,1,3629,ENSG00000184903,IMMP2L
GO:CC,GO:0034704,calcium channel complex,0.10121496029459633,False,2,111,9,3629,ENSG00000007402 ENSG00000113448,CACNA2D2 PDE4D
GO:BP,GO:0042221,response to chemical,0.10370919790053076,False,14,111,273,3629,ENSG00000122986 ENSG00000103811 ENSG00000103056 ENSG00000251322 ENSG00000055955 ENSG00000150630 ENSG00000151422 ENSG00000113070 ENSG00000155511 ENSG00000113448 ENSG00000010810 ENSG00000213654 ENSG00000204231 ENSG00000120907,HVCN1 CTSH SMPD3 SHANK3 ITIH4 VEGFC FER HBEGF GRIA1 PDE4D FYN GPSM3 RXRB ADRA1A
GO:BP,GO:0072359,circulatory system development,0.10370919790053076,False,7,111,103,3629,ENSG00000103811 ENSG00000150630 ENSG00000010810 ENSG00000135298 ENSG00000184903 ENSG00000120907 ENSG00000130635,CTSH VEGFC FYN ADGRB3 IMMP2L ADRA1A COL5A1
GO:BP,GO:0000280,nuclear division,0.10499191492457884,False,5,111,61,3629,ENSG00000089053 ENSG00000157456 ENSG00000103056 ENSG00000112659 ENSG00000002822,ANAPC5 CCNB2 SMPD3 CUL9 MAD1L1
GO:BP,GO:0051668,localization within membrane,0.10499191492457884,False,5,111,61,3629,ENSG00000251322 ENSG00000007402 ENSG00000120725 ENSG00000010810 ENSG00000131558,SHANK3 CACNA2D2 SIL1 FYN EXOC4
GO:CC,GO:1902495,transmembrane transporter complex,0.10661865311001914,False,4,111,40,3629,ENSG00000122986 ENSG00000007402 ENSG00000155511 ENSG00000113448,HVCN1 CACNA2D2 GRIA1 PDE4D
GO:CC,GO:0031982,vesicle,0.10744962926522228,False,19,111,401,3629,ENSG00000120451 ENSG00000110497 ENSG00000122986 ENSG00000111669 ENSG00000103811 ENSG00000073417 ENSG00000185518 ENSG00000149927 ENSG00000116852 ENSG00000196517 ENSG00000115828 ENSG00000124356 ENSG00000055955 ENSG00000150630 ENSG00000113070 ENSG00000155511 ENSG00000010810 ENSG00000079691 ENSG00000176406,SNX19 AMBRA1 HVCN1 TPI1 CTSH PDE8A SV2B DOC2A KIF21B SLC6A9 QPCT STAMBP ITIH4 VEGFC HBEGF GRIA1 FYN CARMIL1 RIMS2
GO:MF,GO:0015370,solute:sodium symporter activity,0.1089081633634525,False,2,111,11,3629,ENSG00000103042 ENSG00000196517,SLC38A7 SLC6A9
GO:MF,GO:0003777,microtubule motor activity,0.1089081633634525,False,2,111,11,3629,ENSG00000066735 ENSG00000116852,KIF26A KIF21B
GO:BP,GO:0009410,response to xenobiotic stimulus,0.10932501394919782,False,3,111,25,3629,ENSG00000150630 ENSG00000155511 ENSG00000120907,VEGFC GRIA1 ADRA1A
GO:BP,GO:0001503,ossification,0.10932501394919782,False,3,111,25,3629,ENSG00000103056 ENSG00000150630 ENSG00000204231,SMPD3 VEGFC RXRB
GO:BP,GO:0010038,response to metal ion,0.10932501394919782,False,3,111,25,3629,ENSG00000122986 ENSG00000103056 ENSG00000155511,HVCN1 SMPD3 GRIA1
GO:BP,GO:0042113,B cell activation,0.10932501394919782,False,3,111,25,3629,ENSG00000067082 ENSG00000115085 ENSG00000154822,KLF6 ZAP70 PLCL2
GO:BP,GO:0000209,protein polyubiquitination,0.10932501394919782,False,3,111,25,3629,ENSG00000110497 ENSG00000089053 ENSG00000173273,AMBRA1 ANAPC5 TNKS
GO:BP,GO:0031334,positive regulation of protein-containing complex assembly,0.10932501394919782,False,3,111,25,3629,ENSG00000110497 ENSG00000151422 ENSG00000079691,AMBRA1 FER CARMIL1
GO:BP,GO:0008104,intracellular protein localization,0.10932501394919782,False,12,111,224,3629,ENSG00000120451 ENSG00000168778 ENSG00000159023 ENSG00000053438 ENSG00000251322 ENSG00000007402 ENSG00000150630 ENSG00000120725 ENSG00000010810 ENSG00000131558 ENSG00000176406 ENSG00000173273,SNX19 TCTN2 EPB41 NNAT SHANK3 CACNA2D2 VEGFC SIL1 FYN EXOC4 RIMS2 TNKS
GO:BP,GO:0009725,response to hormone,0.11030820605755808,False,5,111,62,3629,ENSG00000103811 ENSG00000151422 ENSG00000155511 ENSG00000204231 ENSG00000120907,CTSH FER GRIA1 RXRB ADRA1A
GO:BP,GO:0000165,MAPK cascade,0.11030820605755808,False,5,111,62,3629,ENSG00000103811 ENSG00000073417 ENSG00000196182 ENSG00000251322 ENSG00000120907,CTSH PDE8A STK40 SHANK3 ADRA1A
GO:MF,GO:0005096,GTPase activator activity,0.11051190078927935,False,3,111,26,3629,ENSG00000182732 ENSG00000135298 ENSG00000147799,RGS6 ADGRB3 ARHGAP39
GO:MF,GO:0046914,transition metal ion binding,0.11201198529287931,False,13,111,254,3629,ENSG00000067082 ENSG00000169594 ENSG00000177374 ENSG00000186020 ENSG00000143614 ENSG00000100403 ENSG00000115828 ENSG00000174579 ENSG00000204231 ENSG00000112659 ENSG00000005483 ENSG00000176406 ENSG00000173273,KLF6 BNC1 HIC1 ZNF529 GATAD2B ZC3H7B QPCT MSL2 RXRB CUL9 KMT2E RIMS2 TNKS
GO:CC,GO:0045121,membrane raft,0.11250009289144534,False,3,111,24,3629,ENSG00000115085 ENSG00000010810 ENSG00000120907,ZAP70 FYN ADRA1A
GO:CC,GO:0000152,nuclear ubiquitin ligase complex,0.11250009289144534,False,2,111,10,3629,ENSG00000089053 ENSG00000158019,ANAPC5 BABAM2
GO:CC,GO:0098857,membrane microdomain,0.11250009289144534,False,3,111,24,3629,ENSG00000115085 ENSG00000010810 ENSG00000120907,ZAP70 FYN ADRA1A
GO:CC,GO:0031967,organelle envelope,0.11297395340958562,False,8,111,125,3629,ENSG00000110497 ENSG00000113448 ENSG00000184903 ENSG00000002822 ENSG00000070882 ENSG00000120907 ENSG00000104442 ENSG00000173273,AMBRA1 PDE4D IMMP2L MAD1L1 OSBPL3 ADRA1A ARMC1 TNKS
GO:BP,GO:0008277,regulation of G protein-coupled receptor signaling pathway,0.11629803936513876,False,2,111,11,3629,ENSG00000182732 ENSG00000113448,RGS6 PDE4D
GO:BP,GO:0007204,positive regulation of cytosolic calcium ion concentration,0.11629803936513876,False,2,111,11,3629,ENSG00000166573 ENSG00000120907,GALR1 ADRA1A
GO:BP,GO:0045597,positive regulation of cell differentiation,0.11629803936513876,False,5,111,63,3629,ENSG00000110497 ENSG00000169594 ENSG00000251322 ENSG00000115085 ENSG00000150630,AMBRA1 BNC1 SHANK3 ZAP70 VEGFC
GO:BP,GO:0046488,phosphatidylinositol metabolic process,0.11629803936513876,False,2,111,11,3629,ENSG00000115896 ENSG00000154822,PLCL1 PLCL2
GO:BP,GO:0033555,multicellular organismal response to stress,0.11629803936513876,False,2,111,11,3629,ENSG00000251322 ENSG00000155511,SHANK3 GRIA1
GO:BP,GO:0046887,positive regulation of hormone secretion,0.11629803936513876,False,2,111,11,3629,ENSG00000166573 ENSG00000053438,GALR1 NNAT
GO:BP,GO:0106106,cold-induced thermogenesis,0.11629803936513876,False,2,111,11,3629,ENSG00000115896 ENSG00000154822,PLCL1 PLCL2
GO:BP,GO:0000226,microtubule cytoskeleton organization,0.11629803936513876,False,5,111,63,3629,ENSG00000157456 ENSG00000163635 ENSG00000151422 ENSG00000112659 ENSG00000173273,CCNB2 ATXN7 FER CUL9 TNKS
GO:BP,GO:0051345,positive regulation of hydrolase activity,0.11629803936513876,False,2,111,11,3629,ENSG00000182732 ENSG00000103811,RGS6 CTSH
GO:BP,GO:0048660,regulation of smooth muscle cell proliferation,0.11629803936513876,False,2,111,11,3629,ENSG00000103056 ENSG00000113070,SMPD3 HBEGF
GO:BP,GO:0002690,positive regulation of leukocyte chemotaxis,0.11629803936513876,False,2,111,11,3629,ENSG00000150630 ENSG00000213654,VEGFC GPSM3
GO:BP,GO:0030282,bone mineralization,0.11629803936513876,False,2,111,11,3629,ENSG00000103056 ENSG00000204231,SMPD3 RXRB
GO:BP,GO:0051261,protein depolymerization,0.11629803936513876,False,2,111,11,3629,ENSG00000163635 ENSG00000079691,ATXN7 CARMIL1
GO:BP,GO:1990845,adaptive thermogenesis,0.11629803936513876,False,2,111,11,3629,ENSG00000115896 ENSG00000154822,PLCL1 PLCL2
GO:CC,GO:1990351,transporter complex,0.11630190969656401,False,4,111,42,3629,ENSG00000122986 ENSG00000007402 ENSG00000155511 ENSG00000113448,HVCN1 CACNA2D2 GRIA1 PDE4D
GO:CC,GO:0030139,endocytic vesicle,0.11630190969656401,False,4,111,42,3629,ENSG00000110497 ENSG00000122986 ENSG00000113070 ENSG00000155511,AMBRA1 HVCN1 HBEGF GRIA1
GO:CC,GO:0000139,Golgi membrane,0.11630190969656401,False,5,111,61,3629,ENSG00000171310 ENSG00000135454 ENSG00000103056 ENSG00000168077 ENSG00000173273,CHST11 B4GALNT1 SMPD3 SCARA3 TNKS
GO:BP,GO:0034762,regulation of transmembrane transport,0.11806765520722332,False,3,111,26,3629,ENSG00000155511 ENSG00000113448 ENSG00000010810,GRIA1 PDE4D FYN
GO:BP,GO:0051258,protein polymerization,0.11806765520722332,False,3,111,26,3629,ENSG00000110497 ENSG00000151422 ENSG00000079691,AMBRA1 FER CARMIL1
GO:BP,GO:0048880,sensory system development,0.11806765520722332,False,3,111,26,3629,ENSG00000181291 ENSG00000133256 ENSG00000130635,TMEM132E PDE6B COL5A1
GO:BP,GO:0051606,detection of stimulus,0.11806765520722332,False,3,111,26,3629,ENSG00000133256 ENSG00000078795 ENSG00000010810,PDE6B PKD2L2 FYN
GO:CC,GO:0036464,cytoplasmic ribonucleoprotein granule,0.11914205043741588,False,3,111,25,3629,ENSG00000161813 ENSG00000103811 ENSG00000100354,LARP4 CTSH TNRC6B
GO:BP,GO:0002683,negative regulation of immune system process,0.11954679773978819,False,4,111,44,3629,ENSG00000154822 ENSG00000151422 ENSG00000010810 ENSG00000002822,PLCL2 FER FYN MAD1L1
GO:MF,GO:0000268,peroxisome targeting sequence binding,0.12024807400797259,False,1,111,2,3629,ENSG00000158019,BABAM2
GO:MF,GO:0000774,adenyl-nucleotide exchange factor activity,0.12024807400797259,False,1,111,2,3629,ENSG00000120725,SIL1
GO:MF,GO:0001786,phosphatidylserine binding,0.12024807400797259,False,1,111,2,3629,ENSG00000103056,SMPD3
GO:MF,GO:0042923,neuropeptide binding,0.12024807400797259,False,1,111,2,3629,ENSG00000166573,GALR1
GO:MF,GO:0043028,cysteine-type endopeptidase regulator activity involved in apoptotic process,0.12024807400797259,False,1,111,2,3629,ENSG00000103811,CTSH
GO:MF,GO:0047756,chondroitin 4-sulfotransferase activity,0.12024807400797259,False,1,111,2,3629,ENSG00000171310,CHST11
GO:MF,GO:0004620,glycerophospholipase activity,0.12024807400797259,False,2,111,12,3629,ENSG00000115896 ENSG00000154822,PLCL1 PLCL2
GO:MF,GO:0035256,G protein-coupled glutamate receptor binding,0.12024807400797259,False,1,111,2,3629,ENSG00000010810,FYN
GO:MF,GO:0032266,phosphatidylinositol-3-phosphate binding,0.12024807400797259,False,1,111,2,3629,ENSG00000120451,SNX19
GO:MF,GO:0004832,valine-tRNA ligase activity,0.12024807400797259,False,1,111,2,3629,ENSG00000137411,VARS2
GO:MF,GO:0042056,chemoattractant activity,0.12024807400797259,False,1,111,2,3629,ENSG00000150630,VEGFC
GO:MF,GO:0035639,purine ribonucleoside triphosphate binding,0.12024807400797259,False,9,111,158,3629,ENSG00000066735 ENSG00000178093 ENSG00000116852 ENSG00000196182 ENSG00000115085 ENSG00000151422 ENSG00000010810 ENSG00000137411 ENSG00000112659,KIF26A TSSK6 KIF21B STK40 ZAP70 FER FYN VARS2 CUL9
GO:MF,GO:0032934,sterol binding,0.12024807400797259,False,1,111,2,3629,ENSG00000070882,OSBPL3
GO:MF,GO:0031681,G-protein beta-subunit binding,0.12024807400797259,False,1,111,2,3629,ENSG00000155511,GRIA1
GO:MF,GO:0031841,neuropeptide Y receptor binding,0.12024807400797259,False,1,111,2,3629,ENSG00000131096,PYY
GO:MF,GO:0034481,chondroitin sulfotransferase activity,0.12024807400797259,False,1,111,2,3629,ENSG00000171310,CHST11
GO:MF,GO:0051428,peptide hormone receptor binding,0.12024807400797259,False,1,111,2,3629,ENSG00000155511,GRIA1
GO:MF,GO:0055056,D-glucose transmembrane transporter activity,0.12024807400797259,False,1,111,2,3629,ENSG00000162426,SLC45A1
GO:MF,GO:0030551,cyclic nucleotide binding,0.12024807400797259,False,1,111,2,3629,ENSG00000113448,PDE4D
GO:MF,GO:0051139,metal cation:proton antiporter activity,0.12024807400797259,False,1,111,2,3629,ENSG00000162753,SLC9C2
GO:MF,GO:0031489,myosin V binding,0.12024807400797259,False,1,111,2,3629,ENSG00000155511,GRIA1
GO:MF,GO:0051427,hormone receptor binding,0.12024807400797259,False,1,111,2,3629,ENSG00000155511,GRIA1
GO:MF,GO:0030297,transmembrane receptor protein tyrosine kinase activator activity,0.12024807400797259,False,1,111,2,3629,ENSG00000113070,HBEGF
GO:MF,GO:0019865,immunoglobulin binding,0.12024807400797259,False,1,111,2,3629,ENSG00000155511,GRIA1
GO:MF,GO:0008092,cytoskeletal protein binding,0.12024807400797259,False,6,111,91,3629,ENSG00000066735 ENSG00000171877 ENSG00000116852 ENSG00000159023 ENSG00000155511 ENSG00000010810,KIF26A FRMD5 KIF21B EPB41 GRIA1 FYN
GO:MF,GO:0008195,phosphatidate phosphatase activity,0.12024807400797259,False,1,111,2,3629,ENSG00000147535,PLPP5
GO:MF,GO:1905172,RISC complex binding,0.12024807400797259,False,1,111,2,3629,ENSG00000245532,NEAT1
GO:MF,GO:0008083,growth factor activity,0.12024807400797259,False,2,111,12,3629,ENSG00000150630 ENSG00000113070,VEGFC HBEGF
GO:MF,GO:0022849,glutamate-gated calcium ion channel activity,0.12024807400797259,False,1,111,2,3629,ENSG00000155511,GRIA1
GO:MF,GO:0008066,glutamate receptor activity,0.12024807400797259,False,1,111,2,3629,ENSG00000155511,GRIA1
GO:MF,GO:0019914,cyclin-dependent protein kinase regulator activity,0.12024807400797259,False,1,111,2,3629,ENSG00000157456,CCNB2
GO:MF,GO:0022858,alanine transmembrane transporter activity,0.12024807400797259,False,1,111,2,3629,ENSG00000103042,SLC38A7
GO:MF,GO:0120015,sterol transfer activity,0.12024807400797259,False,1,111,2,3629,ENSG00000070882,OSBPL3
GO:MF,GO:0016004,phospholipase activator activity,0.12024807400797259,False,1,111,2,3629,ENSG00000010810,FYN
GO:MF,GO:0015485,cholesterol binding,0.12024807400797259,False,1,111,2,3629,ENSG00000070882,OSBPL3
GO:MF,GO:0015385,sodium:proton antiporter activity,0.12024807400797259,False,1,111,2,3629,ENSG00000162753,SLC9C2
GO:MF,GO:0099507,ligand-gated monoatomic ion channel activity involved in regulation of presynaptic membrane potential,0.12024807400797259,False,1,111,2,3629,ENSG00000155511,GRIA1
GO:MF,GO:0005246,calcium channel regulator activity,0.12024807400797259,False,1,111,2,3629,ENSG00000113448,PDE4D
GO:MF,GO:0016538,cyclin-dependent protein serine/threonine kinase regulator activity,0.12024807400797259,False,1,111,2,3629,ENSG00000157456,CCNB2
GO:MF,GO:0070679,"inositol 1,4,5 trisphosphate binding",0.12024807400797259,False,1,111,2,3629,ENSG00000154822,PLCL2
GO:MF,GO:0003707,nuclear steroid receptor activity,0.12024807400797259,False,1,111,2,3629,ENSG00000204231,RXRB
GO:MF,GO:0017046,peptide hormone binding,0.12024807400797259,False,1,111,2,3629,ENSG00000166573,GALR1
GO:MF,GO:0004970,glutamate-gated receptor activity,0.12024807400797259,False,1,111,2,3629,ENSG00000155511,GRIA1
GO:MF,GO:0046875,ephrin receptor binding,0.12024807400797259,False,1,111,2,3629,ENSG00000010810,FYN
GO:MF,GO:0015149,hexose transmembrane transporter activity,0.12024807400797259,False,1,111,2,3629,ENSG00000162426,SLC45A1
GO:MF,GO:0009982,pseudouridine synthase activity,0.12024807400797259,False,1,111,2,3629,ENSG00000166133,RPUSD2
GO:MF,GO:0005178,integrin binding,0.12024807400797259,False,2,111,12,3629,ENSG00000171877 ENSG00000130635,FRMD5 COL5A1
GO:MF,GO:0120534,dermatan sulfotransferase activity,0.12024807400797259,False,1,111,2,3629,ENSG00000171310,CHST11
GO:MF,GO:0015186,L-glutamine transmembrane transporter activity,0.12024807400797259,False,1,111,2,3629,ENSG00000103042,SLC38A7
GO:MF,GO:0015182,L-asparagine transmembrane transporter activity,0.12024807400797259,False,1,111,2,3629,ENSG00000103042,SLC38A7
GO:MF,GO:0044323,retinoic acid-responsive element binding,0.12024807400797259,False,1,111,2,3629,ENSG00000204231,RXRB
GO:MF,GO:0001537,dermatan 4-sulfotransferase activity,0.12024807400797259,False,1,111,2,3629,ENSG00000171310,CHST11
GO:BP,GO:0048871,multicellular organismal-level homeostasis,0.12102491781016225,False,5,111,64,3629,ENSG00000157456 ENSG00000103811 ENSG00000115896 ENSG00000154822 ENSG00000005483,CCNB2 CTSH PLCL1 PLCL2 KMT2E
GO:CC,GO:0005911,cell-cell junction,0.12323479065954757,False,4,111,43,3629,ENSG00000171877 ENSG00000115085 ENSG00000151422 ENSG00000155511,FRMD5 ZAP70 FER GRIA1
GO:BP,GO:0080134,regulation of response to stress,0.12344439950077159,False,8,111,131,3629,ENSG00000245532 ENSG00000177374 ENSG00000251322 ENSG00000158019 ENSG00000163635 ENSG00000113070 ENSG00000010810 ENSG00000213654,NEAT1 HIC1 SHANK3 BABAM2 ATXN7 HBEGF FYN GPSM3
GO:MF,GO:0031267,small GTPase binding,0.12358063543596501,False,3,111,30,3629,ENSG00000205517 ENSG00000155511 ENSG00000176406,RGL3 GRIA1 RIMS2
GO:CC,GO:0000123,histone acetyltransferase complex,0.12401423578240275,False,2,111,11,3629,ENSG00000174579 ENSG00000163635,MSL2 ATXN7
GO:CC,GO:0044309,neuron spine,0.12401423578240275,False,2,111,11,3629,ENSG00000251322 ENSG00000155511,SHANK3 GRIA1
GO:CC,GO:0031248,protein acetyltransferase complex,0.12401423578240275,False,2,111,11,3629,ENSG00000174579 ENSG00000163635,MSL2 ATXN7
GO:CC,GO:1902493,acetyltransferase complex,0.12401423578240275,False,2,111,11,3629,ENSG00000174579 ENSG00000163635,MSL2 ATXN7
GO:CC,GO:0072686,mitotic spindle,0.12549190272926086,False,3,111,26,3629,ENSG00000159023 ENSG00000002822 ENSG00000173273,EPB41 MAD1L1 TNKS
GO:CC,GO:0005819,spindle,0.12621168707321856,False,4,111,44,3629,ENSG00000089053 ENSG00000159023 ENSG00000002822 ENSG00000173273,ANAPC5 EPB41 MAD1L1 TNKS
GO:BP,GO:0048285,organelle fission,0.12703125477032548,False,5,111,65,3629,ENSG00000089053 ENSG00000157456 ENSG00000103056 ENSG00000112659 ENSG00000002822,ANAPC5 CCNB2 SMPD3 CUL9 MAD1L1
GO:BP,GO:0048812,neuron projection morphogenesis,0.12703125477032548,False,4,111,45,3629,ENSG00000251322 ENSG00000010810 ENSG00000135298 ENSG00000176406,SHANK3 FYN ADGRB3 RIMS2
GO:BP,GO:1903037,regulation of leukocyte cell-cell adhesion,0.12703125477032548,False,4,111,45,3629,ENSG00000110497 ENSG00000115085 ENSG00000010810 ENSG00000002822,AMBRA1 ZAP70 FYN MAD1L1
GO:BP,GO:0050863,regulation of T cell activation,0.12703125477032548,False,4,111,45,3629,ENSG00000110497 ENSG00000115085 ENSG00000010810 ENSG00000002822,AMBRA1 ZAP70 FYN MAD1L1
GO:BP,GO:0009117,nucleotide metabolic process,0.12703125477032548,False,4,111,45,3629,ENSG00000111669 ENSG00000073417 ENSG00000188641 ENSG00000113448,TPI1 PDE8A DPYD PDE4D
GO:BP,GO:0010975,regulation of neuron projection development,0.12703125477032548,False,4,111,45,3629,ENSG00000066735 ENSG00000251322 ENSG00000010810 ENSG00000135298,KIF26A SHANK3 FYN ADGRB3
GO:BP,GO:0042098,T cell proliferation,0.12829660039908714,False,3,111,27,3629,ENSG00000115085 ENSG00000010810 ENSG00000002822,ZAP70 FYN MAD1L1
GO:BP,GO:0009416,response to light stimulus,0.12829660039908714,False,3,111,27,3629,ENSG00000258839 ENSG00000133256 ENSG00000168077,MC1R PDE6B SCARA3
GO:MF,GO:0140993,histone modifying activity,0.12887429225316555,False,4,111,50,3629,ENSG00000178093 ENSG00000104885 ENSG00000196182 ENSG00000174579,TSSK6 DOT1L STK40 MSL2
GO:MF,GO:0030295,protein kinase activator activity,0.12888212805579854,False,2,111,14,3629,ENSG00000073417 ENSG00000113070,PDE8A HBEGF
GO:MF,GO:0005126,cytokine receptor binding,0.12888212805579854,False,2,111,14,3629,ENSG00000158019 ENSG00000150630,BABAM2 VEGFC
GO:MF,GO:0019209,kinase activator activity,0.12888212805579854,False,2,111,14,3629,ENSG00000073417 ENSG00000113070,PDE8A HBEGF
GO:MF,GO:0003774,cytoskeletal motor activity,0.12888212805579854,False,2,111,14,3629,ENSG00000066735 ENSG00000116852,KIF26A KIF21B
GO:MF,GO:0120544,polypeptide conformation or assembly isomerase activity,0.12888212805579854,False,2,111,14,3629,ENSG00000066735 ENSG00000116852,KIF26A KIF21B
GO:BP,GO:2001251,negative regulation of chromosome organization,0.1298696454434972,False,2,111,12,3629,ENSG00000002822 ENSG00000173273,MAD1L1 TNKS
GO:BP,GO:0061049,cell growth involved in cardiac muscle cell development,0.1298696454434972,False,1,111,2,3629,ENSG00000120907,ADRA1A
GO:BP,GO:0007144,female meiosis I,0.1298696454434972,False,1,111,2,3629,ENSG00000157456,CCNB2
GO:BP,GO:0042743,hydrogen peroxide metabolic process,0.1298696454434972,False,1,111,2,3629,ENSG00000010810,FYN
GO:BP,GO:0042541,hemoglobin biosynthetic process,0.1298696454434972,False,1,111,2,3629,ENSG00000196517,SLC6A9
GO:BP,GO:0090314,positive regulation of protein targeting to membrane,0.1298696454434972,False,1,111,2,3629,ENSG00000010810,FYN
GO:BP,GO:0090313,regulation of protein targeting to membrane,0.1298696454434972,False,1,111,2,3629,ENSG00000010810,FYN
GO:BP,GO:1901978,positive regulation of cell cycle checkpoint,0.1298696454434972,False,1,111,2,3629,ENSG00000002822,MAD1L1
GO:BP,GO:0090235,regulation of metaphase plate congression,0.1298696454434972,False,1,111,2,3629,ENSG00000002822,MAD1L1
GO:BP,GO:2000392,regulation of lamellipodium morphogenesis,0.1298696454434972,False,1,111,2,3629,ENSG00000242498,ARPIN
GO:BP,GO:2000377,regulation of reactive oxygen species metabolic process,0.1298696454434972,False,2,111,12,3629,ENSG00000122986 ENSG00000010810,HVCN1 FYN
GO:BP,GO:0007265,Ras protein signal transduction,0.1298696454434972,False,2,111,13,3629,ENSG00000205517 ENSG00000124356,RGL3 STAMBP
GO:BP,GO:0043517,"positive regulation of DNA damage response, signal transduction by p53 class mediator",0.1298696454434972,False,1,111,2,3629,ENSG00000177374,HIC1
GO:BP,GO:1901701,cellular response to oxygen-containing compound,0.1298696454434972,False,6,111,88,3629,ENSG00000103056 ENSG00000151422 ENSG00000155511 ENSG00000113448 ENSG00000010810 ENSG00000204231,SMPD3 FER GRIA1 PDE4D FYN RXRB
GO:BP,GO:1901798,positive regulation of signal transduction by p53 class mediator,0.1298696454434972,False,1,111,2,3629,ENSG00000177374,HIC1
GO:BP,GO:0038026,reelin-mediated signaling pathway,0.1298696454434972,False,1,111,2,3629,ENSG00000010810,FYN
GO:BP,GO:0099502,calcium-dependent activation of synaptic vesicle fusion,0.1298696454434972,False,1,111,2,3629,ENSG00000149927,DOC2A
GO:BP,GO:0099170,postsynaptic modulation of chemical synaptic transmission,0.1298696454434972,False,1,111,2,3629,ENSG00000156395,SORCS3
GO:BP,GO:0099022,vesicle tethering,0.1298696454434972,False,1,111,2,3629,ENSG00000131558,EXOC4
GO:BP,GO:0061577,calcium ion transmembrane transport via high voltage-gated calcium channel,0.1298696454434972,False,1,111,2,3629,ENSG00000113448,PDE4D
GO:BP,GO:0070646,protein modification by small protein removal,0.1298696454434972,False,2,111,12,3629,ENSG00000158019 ENSG00000124356,BABAM2 STAMBP
GO:BP,GO:0071294,cellular response to zinc ion,0.1298696454434972,False,1,111,2,3629,ENSG00000122986,HVCN1
GO:BP,GO:0140499,negative regulation of mitotic spindle assembly checkpoint signaling,0.1298696454434972,False,1,111,2,3629,ENSG00000002822,MAD1L1
GO:BP,GO:0140052,cellular response to oxidised low-density lipoprotein particle stimulus,0.1298696454434972,False,1,111,2,3629,ENSG00000103056,SMPD3
GO:BP,GO:0090232,positive regulation of spindle checkpoint,0.1298696454434972,False,1,111,2,3629,ENSG00000002822,MAD1L1
GO:BP,GO:0090233,negative regulation of spindle checkpoint,0.1298696454434972,False,1,111,2,3629,ENSG00000002822,MAD1L1
GO:BP,GO:0043153,entrainment of circadian clock by photoperiod,0.1298696454434972,False,1,111,2,3629,ENSG00000133256,PDE6B
GO:BP,GO:1901634,positive regulation of synaptic vesicle membrane organization,0.1298696454434972,False,1,111,2,3629,ENSG00000149927,DOC2A
GO:BP,GO:0035725,sodium ion transmembrane transport,0.1298696454434972,False,2,111,12,3629,ENSG00000162753 ENSG00000196517,SLC9C2 SLC6A9
GO:BP,GO:0007602,phototransduction,0.1298696454434972,False,1,111,2,3629,ENSG00000133256,PDE6B
GO:BP,GO:0007603,"phototransduction, visible light",0.1298696454434972,False,1,111,2,3629,ENSG00000133256,PDE6B
GO:BP,GO:0043129,surfactant homeostasis,0.1298696454434972,False,1,111,2,3629,ENSG00000103811,CTSH
GO:BP,GO:0045060,negative thymic T cell selection,0.1298696454434972,False,1,111,2,3629,ENSG00000115085,ZAP70
GO:BP,GO:0086065,cell communication involved in cardiac conduction,0.1298696454434972,False,1,111,2,3629,ENSG00000113448,PDE4D
GO:BP,GO:0086004,regulation of cardiac muscle cell contraction,0.1298696454434972,False,1,111,2,3629,ENSG00000113448,PDE4D
GO:BP,GO:0009125,nucleoside monophosphate catabolic process,0.1298696454434972,False,1,111,2,3629,ENSG00000188641,DPYD
GO:BP,GO:0035675,neuromast hair cell development,0.1298696454434972,False,1,111,2,3629,ENSG00000181291,TMEM132E
GO:BP,GO:0043383,negative T cell selection,0.1298696454434972,False,1,111,2,3629,ENSG00000115085,ZAP70
GO:BP,GO:0006974,DNA damage response,0.1298696454434972,False,7,111,110,3629,ENSG00000258839 ENSG00000177374 ENSG00000104885 ENSG00000158019 ENSG00000174579 ENSG00000163635 ENSG00000184903,MC1R HIC1 DOT1L BABAM2 MSL2 ATXN7 IMMP2L
GO:BP,GO:0097168,mesenchymal stem cell proliferation,0.1298696454434972,False,1,111,2,3629,ENSG00000150630,VEGFC
GO:BP,GO:0045184,establishment of protein localization,0.1298696454434972,False,8,111,137,3629,ENSG00000120451 ENSG00000053438 ENSG00000150630 ENSG00000120725 ENSG00000010810 ENSG00000131558 ENSG00000176406 ENSG00000173273,SNX19 NNAT VEGFC SIL1 FYN EXOC4 RIMS2 TNKS
GO:BP,GO:0044843,cell cycle G1/S phase transition,0.1298696454434972,False,3,111,29,3629,ENSG00000110497 ENSG00000157456 ENSG00000005483,AMBRA1 CCNB2 KMT2E
GO:BP,GO:0044550,secondary metabolite biosynthetic process,0.1298696454434972,False,1,111,2,3629,ENSG00000258839,MC1R
GO:BP,GO:0044351,macropinocytosis,0.1298696454434972,False,1,111,2,3629,ENSG00000079691,CARMIL1
GO:BP,GO:1902462,positive regulation of mesenchymal stem cell proliferation,0.1298696454434972,False,1,111,2,3629,ENSG00000150630,VEGFC
GO:BP,GO:0008315,G2/MI transition of meiotic cell cycle,0.1298696454434972,False,1,111,2,3629,ENSG00000157456,CCNB2
GO:BP,GO:0008340,determination of adult lifespan,0.1298696454434972,False,1,111,2,3629,ENSG00000135454,B4GALNT1
GO:BP,GO:0008360,regulation of cell shape,0.1298696454434972,False,2,111,12,3629,ENSG00000023902 ENSG00000010810,PLEKHO1 FYN
GO:BP,GO:0006868,glutamine transport,0.1298696454434972,False,1,111,2,3629,ENSG00000103042,SLC38A7
GO:BP,GO:0006867,asparagine transport,0.1298696454434972,False,1,111,2,3629,ENSG00000103042,SLC38A7
GO:BP,GO:0009120,deoxyribonucleoside metabolic process,0.1298696454434972,False,1,111,2,3629,ENSG00000188641,DPYD
GO:BP,GO:0090279,regulation of calcium ion import,0.1298696454434972,False,1,111,2,3629,ENSG00000010810,FYN
GO:BP,GO:1902460,regulation of mesenchymal stem cell proliferation,0.1298696454434972,False,1,111,2,3629,ENSG00000150630,VEGFC
GO:BP,GO:1902426,deactivation of mitotic spindle assembly checkpoint,0.1298696454434972,False,1,111,2,3629,ENSG00000002822,MAD1L1
GO:BP,GO:0009164,nucleoside catabolic process,0.1298696454434972,False,1,111,2,3629,ENSG00000188641,DPYD
GO:BP,GO:0009159,deoxyribonucleoside monophosphate catabolic process,0.1298696454434972,False,1,111,2,3629,ENSG00000188641,DPYD
GO:BP,GO:0009101,glycoprotein biosynthetic process,0.1298696454434972,False,2,111,13,3629,ENSG00000171310 ENSG00000133687,CHST11 TMTC1
GO:BP,GO:0045777,positive regulation of blood pressure,0.1298696454434972,False,1,111,2,3629,ENSG00000120907,ADRA1A
GO:BP,GO:1902514,regulation of calcium ion transmembrane transport via high voltage-gated calcium channel,0.1298696454434972,False,1,111,2,3629,ENSG00000113448,PDE4D
GO:BP,GO:0006685,sphingomyelin catabolic process,0.1298696454434972,False,1,111,2,3629,ENSG00000103056,SMPD3
GO:BP,GO:0034088,maintenance of mitotic sister chromatid cohesion,0.1298696454434972,False,1,111,2,3629,ENSG00000173273,TNKS
GO:BP,GO:0009264,deoxyribonucleotide catabolic process,0.1298696454434972,False,1,111,2,3629,ENSG00000188641,DPYD
GO:BP,GO:0072529,pyrimidine-containing compound catabolic process,0.1298696454434972,False,1,111,2,3629,ENSG00000188641,DPYD
GO:BP,GO:0097396,response to interleukin-17,0.1298696454434972,False,1,111,2,3629,ENSG00000251322,SHANK3
GO:BP,GO:0033007,negative regulation of mast cell activation involved in immune response,0.1298696454434972,False,1,111,2,3629,ENSG00000151422,FER
GO:BP,GO:0033004,negative regulation of mast cell activation,0.1298696454434972,False,1,111,2,3629,ENSG00000151422,FER
GO:BP,GO:0045956,positive regulation of calcium ion-dependent exocytosis,0.1298696454434972,False,1,111,2,3629,ENSG00000149927,DOC2A
GO:BP,GO:0045944,positive regulation of transcription by RNA polymerase II,0.1298696454434972,False,6,111,90,3629,ENSG00000067082 ENSG00000258839 ENSG00000166573 ENSG00000104885 ENSG00000204231 ENSG00000173273,KLF6 MC1R GALR1 DOT1L RXRB TNKS
GO:BP,GO:0034656,nucleobase-containing small molecule catabolic process,0.1298696454434972,False,1,111,2,3629,ENSG00000188641,DPYD
GO:BP,GO:0009218,pyrimidine ribonucleotide metabolic process,0.1298696454434972,False,1,111,2,3629,ENSG00000188641,DPYD
GO:BP,GO:0006438,valyl-tRNA aminoacylation,0.1298696454434972,False,1,111,2,3629,ENSG00000137411,VARS2
GO:BP,GO:0045766,positive regulation of angiogenesis,0.1298696454434972,False,2,111,12,3629,ENSG00000103811 ENSG00000150630,CTSH VEGFC
GO:BP,GO:0060024,rhythmic synaptic transmission,0.1298696454434972,False,1,111,2,3629,ENSG00000007402,CACNA2D2
GO:BP,GO:0045907,positive regulation of vasoconstriction,0.1298696454434972,False,1,111,2,3629,ENSG00000120907,ADRA1A
GO:BP,GO:0006684,sphingomyelin metabolic process,0.1298696454434972,False,1,111,2,3629,ENSG00000103056,SMPD3
GO:BP,GO:0060046,regulation of acrosome reaction,0.1298696454434972,False,1,111,2,3629,ENSG00000122986,HVCN1
GO:BP,GO:0060008,Sertoli cell differentiation,0.1298696454434972,False,1,111,2,3629,ENSG00000151422,FER
GO:BP,GO:0060009,Sertoli cell development,0.1298696454434972,False,1,111,2,3629,ENSG00000151422,FER
GO:BP,GO:0006582,melanin metabolic process,0.1298696454434972,False,1,111,2,3629,ENSG00000258839,MC1R
GO:BP,GO:0045794,negative regulation of cell volume,0.1298696454434972,False,1,111,2,3629,ENSG00000251322,SHANK3
GO:BP,GO:0030947,regulation of vascular endothelial growth factor receptor signaling pathway,0.1298696454434972,False,1,111,2,3629,ENSG00000150630,VEGFC
GO:BP,GO:0051315,attachment of mitotic spindle microtubules to kinetochore,0.1298696454434972,False,1,111,2,3629,ENSG00000002822,MAD1L1
GO:BP,GO:0000281,mitotic cytokinesis,0.1298696454434972,False,2,111,12,3629,ENSG00000124356 ENSG00000131558,STAMBP EXOC4
GO:BP,GO:0070198,"protein localization to chromosome, telomeric region",0.1298696454434972,False,1,111,2,3629,ENSG00000173273,TNKS
GO:BP,GO:0010880,regulation of release of sequestered calcium ion into cytosol by sarcoplasmic reticulum,0.1298696454434972,False,1,111,2,3629,ENSG00000113448,PDE4D
GO:BP,GO:0010952,positive regulation of peptidase activity,0.1298696454434972,False,1,111,2,3629,ENSG00000103811,CTSH
GO:BP,GO:0071461,cellular response to redox state,0.1298696454434972,False,1,111,2,3629,ENSG00000103056,SMPD3
GO:BP,GO:0070914,UV-damage excision repair,0.1298696454434972,False,1,111,2,3629,ENSG00000258839,MC1R
GO:BP,GO:0007512,adult heart development,0.1298696454434972,False,1,111,2,3629,ENSG00000120907,ADRA1A
GO:BP,GO:0001522,pseudouridine synthesis,0.1298696454434972,False,1,111,2,3629,ENSG00000166133,RPUSD2
GO:BP,GO:0051775,response to redox state,0.1298696454434972,False,1,111,2,3629,ENSG00000103056,SMPD3
GO:BP,GO:0016233,telomere capping,0.1298696454434972,False,1,111,2,3629,ENSG00000173273,TNKS
GO:BP,GO:0016556,mRNA modification,0.1298696454434972,False,1,111,2,3629,ENSG00000166133,RPUSD2
GO:BP,GO:0016331,morphogenesis of embryonic epithelium,0.1298696454434972,False,2,111,12,3629,ENSG00000251322 ENSG00000150630,SHANK3 VEGFC
GO:BP,GO:0016049,cell growth,0.1298696454434972,False,4,111,48,3629,ENSG00000066735 ENSG00000113070 ENSG00000176406 ENSG00000120907,KIF26A HBEGF RIMS2 ADRA1A
GO:BP,GO:1904478,regulation of intestinal absorption,0.1298696454434972,False,1,111,2,3629,ENSG00000159023,EPB41
GO:BP,GO:0150099,neuron-glial cell signaling,0.1298696454434972,False,1,111,2,3629,ENSG00000120907,ADRA1A
GO:BP,GO:0034086,maintenance of sister chromatid cohesion,0.1298696454434972,False,1,111,2,3629,ENSG00000173273,TNKS
GO:BP,GO:0033003,regulation of mast cell activation,0.1298696454434972,False,1,111,2,3629,ENSG00000151422,FER
GO:BP,GO:0032963,collagen metabolic process,0.1298696454434972,False,2,111,13,3629,ENSG00000103056 ENSG00000130635,SMPD3 COL5A1
GO:BP,GO:0046985,positive regulation of hemoglobin biosynthetic process,0.1298696454434972,False,1,111,2,3629,ENSG00000196517,SLC6A9
GO:BP,GO:0034333,adherens junction assembly,0.1298696454434972,False,1,111,2,3629,ENSG00000151422,FER
GO:BP,GO:0009223,pyrimidine deoxyribonucleotide catabolic process,0.1298696454434972,False,1,111,2,3629,ENSG00000188641,DPYD
GO:BP,GO:0009438,methylglyoxal metabolic process,0.1298696454434972,False,1,111,2,3629,ENSG00000111669,TPI1
GO:BP,GO:0009648,photoperiodism,0.1298696454434972,False,1,111,2,3629,ENSG00000133256,PDE6B
GO:BP,GO:0009584,detection of visible light,0.1298696454434972,False,1,111,2,3629,ENSG00000133256,PDE6B
GO:BP,GO:1900017,positive regulation of cytokine production involved in inflammatory response,0.1298696454434972,False,1,111,2,3629,ENSG00000213654,GPSM3
GO:BP,GO:0009649,entrainment of circadian clock,0.1298696454434972,False,1,111,2,3629,ENSG00000133256,PDE6B
GO:BP,GO:1903431,positive regulation of cell maturation,0.1298696454434972,False,1,111,2,3629,ENSG00000169594,BNC1
GO:BP,GO:0006244,pyrimidine nucleotide catabolic process,0.1298696454434972,False,1,111,2,3629,ENSG00000188641,DPYD
GO:BP,GO:0045989,positive regulation of striated muscle contraction,0.1298696454434972,False,1,111,2,3629,ENSG00000120907,ADRA1A
GO:BP,GO:0006357,regulation of transcription by RNA polymerase II,0.1298696454434972,False,12,111,238,3629,ENSG00000067082 ENSG00000110497 ENSG00000258839 ENSG00000177374 ENSG00000166573 ENSG00000104885 ENSG00000186020 ENSG00000143614 ENSG00000163635 ENSG00000204231 ENSG00000173273 ENSG00000167157,KLF6 AMBRA1 MC1R HIC1 GALR1 DOT1L ZNF529 GATAD2B ATXN7 RXRB TNKS PRRX2
GO:BP,GO:0009219,pyrimidine deoxyribonucleotide metabolic process,0.1298696454434972,False,1,111,2,3629,ENSG00000188641,DPYD
GO:BP,GO:0071897,DNA biosynthetic process,0.1298696454434972,False,2,111,12,3629,ENSG00000103056 ENSG00000173273,SMPD3 TNKS
GO:BP,GO:1903224,regulation of endodermal cell differentiation,0.1298696454434972,False,1,111,2,3629,ENSG00000130635,COL5A1
GO:BP,GO:0003018,vascular process in circulatory system,0.1298696454434972,False,2,111,13,3629,ENSG00000196517 ENSG00000120907,SLC6A9 ADRA1A
GO:BP,GO:0048469,cell maturation,0.1298696454434972,False,2,111,12,3629,ENSG00000169594 ENSG00000135298,BNC1 ADGRB3
GO:BP,GO:0002688,regulation of leukocyte chemotaxis,0.1298696454434972,False,2,111,12,3629,ENSG00000150630 ENSG00000213654,VEGFC GPSM3
GO:BP,GO:0010226,response to lithium ion,0.1298696454434972,False,1,111,2,3629,ENSG00000155511,GRIA1
GO:BP,GO:1903225,negative regulation of endodermal cell differentiation,0.1298696454434972,False,1,111,2,3629,ENSG00000130635,COL5A1
GO:BP,GO:0097067,cellular response to thyroid hormone stimulus,0.1298696454434972,False,1,111,2,3629,ENSG00000103811,CTSH
GO:BP,GO:1900125,regulation of hyaluronan biosynthetic process,0.1298696454434972,False,1,111,2,3629,ENSG00000103056,SMPD3
GO:BP,GO:1900126,negative regulation of hyaluronan biosynthetic process,0.1298696454434972,False,1,111,2,3629,ENSG00000103056,SMPD3
GO:BP,GO:1900153,"positive regulation of nuclear-transcribed mRNA catabolic process, deadenylation-dependent decay",0.1298696454434972,False,1,111,2,3629,ENSG00000100354,TNRC6B
GO:BP,GO:0046164,alcohol catabolic process,0.1298696454434972,False,1,111,2,3629,ENSG00000111669,TPI1
GO:BP,GO:0046166,glyceraldehyde-3-phosphate biosynthetic process,0.1298696454434972,False,1,111,2,3629,ENSG00000111669,TPI1
GO:BP,GO:0046386,deoxyribose phosphate catabolic process,0.1298696454434972,False,1,111,2,3629,ENSG00000188641,DPYD
GO:BP,GO:0046984,regulation of hemoglobin biosynthetic process,0.1298696454434972,False,1,111,2,3629,ENSG00000196517,SLC6A9
GO:BP,GO:0051968,"positive regulation of synaptic transmission, glutamatergic",0.1298696454434972,False,1,111,2,3629,ENSG00000251322,SHANK3
GO:BP,GO:0043278,response to morphine,0.1298696454434972,False,1,111,2,3629,ENSG00000155511,GRIA1
GO:BP,GO:2000677,regulation of transcription regulatory region DNA binding,0.1298696454434972,False,1,111,2,3629,ENSG00000104885,DOT1L
GO:BP,GO:0060211,regulation of nuclear-transcribed mRNA poly(A) tail shortening,0.1298696454434972,False,1,111,2,3629,ENSG00000100354,TNRC6B
GO:BP,GO:0060173,limb development,0.1298696454434972,False,2,111,13,3629,ENSG00000171310 ENSG00000135454,CHST11 B4GALNT1
GO:BP,GO:0099509,regulation of presynaptic cytosolic calcium ion concentration,0.1298696454434972,False,1,111,2,3629,ENSG00000185518,SV2B
GO:BP,GO:0051546,keratinocyte migration,0.1298696454434972,False,1,111,2,3629,ENSG00000113070,HBEGF
GO:BP,GO:0051453,regulation of intracellular pH,0.1298696454434972,False,2,111,12,3629,ENSG00000122986 ENSG00000162753,HVCN1 SLC9C2
GO:BP,GO:0051693,actin filament capping,0.1298696454434972,False,1,111,2,3629,ENSG00000079691,CARMIL1
GO:BP,GO:0014808,release of sequestered calcium ion into cytosol by sarcoplasmic reticulum,0.1298696454434972,False,1,111,2,3629,ENSG00000113448,PDE4D
GO:BP,GO:0014072,response to isoquinoline alkaloid,0.1298696454434972,False,1,111,2,3629,ENSG00000155511,GRIA1
GO:BP,GO:0030213,hyaluronan biosynthetic process,0.1298696454434972,False,1,111,2,3629,ENSG00000103056,SMPD3
GO:BP,GO:0001656,metanephros development,0.1298696454434972,False,1,111,2,3629,ENSG00000103811,CTSH
GO:BP,GO:0001659,temperature homeostasis,0.1298696454434972,False,2,111,12,3629,ENSG00000115896 ENSG00000154822,PLCL1 PLCL2
GO:BP,GO:0098900,regulation of action potential,0.1298696454434972,False,1,111,2,3629,ENSG00000120907,ADRA1A
GO:BP,GO:0048169,regulation of long-term neuronal synaptic plasticity,0.1298696454434972,False,1,111,2,3629,ENSG00000251322,SHANK3
GO:BP,GO:0048659,smooth muscle cell proliferation,0.1298696454434972,False,2,111,12,3629,ENSG00000103056 ENSG00000113070,SMPD3 HBEGF
GO:BP,GO:0048639,positive regulation of developmental growth,0.1298696454434972,False,2,111,12,3629,ENSG00000007402 ENSG00000176406,CACNA2D2 RIMS2
GO:BP,GO:0003301,physiological cardiac muscle hypertrophy,0.1298696454434972,False,1,111,2,3629,ENSG00000120907,ADRA1A
GO:BP,GO:0003298,physiological muscle hypertrophy,0.1298696454434972,False,1,111,2,3629,ENSG00000120907,ADRA1A
GO:BP,GO:0048339,paraxial mesoderm development,0.1298696454434972,False,1,111,2,3629,ENSG00000131558,EXOC4
GO:BP,GO:0048311,mitochondrion distribution,0.1298696454434972,False,1,111,2,3629,ENSG00000104442,ARMC1
GO:BP,GO:0006024,glycosaminoglycan biosynthetic process,0.1298696454434972,False,1,111,2,3629,ENSG00000103056,SMPD3
GO:BP,GO:0048736,appendage development,0.1298696454434972,False,2,111,13,3629,ENSG00000171310 ENSG00000135454,CHST11 B4GALNT1
GO:BP,GO:0051646,mitochondrion localization,0.1298696454434972,False,1,111,2,3629,ENSG00000104442,ARMC1
GO:BP,GO:0051641,cellular localization,0.1298696454434972,False,10,111,186,3629,ENSG00000120451 ENSG00000185518 ENSG00000149927 ENSG00000103056 ENSG00000251322 ENSG00000007402 ENSG00000120725 ENSG00000010810 ENSG00000131558 ENSG00000176406,SNX19 SV2B DOC2A SMPD3 SHANK3 CACNA2D2 SIL1 FYN EXOC4 RIMS2
GO:BP,GO:1905430,cellular response to glycine,0.1298696454434972,False,1,111,2,3629,ENSG00000010810,FYN
GO:BP,GO:1905429,response to glycine,0.1298696454434972,False,1,111,2,3629,ENSG00000010810,FYN
GO:BP,GO:0051639,actin filament network formation,0.1298696454434972,False,1,111,2,3629,ENSG00000079691,CARMIL1
GO:BP,GO:0030098,lymphocyte differentiation,0.1298696454434972,False,4,111,46,3629,ENSG00000067082 ENSG00000110497 ENSG00000115085 ENSG00000154822,KLF6 AMBRA1 ZAP70 PLCL2
GO:BP,GO:0048791,calcium ion-regulated exocytosis of neurotransmitter,0.1298696454434972,False,1,111,2,3629,ENSG00000176406,RIMS2
GO:BP,GO:0016082,synaptic vesicle priming,0.1298696454434972,False,1,111,2,3629,ENSG00000176406,RIMS2
GO:BP,GO:1904018,positive regulation of vasculature development,0.1298696454434972,False,2,111,12,3629,ENSG00000103811 ENSG00000150630,CTSH VEGFC
GO:BP,GO:0098719,sodium ion import across plasma membrane,0.1298696454434972,False,1,111,2,3629,ENSG00000162753,SLC9C2
GO:BP,GO:0048701,embryonic cranial skeleton morphogenesis,0.1298696454434972,False,1,111,2,3629,ENSG00000171310,CHST11
GO:BP,GO:0050673,epithelial cell proliferation,0.1298696454434972,False,3,111,29,3629,ENSG00000245532 ENSG00000150630 ENSG00000232040,NEAT1 VEGFC SCAND3
GO:BP,GO:0032210,regulation of telomere maintenance via telomerase,0.1298696454434972,False,1,111,2,3629,ENSG00000173273,TNKS
GO:BP,GO:0031646,positive regulation of nervous system process,0.1298696454434972,False,1,111,2,3629,ENSG00000176406,RIMS2
GO:BP,GO:0001993,regulation of systemic arterial blood pressure by norepinephrine-epinephrine,0.1298696454434972,False,1,111,2,3629,ENSG00000120907,ADRA1A
GO:BP,GO:0097484,dendrite extension,0.1298696454434972,False,1,111,2,3629,ENSG00000176406,RIMS2
GO:BP,GO:0048886,neuromast hair cell differentiation,0.1298696454434972,False,1,111,2,3629,ENSG00000181291,TMEM132E
GO:BP,GO:0048884,neuromast development,0.1298696454434972,False,1,111,2,3629,ENSG00000181291,TMEM132E
GO:BP,GO:0002064,epithelial cell development,0.1298696454434972,False,2,111,13,3629,ENSG00000151422 ENSG00000113448,FER PDE4D
GO:BP,GO:0048925,lateral line system development,0.1298696454434972,False,1,111,2,3629,ENSG00000181291,TMEM132E
GO:BP,GO:0048882,lateral line development,0.1298696454434972,False,1,111,2,3629,ENSG00000181291,TMEM132E
GO:BP,GO:0002052,positive regulation of neuroblast proliferation,0.1298696454434972,False,1,111,2,3629,ENSG00000150630,VEGFC
GO:BP,GO:1903533,regulation of protein targeting,0.1298696454434972,False,1,111,2,3629,ENSG00000010810,FYN
GO:BP,GO:0010591,regulation of lamellipodium assembly,0.1298696454434972,False,1,111,2,3629,ENSG00000151422,FER
GO:BP,GO:1903909,regulation of receptor clustering,0.1298696454434972,False,1,111,2,3629,ENSG00000251322,SHANK3
GO:BP,GO:1904353,regulation of telomere capping,0.1298696454434972,False,1,111,2,3629,ENSG00000173273,TNKS
GO:BP,GO:1903514,release of sequestered calcium ion into cytosol by endoplasmic reticulum,0.1298696454434972,False,1,111,2,3629,ENSG00000113448,PDE4D
GO:BP,GO:0001885,endothelial cell development,0.1298696454434972,False,1,111,2,3629,ENSG00000113448,PDE4D
GO:BP,GO:0050859,negative regulation of B cell receptor signaling pathway,0.1298696454434972,False,1,111,2,3629,ENSG00000154822,PLCL2
GO:BP,GO:1904357,negative regulation of telomere maintenance via telomere lengthening,0.1298696454434972,False,1,111,2,3629,ENSG00000173273,TNKS
GO:BP,GO:0098828,modulation of inhibitory postsynaptic potential,0.1298696454434972,False,1,111,2,3629,ENSG00000176406,RIMS2
GO:BP,GO:0098780,response to mitochondrial depolarisation,0.1298696454434972,False,1,111,2,3629,ENSG00000110497,AMBRA1
GO:BP,GO:0031214,biomineral tissue development,0.1298696454434972,False,2,111,13,3629,ENSG00000103056 ENSG00000204231,SMPD3 RXRB
GO:BP,GO:0031632,positive regulation of synaptic vesicle fusion to presynaptic active zone membrane,0.1298696454434972,False,1,111,2,3629,ENSG00000149927,DOC2A
GO:BP,GO:0051547,regulation of keratinocyte migration,0.1298696454434972,False,1,111,2,3629,ENSG00000113070,HBEGF
GO:BP,GO:0051016,barbed-end actin filament capping,0.1298696454434972,False,1,111,2,3629,ENSG00000079691,CARMIL1
GO:BP,GO:0051050,positive regulation of transport,0.1298696454434972,False,5,111,66,3629,ENSG00000149927 ENSG00000103056 ENSG00000166573 ENSG00000053438 ENSG00000150630,DOC2A SMPD3 GALR1 NNAT VEGFC
GO:BP,GO:0050729,positive regulation of inflammatory response,0.1298696454434972,False,2,111,13,3629,ENSG00000245532 ENSG00000213654,NEAT1 GPSM3
GO:BP,GO:1903859,regulation of dendrite extension,0.1298696454434972,False,1,111,2,3629,ENSG00000176406,RIMS2
GO:BP,GO:1903861,positive regulation of dendrite extension,0.1298696454434972,False,1,111,2,3629,ENSG00000176406,RIMS2
GO:BP,GO:0060080,inhibitory postsynaptic potential,0.1298696454434972,False,1,111,2,3629,ENSG00000176406,RIMS2
GO:BP,GO:1990481,mRNA pseudouridine synthesis,0.1298696454434972,False,1,111,2,3629,ENSG00000166133,RPUSD2
GO:BP,GO:1904888,cranial skeletal system development,0.1298696454434972,False,1,111,2,3629,ENSG00000171310,CHST11
GO:BP,GO:0060351,cartilage development involved in endochondral bone morphogenesis,0.1298696454434972,False,1,111,2,3629,ENSG00000103056,SMPD3
GO:BP,GO:0060350,endochondral bone morphogenesis,0.1298696454434972,False,1,111,2,3629,ENSG00000103056,SMPD3
GO:BP,GO:0020027,hemoglobin metabolic process,0.1298696454434972,False,1,111,2,3629,ENSG00000196517,SLC6A9
GO:BP,GO:0019682,glyceraldehyde-3-phosphate metabolic process,0.1298696454434972,False,1,111,2,3629,ENSG00000111669,TPI1
GO:BP,GO:0021543,pallium development,0.1298696454434972,False,2,111,12,3629,ENSG00000066735 ENSG00000155511,KIF26A GRIA1
GO:BP,GO:0038130,ERBB4 signaling pathway,0.1298696454434972,False,1,111,2,3629,ENSG00000113070,HBEGF
GO:BP,GO:0060575,intestinal epithelial cell differentiation,0.1298696454434972,False,1,111,2,3629,ENSG00000131096,PYY
GO:BP,GO:0042438,melanin biosynthetic process,0.1298696454434972,False,1,111,2,3629,ENSG00000258839,MC1R
GO:BP,GO:0007159,leukocyte cell-cell adhesion,0.1298696454434972,False,4,111,47,3629,ENSG00000110497 ENSG00000115085 ENSG00000010810 ENSG00000002822,AMBRA1 ZAP70 FYN MAD1L1
GO:BP,GO:0070201,regulation of establishment of protein localization,0.1298696454434972,False,3,111,29,3629,ENSG00000053438 ENSG00000150630 ENSG00000010810,NNAT VEGFC FYN
GO:BP,GO:0060213,positive regulation of nuclear-transcribed mRNA poly(A) tail shortening,0.1298696454434972,False,1,111,2,3629,ENSG00000100354,TNRC6B
GO:BP,GO:0060251,regulation of glial cell proliferation,0.1298696454434972,False,1,111,2,3629,ENSG00000150630,VEGFC
GO:BP,GO:0001574,ganglioside biosynthetic process,0.1298696454434972,False,1,111,2,3629,ENSG00000135454,B4GALNT1
GO:BP,GO:0007194,negative regulation of adenylate cyclase activity,0.1298696454434972,False,1,111,2,3629,ENSG00000166573,GALR1
GO:BP,GO:0007369,gastrulation,0.1298696454434972,False,2,111,13,3629,ENSG00000131558 ENSG00000130635,EXOC4 COL5A1
GO:BP,GO:0060252,positive regulation of glial cell proliferation,0.1298696454434972,False,1,111,2,3629,ENSG00000150630,VEGFC
GO:BP,GO:0042981,regulation of apoptotic process,0.13029948349690806,False,7,111,115,3629,ENSG00000110497 ENSG00000171310 ENSG00000103811 ENSG00000196182 ENSG00000158019 ENSG00000124356 ENSG00000010810,AMBRA1 CHST11 CTSH STK40 BABAM2 STAMBP FYN
GO:BP,GO:0009057,macromolecule catabolic process,0.13029948349690806,False,7,111,115,3629,ENSG00000110497 ENSG00000245532 ENSG00000089053 ENSG00000103811 ENSG00000100354 ENSG00000010810 ENSG00000112659,AMBRA1 NEAT1 ANAPC5 CTSH TNRC6B FYN CUL9
GO:BP,GO:0009894,regulation of catabolic process,0.13089880349899446,False,6,111,92,3629,ENSG00000110497 ENSG00000245532 ENSG00000100354 ENSG00000010810 ENSG00000131558 ENSG00000120907,AMBRA1 NEAT1 TNRC6B FYN EXOC4 ADRA1A
GO:BP,GO:1901988,negative regulation of cell cycle phase transition,0.1335136948103119,False,3,111,30,3629,ENSG00000104885 ENSG00000158019 ENSG00000002822,DOT1L BABAM2 MAD1L1
GO:BP,GO:0051246,regulation of protein metabolic process,0.1349240924129707,False,7,111,116,3629,ENSG00000161813 ENSG00000103811 ENSG00000196517 ENSG00000100354 ENSG00000082153 ENSG00000151422 ENSG00000010810,LARP4 CTSH SLC6A9 TNRC6B BZW1 FER FYN
GO:BP,GO:0051249,regulation of lymphocyte activation,0.13940821267901832,False,4,111,50,3629,ENSG00000110497 ENSG00000115085 ENSG00000010810 ENSG00000002822,AMBRA1 ZAP70 FYN MAD1L1
GO:BP,GO:0060627,regulation of vesicle-mediated transport,0.13940821267901832,False,4,111,50,3629,ENSG00000185518 ENSG00000149927 ENSG00000103056 ENSG00000176406,SV2B DOC2A SMPD3 RIMS2
GO:BP,GO:0048699,generation of neurons,0.13963904367506888,False,7,111,117,3629,ENSG00000066735 ENSG00000181291 ENSG00000251322 ENSG00000150630 ENSG00000010810 ENSG00000135298 ENSG00000176406,KIF26A TMEM132E SHANK3 VEGFC FYN ADGRB3 RIMS2
GO:CC,GO:0005783,endoplasmic reticulum,0.13971668869357812,False,9,111,157,3629,ENSG00000110497 ENSG00000133687 ENSG00000151778 ENSG00000120725 ENSG00000155511 ENSG00000010810 ENSG00000070882 ENSG00000168077 ENSG00000130635,AMBRA1 TMTC1 SERP2 SIL1 GRIA1 FYN OSBPL3 SCARA3 COL5A1
GO:BP,GO:2001252,positive regulation of chromosome organization,0.1401511953016425,False,2,111,14,3629,ENSG00000002822 ENSG00000173273,MAD1L1 TNKS
GO:BP,GO:0008406,gonad development,0.1401511953016425,False,2,111,14,3629,ENSG00000151422 ENSG00000184903,FER IMMP2L
GO:BP,GO:0097305,response to alcohol,0.1401511953016425,False,2,111,14,3629,ENSG00000155511 ENSG00000010810,GRIA1 FYN
GO:BP,GO:0045137,development of primary sexual characteristics,0.1401511953016425,False,2,111,14,3629,ENSG00000151422 ENSG00000184903,FER IMMP2L
GO:BP,GO:0055001,muscle cell development,0.1401511953016425,False,2,111,14,3629,ENSG00000007402 ENSG00000120907,CACNA2D2 ADRA1A
GO:BP,GO:1905818,regulation of chromosome separation,0.1401511953016425,False,2,111,14,3629,ENSG00000089053 ENSG00000002822,ANAPC5 MAD1L1
GO:BP,GO:0000077,DNA damage checkpoint signaling,0.1401511953016425,False,2,111,14,3629,ENSG00000104885 ENSG00000158019,DOT1L BABAM2
GO:BP,GO:0051304,chromosome separation,0.1401511953016425,False,2,111,14,3629,ENSG00000089053 ENSG00000002822,ANAPC5 MAD1L1
GO:BP,GO:0099175,regulation of postsynapse organization,0.1401511953016425,False,2,111,14,3629,ENSG00000251322 ENSG00000010810,SHANK3 FYN
GO:BP,GO:1903169,regulation of calcium ion transmembrane transport,0.1401511953016425,False,2,111,14,3629,ENSG00000113448 ENSG00000010810,PDE4D FYN
GO:BP,GO:0050708,regulation of protein secretion,0.1401511953016425,False,2,111,14,3629,ENSG00000053438 ENSG00000150630,NNAT VEGFC
GO:BP,GO:1904375,regulation of protein localization to cell periphery,0.1401511953016425,False,2,111,14,3629,ENSG00000159023 ENSG00000007402,EPB41 CACNA2D2
GO:BP,GO:0030641,regulation of cellular pH,0.1401511953016425,False,2,111,14,3629,ENSG00000122986 ENSG00000162753,HVCN1 SLC9C2
GO:BP,GO:0031570,DNA integrity checkpoint signaling,0.1401511953016425,False,2,111,14,3629,ENSG00000104885 ENSG00000158019,DOT1L BABAM2
GO:BP,GO:0030833,regulation of actin filament polymerization,0.1401511953016425,False,2,111,14,3629,ENSG00000151422 ENSG00000079691,FER CARMIL1
GO:MF,GO:0019904,protein domain specific binding,0.14130911566687793,False,4,111,52,3629,ENSG00000124356 ENSG00000155511 ENSG00000010810 ENSG00000131558,STAMBP GRIA1 FYN EXOC4
GO:BP,GO:0016042,lipid catabolic process,0.14174824687044402,False,3,111,31,3629,ENSG00000103056 ENSG00000115896 ENSG00000154822,SMPD3 PLCL1 PLCL2
GO:BP,GO:0009150,purine ribonucleotide metabolic process,0.14174824687044402,False,3,111,31,3629,ENSG00000111669 ENSG00000073417 ENSG00000113448,TPI1 PDE8A PDE4D
GO:BP,GO:0006417,regulation of translation,0.14174824687044402,False,3,111,31,3629,ENSG00000161813 ENSG00000100354 ENSG00000082153,LARP4 TNRC6B BZW1
GO:BP,GO:0001568,blood vessel development,0.14247680078629188,False,5,111,72,3629,ENSG00000103811 ENSG00000150630 ENSG00000010810 ENSG00000135298 ENSG00000130635,CTSH VEGFC FYN ADGRB3 COL5A1
GO:BP,GO:0001525,angiogenesis,0.14463898913949932,False,4,111,51,3629,ENSG00000103811 ENSG00000150630 ENSG00000010810 ENSG00000135298,CTSH VEGFC FYN ADGRB3
GO:BP,GO:0032870,cellular response to hormone stimulus,0.14463898913949932,False,4,111,51,3629,ENSG00000103811 ENSG00000151422 ENSG00000155511 ENSG00000204231,CTSH FER GRIA1 RXRB
GO:BP,GO:0006753,nucleoside phosphate metabolic process,0.14463898913949932,False,4,111,51,3629,ENSG00000111669 ENSG00000073417 ENSG00000188641 ENSG00000113448,TPI1 PDE8A DPYD PDE4D
GO:BP,GO:0007600,sensory perception,0.14463898913949932,False,4,111,51,3629,ENSG00000258839 ENSG00000163635 ENSG00000133256 ENSG00000010810,MC1R ATXN7 PDE6B FYN
GO:CC,GO:0098644,complex of collagen trimers,0.14522994751851065,False,1,111,2,3629,ENSG00000130635,COL5A1
GO:CC,GO:0098985,"asymmetric, glutamatergic, excitatory synapse",0.14522994751851065,False,1,111,2,3629,ENSG00000135298,ADGRB3
GO:CC,GO:0030133,transport vesicle,0.14522994751851065,False,4,111,48,3629,ENSG00000185518 ENSG00000149927 ENSG00000196517 ENSG00000155511,SV2B DOC2A SLC6A9 GRIA1
GO:CC,GO:0035748,myelin sheath abaxonal region,0.14522994751851065,False,1,111,2,3629,ENSG00000131558,EXOC4
GO:CC,GO:0042599,lamellar body,0.14522994751851065,False,1,111,2,3629,ENSG00000103811,CTSH
GO:CC,GO:0042581,specific granule,0.14522994751851065,False,2,111,13,3629,ENSG00000122986 ENSG00000115828,HVCN1 QPCT
GO:CC,GO:0042622,photoreceptor outer segment membrane,0.14522994751851065,False,1,111,2,3629,ENSG00000133256,PDE6B
GO:CC,GO:0044297,cell body,0.14522994751851065,False,4,111,48,3629,ENSG00000103042 ENSG00000181291 ENSG00000155511 ENSG00000010810,SLC38A7 TMEM132E GRIA1 FYN
GO:CC,GO:0070552,BRISC complex,0.14522994751851065,False,1,111,2,3629,ENSG00000158019,BABAM2
GO:CC,GO:0097486,multivesicular body lumen,0.14522994751851065,False,1,111,2,3629,ENSG00000103811,CTSH
GO:CC,GO:0005884,actin filament,0.14522994751851065,False,2,111,13,3629,ENSG00000010810 ENSG00000079691,FYN CARMIL1
GO:CC,GO:0005583,fibrillar collagen trimer,0.14522994751851065,False,1,111,2,3629,ENSG00000130635,COL5A1
GO:CC,GO:0098643,fibrillar collagen complex,0.14522994751851065,False,1,111,2,3629,ENSG00000130635,COL5A1
GO:CC,GO:0097381,photoreceptor disc membrane,0.14522994751851065,False,1,111,2,3629,ENSG00000133256,PDE6B
GO:CC,GO:0005768,endosome,0.14522994751851065,False,7,111,112,3629,ENSG00000120451 ENSG00000103811 ENSG00000196517 ENSG00000124356 ENSG00000155511 ENSG00000010810 ENSG00000079691,SNX19 CTSH SLC6A9 STAMBP GRIA1 FYN CARMIL1
GO:CC,GO:0097208,alveolar lamellar body,0.14522994751851065,False,1,111,2,3629,ENSG00000103811,CTSH
GO:CC,GO:0044354,macropinosome,0.14522994751851065,False,1,111,2,3629,ENSG00000079691,CARMIL1
GO:CC,GO:0043083,synaptic cleft,0.14522994751851065,False,1,111,2,3629,ENSG00000135298,ADGRB3
GO:CC,GO:0044298,cell body membrane,0.14522994751851065,False,1,111,2,3629,ENSG00000155511,GRIA1
GO:CC,GO:0032809,neuronal cell body membrane,0.14522994751851065,False,1,111,2,3629,ENSG00000155511,GRIA1
GO:CC,GO:0031906,late endosome lumen,0.14522994751851065,False,1,111,2,3629,ENSG00000103811,CTSH
GO:CC,GO:0140152,collagenous component of interstitial matrix,0.14522994751851065,False,1,111,2,3629,ENSG00000130635,COL5A1
GO:CC,GO:0044352,pinosome,0.14522994751851065,False,1,111,2,3629,ENSG00000079691,CARMIL1
GO:BP,GO:0043067,regulation of programmed cell death,0.14677237083857314,False,7,111,119,3629,ENSG00000110497 ENSG00000171310 ENSG00000103811 ENSG00000196182 ENSG00000158019 ENSG00000124356 ENSG00000010810,AMBRA1 CHST11 CTSH STK40 BABAM2 STAMBP FYN
GO:BP,GO:1901700,response to oxygen-containing compound,0.14677237083857314,False,7,111,119,3629,ENSG00000103811 ENSG00000103056 ENSG00000151422 ENSG00000155511 ENSG00000113448 ENSG00000010810 ENSG00000204231,CTSH SMPD3 FER GRIA1 PDE4D FYN RXRB
GO:BP,GO:0009605,response to external stimulus,0.14779693407421113,False,10,111,194,3629,ENSG00000245532 ENSG00000122986 ENSG00000150630 ENSG00000133256 ENSG00000151422 ENSG00000078795 ENSG00000113070 ENSG00000010810 ENSG00000213654 ENSG00000120907,NEAT1 HVCN1 VEGFC PDE6B FER PKD2L2 HBEGF FYN GPSM3 ADRA1A
GO:CC,GO:0030666,endocytic vesicle membrane,0.1488756534834487,False,3,111,30,3629,ENSG00000122986 ENSG00000113070 ENSG00000155511,HVCN1 HBEGF GRIA1
GO:BP,GO:0006366,transcription by RNA polymerase II,0.15050772842271748,False,12,111,247,3629,ENSG00000067082 ENSG00000110497 ENSG00000258839 ENSG00000177374 ENSG00000166573 ENSG00000104885 ENSG00000186020 ENSG00000143614 ENSG00000163635 ENSG00000204231 ENSG00000173273 ENSG00000167157,KLF6 AMBRA1 MC1R HIC1 GALR1 DOT1L ZNF529 GATAD2B ATXN7 RXRB TNKS PRRX2
GO:MF,GO:0048018,receptor ligand activity,0.15073445893737303,False,3,111,33,3629,ENSG00000131096 ENSG00000150630 ENSG00000113070,PYY VEGFC HBEGF
GO:BP,GO:0033044,regulation of chromosome organization,0.15167760624424187,False,3,111,32,3629,ENSG00000089053 ENSG00000002822 ENSG00000173273,ANAPC5 MAD1L1 TNKS
GO:MF,GO:0002161,aminoacyl-tRNA deacylase activity,0.15280490353059165,False,1,111,3,3629,ENSG00000137411,VARS2
GO:MF,GO:0015145,monosaccharide transmembrane transporter activity,0.15280490353059165,False,1,111,3,3629,ENSG00000162426,SLC45A1
GO:MF,GO:0070300,phosphatidic acid binding,0.15280490353059165,False,1,111,3,3629,ENSG00000103056,SMPD3
GO:MF,GO:0016866,intramolecular transferase activity,0.15280490353059165,False,1,111,3,3629,ENSG00000166133,RPUSD2
GO:MF,GO:0060229,lipase activator activity,0.15280490353059165,False,1,111,3,3629,ENSG00000010810,FYN
GO:MF,GO:0060590,ATPase regulator activity,0.15280490353059165,False,1,111,3,3629,ENSG00000120725,SIL1
GO:MF,GO:0061134,peptidase regulator activity,0.15280490353059165,False,2,111,16,3629,ENSG00000103811 ENSG00000055955,CTSH ITIH4
GO:MF,GO:0016860,intramolecular oxidoreductase activity,0.15280490353059165,False,1,111,3,3629,ENSG00000111669,TPI1
GO:MF,GO:0016504,peptidase activator activity,0.15280490353059165,False,1,111,3,3629,ENSG00000103811,CTSH
GO:MF,GO:0140828,metal cation:monoatomic cation antiporter activity,0.15280490353059165,False,1,111,3,3629,ENSG00000162753,SLC9C2
GO:MF,GO:0051018,protein kinase A binding,0.15280490353059165,False,1,111,3,3629,ENSG00000155511,GRIA1
GO:MF,GO:0004879,nuclear receptor activity,0.15280490353059165,False,1,111,3,3629,ENSG00000204231,RXRB
GO:MF,GO:0030296,protein tyrosine kinase activator activity,0.15280490353059165,False,1,111,3,3629,ENSG00000113070,HBEGF
GO:MF,GO:0051119,sugar transmembrane transporter activity,0.15280490353059165,False,1,111,3,3629,ENSG00000162426,SLC45A1
GO:MF,GO:0005496,steroid binding,0.15280490353059165,False,1,111,3,3629,ENSG00000070882,OSBPL3
GO:MF,GO:0005402,carbohydrate:monoatomic cation symporter activity,0.15280490353059165,False,1,111,3,3629,ENSG00000162426,SLC45A1
GO:MF,GO:0140693,molecular condensate scaffold activity,0.15280490353059165,False,1,111,3,3629,ENSG00000245532,NEAT1
GO:MF,GO:0099186,structural constituent of postsynapse,0.15280490353059165,False,1,111,3,3629,ENSG00000251322,SHANK3
GO:MF,GO:0005048,signal sequence binding,0.15280490353059165,False,1,111,3,3629,ENSG00000158019,BABAM2
GO:MF,GO:0004935,adrenergic receptor activity,0.15280490353059165,False,1,111,3,3629,ENSG00000120907,ADRA1A
GO:MF,GO:0072542,protein phosphatase activator activity,0.15280490353059165,False,1,111,3,3629,ENSG00000110497,AMBRA1
GO:MF,GO:0098531,ligand-modulated transcription factor activity,0.15280490353059165,False,1,111,3,3629,ENSG00000204231,RXRB
GO:MF,GO:0098879,structural constituent of postsynaptic specialization,0.15280490353059165,False,1,111,3,3629,ENSG00000251322,SHANK3
GO:MF,GO:0098919,structural constituent of postsynaptic density,0.15280490353059165,False,1,111,3,3629,ENSG00000251322,SHANK3
GO:MF,GO:0140852,histone ubiquitin ligase activity,0.15280490353059165,False,1,111,3,3629,ENSG00000174579,MSL2
GO:MF,GO:0004252,serine-type endopeptidase activity,0.15280490353059165,False,2,111,16,3629,ENSG00000103811 ENSG00000184903,CTSH IMMP2L
GO:MF,GO:0120013,lipid transfer activity,0.15280490353059165,False,1,111,3,3629,ENSG00000070882,OSBPL3
GO:MF,GO:0005544,calcium-dependent phospholipid binding,0.15280490353059165,False,1,111,3,3629,ENSG00000149927,DOC2A
GO:MF,GO:0050698,proteoglycan sulfotransferase activity,0.15280490353059165,False,1,111,3,3629,ENSG00000171310,CHST11
GO:MF,GO:0042577,lipid phosphatase activity,0.15280490353059165,False,1,111,3,3629,ENSG00000147535,PLPP5
GO:MF,GO:0050321,tau-protein kinase activity,0.15280490353059165,False,1,111,3,3629,ENSG00000010810,FYN
GO:MF,GO:0030546,signaling receptor activator activity,0.15333624289165526,False,3,111,35,3629,ENSG00000131096 ENSG00000150630 ENSG00000113070,PYY VEGFC HBEGF
GO:MF,GO:0001216,DNA-binding transcription activator activity,0.15333624289165526,False,3,111,35,3629,ENSG00000067082 ENSG00000169594 ENSG00000204231,KLF6 BNC1 RXRB
GO:CC,GO:0005930,axoneme,0.15396906011278944,False,2,111,14,3629,ENSG00000110497 ENSG00000178093,AMBRA1 TSSK6
GO:CC,GO:0000118,histone deacetylase complex,0.15396906011278944,False,2,111,14,3629,ENSG00000143614 ENSG00000005483,GATAD2B KMT2E
GO:CC,GO:0031256,leading edge membrane,0.15396906011278944,False,2,111,14,3629,ENSG00000023902 ENSG00000155511,PLEKHO1 GRIA1
GO:CC,GO:0070820,tertiary granule,0.15396906011278944,False,2,111,14,3629,ENSG00000103811 ENSG00000115828,CTSH QPCT
GO:CC,GO:1904813,ficolin-1-rich granule lumen,0.15396906011278944,False,2,111,14,3629,ENSG00000103811 ENSG00000115828,CTSH QPCT
GO:BP,GO:0030307,positive regulation of cell growth,0.1547546728815582,False,2,111,15,3629,ENSG00000113070 ENSG00000176406,HBEGF RIMS2
GO:BP,GO:0006665,sphingolipid metabolic process,0.1547546728815582,False,2,111,15,3629,ENSG00000135454 ENSG00000103056,B4GALNT1 SMPD3
GO:BP,GO:0030183,B cell differentiation,0.1547546728815582,False,2,111,15,3629,ENSG00000067082 ENSG00000154822,KLF6 PLCL2
GO:BP,GO:0071248,cellular response to metal ion,0.1547546728815582,False,2,111,15,3629,ENSG00000122986 ENSG00000103056,HVCN1 SMPD3
GO:BP,GO:1902600,proton transmembrane transport,0.1547546728815582,False,2,111,15,3629,ENSG00000122986 ENSG00000162753,HVCN1 SLC9C2
GO:BP,GO:0034097,response to cytokine,0.1547546728815582,False,5,111,74,3629,ENSG00000103056 ENSG00000251322 ENSG00000055955 ENSG00000150630 ENSG00000151422,SMPD3 SHANK3 ITIH4 VEGFC FER
GO:BP,GO:0009612,response to mechanical stimulus,0.1547546728815582,False,2,111,15,3629,ENSG00000078795 ENSG00000010810,PKD2L2 FYN
GO:BP,GO:0002520,immune system development,0.1547546728815582,False,2,111,15,3629,ENSG00000157456 ENSG00000002822,CCNB2 MAD1L1
GO:BP,GO:0030595,leukocyte chemotaxis,0.1547546728815582,False,2,111,15,3629,ENSG00000150630 ENSG00000213654,VEGFC GPSM3
GO:BP,GO:0050921,positive regulation of chemotaxis,0.1547546728815582,False,2,111,15,3629,ENSG00000150630 ENSG00000213654,VEGFC GPSM3
GO:BP,GO:0007626,locomotory behavior,0.1547546728815582,False,2,111,15,3629,ENSG00000251322 ENSG00000155511,SHANK3 GRIA1
GO:BP,GO:0043524,negative regulation of neuron apoptotic process,0.1547546728815582,False,2,111,15,3629,ENSG00000110497 ENSG00000124356,AMBRA1 STAMBP
GO:BP,GO:0008217,regulation of blood pressure,0.1547546728815582,False,2,111,15,3629,ENSG00000150630 ENSG00000120907,VEGFC ADRA1A
GO:BP,GO:0007173,epidermal growth factor receptor signaling pathway,0.1547546728815582,False,2,111,15,3629,ENSG00000151422 ENSG00000113070,FER HBEGF
GO:MF,GO:0008236,serine-type peptidase activity,0.1584470302394176,False,2,111,17,3629,ENSG00000103811 ENSG00000184903,CTSH IMMP2L
GO:MF,GO:0017171,serine hydrolase activity,0.1584470302394176,False,2,111,17,3629,ENSG00000103811 ENSG00000184903,CTSH IMMP2L
GO:BP,GO:0055086,nucleobase-containing small molecule metabolic process,0.15875684094771025,False,4,111,53,3629,ENSG00000111669 ENSG00000073417 ENSG00000188641 ENSG00000113448,TPI1 PDE8A DPYD PDE4D
GO:BP,GO:1903131,mononuclear cell differentiation,0.15875684094771025,False,4,111,53,3629,ENSG00000067082 ENSG00000110497 ENSG00000115085 ENSG00000154822,KLF6 AMBRA1 ZAP70 PLCL2
GO:BP,GO:0007283,spermatogenesis,0.15875684094771025,False,4,111,53,3629,ENSG00000135454 ENSG00000169594 ENSG00000178093 ENSG00000184903,B4GALNT1 BNC1 TSSK6 IMMP2L
GO:MF,GO:0140857,histone H3T45 kinase activity,0.15941990694586064,False,2,111,18,3629,ENSG00000178093 ENSG00000196182,TSSK6 STK40
GO:MF,GO:0015631,tubulin binding,0.15941990694586064,False,3,111,37,3629,ENSG00000066735 ENSG00000116852 ENSG00000010810,KIF26A KIF21B FYN
GO:MF,GO:1990244,histone H2AT120 kinase activity,0.15941990694586064,False,2,111,18,3629,ENSG00000178093 ENSG00000196182,TSSK6 STK40
GO:MF,GO:0140855,histone H3S57 kinase activity,0.15941990694586064,False,2,111,18,3629,ENSG00000178093 ENSG00000196182,TSSK6 STK40
GO:MF,GO:0141003,histone H2AX kinase activity,0.15941990694586064,False,2,111,18,3629,ENSG00000178093 ENSG00000196182,TSSK6 STK40
GO:MF,GO:0044025,histone H2BS14 kinase activity,0.15941990694586064,False,2,111,18,3629,ENSG00000178093 ENSG00000196182,TSSK6 STK40
GO:MF,GO:0072354,histone H3T3 kinase activity,0.15941990694586064,False,2,111,18,3629,ENSG00000178093 ENSG00000196182,TSSK6 STK40
GO:MF,GO:0072518,Rho-dependent protein serine/threonine kinase activity,0.15941990694586064,False,2,111,18,3629,ENSG00000178093 ENSG00000196182,TSSK6 STK40
GO:MF,GO:0072371,histone H2AS121 kinase activity,0.15941990694586064,False,2,111,18,3629,ENSG00000178093 ENSG00000196182,TSSK6 STK40
GO:MF,GO:0140823,histone H2BS36 kinase activity,0.15941990694586064,False,2,111,18,3629,ENSG00000178093 ENSG00000196182,TSSK6 STK40
GO:MF,GO:0050839,cell adhesion molecule binding,0.15941990694586064,False,4,111,58,3629,ENSG00000171877 ENSG00000157456 ENSG00000082153 ENSG00000130635,FRMD5 CCNB2 BZW1 COL5A1
GO:MF,GO:0035173,histone kinase activity,0.15941990694586064,False,2,111,18,3629,ENSG00000178093 ENSG00000196182,TSSK6 STK40
GO:MF,GO:0035175,histone H3S10 kinase activity,0.15941990694586064,False,2,111,18,3629,ENSG00000178093 ENSG00000196182,TSSK6 STK40
GO:MF,GO:0044023,histone H4S1 kinase activity,0.15941990694586064,False,2,111,18,3629,ENSG00000178093 ENSG00000196182,TSSK6 STK40
GO:MF,GO:0044024,histone H2AS1 kinase activity,0.15941990694586064,False,2,111,18,3629,ENSG00000178093 ENSG00000196182,TSSK6 STK40
GO:MF,GO:0140996,histone H3 kinase activity,0.15941990694586064,False,2,111,18,3629,ENSG00000178093 ENSG00000196182,TSSK6 STK40
GO:MF,GO:0140997,histone H4 kinase activity,0.15941990694586064,False,2,111,18,3629,ENSG00000178093 ENSG00000196182,TSSK6 STK40
GO:MF,GO:0140998,histone H2B kinase activity,0.15941990694586064,False,2,111,18,3629,ENSG00000178093 ENSG00000196182,TSSK6 STK40
GO:MF,GO:0140995,histone H2A kinase activity,0.15941990694586064,False,2,111,18,3629,ENSG00000178093 ENSG00000196182,TSSK6 STK40
GO:MF,GO:0004694,eukaryotic translation initiation factor 2alpha kinase activity,0.15941990694586064,False,2,111,18,3629,ENSG00000178093 ENSG00000196182,TSSK6 STK40
GO:MF,GO:0004711,ribosomal protein S6 kinase activity,0.15941990694586064,False,2,111,18,3629,ENSG00000178093 ENSG00000196182,TSSK6 STK40
GO:MF,GO:0035402,histone H3T11 kinase activity,0.15941990694586064,False,2,111,18,3629,ENSG00000178093 ENSG00000196182,TSSK6 STK40
GO:MF,GO:0035979,histone H2AXS139 kinase activity,0.15941990694586064,False,2,111,18,3629,ENSG00000178093 ENSG00000196182,TSSK6 STK40
GO:MF,GO:0044022,histone H3S28 kinase activity,0.15941990694586064,False,2,111,18,3629,ENSG00000178093 ENSG00000196182,TSSK6 STK40
GO:MF,GO:0004676,3-phosphoinositide-dependent protein kinase activity,0.15941990694586064,False,2,111,18,3629,ENSG00000178093 ENSG00000196182,TSSK6 STK40
GO:MF,GO:0004679,AMP-activated protein kinase activity,0.15941990694586064,False,2,111,18,3629,ENSG00000178093 ENSG00000196182,TSSK6 STK40
GO:MF,GO:0042277,peptide binding,0.15941990694586064,False,3,111,36,3629,ENSG00000166573 ENSG00000158019 ENSG00000155511,GALR1 BABAM2 GRIA1
GO:MF,GO:0035403,histone H3T6 kinase activity,0.15941990694586064,False,2,111,18,3629,ENSG00000178093 ENSG00000196182,TSSK6 STK40
GO:BP,GO:0061640,cytoskeleton-dependent cytokinesis,0.1597145740058839,False,2,111,16,3629,ENSG00000124356 ENSG00000131558,STAMBP EXOC4
GO:BP,GO:0061621,canonical glycolysis,0.1597145740058839,False,1,111,3,3629,ENSG00000111669,TPI1
GO:BP,GO:0061620,glycolytic process through glucose-6-phosphate,0.1597145740058839,False,1,111,3,3629,ENSG00000111669,TPI1
GO:BP,GO:0060074,synapse maturation,0.1597145740058839,False,1,111,3,3629,ENSG00000135298,ADGRB3
GO:BP,GO:0070169,positive regulation of biomineral tissue development,0.1597145740058839,False,1,111,3,3629,ENSG00000204231,RXRB
GO:BP,GO:0070102,interleukin-6-mediated signaling pathway,0.1597145740058839,False,1,111,3,3629,ENSG00000151422,FER
GO:BP,GO:0062033,positive regulation of mitotic sister chromatid segregation,0.1597145740058839,False,1,111,3,3629,ENSG00000002822,MAD1L1
GO:BP,GO:0019229,regulation of vasoconstriction,0.1597145740058839,False,1,111,3,3629,ENSG00000120907,ADRA1A
GO:BP,GO:0035278,miRNA-mediated gene silencing by inhibition of translation,0.1597145740058839,False,1,111,3,3629,ENSG00000100354,TNRC6B
GO:BP,GO:0019751,polyol metabolic process,0.1597145740058839,False,1,111,3,3629,ENSG00000111669,TPI1
GO:BP,GO:0061718,glucose catabolic process to pyruvate,0.1597145740058839,False,1,111,3,3629,ENSG00000111669,TPI1
GO:BP,GO:0035196,miRNA processing,0.1597145740058839,False,1,111,3,3629,ENSG00000100403,ZC3H7B
GO:BP,GO:0036215,response to stem cell factor,0.1597145740058839,False,1,111,3,3629,ENSG00000151422,FER
GO:BP,GO:0036216,cellular response to stem cell factor stimulus,0.1597145740058839,False,1,111,3,3629,ENSG00000151422,FER
GO:BP,GO:0008064,regulation of actin polymerization or depolymerization,0.1597145740058839,False,2,111,16,3629,ENSG00000151422 ENSG00000079691,FER CARMIL1
GO:BP,GO:0034315,regulation of Arp2/3 complex-mediated actin nucleation,0.1597145740058839,False,1,111,3,3629,ENSG00000079691,CARMIL1
GO:BP,GO:0038109,Kit signaling pathway,0.1597145740058839,False,1,111,3,3629,ENSG00000151422,FER
GO:BP,GO:0036006,cellular response to macrophage colony-stimulating factor stimulus,0.1597145740058839,False,1,111,3,3629,ENSG00000151422,FER
GO:BP,GO:0070314,G1 to G0 transition,0.1597145740058839,False,1,111,3,3629,ENSG00000103056,SMPD3
GO:BP,GO:0070296,sarcoplasmic reticulum calcium ion transport,0.1597145740058839,False,1,111,3,3629,ENSG00000113448,PDE4D
GO:BP,GO:1904491,protein localization to ciliary transition zone,0.1597145740058839,False,1,111,3,3629,ENSG00000168778,TCTN2
GO:BP,GO:1905146,lysosomal protein catabolic process,0.1597145740058839,False,1,111,3,3629,ENSG00000103811,CTSH
GO:BP,GO:0030071,regulation of mitotic metaphase/anaphase transition,0.1597145740058839,False,2,111,16,3629,ENSG00000089053 ENSG00000002822,ANAPC5 MAD1L1
GO:BP,GO:0030041,actin filament polymerization,0.1597145740058839,False,2,111,16,3629,ENSG00000151422 ENSG00000079691,FER CARMIL1
GO:BP,GO:0035092,sperm DNA condensation,0.1597145740058839,False,1,111,3,3629,ENSG00000178093,TSSK6
GO:BP,GO:0060004,reflex,0.1597145740058839,False,1,111,3,3629,ENSG00000120907,ADRA1A
GO:BP,GO:0055119,relaxation of cardiac muscle,0.1597145740058839,False,1,111,3,3629,ENSG00000113448,PDE4D
GO:BP,GO:1904645,response to amyloid-beta,0.1597145740058839,False,1,111,3,3629,ENSG00000010810,FYN
GO:BP,GO:0038127,ERBB signaling pathway,0.1597145740058839,False,2,111,16,3629,ENSG00000151422 ENSG00000113070,FER HBEGF
GO:BP,GO:1901658,glycosyl compound catabolic process,0.1597145740058839,False,1,111,3,3629,ENSG00000188641,DPYD
GO:BP,GO:0036342,post-anal tail morphogenesis,0.1597145740058839,False,1,111,3,3629,ENSG00000171310,CHST11
GO:BP,GO:0038096,Fc-gamma receptor signaling pathway involved in phagocytosis,0.1597145740058839,False,1,111,3,3629,ENSG00000010810,FYN
GO:BP,GO:0071214,cellular response to abiotic stimulus,0.1597145740058839,False,3,111,33,3629,ENSG00000122986 ENSG00000258839 ENSG00000158019,HVCN1 MC1R BABAM2
GO:BP,GO:0051101,regulation of DNA binding,0.1597145740058839,False,1,111,3,3629,ENSG00000104885,DOT1L
GO:BP,GO:0030832,regulation of actin filament length,0.1597145740058839,False,2,111,16,3629,ENSG00000151422 ENSG00000079691,FER CARMIL1
GO:BP,GO:1901652,response to peptide,0.1597145740058839,False,5,111,75,3629,ENSG00000103056 ENSG00000251322 ENSG00000055955 ENSG00000150630 ENSG00000151422,SMPD3 SHANK3 ITIH4 VEGFC FER
GO:BP,GO:0033014,tetrapyrrole biosynthetic process,0.1597145740058839,False,1,111,3,3629,ENSG00000196517,SLC6A9
GO:BP,GO:0033002,muscle cell proliferation,0.1597145740058839,False,2,111,16,3629,ENSG00000103056 ENSG00000113070,SMPD3 HBEGF
GO:BP,GO:0170043,non-proteinogenic amino acid biosynthetic process,0.1597145740058839,False,1,111,3,3629,ENSG00000188641,DPYD
GO:BP,GO:0007289,spermatid nucleus differentiation,0.1597145740058839,False,1,111,3,3629,ENSG00000178093,TSSK6
GO:BP,GO:0090303,positive regulation of wound healing,0.1597145740058839,False,1,111,3,3629,ENSG00000113070,HBEGF
GO:BP,GO:0009262,deoxyribonucleotide metabolic process,0.1597145740058839,False,1,111,3,3629,ENSG00000188641,DPYD
GO:BP,GO:0070564,positive regulation of vitamin D receptor signaling pathway,0.1597145740058839,False,1,111,3,3629,ENSG00000204231,RXRB
GO:BP,GO:1904646,cellular response to amyloid-beta,0.1597145740058839,False,1,111,3,3629,ENSG00000010810,FYN
GO:BP,GO:0030149,sphingolipid catabolic process,0.1597145740058839,False,1,111,3,3629,ENSG00000103056,SMPD3
GO:BP,GO:0001919,regulation of receptor recycling,0.1597145740058839,False,1,111,3,3629,ENSG00000155511,GRIA1
GO:BP,GO:0051480,regulation of cytosolic calcium ion concentration,0.1597145740058839,False,1,111,3,3629,ENSG00000185518,SV2B
GO:BP,GO:0051496,positive regulation of stress fiber assembly,0.1597145740058839,False,1,111,3,3629,ENSG00000079691,CARMIL1
GO:BP,GO:0030834,regulation of actin filament depolymerization,0.1597145740058839,False,1,111,3,3629,ENSG00000079691,CARMIL1
GO:BP,GO:0001556,oocyte maturation,0.1597145740058839,False,1,111,3,3629,ENSG00000169594,BNC1
GO:BP,GO:0030501,positive regulation of bone mineralization,0.1597145740058839,False,1,111,3,3629,ENSG00000204231,RXRB
GO:BP,GO:0000212,meiotic spindle organization,0.1597145740058839,False,1,111,3,3629,ENSG00000157456,CCNB2
GO:BP,GO:0098657,import into cell,0.1597145740058839,False,5,111,77,3629,ENSG00000162753 ENSG00000196517 ENSG00000155511 ENSG00000010810 ENSG00000079691,SLC9C2 SLC6A9 GRIA1 FYN CARMIL1
GO:BP,GO:0141198,protein branched polyubiquitination,0.1597145740058839,False,1,111,3,3629,ENSG00000089053,ANAPC5
GO:BP,GO:0007039,protein catabolic process in the vacuole,0.1597145740058839,False,1,111,3,3629,ENSG00000103811,CTSH
GO:BP,GO:0007056,spindle assembly involved in female meiosis,0.1597145740058839,False,1,111,3,3629,ENSG00000157456,CCNB2
GO:BP,GO:0042551,neuron maturation,0.1597145740058839,False,1,111,3,3629,ENSG00000135298,ADGRB3
GO:BP,GO:0090306,meiotic spindle assembly,0.1597145740058839,False,1,111,3,3629,ENSG00000157456,CCNB2
GO:BP,GO:0007216,G protein-coupled glutamate receptor signaling pathway,0.1597145740058839,False,1,111,3,3629,ENSG00000010810,FYN
GO:BP,GO:1901977,negative regulation of cell cycle checkpoint,0.1597145740058839,False,1,111,3,3629,ENSG00000002822,MAD1L1
GO:BP,GO:1901632,regulation of synaptic vesicle membrane organization,0.1597145740058839,False,1,111,3,3629,ENSG00000149927,DOC2A
GO:BP,GO:0097066,response to thyroid hormone,0.1597145740058839,False,1,111,3,3629,ENSG00000103811,CTSH
GO:BP,GO:0050930,induction of positive chemotaxis,0.1597145740058839,False,1,111,3,3629,ENSG00000150630,VEGFC
GO:BP,GO:0050855,regulation of B cell receptor signaling pathway,0.1597145740058839,False,1,111,3,3629,ENSG00000154822,PLCL2
GO:BP,GO:0006220,pyrimidine nucleotide metabolic process,0.1597145740058839,False,1,111,3,3629,ENSG00000188641,DPYD
GO:BP,GO:0045987,positive regulation of smooth muscle contraction,0.1597145740058839,False,1,111,3,3629,ENSG00000120907,ADRA1A
GO:BP,GO:1903599,positive regulation of autophagy of mitochondrion,0.1597145740058839,False,1,111,3,3629,ENSG00000110497,AMBRA1
GO:BP,GO:0001941,postsynaptic membrane organization,0.1597145740058839,False,1,111,3,3629,ENSG00000251322,SHANK3
GO:BP,GO:0141156,cAMP/PKA signal transduction,0.1597145740058839,False,1,111,3,3629,ENSG00000258839,MC1R
GO:BP,GO:0071320,cellular response to cAMP,0.1597145740058839,False,1,111,3,3629,ENSG00000113448,PDE4D
GO:BP,GO:0003006,developmental process involved in reproduction,0.1597145740058839,False,5,111,77,3629,ENSG00000135454 ENSG00000169594 ENSG00000178093 ENSG00000151422 ENSG00000184903,B4GALNT1 BNC1 TSSK6 FER IMMP2L
GO:BP,GO:0048483,autonomic nervous system development,0.1597145740058839,False,1,111,3,3629,ENSG00000066735,KIF26A
GO:BP,GO:0002279,mast cell activation involved in immune response,0.1597145740058839,False,1,111,3,3629,ENSG00000151422,FER
GO:BP,GO:0048384,retinoic acid receptor signaling pathway,0.1597145740058839,False,1,111,3,3629,ENSG00000204231,RXRB
GO:BP,GO:0003016,respiratory system process,0.1597145740058839,False,1,111,3,3629,ENSG00000196182,STK40
GO:BP,GO:0048705,skeletal system morphogenesis,0.1597145740058839,False,2,111,16,3629,ENSG00000171310 ENSG00000103056,CHST11 SMPD3
GO:BP,GO:0010043,response to zinc ion,0.1597145740058839,False,1,111,3,3629,ENSG00000122986,HVCN1
GO:BP,GO:0006907,pinocytosis,0.1597145740058839,False,1,111,3,3629,ENSG00000079691,CARMIL1
GO:BP,GO:0036005,response to macrophage colony-stimulating factor,0.1597145740058839,False,1,111,3,3629,ENSG00000151422,FER
GO:BP,GO:0035987,endodermal cell differentiation,0.1597145740058839,False,1,111,3,3629,ENSG00000130635,COL5A1
GO:BP,GO:0038128,ERBB2 signaling pathway,0.1597145740058839,False,1,111,3,3629,ENSG00000113070,HBEGF
GO:BP,GO:0050927,positive regulation of positive chemotaxis,0.1597145740058839,False,1,111,3,3629,ENSG00000150630,VEGFC
GO:BP,GO:0050926,regulation of positive chemotaxis,0.1597145740058839,False,1,111,3,3629,ENSG00000150630,VEGFC
GO:BP,GO:1903504,regulation of mitotic spindle checkpoint,0.1597145740058839,False,1,111,3,3629,ENSG00000002822,MAD1L1
GO:BP,GO:1904356,regulation of telomere maintenance via telomere lengthening,0.1597145740058839,False,1,111,3,3629,ENSG00000173273,TNKS
GO:BP,GO:0014742,positive regulation of muscle hypertrophy,0.1597145740058839,False,1,111,3,3629,ENSG00000120907,ADRA1A
GO:BP,GO:0014075,response to amine,0.1597145740058839,False,1,111,3,3629,ENSG00000155511,GRIA1
GO:BP,GO:0030835,negative regulation of actin filament depolymerization,0.1597145740058839,False,1,111,3,3629,ENSG00000079691,CARMIL1
GO:BP,GO:0050885,neuromuscular process controlling balance,0.1597145740058839,False,1,111,3,3629,ENSG00000251322,SHANK3
GO:BP,GO:0001706,endoderm formation,0.1597145740058839,False,1,111,3,3629,ENSG00000130635,COL5A1
GO:BP,GO:0001573,ganglioside metabolic process,0.1597145740058839,False,1,111,3,3629,ENSG00000135454,B4GALNT1
GO:BP,GO:0002431,Fc receptor mediated stimulatory signaling pathway,0.1597145740058839,False,1,111,3,3629,ENSG00000010810,FYN
GO:BP,GO:0071625,vocalization behavior,0.1597145740058839,False,1,111,3,3629,ENSG00000251322,SHANK3
GO:BP,GO:0048666,neuron development,0.1597145740058839,False,6,111,99,3629,ENSG00000066735 ENSG00000181291 ENSG00000251322 ENSG00000010810 ENSG00000135298 ENSG00000176406,KIF26A TMEM132E SHANK3 FYN ADGRB3 RIMS2
GO:BP,GO:0050769,positive regulation of neurogenesis,0.1597145740058839,False,2,111,16,3629,ENSG00000251322 ENSG00000150630,SHANK3 VEGFC
GO:BP,GO:0002223,stimulatory C-type lectin receptor signaling pathway,0.1597145740058839,False,1,111,3,3629,ENSG00000010810,FYN
GO:BP,GO:0003085,negative regulation of systemic arterial blood pressure,0.1597145740058839,False,1,111,3,3629,ENSG00000120907,ADRA1A
GO:BP,GO:0046883,regulation of hormone secretion,0.1597145740058839,False,2,111,16,3629,ENSG00000166573 ENSG00000053438,GALR1 NNAT
GO:BP,GO:0002026,regulation of the force of heart contraction,0.1597145740058839,False,1,111,3,3629,ENSG00000120907,ADRA1A
GO:BP,GO:0006259,DNA metabolic process,0.1597145740058839,False,7,111,123,3629,ENSG00000103056 ENSG00000258839 ENSG00000104885 ENSG00000158019 ENSG00000163635 ENSG00000232040 ENSG00000173273,SMPD3 MC1R DOT1L BABAM2 ATXN7 SCAND3 TNKS
GO:BP,GO:0006450,regulation of translational fidelity,0.1597145740058839,False,1,111,3,3629,ENSG00000137411,VARS2
GO:BP,GO:1903115,regulation of actin filament-based movement,0.1597145740058839,False,1,111,3,3629,ENSG00000113448,PDE4D
GO:BP,GO:1902905,positive regulation of supramolecular fiber organization,0.1597145740058839,False,2,111,16,3629,ENSG00000151422 ENSG00000079691,FER CARMIL1
GO:BP,GO:1903427,negative regulation of reactive oxygen species biosynthetic process,0.1597145740058839,False,1,111,3,3629,ENSG00000010810,FYN
GO:BP,GO:0048232,male gamete generation,0.1597145740058839,False,4,111,55,3629,ENSG00000135454 ENSG00000169594 ENSG00000178093 ENSG00000184903,B4GALNT1 BNC1 TSSK6 IMMP2L
GO:BP,GO:0006023,aminoglycan biosynthetic process,0.1597145740058839,False,1,111,3,3629,ENSG00000103056,SMPD3
GO:BP,GO:0046415,urate metabolic process,0.1597145740058839,False,1,111,3,3629,ENSG00000079691,CARMIL1
GO:BP,GO:0031630,regulation of synaptic vesicle fusion to presynaptic active zone membrane,0.1597145740058839,False,1,111,3,3629,ENSG00000149927,DOC2A
GO:BP,GO:0002684,positive regulation of immune system process,0.1597145740058839,False,7,111,123,3629,ENSG00000110497 ENSG00000115085 ENSG00000154822 ENSG00000150630 ENSG00000113448 ENSG00000010810 ENSG00000213654,AMBRA1 ZAP70 PLCL2 VEGFC PDE4D FYN GPSM3
GO:BP,GO:0002335,mature B cell differentiation,0.1597145740058839,False,1,111,3,3629,ENSG00000154822,PLCL2
GO:BP,GO:0015031,protein transport,0.1597145740058839,False,7,111,124,3629,ENSG00000120451 ENSG00000053438 ENSG00000150630 ENSG00000120725 ENSG00000131558 ENSG00000176406 ENSG00000173273,SNX19 NNAT VEGFC SIL1 EXOC4 RIMS2 TNKS
GO:BP,GO:0031340,positive regulation of vesicle fusion,0.1597145740058839,False,1,111,3,3629,ENSG00000149927,DOC2A
GO:BP,GO:0086003,cardiac muscle cell contraction,0.1597145740058839,False,1,111,3,3629,ENSG00000113448,PDE4D
GO:BP,GO:0090266,regulation of mitotic cell cycle spindle assembly checkpoint,0.1597145740058839,False,1,111,3,3629,ENSG00000002822,MAD1L1
GO:BP,GO:1902692,regulation of neuroblast proliferation,0.1597145740058839,False,1,111,3,3629,ENSG00000150630,VEGFC
GO:BP,GO:1902656,calcium ion import into cytosol,0.1597145740058839,False,1,111,3,3629,ENSG00000010810,FYN
GO:BP,GO:1902745,positive regulation of lamellipodium organization,0.1597145740058839,False,1,111,3,3629,ENSG00000079691,CARMIL1
GO:BP,GO:0072520,seminiferous tubule development,0.1597145740058839,False,1,111,3,3629,ENSG00000151422,FER
GO:BP,GO:0072527,pyrimidine-containing compound metabolic process,0.1597145740058839,False,1,111,3,3629,ENSG00000188641,DPYD
GO:BP,GO:0098703,calcium ion import across plasma membrane,0.1597145740058839,False,1,111,3,3629,ENSG00000010810,FYN
GO:BP,GO:0098868,bone growth,0.1597145740058839,False,1,111,3,3629,ENSG00000103056,SMPD3
GO:BP,GO:0031667,response to nutrient levels,0.1597145740058839,False,3,111,33,3629,ENSG00000110497 ENSG00000155511 ENSG00000204231,AMBRA1 GRIA1 RXRB
GO:BP,GO:0006605,protein targeting,0.1597145740058839,False,2,111,16,3629,ENSG00000120725 ENSG00000010810,SIL1 FYN
GO:BP,GO:0006613,cotranslational protein targeting to membrane,0.1597145740058839,False,1,111,3,3629,ENSG00000120725,SIL1
GO:BP,GO:0006629,lipid metabolic process,0.1597145740058839,False,6,111,99,3629,ENSG00000135454 ENSG00000103056 ENSG00000115896 ENSG00000154822 ENSG00000070882 ENSG00000147535,B4GALNT1 SMPD3 PLCL1 PLCL2 OSBPL3 PLPP5
GO:BP,GO:0006779,porphyrin-containing compound biosynthetic process,0.1597145740058839,False,1,111,3,3629,ENSG00000196517,SLC6A9
GO:BP,GO:0006783,heme biosynthetic process,0.1597145740058839,False,1,111,3,3629,ENSG00000196517,SLC6A9
GO:BP,GO:0006007,glucose catabolic process,0.1597145740058839,False,1,111,3,3629,ENSG00000111669,TPI1
GO:BP,GO:0099505,regulation of presynaptic membrane potential,0.1597145740058839,False,1,111,3,3629,ENSG00000155511,GRIA1
GO:BP,GO:0106070,regulation of adenylate cyclase-activating G protein-coupled receptor signaling pathway,0.1597145740058839,False,1,111,3,3629,ENSG00000113448,PDE4D
GO:BP,GO:0104004,cellular response to environmental stimulus,0.1597145740058839,False,3,111,33,3629,ENSG00000122986 ENSG00000258839 ENSG00000158019,HVCN1 MC1R BABAM2
GO:BP,GO:0099562,maintenance of postsynaptic density structure,0.1597145740058839,False,1,111,3,3629,ENSG00000251322,SHANK3
GO:BP,GO:1990840,response to lectin,0.1597145740058839,False,1,111,3,3629,ENSG00000010810,FYN
GO:BP,GO:1900024,regulation of substrate adhesion-dependent cell spreading,0.1597145740058839,False,1,111,3,3629,ENSG00000079691,CARMIL1
GO:BP,GO:0032233,positive regulation of actin filament bundle assembly,0.1597145740058839,False,1,111,3,3629,ENSG00000079691,CARMIL1
GO:BP,GO:0010613,positive regulation of cardiac muscle hypertrophy,0.1597145740058839,False,1,111,3,3629,ENSG00000120907,ADRA1A
GO:BP,GO:2000278,regulation of DNA biosynthetic process,0.1597145740058839,False,1,111,3,3629,ENSG00000173273,TNKS
GO:BP,GO:2001222,regulation of neuron migration,0.1597145740058839,False,1,111,3,3629,ENSG00000066735,KIF26A
GO:BP,GO:0009583,detection of light stimulus,0.1597145740058839,False,1,111,3,3629,ENSG00000133256,PDE6B
GO:BP,GO:1900026,positive regulation of substrate adhesion-dependent cell spreading,0.1597145740058839,False,1,111,3,3629,ENSG00000079691,CARMIL1
GO:BP,GO:1900087,positive regulation of G1/S transition of mitotic cell cycle,0.1597145740058839,False,1,111,3,3629,ENSG00000005483,KMT2E
GO:BP,GO:1900151,"regulation of nuclear-transcribed mRNA catabolic process, deadenylation-dependent decay",0.1597145740058839,False,1,111,3,3629,ENSG00000100354,TNRC6B
GO:BP,GO:1900271,regulation of long-term synaptic potentiation,0.1597145740058839,False,1,111,3,3629,ENSG00000251322,SHANK3
GO:BP,GO:0009394,2'-deoxyribonucleotide metabolic process,0.1597145740058839,False,1,111,3,3629,ENSG00000188641,DPYD
GO:BP,GO:0007548,sex differentiation,0.1597145740058839,False,2,111,16,3629,ENSG00000151422 ENSG00000184903,FER IMMP2L
GO:BP,GO:0032743,positive regulation of interleukin-2 production,0.1597145740058839,False,1,111,3,3629,ENSG00000113448,PDE4D
GO:BP,GO:0090231,regulation of spindle checkpoint,0.1597145740058839,False,1,111,3,3629,ENSG00000002822,MAD1L1
GO:BP,GO:0043516,"regulation of DNA damage response, signal transduction by p53 class mediator",0.1597145740058839,False,1,111,3,3629,ENSG00000177374,HIC1
GO:BP,GO:0044060,regulation of endocrine process,0.1597145740058839,False,1,111,3,3629,ENSG00000166573,GALR1
GO:BP,GO:0032535,regulation of cellular component size,0.1597145740058839,False,3,111,34,3629,ENSG00000251322 ENSG00000151422 ENSG00000079691,SHANK3 FER CARMIL1
GO:BP,GO:0032885,regulation of polysaccharide biosynthetic process,0.1597145740058839,False,1,111,3,3629,ENSG00000103056,SMPD3
GO:BP,GO:0032881,regulation of polysaccharide metabolic process,0.1597145740058839,False,1,111,3,3629,ENSG00000103056,SMPD3
GO:BP,GO:0044839,cell cycle G2/M phase transition,0.1597145740058839,False,2,111,16,3629,ENSG00000157456 ENSG00000158019,CCNB2 BABAM2
GO:BP,GO:0042310,vasoconstriction,0.1597145740058839,False,1,111,3,3629,ENSG00000120907,ADRA1A
GO:BP,GO:0007091,metaphase/anaphase transition of mitotic cell cycle,0.1597145740058839,False,2,111,16,3629,ENSG00000089053 ENSG00000002822,ANAPC5 MAD1L1
GO:BP,GO:0021675,nerve development,0.1597145740058839,False,1,111,3,3629,ENSG00000135454,B4GALNT1
GO:BP,GO:0045059,positive thymic T cell selection,0.1597145740058839,False,1,111,3,3629,ENSG00000115085,ZAP70
GO:BP,GO:0045576,mast cell activation,0.1597145740058839,False,1,111,3,3629,ENSG00000151422,FER
GO:BP,GO:0090075,relaxation of muscle,0.1597145740058839,False,1,111,3,3629,ENSG00000113448,PDE4D
GO:BP,GO:0006893,Golgi to plasma membrane transport,0.1597145740058839,False,1,111,3,3629,ENSG00000131558,EXOC4
GO:BP,GO:1990858,cellular response to lectin,0.1597145740058839,False,1,111,3,3629,ENSG00000010810,FYN
GO:BP,GO:0106072,negative regulation of adenylate cyclase-activating G protein-coupled receptor signaling pathway,0.1597145740058839,False,1,111,3,3629,ENSG00000113448,PDE4D
GO:BP,GO:0106074,aminoacyl-tRNA metabolism involved in translational fidelity,0.1597145740058839,False,1,111,3,3629,ENSG00000137411,VARS2
GO:BP,GO:0007281,germ cell development,0.16076709705899198,False,3,111,35,3629,ENSG00000169594 ENSG00000178093 ENSG00000151422,BNC1 TSSK6 FER
GO:BP,GO:0050727,regulation of inflammatory response,0.16076709705899198,False,3,111,35,3629,ENSG00000245532 ENSG00000010810 ENSG00000213654,NEAT1 FYN GPSM3
GO:BP,GO:0030003,intracellular monoatomic cation homeostasis,0.16076709705899198,False,3,111,35,3629,ENSG00000122986 ENSG00000185518 ENSG00000162753,HVCN1 SV2B SLC9C2
GO:BP,GO:0051960,regulation of nervous system development,0.16076709705899198,False,3,111,35,3629,ENSG00000251322 ENSG00000150630 ENSG00000135298,SHANK3 VEGFC ADGRB3
GO:BP,GO:0015980,energy derivation by oxidation of organic compounds,0.16076709705899198,False,3,111,35,3629,ENSG00000111669 ENSG00000196182 ENSG00000184903,TPI1 STK40 IMMP2L
GO:CC,GO:0070161,anchoring junction,0.1636687832715482,False,5,111,73,3629,ENSG00000110497 ENSG00000171877 ENSG00000115085 ENSG00000151422 ENSG00000155511,AMBRA1 FRMD5 ZAP70 FER GRIA1
GO:BP,GO:0051225,spindle assembly,0.1649842197259422,False,2,111,17,3629,ENSG00000157456 ENSG00000173273,CCNB2 TNKS
GO:BP,GO:0016525,negative regulation of angiogenesis,0.1649842197259422,False,2,111,17,3629,ENSG00000010810 ENSG00000135298,FYN ADGRB3
GO:BP,GO:1901343,negative regulation of vasculature development,0.1649842197259422,False,2,111,17,3629,ENSG00000010810 ENSG00000135298,FYN ADGRB3
GO:BP,GO:0051650,establishment of vesicle localization,0.1649842197259422,False,2,111,17,3629,ENSG00000103056 ENSG00000131558,SMPD3 EXOC4
GO:BP,GO:0051222,positive regulation of protein transport,0.1649842197259422,False,2,111,17,3629,ENSG00000053438 ENSG00000150630,NNAT VEGFC
GO:BP,GO:0071560,cellular response to transforming growth factor beta stimulus,0.1649842197259422,False,2,111,17,3629,ENSG00000171310 ENSG00000010810,CHST11 FYN
GO:BP,GO:0071559,response to transforming growth factor beta,0.1649842197259422,False,2,111,17,3629,ENSG00000171310 ENSG00000010810,CHST11 FYN
GO:BP,GO:0045582,positive regulation of T cell differentiation,0.1649842197259422,False,2,111,17,3629,ENSG00000110497 ENSG00000115085,AMBRA1 ZAP70
GO:BP,GO:0006997,nucleus organization,0.1649842197259422,False,2,111,17,3629,ENSG00000178093 ENSG00000163635,TSSK6 ATXN7
GO:BP,GO:0006885,regulation of pH,0.1649842197259422,False,2,111,17,3629,ENSG00000122986 ENSG00000162753,HVCN1 SLC9C2
GO:BP,GO:0002687,positive regulation of leukocyte migration,0.1649842197259422,False,2,111,17,3629,ENSG00000150630 ENSG00000213654,VEGFC GPSM3
GO:BP,GO:0051098,regulation of binding,0.1649842197259422,False,2,111,17,3629,ENSG00000104885 ENSG00000159023,DOT1L EPB41
GO:BP,GO:1902099,regulation of metaphase/anaphase transition of cell cycle,0.1649842197259422,False,2,111,17,3629,ENSG00000089053 ENSG00000002822,ANAPC5 MAD1L1
GO:BP,GO:0044784,metaphase/anaphase transition of cell cycle,0.1649842197259422,False,2,111,17,3629,ENSG00000089053 ENSG00000002822,ANAPC5 MAD1L1
GO:BP,GO:0090287,regulation of cellular response to growth factor stimulus,0.1649842197259422,False,2,111,17,3629,ENSG00000171310 ENSG00000150630,CHST11 VEGFC
GO:BP,GO:2000181,negative regulation of blood vessel morphogenesis,0.1649842197259422,False,2,111,17,3629,ENSG00000010810 ENSG00000135298,FYN ADGRB3
GO:BP,GO:0070374,positive regulation of ERK1 and ERK2 cascade,0.1649842197259422,False,2,111,17,3629,ENSG00000073417 ENSG00000120907,PDE8A ADRA1A
GO:BP,GO:0006941,striated muscle contraction,0.1649842197259422,False,2,111,17,3629,ENSG00000113448 ENSG00000120907,PDE4D ADRA1A
GO:MF,GO:0016755,aminoacyltransferase activity,0.16676577753028582,False,3,111,38,3629,ENSG00000115828 ENSG00000174579 ENSG00000112659,QPCT MSL2 CUL9
GO:MF,GO:0004674,protein serine/threonine kinase activity,0.16676577753028582,False,3,111,38,3629,ENSG00000178093 ENSG00000196182 ENSG00000010810,TSSK6 STK40 FYN
GO:BP,GO:0002757,immune response-activating signaling pathway,0.16755767869953492,False,4,111,57,3629,ENSG00000115085 ENSG00000154822 ENSG00000113448 ENSG00000010810,ZAP70 PLCL2 PDE4D FYN
GO:BP,GO:0022407,regulation of cell-cell adhesion,0.16755767869953492,False,4,111,57,3629,ENSG00000110497 ENSG00000115085 ENSG00000010810 ENSG00000002822,AMBRA1 ZAP70 FYN MAD1L1
GO:BP,GO:0022412,cellular process involved in reproduction in multicellular organism,0.16864852040723233,False,3,111,36,3629,ENSG00000169594 ENSG00000178093 ENSG00000151422,BNC1 TSSK6 FER
GO:BP,GO:0006873,intracellular monoatomic ion homeostasis,0.16864852040723233,False,3,111,36,3629,ENSG00000122986 ENSG00000185518 ENSG00000162753,HVCN1 SV2B SLC9C2
GO:BP,GO:0010506,regulation of autophagy,0.16864852040723233,False,3,111,36,3629,ENSG00000110497 ENSG00000131558 ENSG00000120907,AMBRA1 EXOC4 ADRA1A
GO:MF,GO:0015144,carbohydrate transmembrane transporter activity,0.16880880038793988,False,1,111,4,3629,ENSG00000162426,SLC45A1
GO:MF,GO:0005184,neuropeptide hormone activity,0.16880880038793988,False,1,111,4,3629,ENSG00000131096,PYY
GO:MF,GO:0004677,DNA-dependent protein kinase activity,0.16880880038793988,False,2,111,19,3629,ENSG00000178093 ENSG00000196182,TSSK6 STK40
GO:MF,GO:0043394,proteoglycan binding,0.16880880038793988,False,1,111,4,3629,ENSG00000130635,COL5A1
GO:MF,GO:0043274,phospholipase binding,0.16880880038793988,False,1,111,4,3629,ENSG00000010810,FYN
GO:MF,GO:0030507,spectrin binding,0.16880880038793988,False,1,111,4,3629,ENSG00000159023,EPB41
GO:MF,GO:0030020,extracellular matrix structural constituent conferring tensile strength,0.16880880038793988,False,1,111,4,3629,ENSG00000130635,COL5A1
GO:MF,GO:0035255,ionotropic glutamate receptor binding,0.16880880038793988,False,1,111,4,3629,ENSG00000251322,SHANK3
GO:MF,GO:0019211,phosphatase activator activity,0.16880880038793988,False,1,111,4,3629,ENSG00000110497,AMBRA1
GO:MF,GO:0003727,single-stranded RNA binding,0.16880880038793988,False,1,111,4,3629,ENSG00000161813,LARP4
GO:MF,GO:0008227,G protein-coupled amine receptor activity,0.16880880038793988,False,1,111,4,3629,ENSG00000120907,ADRA1A
GO:MF,GO:0017022,myosin binding,0.16880880038793988,False,1,111,4,3629,ENSG00000155511,GRIA1
GO:MF,GO:0005245,voltage-gated calcium channel activity,0.16880880038793988,False,1,111,4,3629,ENSG00000007402,CACNA2D2
GO:MF,GO:0097718,disordered domain specific binding,0.16880880038793988,False,1,111,4,3629,ENSG00000010810,FYN
GO:MF,GO:0016763,pentosyltransferase activity,0.16880880038793988,False,1,111,4,3629,ENSG00000173273,TNKS
GO:MF,GO:0016628,"oxidoreductase activity, acting on the CH-CH group of donors, NAD or NADP as acceptor",0.16880880038793988,False,1,111,4,3629,ENSG00000188641,DPYD
GO:MF,GO:0099106,ion channel regulator activity,0.16880880038793988,False,1,111,4,3629,ENSG00000113448,PDE4D
GO:MF,GO:0099604,ligand-gated calcium channel activity,0.16880880038793988,False,1,111,4,3629,ENSG00000155511,GRIA1
GO:MF,GO:0005164,tumor necrosis factor receptor binding,0.16880880038793988,False,1,111,4,3629,ENSG00000158019,BABAM2
GO:MF,GO:0005044,scavenger receptor activity,0.16880880038793988,False,1,111,4,3629,ENSG00000168077,SCARA3
GO:BP,GO:0030097,hemopoiesis,0.17030066651059303,False,6,111,104,3629,ENSG00000067082 ENSG00000110497 ENSG00000103056 ENSG00000115085 ENSG00000154822 ENSG00000005483,KLF6 AMBRA1 SMPD3 ZAP70 PLCL2 KMT2E
GO:CC,GO:0097014,ciliary plasm,0.17093433080182743,False,2,111,15,3629,ENSG00000110497 ENSG00000178093,AMBRA1 TSSK6
GO:CC,GO:0101002,ficolin-1-rich granule,0.17093433080182743,False,2,111,15,3629,ENSG00000103811 ENSG00000115828,CTSH QPCT
GO:CC,GO:0140168,nuclear ribonucleoprotein granule,0.17473130230211714,False,4,111,53,3629,ENSG00000245532 ENSG00000143614 ENSG00000079691 ENSG00000005483,NEAT1 GATAD2B CARMIL1 KMT2E
GO:CC,GO:0016604,nuclear body,0.17473508466913582,False,6,111,98,3629,ENSG00000245532 ENSG00000143614 ENSG00000159023 ENSG00000079691 ENSG00000005483 ENSG00000173273,NEAT1 GATAD2B EPB41 CARMIL1 KMT2E TNKS
GO:BP,GO:1901699,cellular response to nitrogen compound,0.17526732812150092,False,4,111,58,3629,ENSG00000151422 ENSG00000155511 ENSG00000113448 ENSG00000010810,FER GRIA1 PDE4D FYN
GO:CC,GO:0036038,MKS complex,0.17534330994968536,False,1,111,3,3629,ENSG00000168778,TCTN2
GO:CC,GO:0032433,filopodium tip,0.17534330994968536,False,1,111,3,3629,ENSG00000070882,OSBPL3
GO:CC,GO:0032281,AMPA glutamate receptor complex,0.17534330994968536,False,1,111,3,3629,ENSG00000155511,GRIA1
GO:CC,GO:0012506,vesicle membrane,0.17534330994968536,False,7,111,126,3629,ENSG00000120451 ENSG00000122986 ENSG00000185518 ENSG00000149927 ENSG00000196517 ENSG00000113070 ENSG00000155511,SNX19 HVCN1 SV2B DOC2A SLC6A9 HBEGF GRIA1
GO:CC,GO:0005815,microtubule organizing center,0.17534330994968536,False,6,111,100,3629,ENSG00000157456 ENSG00000113448 ENSG00000005483 ENSG00000131558 ENSG00000002822 ENSG00000173273,CCNB2 PDE4D KMT2E EXOC4 MAD1L1 TNKS
GO:CC,GO:0043198,dendritic shaft,0.17534330994968536,False,1,111,3,3629,ENSG00000155511,GRIA1
GO:CC,GO:0033276,transcription factor TFTC complex,0.17534330994968536,False,1,111,3,3629,ENSG00000163635,ATXN7
GO:CC,GO:0000922,spindle pole,0.17534330994968536,False,2,111,16,3629,ENSG00000002822 ENSG00000173273,MAD1L1 TNKS
GO:CC,GO:0030659,cytoplasmic vesicle membrane,0.17534330994968536,False,7,111,125,3629,ENSG00000120451 ENSG00000122986 ENSG00000185518 ENSG00000149927 ENSG00000196517 ENSG00000113070 ENSG00000155511,SNX19 HVCN1 SV2B DOC2A SLC6A9 HBEGF GRIA1
GO:CC,GO:0030427,site of polarized growth,0.17534330994968536,False,2,111,16,3629,ENSG00000116852 ENSG00000131558,KIF21B EXOC4
GO:CC,GO:0031904,endosome lumen,0.17534330994968536,False,1,111,3,3629,ENSG00000103811,CTSH
GO:CC,GO:0000781,"chromosome, telomeric region",0.17534330994968536,False,3,111,34,3629,ENSG00000104885 ENSG00000143614 ENSG00000173273,DOT1L GATAD2B TNKS
GO:CC,GO:0097545,axonemal doublet microtubule,0.17534330994968536,False,1,111,3,3629,ENSG00000178093,TSSK6
GO:CC,GO:0005694,chromosome,0.17534330994968536,False,12,111,254,3629,ENSG00000067082 ENSG00000177374 ENSG00000104885 ENSG00000143614 ENSG00000174579 ENSG00000163635 ENSG00000151422 ENSG00000204231 ENSG00000005483 ENSG00000002822 ENSG00000173273 ENSG00000167157,KLF6 HIC1 DOT1L GATAD2B MSL2 ATXN7 FER RXRB KMT2E MAD1L1 TNKS PRRX2
GO:CC,GO:0032591,dendritic spine membrane,0.17534330994968536,False,1,111,3,3629,ENSG00000155511,GRIA1
GO:CC,GO:0042101,T cell receptor complex,0.17534330994968536,False,1,111,3,3629,ENSG00000115085,ZAP70
GO:CC,GO:0043209,myelin sheath,0.17534330994968536,False,1,111,3,3629,ENSG00000131558,EXOC4
GO:CC,GO:1905368,peptidase complex,0.17534330994968536,False,2,111,16,3629,ENSG00000163635 ENSG00000184903,ATXN7 IMMP2L
GO:CC,GO:0030426,growth cone,0.17534330994968536,False,2,111,16,3629,ENSG00000116852 ENSG00000131558,KIF21B EXOC4
GO:CC,GO:0030424,axon,0.17534330994968536,False,4,111,54,3629,ENSG00000103042 ENSG00000116852 ENSG00000155511 ENSG00000131558,SLC38A7 KIF21B GRIA1 EXOC4
GO:CC,GO:0160110,axonemal microtubule doublet inner sheath,0.17534330994968536,False,1,111,3,3629,ENSG00000178093,TSSK6
GO:CC,GO:0000242,pericentriolar material,0.17534330994968536,False,1,111,3,3629,ENSG00000173273,TNKS
GO:CC,GO:0031941,filamentous actin,0.17534330994968536,False,1,111,3,3629,ENSG00000079691,CARMIL1
GO:BP,GO:0030163,protein catabolic process,0.1759322699958909,False,5,111,81,3629,ENSG00000110497 ENSG00000089053 ENSG00000103811 ENSG00000010810 ENSG00000112659,AMBRA1 ANAPC5 CTSH FYN CUL9
GO:BP,GO:0050870,positive regulation of T cell activation,0.17894676850235275,False,3,111,37,3629,ENSG00000110497 ENSG00000115085 ENSG00000010810,AMBRA1 ZAP70 FYN
GO:BP,GO:0007018,microtubule-based movement,0.17894676850235275,False,3,111,37,3629,ENSG00000066735 ENSG00000178093 ENSG00000116852,KIF26A TSSK6 KIF21B
GO:BP,GO:0045621,positive regulation of lymphocyte differentiation,0.17956106432402288,False,2,111,18,3629,ENSG00000110497 ENSG00000115085,AMBRA1 ZAP70
GO:BP,GO:0009411,response to UV,0.17956106432402288,False,2,111,18,3629,ENSG00000258839 ENSG00000168077,MC1R SCARA3
GO:BP,GO:0031669,cellular response to nutrient levels,0.17956106432402288,False,2,111,18,3629,ENSG00000110497 ENSG00000204231,AMBRA1 RXRB
GO:BP,GO:0051495,positive regulation of cytoskeleton organization,0.17956106432402288,False,2,111,18,3629,ENSG00000151422 ENSG00000079691,FER CARMIL1
GO:BP,GO:0033045,regulation of sister chromatid segregation,0.17956106432402288,False,2,111,18,3629,ENSG00000089053 ENSG00000002822,ANAPC5 MAD1L1
GO:BP,GO:0042063,gliogenesis,0.17956106432402288,False,2,111,18,3629,ENSG00000251322 ENSG00000150630,SHANK3 VEGFC
GO:BP,GO:0000910,cytokinesis,0.17956106432402288,False,2,111,18,3629,ENSG00000124356 ENSG00000131558,STAMBP EXOC4
GO:BP,GO:0050920,regulation of chemotaxis,0.17956106432402288,False,2,111,18,3629,ENSG00000150630 ENSG00000213654,VEGFC GPSM3
GO:BP,GO:0035239,tube morphogenesis,0.1815068257457372,False,5,111,82,3629,ENSG00000103811 ENSG00000251322 ENSG00000150630 ENSG00000010810 ENSG00000135298,CTSH SHANK3 VEGFC FYN ADGRB3
GO:BP,GO:0002521,leukocyte differentiation,0.1820097601153164,False,4,111,59,3629,ENSG00000067082 ENSG00000110497 ENSG00000115085 ENSG00000154822,KLF6 AMBRA1 ZAP70 PLCL2
GO:CC,GO:0005912,adherens junction,0.1831424623006912,False,2,111,17,3629,ENSG00000171877 ENSG00000151422,FRMD5 FER
GO:CC,GO:0140513,nuclear protein-containing complex,0.18357373674345848,False,8,111,153,3629,ENSG00000089053 ENSG00000143614 ENSG00000158019 ENSG00000163635 ENSG00000204231 ENSG00000005483 ENSG00000002822 ENSG00000173273,ANAPC5 GATAD2B BABAM2 ATXN7 RXRB KMT2E MAD1L1 TNKS
GO:MF,GO:0042802,identical protein binding,0.18400226562759042,False,9,111,191,3629,ENSG00000122986 ENSG00000111669 ENSG00000153406 ENSG00000103056 ENSG00000188641 ENSG00000120725 ENSG00000155511 ENSG00000010810 ENSG00000002822,HVCN1 TPI1 NMRAL1 SMPD3 DPYD SIL1 GRIA1 FYN MAD1L1
GO:BP,GO:2000001,regulation of DNA damage checkpoint,0.18468306122372607,False,1,111,4,3629,ENSG00000158019,BABAM2
GO:BP,GO:2000378,negative regulation of reactive oxygen species metabolic process,0.18468306122372607,False,1,111,4,3629,ENSG00000010810,FYN
GO:BP,GO:2000045,regulation of G1/S transition of mitotic cell cycle,0.18468306122372607,False,2,111,19,3629,ENSG00000110497 ENSG00000005483,AMBRA1 KMT2E
GO:BP,GO:2000648,positive regulation of stem cell proliferation,0.18468306122372607,False,1,111,4,3629,ENSG00000150630,VEGFC
GO:BP,GO:0035176,social behavior,0.18468306122372607,False,1,111,4,3629,ENSG00000251322,SHANK3
GO:BP,GO:0035235,ionotropic glutamate receptor signaling pathway,0.18468306122372607,False,1,111,4,3629,ENSG00000155511,GRIA1
GO:BP,GO:0060441,epithelial tube branching involved in lung morphogenesis,0.18468306122372607,False,1,111,4,3629,ENSG00000103811,CTSH
GO:BP,GO:1903307,positive regulation of regulated secretory pathway,0.18468306122372607,False,1,111,4,3629,ENSG00000149927,DOC2A
GO:BP,GO:0061351,neural precursor cell proliferation,0.18468306122372607,False,2,111,19,3629,ENSG00000251322 ENSG00000150630,SHANK3 VEGFC
GO:BP,GO:0061458,reproductive system development,0.18468306122372607,False,2,111,19,3629,ENSG00000151422 ENSG00000184903,FER IMMP2L
GO:BP,GO:0061615,glycolytic process through fructose-6-phosphate,0.18468306122372607,False,1,111,4,3629,ENSG00000111669,TPI1
GO:BP,GO:0002446,neutrophil mediated immunity,0.18468306122372607,False,1,111,4,3629,ENSG00000005483,KMT2E
GO:BP,GO:0048704,embryonic skeletal system morphogenesis,0.18468306122372607,False,1,111,4,3629,ENSG00000171310,CHST11
GO:BP,GO:0048706,embryonic skeletal system development,0.18468306122372607,False,1,111,4,3629,ENSG00000171310,CHST11
GO:BP,GO:0048565,digestive tract development,0.18468306122372607,False,1,111,4,3629,ENSG00000131096,PYY
GO:BP,GO:0048588,developmental cell growth,0.18468306122372607,False,2,111,19,3629,ENSG00000176406 ENSG00000120907,RIMS2 ADRA1A
GO:BP,GO:0060142,regulation of syncytium formation by plasma membrane fusion,0.18468306122372607,False,1,111,4,3629,ENSG00000023902,PLEKHO1
GO:BP,GO:0009100,glycoprotein metabolic process,0.18468306122372607,False,2,111,19,3629,ENSG00000171310 ENSG00000133687,CHST11 TMTC1
GO:BP,GO:0008206,bile acid metabolic process,0.18468306122372607,False,1,111,4,3629,ENSG00000070882,OSBPL3
GO:BP,GO:0008154,actin polymerization or depolymerization,0.18468306122372607,False,2,111,19,3629,ENSG00000151422 ENSG00000079691,FER CARMIL1
GO:BP,GO:0002275,myeloid cell activation involved in immune response,0.18468306122372607,False,1,111,4,3629,ENSG00000151422,FER
GO:BP,GO:1990090,cellular response to nerve growth factor stimulus,0.18468306122372607,False,1,111,4,3629,ENSG00000155511,GRIA1
GO:BP,GO:1901739,regulation of myoblast fusion,0.18468306122372607,False,1,111,4,3629,ENSG00000023902,PLEKHO1
GO:BP,GO:0038094,Fc-gamma receptor signaling pathway,0.18468306122372607,False,1,111,4,3629,ENSG00000010810,FYN
GO:BP,GO:1990089,response to nerve growth factor,0.18468306122372607,False,1,111,4,3629,ENSG00000155511,GRIA1
GO:BP,GO:0002695,negative regulation of leukocyte activation,0.18468306122372607,False,2,111,19,3629,ENSG00000151422 ENSG00000002822,FER MAD1L1
GO:BP,GO:0099645,neurotransmitter receptor localization to postsynaptic specialization membrane,0.18468306122372607,False,1,111,4,3629,ENSG00000007402,CACNA2D2
GO:BP,GO:0099633,protein localization to postsynaptic specialization membrane,0.18468306122372607,False,1,111,4,3629,ENSG00000007402,CACNA2D2
GO:BP,GO:0048608,reproductive structure development,0.18468306122372607,False,2,111,19,3629,ENSG00000151422 ENSG00000184903,FER IMMP2L
GO:BP,GO:0071880,adenylate cyclase-activating adrenergic receptor signaling pathway,0.18468306122372607,False,1,111,4,3629,ENSG00000120907,ADRA1A
GO:BP,GO:0002862,negative regulation of inflammatory response to antigenic stimulus,0.18468306122372607,False,1,111,4,3629,ENSG00000010810,FYN
GO:BP,GO:0002274,myeloid leukocyte activation,0.18468306122372607,False,2,111,19,3629,ENSG00000151422 ENSG00000005483,FER KMT2E
GO:BP,GO:0055094,response to lipoprotein particle,0.18468306122372607,False,1,111,4,3629,ENSG00000103056,SMPD3
GO:BP,GO:0048854,brain morphogenesis,0.18468306122372607,False,1,111,4,3629,ENSG00000251322,SHANK3
GO:BP,GO:0046839,phospholipid dephosphorylation,0.18468306122372607,False,1,111,4,3629,ENSG00000147535,PLPP5
GO:BP,GO:0006091,generation of precursor metabolites and energy,0.18468306122372607,False,3,111,39,3629,ENSG00000111669 ENSG00000196182 ENSG00000184903,TPI1 STK40 IMMP2L
GO:BP,GO:0071467,cellular response to pH,0.18468306122372607,False,1,111,4,3629,ENSG00000122986,HVCN1
GO:BP,GO:0007095,mitotic G2 DNA damage checkpoint signaling,0.18468306122372607,False,1,111,4,3629,ENSG00000158019,BABAM2
GO:BP,GO:0042789,mRNA transcription by RNA polymerase II,0.18468306122372607,False,1,111,4,3629,ENSG00000204231,RXRB
GO:BP,GO:0007492,endoderm development,0.18468306122372607,False,1,111,4,3629,ENSG00000130635,COL5A1
GO:BP,GO:0051966,"regulation of synaptic transmission, glutamatergic",0.18468306122372607,False,1,111,4,3629,ENSG00000251322,SHANK3
GO:BP,GO:0042220,response to cocaine,0.18468306122372607,False,1,111,4,3629,ENSG00000155511,GRIA1
GO:BP,GO:1903556,negative regulation of tumor necrosis factor superfamily cytokine production,0.18468306122372607,False,1,111,4,3629,ENSG00000258839,MC1R
GO:BP,GO:0120031,plasma membrane bounded cell projection assembly,0.18468306122372607,False,3,111,39,3629,ENSG00000168778 ENSG00000151422 ENSG00000079691,TCTN2 FER CARMIL1
GO:BP,GO:0050776,regulation of immune response,0.18468306122372607,False,6,111,107,3629,ENSG00000103811 ENSG00000115085 ENSG00000154822 ENSG00000151422 ENSG00000113448 ENSG00000010810,CTSH ZAP70 PLCL2 FER PDE4D FYN
GO:BP,GO:0007423,sensory organ development,0.18468306122372607,False,3,111,39,3629,ENSG00000181291 ENSG00000133256 ENSG00000130635,TMEM132E PDE6B COL5A1
GO:BP,GO:0046580,negative regulation of Ras protein signal transduction,0.18468306122372607,False,1,111,4,3629,ENSG00000124356,STAMBP
GO:BP,GO:0042168,heme metabolic process,0.18468306122372607,False,1,111,4,3629,ENSG00000196517,SLC6A9
GO:BP,GO:0046633,alpha-beta T cell proliferation,0.18468306122372607,False,1,111,4,3629,ENSG00000115085,ZAP70
GO:BP,GO:0048168,regulation of neuronal synaptic plasticity,0.18468306122372607,False,1,111,4,3629,ENSG00000251322,SHANK3
GO:BP,GO:0048013,ephrin receptor signaling pathway,0.18468306122372607,False,1,111,4,3629,ENSG00000010810,FYN
GO:BP,GO:0046640,regulation of alpha-beta T cell proliferation,0.18468306122372607,False,1,111,4,3629,ENSG00000115085,ZAP70
GO:BP,GO:0042110,T cell activation,0.18468306122372607,False,4,111,60,3629,ENSG00000110497 ENSG00000115085 ENSG00000010810 ENSG00000002822,AMBRA1 ZAP70 FYN MAD1L1
GO:BP,GO:0033993,response to lipid,0.18468306122372607,False,4,111,61,3629,ENSG00000103811 ENSG00000151422 ENSG00000155511 ENSG00000204231,CTSH FER GRIA1 RXRB
GO:BP,GO:0030042,actin filament depolymerization,0.18468306122372607,False,1,111,4,3629,ENSG00000079691,CARMIL1
GO:BP,GO:0018107,peptidyl-threonine phosphorylation,0.18468306122372607,False,1,111,4,3629,ENSG00000173273,TNKS
GO:BP,GO:0009892,negative regulation of metabolic process,0.18468306122372607,False,11,111,240,3629,ENSG00000245532 ENSG00000103056 ENSG00000258839 ENSG00000177374 ENSG00000104885 ENSG00000143614 ENSG00000100354 ENSG00000100403 ENSG00000010810 ENSG00000120907 ENSG00000173273,NEAT1 SMPD3 MC1R HIC1 DOT1L GATAD2B TNRC6B ZC3H7B FYN ADRA1A TNKS
GO:BP,GO:0033013,tetrapyrrole metabolic process,0.18468306122372607,False,1,111,4,3629,ENSG00000196517,SLC6A9
GO:BP,GO:0032107,regulation of response to nutrient levels,0.18468306122372607,False,1,111,4,3629,ENSG00000204231,RXRB
GO:BP,GO:0032024,positive regulation of insulin secretion,0.18468306122372607,False,1,111,4,3629,ENSG00000053438,NNAT
GO:BP,GO:0031529,ruffle organization,0.18468306122372607,False,1,111,4,3629,ENSG00000079691,CARMIL1
GO:BP,GO:0031629,synaptic vesicle fusion to presynaptic active zone membrane,0.18468306122372607,False,1,111,4,3629,ENSG00000149927,DOC2A
GO:BP,GO:0098696,regulation of neurotransmitter receptor localization to postsynaptic specialization membrane,0.18468306122372607,False,1,111,4,3629,ENSG00000007402,CACNA2D2
GO:BP,GO:0031145,anaphase-promoting complex-dependent catabolic process,0.18468306122372607,False,1,111,4,3629,ENSG00000089053,ANAPC5
GO:BP,GO:0071354,cellular response to interleukin-6,0.18468306122372607,False,1,111,4,3629,ENSG00000151422,FER
GO:BP,GO:0098609,cell-cell adhesion,0.18468306122372607,False,5,111,84,3629,ENSG00000110497 ENSG00000115085 ENSG00000151422 ENSG00000010810 ENSG00000002822,AMBRA1 ZAP70 FER FYN MAD1L1
GO:BP,GO:0043171,peptide catabolic process,0.18468306122372607,False,1,111,4,3629,ENSG00000103811,CTSH
GO:BP,GO:0140719,constitutive heterochromatin formation,0.18468306122372607,False,1,111,4,3629,ENSG00000104885,DOT1L
GO:BP,GO:0098880,maintenance of postsynaptic specialization structure,0.18468306122372607,False,1,111,4,3629,ENSG00000251322,SHANK3
GO:BP,GO:0007026,negative regulation of microtubule depolymerization,0.18468306122372607,False,1,111,4,3629,ENSG00000163635,ATXN7
GO:BP,GO:0050853,B cell receptor signaling pathway,0.18468306122372607,False,1,111,4,3629,ENSG00000154822,PLCL2
GO:BP,GO:0007093,mitotic cell cycle checkpoint signaling,0.18468306122372607,False,2,111,19,3629,ENSG00000158019 ENSG00000002822,BABAM2 MAD1L1
GO:BP,GO:0006278,RNA-templated DNA biosynthetic process,0.18468306122372607,False,1,111,4,3629,ENSG00000173273,TNKS
GO:BP,GO:1903039,positive regulation of leukocyte cell-cell adhesion,0.18468306122372607,False,3,111,38,3629,ENSG00000110497 ENSG00000115085 ENSG00000010810,AMBRA1 ZAP70 FYN
GO:BP,GO:0031114,regulation of microtubule depolymerization,0.18468306122372607,False,1,111,4,3629,ENSG00000163635,ATXN7
GO:BP,GO:1903429,regulation of cell maturation,0.18468306122372607,False,1,111,4,3629,ENSG00000169594,BNC1
GO:BP,GO:0046641,positive regulation of alpha-beta T cell proliferation,0.18468306122372607,False,1,111,4,3629,ENSG00000115085,ZAP70
GO:BP,GO:0007187,"G protein-coupled receptor signaling pathway, coupled to cyclic nucleotide second messenger",0.18468306122372607,False,1,111,4,3629,ENSG00000258839,MC1R
GO:BP,GO:0046184,aldehyde biosynthetic process,0.18468306122372607,False,1,111,4,3629,ENSG00000111669,TPI1
GO:BP,GO:0046677,response to antibiotic,0.18468306122372607,False,1,111,4,3629,ENSG00000155511,GRIA1
GO:BP,GO:0007340,acrosome reaction,0.18468306122372607,False,1,111,4,3629,ENSG00000122986,HVCN1
GO:BP,GO:0060349,bone morphogenesis,0.18468306122372607,False,1,111,4,3629,ENSG00000103056,SMPD3
GO:BP,GO:0061337,cardiac conduction,0.18468306122372607,False,1,111,4,3629,ENSG00000113448,PDE4D
GO:BP,GO:0061744,motor behavior,0.18468306122372607,False,1,111,4,3629,ENSG00000135454,B4GALNT1
GO:BP,GO:0085029,extracellular matrix assembly,0.18468306122372607,False,1,111,4,3629,ENSG00000103056,SMPD3
GO:BP,GO:0089718,amino acid import across plasma membrane,0.18468306122372607,False,1,111,4,3629,ENSG00000196517,SLC6A9
GO:BP,GO:0051126,negative regulation of actin nucleation,0.18468306122372607,False,1,111,4,3629,ENSG00000242498,ARPIN
GO:BP,GO:0045061,thymic T cell selection,0.18468306122372607,False,1,111,4,3629,ENSG00000115085,ZAP70
GO:BP,GO:0071402,cellular response to lipoprotein particle stimulus,0.18468306122372607,False,1,111,4,3629,ENSG00000103056,SMPD3
GO:BP,GO:0000271,polysaccharide biosynthetic process,0.18468306122372607,False,1,111,4,3629,ENSG00000103056,SMPD3
GO:BP,GO:0051602,response to electrical stimulus,0.18468306122372607,False,1,111,4,3629,ENSG00000155511,GRIA1
GO:BP,GO:0044058,regulation of digestive system process,0.18468306122372607,False,1,111,4,3629,ENSG00000159023,EPB41
GO:BP,GO:0006884,cell volume homeostasis,0.18468306122372607,False,1,111,4,3629,ENSG00000251322,SHANK3
GO:BP,GO:0033273,response to vitamin,0.18468306122372607,False,1,111,4,3629,ENSG00000204231,RXRB
GO:BP,GO:0033280,response to vitamin D,0.18468306122372607,False,1,111,4,3629,ENSG00000204231,RXRB
GO:BP,GO:0006937,regulation of muscle contraction,0.18468306122372607,False,2,111,19,3629,ENSG00000113448 ENSG00000120907,PDE4D ADRA1A
GO:BP,GO:0032205,negative regulation of telomere maintenance,0.18468306122372607,False,1,111,4,3629,ENSG00000173273,TNKS
GO:BP,GO:0032720,negative regulation of tumor necrosis factor production,0.18468306122372607,False,1,111,4,3629,ENSG00000258839,MC1R
GO:BP,GO:0010611,regulation of cardiac muscle hypertrophy,0.18468306122372607,False,1,111,4,3629,ENSG00000120907,ADRA1A
GO:BP,GO:0010762,regulation of fibroblast migration,0.18468306122372607,False,1,111,4,3629,ENSG00000151422,FER
GO:BP,GO:0045446,endothelial cell differentiation,0.18468306122372607,False,1,111,4,3629,ENSG00000113448,PDE4D
GO:BP,GO:0006513,protein monoubiquitination,0.18468306122372607,False,1,111,4,3629,ENSG00000174579,MSL2
GO:BP,GO:0070979,protein K11-linked ubiquitination,0.18468306122372607,False,1,111,4,3629,ENSG00000089053,ANAPC5
GO:BP,GO:1902176,negative regulation of oxidative stress-induced intrinsic apoptotic signaling pathway,0.18468306122372607,False,1,111,4,3629,ENSG00000010810,FYN
GO:BP,GO:0001501,skeletal system development,0.18468306122372607,False,3,111,39,3629,ENSG00000120451 ENSG00000171310 ENSG00000103056,SNX19 CHST11 SMPD3
GO:BP,GO:0000289,nuclear-transcribed mRNA poly(A) tail shortening,0.18468306122372607,False,1,111,4,3629,ENSG00000100354,TNRC6B
GO:BP,GO:0070562,regulation of vitamin D receptor signaling pathway,0.18468306122372607,False,1,111,4,3629,ENSG00000204231,RXRB
GO:BP,GO:0070561,vitamin D receptor signaling pathway,0.18468306122372607,False,1,111,4,3629,ENSG00000204231,RXRB
GO:BP,GO:0007059,chromosome segregation,0.18468306122372607,False,4,111,60,3629,ENSG00000089053 ENSG00000157456 ENSG00000002822 ENSG00000173273,ANAPC5 CCNB2 MAD1L1 TNKS
GO:BP,GO:0090148,membrane fission,0.18468306122372607,False,1,111,4,3629,ENSG00000131558,EXOC4
GO:BP,GO:1904659,D-glucose transmembrane transport,0.18468306122372607,False,1,111,4,3629,ENSG00000162426,SLC45A1
GO:BP,GO:0007004,telomere maintenance via telomerase,0.18468306122372607,False,1,111,4,3629,ENSG00000173273,TNKS
GO:BP,GO:0018210,peptidyl-threonine modification,0.18468306122372607,False,1,111,4,3629,ENSG00000173273,TNKS
GO:BP,GO:0051703,biological process involved in intraspecies interaction between organisms,0.18468306122372607,False,1,111,4,3629,ENSG00000251322,SHANK3
GO:BP,GO:0070741,response to interleukin-6,0.18468306122372607,False,1,111,4,3629,ENSG00000151422,FER
GO:BP,GO:0051648,vesicle localization,0.18468306122372607,False,2,111,19,3629,ENSG00000103056 ENSG00000131558,SMPD3 EXOC4
GO:BP,GO:0045744,negative regulation of G protein-coupled receptor signaling pathway,0.18468306122372607,False,1,111,4,3629,ENSG00000113448,PDE4D
GO:BP,GO:0045761,regulation of adenylate cyclase activity,0.18468306122372607,False,1,111,4,3629,ENSG00000166573,GALR1
GO:BP,GO:0014743,regulation of muscle hypertrophy,0.18468306122372607,False,1,111,4,3629,ENSG00000120907,ADRA1A
GO:BP,GO:0099500,vesicle fusion to plasma membrane,0.18468306122372607,False,1,111,4,3629,ENSG00000149927,DOC2A
GO:BP,GO:0006699,bile acid biosynthetic process,0.18468306122372607,False,1,111,4,3629,ENSG00000070882,OSBPL3
GO:BP,GO:0006688,glycosphingolipid biosynthetic process,0.18468306122372607,False,1,111,4,3629,ENSG00000135454,B4GALNT1
GO:BP,GO:0006778,porphyrin-containing compound metabolic process,0.18468306122372607,False,1,111,4,3629,ENSG00000196517,SLC6A9
GO:BP,GO:0045778,positive regulation of ossification,0.18468306122372607,False,1,111,4,3629,ENSG00000204231,RXRB
GO:BP,GO:0070918,regulatory ncRNA processing,0.18468306122372607,False,1,111,4,3629,ENSG00000100403,ZC3H7B
GO:BP,GO:0071404,cellular response to low-density lipoprotein particle stimulus,0.18468306122372607,False,1,111,4,3629,ENSG00000103056,SMPD3
GO:BP,GO:0071295,cellular response to vitamin,0.18468306122372607,False,1,111,4,3629,ENSG00000204231,RXRB
GO:BP,GO:0071305,cellular response to vitamin D,0.18468306122372607,False,1,111,4,3629,ENSG00000204231,RXRB
GO:BP,GO:0019722,calcium-mediated signaling,0.18468306122372607,False,2,111,19,3629,ENSG00000115085 ENSG00000155511,ZAP70 GRIA1
GO:BP,GO:0019228,neuronal action potential,0.18468306122372607,False,1,111,4,3629,ENSG00000155511,GRIA1
GO:BP,GO:0019748,secondary metabolic process,0.18468306122372607,False,1,111,4,3629,ENSG00000258839,MC1R
GO:BP,GO:0061001,regulation of dendritic spine morphogenesis,0.18468306122372607,False,1,111,4,3629,ENSG00000251322,SHANK3
GO:BP,GO:0031175,neuron projection development,0.184816276642043,False,5,111,85,3629,ENSG00000066735 ENSG00000251322 ENSG00000010810 ENSG00000135298 ENSG00000176406,KIF26A SHANK3 FYN ADGRB3 RIMS2
GO:BP,GO:0045595,regulation of cell differentiation,0.18511949869189587,False,7,111,135,3629,ENSG00000110497 ENSG00000169594 ENSG00000143614 ENSG00000251322 ENSG00000115085 ENSG00000150630 ENSG00000130635,AMBRA1 BNC1 GATAD2B SHANK3 ZAP70 VEGFC COL5A1
GO:BP,GO:0048514,blood vessel morphogenesis,0.1892844114179378,False,4,111,62,3629,ENSG00000103811 ENSG00000150630 ENSG00000010810 ENSG00000135298,CTSH VEGFC FYN ADGRB3
GO:BP,GO:0060284,regulation of cell development,0.19130740389315162,False,5,111,86,3629,ENSG00000110497 ENSG00000169594 ENSG00000251322 ENSG00000115085 ENSG00000150630,AMBRA1 BNC1 SHANK3 ZAP70 VEGFC
GO:MF,GO:0008201,heparin binding,0.19140079387808306,False,2,111,21,3629,ENSG00000113070 ENSG00000130635,HBEGF COL5A1
GO:MF,GO:0031490,chromatin DNA binding,0.19140079387808306,False,2,111,21,3629,ENSG00000143614 ENSG00000174579,GATAD2B MSL2
GO:BP,GO:0048667,cell morphogenesis involved in neuron differentiation,0.19176416087900044,False,3,111,40,3629,ENSG00000251322 ENSG00000010810 ENSG00000135298,SHANK3 FYN ADGRB3
GO:BP,GO:0072657,protein localization to membrane,0.19176416087900044,False,3,111,40,3629,ENSG00000251322 ENSG00000007402 ENSG00000010810,SHANK3 CACNA2D2 FYN
GO:BP,GO:0051251,positive regulation of lymphocyte activation,0.19176416087900044,False,3,111,40,3629,ENSG00000110497 ENSG00000115085 ENSG00000010810,AMBRA1 ZAP70 FYN
GO:BP,GO:1901991,negative regulation of mitotic cell cycle phase transition,0.19314482282256693,False,2,111,20,3629,ENSG00000158019 ENSG00000002822,BABAM2 MAD1L1
GO:BP,GO:0070372,regulation of ERK1 and ERK2 cascade,0.19314482282256693,False,2,111,20,3629,ENSG00000073417 ENSG00000120907,PDE8A ADRA1A
GO:BP,GO:2000146,negative regulation of cell motility,0.19314482282256693,False,2,111,20,3629,ENSG00000171877 ENSG00000242498,FRMD5 ARPIN
GO:BP,GO:0090257,regulation of muscle system process,0.19314482282256693,False,2,111,20,3629,ENSG00000113448 ENSG00000120907,PDE4D ADRA1A
GO:BP,GO:0016241,regulation of macroautophagy,0.19314482282256693,False,2,111,20,3629,ENSG00000110497 ENSG00000131558,AMBRA1 EXOC4
GO:BP,GO:1904062,regulation of monoatomic cation transmembrane transport,0.19314482282256693,False,2,111,20,3629,ENSG00000113448 ENSG00000010810,PDE4D FYN
GO:BP,GO:0022008,neurogenesis,0.19432678718330618,False,7,111,137,3629,ENSG00000066735 ENSG00000181291 ENSG00000251322 ENSG00000150630 ENSG00000010810 ENSG00000135298 ENSG00000176406,KIF26A TMEM132E SHANK3 VEGFC FYN ADGRB3 RIMS2
GO:CC,GO:0005576,extracellular region,0.19486704707187125,False,16,111,373,3629,ENSG00000111669 ENSG00000103811 ENSG00000073417 ENSG00000103056 ENSG00000131096 ENSG00000115828 ENSG00000124356 ENSG00000055955 ENSG00000150630 ENSG00000120725 ENSG00000113070 ENSG00000155511 ENSG00000079691 ENSG00000135298 ENSG00000176406 ENSG00000130635,TPI1 CTSH PDE8A SMPD3 PYY QPCT STAMBP ITIH4 VEGFC SIL1 HBEGF GRIA1 CARMIL1 ADGRB3 RIMS2 COL5A1
GO:MF,GO:0015252,proton channel activity,0.19676757450579632,False,1,111,5,3629,ENSG00000122986,HVCN1
GO:MF,GO:0015179,L-amino acid transmembrane transporter activity,0.19676757450579632,False,1,111,5,3629,ENSG00000103042,SLC38A7
GO:MF,GO:0048156,tau protein binding,0.19676757450579632,False,1,111,5,3629,ENSG00000010810,FYN
GO:MF,GO:0001784,phosphotyrosine residue binding,0.19676757450579632,False,1,111,5,3629,ENSG00000115085,ZAP70
GO:MF,GO:0045309,protein phosphorylated amino acid binding,0.19676757450579632,False,1,111,5,3629,ENSG00000115085,ZAP70
GO:MF,GO:0004177,aminopeptidase activity,0.19676757450579632,False,1,111,5,3629,ENSG00000103811,CTSH
GO:MF,GO:0072341,modified amino acid binding,0.19676757450579632,False,1,111,5,3629,ENSG00000103056,SMPD3
GO:MF,GO:0035091,phosphatidylinositol binding,0.19676757450579632,False,2,111,22,3629,ENSG00000120451 ENSG00000159023,SNX19 EPB41
GO:MF,GO:0032813,tumor necrosis factor receptor superfamily binding,0.19676757450579632,False,1,111,5,3629,ENSG00000158019,BABAM2
GO:MF,GO:0141108,transporter regulator activity,0.19676757450579632,False,1,111,5,3629,ENSG00000113448,PDE4D
GO:MF,GO:0160041,neuropeptide activity,0.19676757450579632,False,1,111,5,3629,ENSG00000131096,PYY
GO:MF,GO:0031593,polyubiquitin modification-dependent protein binding,0.19676757450579632,False,1,111,5,3629,ENSG00000158019,BABAM2
GO:MF,GO:0016247,channel regulator activity,0.19676757450579632,False,1,111,5,3629,ENSG00000113448,PDE4D
GO:MF,GO:0008157,protein phosphatase 1 binding,0.19676757450579632,False,1,111,5,3629,ENSG00000151422,FER
GO:MF,GO:0043014,alpha-tubulin binding,0.19676757450579632,False,1,111,5,3629,ENSG00000010810,FYN
GO:MF,GO:0008146,sulfotransferase activity,0.19676757450579632,False,1,111,5,3629,ENSG00000171310,CHST11
GO:MF,GO:0016782,"transferase activity, transferring sulphur-containing groups",0.19676757450579632,False,1,111,5,3629,ENSG00000171310,CHST11
GO:BP,GO:0051093,negative regulation of developmental process,0.1968209422170362,False,5,111,87,3629,ENSG00000242498 ENSG00000150630 ENSG00000010810 ENSG00000135298 ENSG00000130635,ARPIN VEGFC FYN ADGRB3 COL5A1
GO:CC,GO:0098858,actin-based cell projection,0.19780440635434945,False,2,111,18,3629,ENSG00000131558 ENSG00000070882,EXOC4 OSBPL3
GO:CC,GO:0045335,phagocytic vesicle,0.19780440635434945,False,2,111,18,3629,ENSG00000110497 ENSG00000122986,AMBRA1 HVCN1
GO:CC,GO:0005730,nucleolus,0.19817825484894974,False,6,111,106,3629,ENSG00000067082 ENSG00000166793 ENSG00000182732 ENSG00000169594 ENSG00000163635 ENSG00000204231,KLF6 YPEL4 RGS6 BNC1 ATXN7 RXRB
GO:CC,GO:0000785,chromatin,0.19946272727256167,False,9,111,183,3629,ENSG00000067082 ENSG00000177374 ENSG00000143614 ENSG00000174579 ENSG00000163635 ENSG00000151422 ENSG00000204231 ENSG00000005483 ENSG00000167157,KLF6 HIC1 GATAD2B MSL2 ATXN7 FER RXRB KMT2E PRRX2
GO:BP,GO:0050867,positive regulation of cell activation,0.20089443950487085,False,3,111,41,3629,ENSG00000110497 ENSG00000115085 ENSG00000010810,AMBRA1 ZAP70 FYN
GO:BP,GO:0030031,cell projection assembly,0.20089443950487085,False,3,111,41,3629,ENSG00000168778 ENSG00000151422 ENSG00000079691,TCTN2 FER CARMIL1
GO:BP,GO:0002696,positive regulation of leukocyte activation,0.20089443950487085,False,3,111,41,3629,ENSG00000110497 ENSG00000115085 ENSG00000010810,AMBRA1 ZAP70 FYN
GO:BP,GO:0060341,regulation of cellular localization,0.20089443950487085,False,3,111,41,3629,ENSG00000251322 ENSG00000007402 ENSG00000010810,SHANK3 CACNA2D2 FYN
GO:CC,GO:0000124,SAGA complex,0.20261640128029715,False,1,111,4,3629,ENSG00000163635,ATXN7
GO:CC,GO:0090545,CHD-type complex,0.20261640128029715,False,1,111,4,3629,ENSG00000143614,GATAD2B
GO:CC,GO:0031045,dense core granule,0.20261640128029715,False,1,111,4,3629,ENSG00000196517,SLC6A9
GO:CC,GO:0036126,sperm flagellum,0.20261640128029715,False,2,111,19,3629,ENSG00000122986 ENSG00000178093,HVCN1 TSSK6
GO:CC,GO:0043025,neuronal cell body,0.20261640128029715,False,3,111,39,3629,ENSG00000103042 ENSG00000155511 ENSG00000010810,SLC38A7 GRIA1 FYN
GO:CC,GO:0031901,early endosome membrane,0.20261640128029715,False,2,111,19,3629,ENSG00000120451 ENSG00000155511,SNX19 GRIA1
GO:CC,GO:0098797,plasma membrane protein complex,0.20261640128029715,False,4,111,61,3629,ENSG00000115085 ENSG00000007402 ENSG00000155511 ENSG00000113448,ZAP70 CACNA2D2 GRIA1 PDE4D
GO:CC,GO:0001750,photoreceptor outer segment,0.20261640128029715,False,1,111,4,3629,ENSG00000133256,PDE6B
GO:CC,GO:0099092,"postsynaptic density, intracellular component",0.20261640128029715,False,1,111,4,3629,ENSG00000155511,GRIA1
GO:CC,GO:0022627,cytosolic small ribosomal subunit,0.20261640128029715,False,1,111,4,3629,ENSG00000161813,LARP4
GO:CC,GO:0016581,NuRD complex,0.20261640128029715,False,1,111,4,3629,ENSG00000143614,GATAD2B
GO:CC,GO:0005615,extracellular space,0.20261640128029715,False,13,111,293,3629,ENSG00000111669 ENSG00000103811 ENSG00000073417 ENSG00000131096 ENSG00000115828 ENSG00000124356 ENSG00000055955 ENSG00000150630 ENSG00000120725 ENSG00000113070 ENSG00000079691 ENSG00000176406 ENSG00000130635,TPI1 CTSH PDE8A PYY QPCT STAMBP ITIH4 VEGFC SIL1 HBEGF CARMIL1 RIMS2 COL5A1
GO:CC,GO:0031089,platelet dense granule lumen,0.20261640128029715,False,1,111,4,3629,ENSG00000055955,ITIH4
GO:CC,GO:0042827,platelet dense granule,0.20261640128029715,False,1,111,4,3629,ENSG00000055955,ITIH4
GO:CC,GO:0080008,Cul4-RING E3 ubiquitin ligase complex,0.20261640128029715,False,1,111,4,3629,ENSG00000110497,AMBRA1
GO:CC,GO:0070461,SAGA-type complex,0.20261640128029715,False,1,111,4,3629,ENSG00000163635,ATXN7
GO:CC,GO:0098802,plasma membrane signaling receptor complex,0.20261640128029715,False,2,111,19,3629,ENSG00000115085 ENSG00000155511,ZAP70 GRIA1
GO:CC,GO:0034703,cation channel complex,0.20261640128029715,False,2,111,19,3629,ENSG00000007402 ENSG00000113448,CACNA2D2 PDE4D
GO:BP,GO:0045580,regulation of T cell differentiation,0.20728275504704263,False,2,111,21,3629,ENSG00000110497 ENSG00000115085,AMBRA1 ZAP70
GO:BP,GO:0040013,negative regulation of locomotion,0.20728275504704263,False,2,111,21,3629,ENSG00000171877 ENSG00000242498,FRMD5 ARPIN
GO:BP,GO:0015850,organic hydroxy compound transport,0.20728275504704263,False,2,111,21,3629,ENSG00000166573 ENSG00000070882,GALR1 OSBPL3
GO:BP,GO:0031589,cell-substrate adhesion,0.20728275504704263,False,2,111,21,3629,ENSG00000151422 ENSG00000079691,FER CARMIL1
GO:BP,GO:0048638,regulation of developmental growth,0.20728275504704263,False,2,111,21,3629,ENSG00000007402 ENSG00000176406,CACNA2D2 RIMS2
GO:BP,GO:0141091,transforming growth factor beta receptor superfamily signaling pathway,0.20728275504704263,False,2,111,21,3629,ENSG00000171310 ENSG00000103056,CHST11 SMPD3
GO:BP,GO:0007033,vacuole organization,0.20728275504704263,False,2,111,21,3629,ENSG00000110497 ENSG00000135454,AMBRA1 B4GALNT1
GO:BP,GO:0050866,negative regulation of cell activation,0.20728275504704263,False,2,111,21,3629,ENSG00000151422 ENSG00000002822,FER MAD1L1
GO:BP,GO:0090150,establishment of protein localization to membrane,0.20728275504704263,False,2,111,21,3629,ENSG00000120725 ENSG00000010810,SIL1 FYN
GO:BP,GO:0022409,positive regulation of cell-cell adhesion,0.21036766345988187,False,3,111,42,3629,ENSG00000110497 ENSG00000115085 ENSG00000010810,AMBRA1 ZAP70 FYN
GO:BP,GO:0061024,membrane organization,0.21084823679255163,False,4,111,65,3629,ENSG00000149927 ENSG00000251322 ENSG00000131558 ENSG00000130635,DOC2A SHANK3 EXOC4 COL5A1
GO:BP,GO:0019915,lipid storage,0.21141816875242136,False,1,111,5,3629,ENSG00000135454,B4GALNT1
GO:BP,GO:0019320,hexose catabolic process,0.21141816875242136,False,1,111,5,3629,ENSG00000111669,TPI1
GO:BP,GO:0021510,spinal cord development,0.21141816875242136,False,1,111,5,3629,ENSG00000155511,GRIA1
GO:BP,GO:0021879,forebrain neuron differentiation,0.21141816875242136,False,1,111,5,3629,ENSG00000251322,SHANK3
GO:BP,GO:0065009,regulation of molecular function,0.21141816875242136,False,5,111,91,3629,ENSG00000182732 ENSG00000103811 ENSG00000166573 ENSG00000104885 ENSG00000159023,RGS6 CTSH GALR1 DOT1L EPB41
GO:BP,GO:0060998,regulation of dendritic spine development,0.21141816875242136,False,1,111,5,3629,ENSG00000251322,SHANK3
GO:BP,GO:0060997,dendritic spine morphogenesis,0.21141816875242136,False,1,111,5,3629,ENSG00000251322,SHANK3
GO:BP,GO:0060999,positive regulation of dendritic spine development,0.21141816875242136,False,1,111,5,3629,ENSG00000251322,SHANK3
GO:BP,GO:0044085,cellular component biogenesis,0.21141816875242136,False,15,111,365,3629,ENSG00000110497 ENSG00000168778 ENSG00000166133 ENSG00000157456 ENSG00000103056 ENSG00000104885 ENSG00000251322 ENSG00000151422 ENSG00000155511 ENSG00000079691 ENSG00000135298 ENSG00000184903 ENSG00000176406 ENSG00000158106 ENSG00000173273,AMBRA1 TCTN2 RPUSD2 CCNB2 SMPD3 DOT1L SHANK3 FER GRIA1 CARMIL1 ADGRB3 IMMP2L RIMS2 RHPN1 TNKS
GO:BP,GO:0044042,glucan metabolic process,0.21141816875242136,False,1,111,5,3629,ENSG00000196182,STK40
GO:BP,GO:0001558,regulation of cell growth,0.21141816875242136,False,3,111,43,3629,ENSG00000066735 ENSG00000113070 ENSG00000176406,KIF26A HBEGF RIMS2
GO:BP,GO:0051591,response to cAMP,0.21141816875242136,False,1,111,5,3629,ENSG00000113448,PDE4D
GO:BP,GO:0044771,meiotic cell cycle phase transition,0.21141816875242136,False,1,111,5,3629,ENSG00000157456,CCNB2
GO:BP,GO:0031648,protein destabilization,0.21141816875242136,False,1,111,5,3629,ENSG00000103811,CTSH
GO:BP,GO:0030166,proteoglycan biosynthetic process,0.21141816875242136,False,1,111,5,3629,ENSG00000171310,CHST11
GO:BP,GO:0030182,neuron differentiation,0.21141816875242136,False,6,111,115,3629,ENSG00000066735 ENSG00000181291 ENSG00000251322 ENSG00000010810 ENSG00000135298 ENSG00000176406,KIF26A TMEM132E SHANK3 FYN ADGRB3 RIMS2
GO:BP,GO:0043536,positive regulation of blood vessel endothelial cell migration,0.21141816875242136,False,1,111,5,3629,ENSG00000150630,VEGFC
GO:BP,GO:1902175,regulation of oxidative stress-induced intrinsic apoptotic signaling pathway,0.21141816875242136,False,1,111,5,3629,ENSG00000010810,FYN
GO:BP,GO:0050892,intestinal absorption,0.21141816875242136,False,1,111,5,3629,ENSG00000159023,EPB41
GO:BP,GO:0015849,organic acid transport,0.21141816875242136,False,2,111,22,3629,ENSG00000103042 ENSG00000196517,SLC38A7 SLC6A9
GO:BP,GO:0045667,regulation of osteoblast differentiation,0.21141816875242136,False,1,111,5,3629,ENSG00000150630,VEGFC
GO:BP,GO:0001662,behavioral fear response,0.21141816875242136,False,1,111,5,3629,ENSG00000251322,SHANK3
GO:BP,GO:0050858,negative regulation of antigen receptor-mediated signaling pathway,0.21141816875242136,False,1,111,5,3629,ENSG00000154822,PLCL2
GO:BP,GO:1902473,regulation of protein localization to synapse,0.21141816875242136,False,1,111,5,3629,ENSG00000007402,CACNA2D2
GO:BP,GO:1902107,positive regulation of leukocyte differentiation,0.21141816875242136,False,2,111,22,3629,ENSG00000110497 ENSG00000115085,AMBRA1 ZAP70
GO:BP,GO:0010558,negative regulation of macromolecule biosynthetic process,0.21141816875242136,False,9,111,196,3629,ENSG00000245532 ENSG00000103056 ENSG00000258839 ENSG00000177374 ENSG00000104885 ENSG00000143614 ENSG00000100354 ENSG00000100403 ENSG00000010810,NEAT1 SMPD3 MC1R HIC1 DOT1L GATAD2B TNRC6B ZC3H7B FYN
GO:BP,GO:0006953,acute-phase response,0.21141816875242136,False,1,111,5,3629,ENSG00000055955,ITIH4
GO:BP,GO:0007064,mitotic sister chromatid cohesion,0.21141816875242136,False,1,111,5,3629,ENSG00000173273,TNKS
GO:BP,GO:1903708,positive regulation of hemopoiesis,0.21141816875242136,False,2,111,22,3629,ENSG00000110497 ENSG00000115085,AMBRA1 ZAP70
GO:BP,GO:0010605,negative regulation of macromolecule metabolic process,0.21141816875242136,False,10,111,223,3629,ENSG00000245532 ENSG00000103056 ENSG00000258839 ENSG00000177374 ENSG00000104885 ENSG00000143614 ENSG00000100354 ENSG00000100403 ENSG00000010810 ENSG00000173273,NEAT1 SMPD3 MC1R HIC1 DOT1L GATAD2B TNRC6B ZC3H7B FYN TNKS
GO:BP,GO:0010761,fibroblast migration,0.21141816875242136,False,1,111,5,3629,ENSG00000151422,FER
GO:BP,GO:0010667,negative regulation of cardiac muscle cell apoptotic process,0.21141816875242136,False,1,111,5,3629,ENSG00000110497,AMBRA1
GO:BP,GO:0010232,vascular transport,0.21141816875242136,False,1,111,5,3629,ENSG00000196517,SLC6A9
GO:BP,GO:0055013,cardiac muscle cell development,0.21141816875242136,False,1,111,5,3629,ENSG00000120907,ADRA1A
GO:BP,GO:0055006,cardiac cell development,0.21141816875242136,False,1,111,5,3629,ENSG00000120907,ADRA1A
GO:BP,GO:0052547,regulation of peptidase activity,0.21141816875242136,False,1,111,5,3629,ENSG00000103811,CTSH
GO:BP,GO:0010664,negative regulation of striated muscle cell apoptotic process,0.21141816875242136,False,1,111,5,3629,ENSG00000110497,AMBRA1
GO:BP,GO:0071359,cellular response to dsRNA,0.21141816875242136,False,1,111,5,3629,ENSG00000155511,GRIA1
GO:BP,GO:1900015,regulation of cytokine production involved in inflammatory response,0.21141816875242136,False,1,111,5,3629,ENSG00000213654,GPSM3
GO:BP,GO:0045912,negative regulation of carbohydrate metabolic process,0.21141816875242136,False,1,111,5,3629,ENSG00000103056,SMPD3
GO:BP,GO:0030837,negative regulation of actin filament polymerization,0.21141816875242136,False,1,111,5,3629,ENSG00000079691,CARMIL1
GO:BP,GO:0006163,purine nucleotide metabolic process,0.21141816875242136,False,3,111,43,3629,ENSG00000111669 ENSG00000073417 ENSG00000113448,TPI1 PDE8A PDE4D
GO:BP,GO:1903036,positive regulation of response to wounding,0.21141816875242136,False,1,111,5,3629,ENSG00000113070,HBEGF
GO:BP,GO:0006493,protein O-linked glycosylation,0.21141816875242136,False,1,111,5,3629,ENSG00000133687,TMTC1
GO:BP,GO:0098698,postsynaptic specialization assembly,0.21141816875242136,False,1,111,5,3629,ENSG00000251322,SHANK3
GO:BP,GO:1902683,regulation of receptor localization to synapse,0.21141816875242136,False,1,111,5,3629,ENSG00000007402,CACNA2D2
GO:BP,GO:0032103,positive regulation of response to external stimulus,0.21141816875242136,False,4,111,66,3629,ENSG00000245532 ENSG00000150630 ENSG00000010810 ENSG00000213654,NEAT1 VEGFC FYN GPSM3
GO:BP,GO:0031111,negative regulation of microtubule polymerization or depolymerization,0.21141816875242136,False,1,111,5,3629,ENSG00000163635,ATXN7
GO:BP,GO:0046622,positive regulation of organ growth,0.21141816875242136,False,1,111,5,3629,ENSG00000007402,CACNA2D2
GO:BP,GO:0150104,transport across blood-brain barrier,0.21141816875242136,False,1,111,5,3629,ENSG00000196517,SLC6A9
GO:BP,GO:0170062,nutrient storage,0.21141816875242136,False,1,111,5,3629,ENSG00000135454,B4GALNT1
GO:BP,GO:0042181,ketone biosynthetic process,0.21141816875242136,False,1,111,5,3629,ENSG00000111669,TPI1
GO:BP,GO:0031338,regulation of vesicle fusion,0.21141816875242136,False,1,111,5,3629,ENSG00000149927,DOC2A
GO:BP,GO:0050777,negative regulation of immune response,0.21141816875242136,False,2,111,22,3629,ENSG00000151422 ENSG00000010810,FER FYN
GO:BP,GO:0017158,regulation of calcium ion-dependent exocytosis,0.21141816875242136,False,1,111,5,3629,ENSG00000149927,DOC2A
GO:BP,GO:0051984,positive regulation of chromosome segregation,0.21141816875242136,False,1,111,5,3629,ENSG00000002822,MAD1L1
GO:BP,GO:0040014,regulation of multicellular organism growth,0.21141816875242136,False,1,111,5,3629,ENSG00000007402,CACNA2D2
GO:BP,GO:0046189,phenol-containing compound biosynthetic process,0.21141816875242136,False,1,111,5,3629,ENSG00000258839,MC1R
GO:BP,GO:0002252,immune effector process,0.21141816875242136,False,4,111,66,3629,ENSG00000103811 ENSG00000154822 ENSG00000151422 ENSG00000005483,CTSH PLCL2 FER KMT2E
GO:BP,GO:0030866,cortical actin cytoskeleton organization,0.21141816875242136,False,1,111,5,3629,ENSG00000159023,EPB41
GO:BP,GO:0042659,regulation of cell fate specification,0.21141816875242136,False,1,111,5,3629,ENSG00000143614,GATAD2B
GO:BP,GO:0042733,embryonic digit morphogenesis,0.21141816875242136,False,1,111,5,3629,ENSG00000171310,CHST11
GO:BP,GO:0042752,regulation of circadian rhythm,0.21141816875242136,False,1,111,5,3629,ENSG00000133256,PDE6B
GO:BP,GO:0042596,fear response,0.21141816875242136,False,1,111,5,3629,ENSG00000251322,SHANK3
GO:BP,GO:0072132,mesenchyme morphogenesis,0.21141816875242136,False,1,111,5,3629,ENSG00000131558,EXOC4
GO:BP,GO:0071478,cellular response to radiation,0.21141816875242136,False,2,111,22,3629,ENSG00000258839 ENSG00000158019,MC1R BABAM2
GO:BP,GO:0048266,behavioral response to pain,0.21141816875242136,False,1,111,5,3629,ENSG00000155511,GRIA1
GO:BP,GO:0036120,cellular response to platelet-derived growth factor stimulus,0.21141816875242136,False,1,111,5,3629,ENSG00000010810,FYN
GO:BP,GO:0034314,Arp2/3 complex-mediated actin nucleation,0.21141816875242136,False,1,111,5,3629,ENSG00000079691,CARMIL1
GO:BP,GO:0060986,endocrine hormone secretion,0.21141816875242136,False,1,111,5,3629,ENSG00000166573,GALR1
GO:BP,GO:0071806,protein transmembrane transport,0.21141816875242136,False,1,111,5,3629,ENSG00000131558,EXOC4
GO:BP,GO:0005977,glycogen metabolic process,0.21141816875242136,False,1,111,5,3629,ENSG00000196182,STK40
GO:BP,GO:0055123,digestive system development,0.21141816875242136,False,1,111,5,3629,ENSG00000131096,PYY
GO:BP,GO:0002366,leukocyte activation involved in immune response,0.21141816875242136,False,2,111,22,3629,ENSG00000154822 ENSG00000151422,PLCL2 FER
GO:BP,GO:0031638,zymogen activation,0.21141816875242136,False,1,111,5,3629,ENSG00000103811,CTSH
GO:BP,GO:0046620,regulation of organ growth,0.21141816875242136,False,1,111,5,3629,ENSG00000007402,CACNA2D2
GO:BP,GO:0046942,carboxylic acid transport,0.21141816875242136,False,2,111,22,3629,ENSG00000103042 ENSG00000196517,SLC38A7 SLC6A9
GO:BP,GO:0032092,positive regulation of protein binding,0.21141816875242136,False,1,111,5,3629,ENSG00000159023,EPB41
GO:BP,GO:0097107,postsynaptic density assembly,0.21141816875242136,False,1,111,5,3629,ENSG00000251322,SHANK3
GO:BP,GO:0009123,nucleoside monophosphate metabolic process,0.21141816875242136,False,1,111,5,3629,ENSG00000188641,DPYD
GO:BP,GO:0009299,mRNA transcription,0.21141816875242136,False,1,111,5,3629,ENSG00000204231,RXRB
GO:BP,GO:1990830,cellular response to leukemia inhibitory factor,0.21141816875242136,False,1,111,5,3629,ENSG00000150630,VEGFC
GO:BP,GO:0008645,hexose transmembrane transport,0.21141816875242136,False,1,111,5,3629,ENSG00000162426,SLC45A1
GO:BP,GO:0002534,cytokine production involved in inflammatory response,0.21141816875242136,False,1,111,5,3629,ENSG00000213654,GPSM3
GO:BP,GO:0009247,glycolipid biosynthetic process,0.21141816875242136,False,1,111,5,3629,ENSG00000135454,B4GALNT1
GO:MF,GO:0140110,transcription regulator activity,0.21413746947665283,False,8,111,173,3629,ENSG00000067082 ENSG00000169594 ENSG00000177374 ENSG00000104885 ENSG00000186020 ENSG00000204231 ENSG00000005483 ENSG00000167157,KLF6 BNC1 HIC1 DOT1L ZNF529 RXRB KMT2E PRRX2
GO:BP,GO:1902532,negative regulation of intracellular signal transduction,0.21580542857338295,False,4,111,67,3629,ENSG00000103056 ENSG00000124356 ENSG00000010810 ENSG00000002822,SMPD3 STAMBP FYN MAD1L1
GO:BP,GO:0160307,protein biosynthetic process,0.22393247562469265,False,4,111,68,3629,ENSG00000161813 ENSG00000100354 ENSG00000082153 ENSG00000137411,LARP4 TNRC6B BZW1 VARS2
GO:BP,GO:0006412,translation,0.22393247562469265,False,4,111,68,3629,ENSG00000161813 ENSG00000100354 ENSG00000082153 ENSG00000137411,LARP4 TNRC6B BZW1 VARS2
GO:BP,GO:0043523,regulation of neuron apoptotic process,0.2256228937619614,False,2,111,23,3629,ENSG00000110497 ENSG00000124356,AMBRA1 STAMBP
GO:BP,GO:0071375,cellular response to peptide hormone stimulus,0.2256228937619614,False,2,111,23,3629,ENSG00000151422 ENSG00000155511,FER GRIA1
GO:BP,GO:0051336,regulation of hydrolase activity,0.2256228937619614,False,2,111,23,3629,ENSG00000182732 ENSG00000103811,RGS6 CTSH
GO:BP,GO:0032984,protein-containing complex disassembly,0.2256228937619614,False,2,111,23,3629,ENSG00000163635 ENSG00000079691,ATXN7 CARMIL1
GO:BP,GO:0042129,regulation of T cell proliferation,0.2256228937619614,False,2,111,23,3629,ENSG00000115085 ENSG00000002822,ZAP70 MAD1L1
GO:BP,GO:0051983,regulation of chromosome segregation,0.2256228937619614,False,2,111,23,3629,ENSG00000089053 ENSG00000002822,ANAPC5 MAD1L1
GO:BP,GO:0002263,cell activation involved in immune response,0.2256228937619614,False,2,111,23,3629,ENSG00000154822 ENSG00000151422,PLCL2 FER
GO:MF,GO:0050661,NADP binding,0.2258014940802235,False,1,111,6,3629,ENSG00000188641,DPYD
GO:MF,GO:0022824,transmitter-gated monoatomic ion channel activity,0.2258014940802235,False,1,111,6,3629,ENSG00000155511,GRIA1
GO:MF,GO:0022835,transmitter-gated channel activity,0.2258014940802235,False,1,111,6,3629,ENSG00000155511,GRIA1
GO:MF,GO:0016627,"oxidoreductase activity, acting on the CH-CH group of donors",0.2258014940802235,False,1,111,6,3629,ENSG00000188641,DPYD
GO:MF,GO:1990756,ubiquitin-like ligase-substrate adaptor activity,0.2258014940802235,False,1,111,6,3629,ENSG00000110497,AMBRA1
GO:MF,GO:0071855,neuropeptide receptor binding,0.2258014940802235,False,1,111,6,3629,ENSG00000131096,PYY
GO:MF,GO:0038024,cargo receptor activity,0.2258014940802235,False,1,111,6,3629,ENSG00000168077,SCARA3
GO:MF,GO:1904315,transmitter-gated monoatomic ion channel activity involved in regulation of postsynaptic membrane potential,0.2258014940802235,False,1,111,6,3629,ENSG00000155511,GRIA1
GO:MF,GO:0160215,deacylase activity,0.2258014940802235,False,1,111,6,3629,ENSG00000137411,VARS2
GO:BP,GO:0009890,negative regulation of biosynthetic process,0.2270265995670091,False,9,111,200,3629,ENSG00000245532 ENSG00000103056 ENSG00000258839 ENSG00000177374 ENSG00000104885 ENSG00000143614 ENSG00000100354 ENSG00000100403 ENSG00000010810,NEAT1 SMPD3 MC1R HIC1 DOT1L GATAD2B TNRC6B ZC3H7B FYN
GO:BP,GO:0009896,positive regulation of catabolic process,0.22866392302454924,False,3,111,45,3629,ENSG00000110497 ENSG00000245532 ENSG00000100354,AMBRA1 NEAT1 TNRC6B
GO:BP,GO:0055082,intracellular chemical homeostasis,0.22866392302454924,False,3,111,45,3629,ENSG00000122986 ENSG00000185518 ENSG00000162753,HVCN1 SV2B SLC9C2
GO:BP,GO:0007264,small GTPase-mediated signal transduction,0.22866392302454924,False,3,111,45,3629,ENSG00000205517 ENSG00000124356 ENSG00000147799,RGL3 STAMBP ARHGAP39
GO:BP,GO:0002253,activation of immune response,0.230561363292075,False,4,111,69,3629,ENSG00000115085 ENSG00000154822 ENSG00000113448 ENSG00000010810,ZAP70 PLCL2 PDE4D FYN
GO:BP,GO:0070925,organelle assembly,0.230561363292075,False,5,111,94,3629,ENSG00000110497 ENSG00000168778 ENSG00000157456 ENSG00000251322 ENSG00000173273,AMBRA1 TCTN2 CCNB2 SHANK3 TNKS
GO:CC,GO:0097729,9+2 motile cilium,0.23066159513196233,False,2,111,21,3629,ENSG00000122986 ENSG00000178093,HVCN1 TSSK6
GO:CC,GO:0016324,apical plasma membrane,0.2327376894823467,False,3,111,42,3629,ENSG00000122986 ENSG00000196517 ENSG00000113448,HVCN1 SLC6A9 PDE4D
GO:CC,GO:0099513,polymeric cytoskeletal fiber,0.2327376894823467,False,4,111,65,3629,ENSG00000066735 ENSG00000116852 ENSG00000010810 ENSG00000079691,KIF26A KIF21B FYN CARMIL1
GO:BP,GO:0071364,cellular response to epidermal growth factor stimulus,0.23357307094320448,False,1,111,6,3629,ENSG00000073417,PDE8A
GO:BP,GO:0014896,muscle hypertrophy,0.23357307094320448,False,1,111,6,3629,ENSG00000120907,ADRA1A
GO:BP,GO:0007051,spindle organization,0.23357307094320448,False,2,111,24,3629,ENSG00000157456 ENSG00000173273,CCNB2 TNKS
GO:BP,GO:0043255,regulation of carbohydrate biosynthetic process,0.23357307094320448,False,1,111,6,3629,ENSG00000103056,SMPD3
GO:BP,GO:0010662,regulation of striated muscle cell apoptotic process,0.23357307094320448,False,1,111,6,3629,ENSG00000110497,AMBRA1
GO:BP,GO:0014015,positive regulation of gliogenesis,0.23357307094320448,False,1,111,6,3629,ENSG00000150630,VEGFC
GO:BP,GO:0070509,calcium ion import,0.23357307094320448,False,1,111,6,3629,ENSG00000010810,FYN
GO:BP,GO:0032355,response to estradiol,0.23357307094320448,False,1,111,6,3629,ENSG00000155511,GRIA1
GO:BP,GO:0014812,muscle cell migration,0.23357307094320448,False,1,111,6,3629,ENSG00000023902,PLEKHO1
GO:BP,GO:0014897,striated muscle hypertrophy,0.23357307094320448,False,1,111,6,3629,ENSG00000120907,ADRA1A
GO:BP,GO:0006903,vesicle targeting,0.23357307094320448,False,1,111,6,3629,ENSG00000131558,EXOC4
GO:BP,GO:0030512,negative regulation of transforming growth factor beta receptor signaling pathway,0.23357307094320448,False,1,111,6,3629,ENSG00000171310,CHST11
GO:BP,GO:0050918,positive chemotaxis,0.23357307094320448,False,1,111,6,3629,ENSG00000150630,VEGFC
GO:BP,GO:0015749,monosaccharide transmembrane transport,0.23357307094320448,False,1,111,6,3629,ENSG00000162426,SLC45A1
GO:BP,GO:0009268,response to pH,0.23357307094320448,False,1,111,6,3629,ENSG00000122986,HVCN1
GO:BP,GO:1901524,regulation of mitophagy,0.23357307094320448,False,1,111,6,3629,ENSG00000110497,AMBRA1
GO:BP,GO:1901184,regulation of ERBB signaling pathway,0.23357307094320448,False,1,111,6,3629,ENSG00000151422,FER
GO:BP,GO:0048599,oocyte development,0.23357307094320448,False,1,111,6,3629,ENSG00000169594,BNC1
GO:BP,GO:0009116,nucleoside metabolic process,0.23357307094320448,False,1,111,6,3629,ENSG00000188641,DPYD
GO:BP,GO:0048499,synaptic vesicle membrane organization,0.23357307094320448,False,1,111,6,3629,ENSG00000149927,DOC2A
GO:BP,GO:0003044,regulation of systemic arterial blood pressure mediated by a chemical signal,0.23357307094320448,False,1,111,6,3629,ENSG00000120907,ADRA1A
GO:BP,GO:0003158,endothelium development,0.23357307094320448,False,1,111,6,3629,ENSG00000113448,PDE4D
GO:BP,GO:0002532,production of molecular mediator involved in inflammatory response,0.23357307094320448,False,1,111,6,3629,ENSG00000213654,GPSM3
GO:BP,GO:0061512,protein localization to cilium,0.23357307094320448,False,1,111,6,3629,ENSG00000168778,TCTN2
GO:BP,GO:0003300,cardiac muscle hypertrophy,0.23357307094320448,False,1,111,6,3629,ENSG00000120907,ADRA1A
GO:BP,GO:0010833,telomere maintenance via telomere lengthening,0.23357307094320448,False,1,111,6,3629,ENSG00000173273,TNKS
GO:BP,GO:0042100,B cell proliferation,0.23357307094320448,False,1,111,6,3629,ENSG00000154822,PLCL2
GO:BP,GO:0070252,actin-mediated cell contraction,0.23357307094320448,False,1,111,6,3629,ENSG00000113448,PDE4D
GO:BP,GO:0002312,B cell activation involved in immune response,0.23357307094320448,False,1,111,6,3629,ENSG00000154822,PLCL2
GO:BP,GO:0002209,behavioral defense response,0.23357307094320448,False,1,111,6,3629,ENSG00000251322,SHANK3
GO:BP,GO:0009994,oocyte differentiation,0.23357307094320448,False,1,111,6,3629,ENSG00000169594,BNC1
GO:BP,GO:0150063,visual system development,0.23357307094320448,False,2,111,24,3629,ENSG00000133256 ENSG00000130635,PDE6B COL5A1
GO:BP,GO:0010658,striated muscle cell apoptotic process,0.23357307094320448,False,1,111,6,3629,ENSG00000110497,AMBRA1
GO:BP,GO:0031670,cellular response to nutrient,0.23357307094320448,False,1,111,6,3629,ENSG00000204231,RXRB
GO:BP,GO:0010665,regulation of cardiac muscle cell apoptotic process,0.23357307094320448,False,1,111,6,3629,ENSG00000110497,AMBRA1
GO:BP,GO:0007019,microtubule depolymerization,0.23357307094320448,False,1,111,6,3629,ENSG00000163635,ATXN7
GO:BP,GO:1904861,excitatory synapse assembly,0.23357307094320448,False,1,111,6,3629,ENSG00000251322,SHANK3
GO:BP,GO:0050801,monoatomic ion homeostasis,0.23357307094320448,False,3,111,46,3629,ENSG00000122986 ENSG00000185518 ENSG00000162753,HVCN1 SV2B SLC9C2
GO:BP,GO:0007178,cell surface receptor protein serine/threonine kinase signaling pathway,0.23357307094320448,False,2,111,24,3629,ENSG00000171310 ENSG00000103056,CHST11 SMPD3
GO:BP,GO:0043029,T cell homeostasis,0.23357307094320448,False,1,111,6,3629,ENSG00000157456,CCNB2
GO:BP,GO:0050798,activated T cell proliferation,0.23357307094320448,False,1,111,6,3629,ENSG00000010810,FYN
GO:BP,GO:0055017,cardiac muscle tissue growth,0.23357307094320448,False,1,111,6,3629,ENSG00000120907,ADRA1A
GO:BP,GO:1902806,regulation of cell cycle G1/S phase transition,0.23357307094320448,False,2,111,24,3629,ENSG00000110497 ENSG00000005483,AMBRA1 KMT2E
GO:BP,GO:0050670,regulation of lymphocyte proliferation,0.23357307094320448,False,2,111,24,3629,ENSG00000115085 ENSG00000002822,ZAP70 MAD1L1
GO:BP,GO:0006356,regulation of transcription by RNA polymerase I,0.23357307094320448,False,1,111,6,3629,ENSG00000169594,BNC1
GO:BP,GO:0140353,lipid export from cell,0.23357307094320448,False,1,111,6,3629,ENSG00000166573,GALR1
GO:BP,GO:0032272,negative regulation of protein polymerization,0.23357307094320448,False,1,111,6,3629,ENSG00000079691,CARMIL1
GO:BP,GO:0030101,natural killer cell activation,0.23357307094320448,False,1,111,6,3629,ENSG00000010810,FYN
GO:BP,GO:0030330,"DNA damage response, signal transduction by p53 class mediator",0.23357307094320448,False,1,111,6,3629,ENSG00000177374,HIC1
GO:BP,GO:0010659,cardiac muscle cell apoptotic process,0.23357307094320448,False,1,111,6,3629,ENSG00000110497,AMBRA1
GO:BP,GO:0006687,glycosphingolipid metabolic process,0.23357307094320448,False,1,111,6,3629,ENSG00000135454,B4GALNT1
GO:BP,GO:0090277,positive regulation of peptide hormone secretion,0.23357307094320448,False,1,111,6,3629,ENSG00000053438,NNAT
GO:BP,GO:0006940,regulation of smooth muscle contraction,0.23357307094320448,False,1,111,6,3629,ENSG00000120907,ADRA1A
GO:BP,GO:0001541,ovarian follicle development,0.23357307094320448,False,1,111,6,3629,ENSG00000184903,IMMP2L
GO:BP,GO:0062237,protein localization to postsynapse,0.23357307094320448,False,1,111,6,3629,ENSG00000007402,CACNA2D2
GO:BP,GO:0060996,dendritic spine development,0.23357307094320448,False,1,111,6,3629,ENSG00000251322,SHANK3
GO:BP,GO:0070050,neuron cellular homeostasis,0.23357307094320448,False,1,111,6,3629,ENSG00000185518,SV2B
GO:BP,GO:0021872,forebrain generation of neurons,0.23357307094320448,False,1,111,6,3629,ENSG00000251322,SHANK3
GO:BP,GO:0044818,mitotic G2/M transition checkpoint,0.23357307094320448,False,1,111,6,3629,ENSG00000158019,BABAM2
GO:BP,GO:0019226,transmission of nerve impulse,0.23357307094320448,False,1,111,6,3629,ENSG00000155511,GRIA1
GO:BP,GO:0032944,regulation of mononuclear cell proliferation,0.23357307094320448,False,2,111,24,3629,ENSG00000115085 ENSG00000002822,ZAP70 MAD1L1
GO:BP,GO:0045619,regulation of lymphocyte differentiation,0.23357307094320448,False,2,111,24,3629,ENSG00000110497 ENSG00000115085,AMBRA1 ZAP70
GO:BP,GO:0016239,positive regulation of macroautophagy,0.23357307094320448,False,1,111,6,3629,ENSG00000110497,AMBRA1
GO:BP,GO:0043547,positive regulation of GTPase activity,0.23357307094320448,False,1,111,6,3629,ENSG00000182732,RGS6
GO:BP,GO:0044283,small molecule biosynthetic process,0.23357307094320448,False,3,111,46,3629,ENSG00000111669 ENSG00000188641 ENSG00000070882,TPI1 DPYD OSBPL3
GO:BP,GO:0000154,rRNA modification,0.23357307094320448,False,1,111,6,3629,ENSG00000166133,RPUSD2
GO:BP,GO:0043113,receptor clustering,0.23357307094320448,False,1,111,6,3629,ENSG00000251322,SHANK3
GO:BP,GO:0001654,eye development,0.23357307094320448,False,2,111,24,3629,ENSG00000133256 ENSG00000130635,PDE6B COL5A1
GO:BP,GO:1905039,carboxylic acid transmembrane transport,0.23357307094320448,False,1,111,6,3629,ENSG00000196517,SLC6A9
GO:BP,GO:0048814,regulation of dendrite morphogenesis,0.23357307094320448,False,1,111,6,3629,ENSG00000135298,ADGRB3
GO:BP,GO:0046365,monosaccharide catabolic process,0.23357307094320448,False,1,111,6,3629,ENSG00000111669,TPI1
GO:BP,GO:0007143,female meiotic nuclear division,0.23357307094320448,False,1,111,6,3629,ENSG00000157456,CCNB2
GO:BP,GO:0051781,positive regulation of cell division,0.23357307094320448,False,1,111,6,3629,ENSG00000150630,VEGFC
GO:BP,GO:1903539,protein localization to postsynaptic membrane,0.23357307094320448,False,1,111,6,3629,ENSG00000007402,CACNA2D2
GO:BP,GO:0045943,positive regulation of transcription by RNA polymerase I,0.23357307094320448,False,1,111,6,3629,ENSG00000169594,BNC1
GO:BP,GO:0031295,T cell costimulation,0.23357307094320448,False,1,111,6,3629,ENSG00000010810,FYN
GO:BP,GO:0031294,lymphocyte costimulation,0.23357307094320448,False,1,111,6,3629,ENSG00000010810,FYN
GO:BP,GO:0002065,columnar/cuboidal epithelial cell differentiation,0.23357307094320448,False,1,111,6,3629,ENSG00000131096,PYY
GO:BP,GO:0046685,response to arsenic-containing substance,0.23357307094320448,False,1,111,6,3629,ENSG00000155511,GRIA1
GO:BP,GO:0042058,regulation of epidermal growth factor receptor signaling pathway,0.23357307094320448,False,1,111,6,3629,ENSG00000151422,FER
GO:BP,GO:0046578,regulation of Ras protein signal transduction,0.23357307094320448,False,1,111,6,3629,ENSG00000124356,STAMBP
GO:BP,GO:0007528,neuromuscular junction development,0.23357307094320448,False,1,111,6,3629,ENSG00000007402,CACNA2D2
GO:BP,GO:1990823,response to leukemia inhibitory factor,0.23357307094320448,False,1,111,6,3629,ENSG00000150630,VEGFC
GO:BP,GO:0055080,monoatomic cation homeostasis,0.23357307094320448,False,3,111,46,3629,ENSG00000122986 ENSG00000185518 ENSG00000162753,HVCN1 SV2B SLC9C2
GO:BP,GO:0034332,adherens junction organization,0.23357307094320448,False,1,111,6,3629,ENSG00000151422,FER
GO:BP,GO:0007616,long-term memory,0.23357307094320448,False,1,111,6,3629,ENSG00000155511,GRIA1
GO:BP,GO:0006112,energy reserve metabolic process,0.23357307094320448,False,1,111,6,3629,ENSG00000196182,STK40
GO:BP,GO:0002793,positive regulation of peptide secretion,0.23357307094320448,False,1,111,6,3629,ENSG00000053438,NNAT
GO:BP,GO:0048265,response to pain,0.23357307094320448,False,1,111,6,3629,ENSG00000155511,GRIA1
GO:BP,GO:1990806,ligand-gated ion channel signaling pathway,0.23357307094320448,False,1,111,6,3629,ENSG00000155511,GRIA1
GO:CC,GO:0032590,dendrite membrane,0.2344379451851137,False,1,111,5,3629,ENSG00000155511,GRIA1
GO:CC,GO:1905286,serine-type peptidase complex,0.2344379451851137,False,1,111,5,3629,ENSG00000184903,IMMP2L
GO:CC,GO:0099091,"postsynaptic specialization, intracellular component",0.2344379451851137,False,1,111,5,3629,ENSG00000155511,GRIA1
GO:CC,GO:0008328,ionotropic glutamate receptor complex,0.2344379451851137,False,1,111,5,3629,ENSG00000155511,GRIA1
GO:CC,GO:0097733,photoreceptor cell cilium,0.2344379451851137,False,1,111,5,3629,ENSG00000133256,PDE6B
GO:CC,GO:0098686,hippocampal mossy fiber to CA3 synapse,0.2344379451851137,False,1,111,5,3629,ENSG00000196517,SLC6A9
GO:CC,GO:1905370,serine-type endopeptidase complex,0.2344379451851137,False,1,111,5,3629,ENSG00000184903,IMMP2L
GO:CC,GO:1902562,H4 histone acetyltransferase complex,0.2344379451851137,False,1,111,5,3629,ENSG00000174579,MSL2
GO:CC,GO:0016328,lateral plasma membrane,0.2344379451851137,False,1,111,5,3629,ENSG00000196517,SLC6A9
GO:CC,GO:0097731,9+0 non-motile cilium,0.2344379451851137,False,1,111,5,3629,ENSG00000133256,PDE6B
GO:CC,GO:0005741,mitochondrial outer membrane,0.2344379451851137,False,2,111,22,3629,ENSG00000110497 ENSG00000104442,AMBRA1 ARMC1
GO:BP,GO:0006954,inflammatory response,0.23444540048557155,False,4,111,71,3629,ENSG00000245532 ENSG00000055955 ENSG00000010810 ENSG00000213654,NEAT1 ITIH4 FYN GPSM3
GO:BP,GO:0051604,protein maturation,0.23638234173860864,False,3,111,47,3629,ENSG00000103811 ENSG00000053438 ENSG00000120725,CTSH NNAT SIL1
GO:BP,GO:0043254,regulation of protein-containing complex assembly,0.23638234173860864,False,3,111,47,3629,ENSG00000110497 ENSG00000151422 ENSG00000079691,AMBRA1 FER CARMIL1
GO:BP,GO:0010629,negative regulation of gene expression,0.23666422966712006,False,6,111,123,3629,ENSG00000245532 ENSG00000258839 ENSG00000104885 ENSG00000100354 ENSG00000100403 ENSG00000010810,NEAT1 MC1R DOT1L TNRC6B ZC3H7B FYN
GO:BP,GO:0051649,establishment of localization in cell,0.23731523036062216,False,7,111,150,3629,ENSG00000120451 ENSG00000185518 ENSG00000149927 ENSG00000103056 ENSG00000120725 ENSG00000131558 ENSG00000176406,SNX19 SV2B DOC2A SMPD3 SIL1 EXOC4 RIMS2
GO:CC,GO:0048471,perinuclear region of cytoplasm,0.23743064036118283,False,4,111,67,3629,ENSG00000110497 ENSG00000153406 ENSG00000010810 ENSG00000070882,AMBRA1 NMRAL1 FYN OSBPL3
GO:CC,GO:0098687,chromosomal region,0.23743064036118283,False,4,111,67,3629,ENSG00000104885 ENSG00000143614 ENSG00000002822 ENSG00000173273,DOT1L GATAD2B MAD1L1 TNKS
GO:BP,GO:0051656,establishment of organelle localization,0.24180934105934096,False,2,111,25,3629,ENSG00000103056 ENSG00000131558,SMPD3 EXOC4
GO:BP,GO:0031345,negative regulation of cell projection organization,0.24180934105934096,False,2,111,25,3629,ENSG00000242498 ENSG00000010810,ARPIN FYN
GO:CC,GO:0061695,"transferase complex, transferring phosphorus-containing groups",0.24854610173172403,False,2,111,23,3629,ENSG00000157456 ENSG00000163635,CCNB2 ATXN7
GO:BP,GO:1901698,response to nitrogen compound,0.25015318423822114,False,4,111,73,3629,ENSG00000151422 ENSG00000155511 ENSG00000113448 ENSG00000010810,FER GRIA1 PDE4D FYN
GO:BP,GO:0022607,cellular component assembly,0.2511996995459342,False,14,111,352,3629,ENSG00000110497 ENSG00000168778 ENSG00000157456 ENSG00000103056 ENSG00000104885 ENSG00000251322 ENSG00000151422 ENSG00000155511 ENSG00000079691 ENSG00000135298 ENSG00000184903 ENSG00000176406 ENSG00000158106 ENSG00000173273,AMBRA1 TCTN2 CCNB2 SMPD3 DOT1L SHANK3 FER GRIA1 CARMIL1 ADGRB3 IMMP2L RIMS2 RHPN1 TNKS
GO:CC,GO:0005769,early endosome,0.25142260960860224,False,3,111,45,3629,ENSG00000120451 ENSG00000124356 ENSG00000155511,SNX19 STAMBP GRIA1
GO:MF,GO:0016875,"ligase activity, forming carbon-oxygen bonds",0.2547213415231792,False,1,111,7,3629,ENSG00000137411,VARS2
GO:MF,GO:0004812,aminoacyl-tRNA ligase activity,0.2547213415231792,False,1,111,7,3629,ENSG00000137411,VARS2
GO:MF,GO:0101005,deubiquitinase activity,0.2547213415231792,False,1,111,7,3629,ENSG00000124356,STAMBP
GO:MF,GO:0051117,ATPase binding,0.2547213415231792,False,1,111,7,3629,ENSG00000113448,PDE4D
GO:MF,GO:0008194,UDP-glycosyltransferase activity,0.2547213415231792,False,1,111,7,3629,ENSG00000135454,B4GALNT1
GO:MF,GO:0030594,neurotransmitter receptor activity,0.2547213415231792,False,1,111,7,3629,ENSG00000155511,GRIA1
GO:MF,GO:0050660,flavin adenine dinucleotide binding,0.2547213415231792,False,1,111,7,3629,ENSG00000188641,DPYD
GO:BP,GO:0002861,regulation of inflammatory response to antigenic stimulus,0.2550041267385128,False,1,111,7,3629,ENSG00000010810,FYN
GO:BP,GO:2000816,negative regulation of mitotic sister chromatid separation,0.2550041267385128,False,1,111,7,3629,ENSG00000002822,MAD1L1
GO:BP,GO:0007405,neuroblast proliferation,0.2550041267385128,False,1,111,7,3629,ENSG00000150630,VEGFC
GO:BP,GO:0031397,negative regulation of protein ubiquitination,0.2550041267385128,False,1,111,7,3629,ENSG00000010810,FYN
GO:BP,GO:0031577,spindle checkpoint signaling,0.2550041267385128,False,1,111,7,3629,ENSG00000002822,MAD1L1
GO:BP,GO:0010811,positive regulation of cell-substrate adhesion,0.2550041267385128,False,1,111,7,3629,ENSG00000079691,CARMIL1
GO:BP,GO:2000179,positive regulation of neural precursor cell proliferation,0.2550041267385128,False,1,111,7,3629,ENSG00000150630,VEGFC
GO:BP,GO:0035315,hair cell differentiation,0.2550041267385128,False,1,111,7,3629,ENSG00000181291,TMEM132E
GO:BP,GO:0010972,negative regulation of G2/M transition of mitotic cell cycle,0.2550041267385128,False,1,111,7,3629,ENSG00000158019,BABAM2
GO:BP,GO:0010656,negative regulation of muscle cell apoptotic process,0.2550041267385128,False,1,111,7,3629,ENSG00000110497,AMBRA1
GO:BP,GO:0009791,post-embryonic development,0.2550041267385128,False,1,111,7,3629,ENSG00000171310,CHST11
GO:BP,GO:0042119,neutrophil activation,0.2550041267385128,False,1,111,7,3629,ENSG00000005483,KMT2E
GO:BP,GO:0046394,carboxylic acid biosynthetic process,0.2550041267385128,False,2,111,26,3629,ENSG00000188641 ENSG00000070882,DPYD OSBPL3
GO:BP,GO:0046425,regulation of receptor signaling pathway via JAK-STAT,0.2550041267385128,False,1,111,7,3629,ENSG00000104885,DOT1L
GO:BP,GO:0046638,positive regulation of alpha-beta T cell differentiation,0.2550041267385128,False,1,111,7,3629,ENSG00000115085,ZAP70
GO:BP,GO:0071479,cellular response to ionizing radiation,0.2550041267385128,False,1,111,7,3629,ENSG00000158019,BABAM2
GO:BP,GO:0046513,ceramide biosynthetic process,0.2550041267385128,False,1,111,7,3629,ENSG00000135454,B4GALNT1
GO:BP,GO:0170041,non-proteinogenic amino acid metabolic process,0.2550041267385128,False,1,111,7,3629,ENSG00000188641,DPYD
GO:BP,GO:0045933,positive regulation of muscle contraction,0.2550041267385128,False,1,111,7,3629,ENSG00000120907,ADRA1A
GO:BP,GO:0051965,positive regulation of synapse assembly,0.2550041267385128,False,1,111,7,3629,ENSG00000135298,ADGRB3
GO:BP,GO:0099068,postsynapse assembly,0.2550041267385128,False,1,111,7,3629,ENSG00000251322,SHANK3
GO:BP,GO:0045841,negative regulation of mitotic metaphase/anaphase transition,0.2550041267385128,False,1,111,7,3629,ENSG00000002822,MAD1L1
GO:BP,GO:0045839,negative regulation of mitotic nuclear division,0.2550041267385128,False,1,111,7,3629,ENSG00000002822,MAD1L1
GO:BP,GO:0030198,extracellular matrix organization,0.2550041267385128,False,2,111,26,3629,ENSG00000103056 ENSG00000130635,SMPD3 COL5A1
GO:BP,GO:0050850,positive regulation of calcium-mediated signaling,0.2550041267385128,False,1,111,7,3629,ENSG00000115085,ZAP70
GO:BP,GO:0050796,regulation of insulin secretion,0.2550041267385128,False,1,111,7,3629,ENSG00000053438,NNAT
GO:BP,GO:0006518,peptide metabolic process,0.2550041267385128,False,1,111,7,3629,ENSG00000103811,CTSH
GO:BP,GO:1902100,negative regulation of metaphase/anaphase transition of cell cycle,0.2550041267385128,False,1,111,7,3629,ENSG00000002822,MAD1L1
GO:BP,GO:0006418,tRNA aminoacylation for protein translation,0.2550041267385128,False,1,111,7,3629,ENSG00000137411,VARS2
GO:BP,GO:0030865,cortical cytoskeleton organization,0.2550041267385128,False,1,111,7,3629,ENSG00000159023,EPB41
GO:BP,GO:0071805,potassium ion transmembrane transport,0.2550041267385128,False,1,111,7,3629,ENSG00000162753,SLC9C2
GO:BP,GO:1902808,positive regulation of cell cycle G1/S phase transition,0.2550041267385128,False,1,111,7,3629,ENSG00000005483,KMT2E
GO:BP,GO:0045862,positive regulation of proteolysis,0.2550041267385128,False,1,111,7,3629,ENSG00000103811,CTSH
GO:BP,GO:0071173,spindle assembly checkpoint signaling,0.2550041267385128,False,1,111,7,3629,ENSG00000002822,MAD1L1
GO:BP,GO:0070849,response to epidermal growth factor,0.2550041267385128,False,1,111,7,3629,ENSG00000073417,PDE8A
GO:BP,GO:0006801,superoxide metabolic process,0.2550041267385128,False,1,111,7,3629,ENSG00000184903,IMMP2L
GO:BP,GO:0001881,receptor recycling,0.2550041267385128,False,1,111,7,3629,ENSG00000155511,GRIA1
GO:BP,GO:0051058,negative regulation of small GTPase mediated signal transduction,0.2550041267385128,False,1,111,7,3629,ENSG00000124356,STAMBP
GO:BP,GO:0008608,attachment of spindle microtubules to kinetochore,0.2550041267385128,False,1,111,7,3629,ENSG00000002822,MAD1L1
GO:BP,GO:0045454,cell redox homeostasis,0.2550041267385128,False,1,111,7,3629,ENSG00000122986,HVCN1
GO:BP,GO:0045591,positive regulation of regulatory T cell differentiation,0.2550041267385128,False,1,111,7,3629,ENSG00000110497,AMBRA1
GO:BP,GO:0061035,regulation of cartilage development,0.2550041267385128,False,1,111,7,3629,ENSG00000103056,SMPD3
GO:BP,GO:0036230,granulocyte activation,0.2550041267385128,False,1,111,7,3629,ENSG00000005483,KMT2E
GO:BP,GO:0018958,phenol-containing compound metabolic process,0.2550041267385128,False,1,111,7,3629,ENSG00000258839,MC1R
GO:BP,GO:0043279,response to alkaloid,0.2550041267385128,False,1,111,7,3629,ENSG00000155511,GRIA1
GO:BP,GO:0043331,response to dsRNA,0.2550041267385128,False,1,111,7,3629,ENSG00000155511,GRIA1
GO:BP,GO:1904892,regulation of receptor signaling pathway via STAT,0.2550041267385128,False,1,111,7,3629,ENSG00000104885,DOT1L
GO:BP,GO:0010453,regulation of cell fate commitment,0.2550041267385128,False,1,111,7,3629,ENSG00000143614,GATAD2B
GO:BP,GO:0043502,regulation of muscle adaptation,0.2550041267385128,False,1,111,7,3629,ENSG00000120907,ADRA1A
GO:BP,GO:0071174,mitotic spindle checkpoint signaling,0.2550041267385128,False,1,111,7,3629,ENSG00000002822,MAD1L1
GO:BP,GO:0045123,cellular extravasation,0.2550041267385128,False,1,111,7,3629,ENSG00000151422,FER
GO:BP,GO:0045229,external encapsulating structure organization,0.2550041267385128,False,2,111,26,3629,ENSG00000103056 ENSG00000130635,SMPD3 COL5A1
GO:BP,GO:0044093,positive regulation of molecular function,0.2550041267385128,False,3,111,49,3629,ENSG00000182732 ENSG00000103811 ENSG00000159023,RGS6 CTSH EPB41
GO:BP,GO:0000045,autophagosome assembly,0.2550041267385128,False,1,111,7,3629,ENSG00000110497,AMBRA1
GO:BP,GO:0032663,regulation of interleukin-2 production,0.2550041267385128,False,1,111,7,3629,ENSG00000113448,PDE4D
GO:BP,GO:0032623,interleukin-2 production,0.2550041267385128,False,1,111,7,3629,ENSG00000113448,PDE4D
GO:BP,GO:0044282,small molecule catabolic process,0.2550041267385128,False,2,111,26,3629,ENSG00000111669 ENSG00000188641,TPI1 DPYD
GO:BP,GO:0051099,positive regulation of binding,0.2550041267385128,False,1,111,7,3629,ENSG00000159023,EPB41
GO:BP,GO:0051279,regulation of release of sequestered calcium ion into cytosol,0.2550041267385128,False,1,111,7,3629,ENSG00000113448,PDE4D
GO:BP,GO:0018105,peptidyl-serine phosphorylation,0.2550041267385128,False,1,111,7,3629,ENSG00000173273,TNKS
GO:BP,GO:0030048,actin filament-based movement,0.2550041267385128,False,1,111,7,3629,ENSG00000113448,PDE4D
GO:BP,GO:0040029,epigenetic regulation of gene expression,0.2550041267385128,False,3,111,49,3629,ENSG00000104885 ENSG00000174579 ENSG00000005483,DOT1L MSL2 KMT2E
GO:BP,GO:0007094,mitotic spindle assembly checkpoint signaling,0.2550041267385128,False,1,111,7,3629,ENSG00000002822,MAD1L1
GO:BP,GO:0042475,odontogenesis of dentin-containing tooth,0.2550041267385128,False,1,111,7,3629,ENSG00000103056,SMPD3
GO:BP,GO:0034219,carbohydrate transmembrane transport,0.2550041267385128,False,1,111,7,3629,ENSG00000162426,SLC45A1
GO:BP,GO:0033077,T cell differentiation in thymus,0.2550041267385128,False,1,111,7,3629,ENSG00000115085,ZAP70
GO:BP,GO:0033048,negative regulation of mitotic sister chromatid segregation,0.2550041267385128,False,1,111,7,3629,ENSG00000002822,MAD1L1
GO:BP,GO:0033046,negative regulation of sister chromatid segregation,0.2550041267385128,False,1,111,7,3629,ENSG00000002822,MAD1L1
GO:BP,GO:0055007,cardiac muscle cell differentiation,0.2550041267385128,False,1,111,7,3629,ENSG00000120907,ADRA1A
GO:BP,GO:0051985,negative regulation of chromosome segregation,0.2550041267385128,False,1,111,7,3629,ENSG00000002822,MAD1L1
GO:BP,GO:1905819,negative regulation of chromosome separation,0.2550041267385128,False,1,111,7,3629,ENSG00000002822,MAD1L1
GO:BP,GO:0043535,regulation of blood vessel endothelial cell migration,0.2550041267385128,False,1,111,7,3629,ENSG00000150630,VEGFC
GO:BP,GO:0043039,tRNA aminoacylation,0.2550041267385128,False,1,111,7,3629,ENSG00000137411,VARS2
GO:BP,GO:0043038,amino acid activation,0.2550041267385128,False,1,111,7,3629,ENSG00000137411,VARS2
GO:BP,GO:0016053,organic acid biosynthetic process,0.2550041267385128,False,2,111,26,3629,ENSG00000188641 ENSG00000070882,DPYD OSBPL3
GO:BP,GO:0033619,membrane protein proteolysis,0.2550041267385128,False,1,111,7,3629,ENSG00000103811,CTSH
GO:BP,GO:0051784,negative regulation of nuclear division,0.2550041267385128,False,1,111,7,3629,ENSG00000002822,MAD1L1
GO:BP,GO:0006081,aldehyde metabolic process,0.2550041267385128,False,1,111,7,3629,ENSG00000111669,TPI1
GO:BP,GO:0060419,heart growth,0.2550041267385128,False,1,111,7,3629,ENSG00000120907,ADRA1A
GO:BP,GO:0043062,extracellular structure organization,0.2550041267385128,False,2,111,26,3629,ENSG00000103056 ENSG00000130635,SMPD3 COL5A1
GO:BP,GO:0098813,nuclear chromosome segregation,0.2551022921556261,False,3,111,50,3629,ENSG00000089053 ENSG00000157456 ENSG00000002822,ANAPC5 CCNB2 MAD1L1
GO:CC,GO:0035579,specific granule membrane,0.25629913443824487,False,1,111,6,3629,ENSG00000122986,HVCN1
GO:CC,GO:0036477,somatodendritic compartment,0.25629913443824487,False,4,111,71,3629,ENSG00000103042 ENSG00000116852 ENSG00000155511 ENSG00000010810,SLC38A7 KIF21B GRIA1 FYN
GO:CC,GO:0001772,immunological synapse,0.25629913443824487,False,1,111,6,3629,ENSG00000115085,ZAP70
GO:CC,GO:0005771,multivesicular body,0.25629913443824487,False,1,111,6,3629,ENSG00000103811,CTSH
GO:CC,GO:0140151,solid phase of interstitial matrix,0.25629913443824487,False,1,111,6,3629,ENSG00000130635,COL5A1
GO:CC,GO:0005667,transcription regulator complex,0.25629913443824487,False,3,111,47,3629,ENSG00000143614 ENSG00000163635 ENSG00000204231,GATAD2B ATXN7 RXRB
GO:CC,GO:0030425,dendrite,0.25629913443824487,False,3,111,47,3629,ENSG00000116852 ENSG00000155511 ENSG00000010810,KIF21B GRIA1 FYN
GO:CC,GO:0031093,platelet alpha granule lumen,0.25629913443824487,False,1,111,6,3629,ENSG00000150630,VEGFC
GO:CC,GO:0035869,ciliary transition zone,0.25629913443824487,False,1,111,6,3629,ENSG00000168778,TCTN2
GO:CC,GO:0000307,cyclin-dependent protein kinase holoenzyme complex,0.25629913443824487,False,1,111,6,3629,ENSG00000157456,CCNB2
GO:CC,GO:0005680,anaphase-promoting complex,0.25629913443824487,False,1,111,6,3629,ENSG00000089053,ANAPC5
GO:CC,GO:0097447,dendritic tree,0.25629913443824487,False,3,111,47,3629,ENSG00000116852 ENSG00000155511 ENSG00000010810,KIF21B GRIA1 FYN
GO:CC,GO:0010494,cytoplasmic stress granule,0.25629913443824487,False,1,111,6,3629,ENSG00000161813,LARP4
GO:CC,GO:0016591,"RNA polymerase II, holoenzyme",0.25629913443824487,False,1,111,6,3629,ENSG00000163635,ATXN7
GO:CC,GO:0031514,motile cilium,0.25629913443824487,False,2,111,24,3629,ENSG00000122986 ENSG00000178093,HVCN1 TSSK6
GO:CC,GO:0015629,actin cytoskeleton,0.25629913443824487,False,3,111,47,3629,ENSG00000151422 ENSG00000010810 ENSG00000079691,FER FYN CARMIL1
GO:CC,GO:0032589,neuron projection membrane,0.25629913443824487,False,1,111,6,3629,ENSG00000155511,GRIA1
GO:MF,GO:0008017,microtubule binding,0.2580976932623634,False,2,111,27,3629,ENSG00000066735 ENSG00000116852,KIF26A KIF21B
GO:MF,GO:0005539,glycosaminoglycan binding,0.2580976932623634,False,2,111,27,3629,ENSG00000113070 ENSG00000130635,HBEGF COL5A1
GO:BP,GO:0043434,response to peptide hormone,0.25917058979689056,False,2,111,27,3629,ENSG00000151422 ENSG00000155511,FER GRIA1
GO:BP,GO:0006650,glycerophospholipid metabolic process,0.25917058979689056,False,2,111,27,3629,ENSG00000115896 ENSG00000154822,PLCL1 PLCL2
GO:BP,GO:0051223,regulation of protein transport,0.25917058979689056,False,2,111,27,3629,ENSG00000053438 ENSG00000150630,NNAT VEGFC
GO:CC,GO:0019867,outer membrane,0.25962559350089154,False,2,111,25,3629,ENSG00000110497 ENSG00000104442,AMBRA1 ARMC1
GO:CC,GO:0150034,distal axon,0.25962559350089154,False,2,111,25,3629,ENSG00000116852 ENSG00000131558,KIF21B EXOC4
GO:CC,GO:0031968,organelle outer membrane,0.25962559350089154,False,2,111,25,3629,ENSG00000110497 ENSG00000104442,AMBRA1 ARMC1
GO:BP,GO:0044281,small molecule metabolic process,0.2610748774223658,False,6,111,129,3629,ENSG00000111669 ENSG00000073417 ENSG00000188641 ENSG00000113448 ENSG00000079691 ENSG00000070882,TPI1 PDE8A DPYD PDE4D CARMIL1 OSBPL3
GO:MF,GO:0043565,sequence-specific DNA binding,0.2622707842139464,False,7,111,157,3629,ENSG00000067082 ENSG00000169594 ENSG00000177374 ENSG00000186020 ENSG00000143614 ENSG00000204231 ENSG00000167157,KLF6 BNC1 HIC1 ZNF529 GATAD2B RXRB PRRX2
GO:MF,GO:0003700,DNA-binding transcription factor activity,0.26499016108594603,False,6,111,130,3629,ENSG00000067082 ENSG00000169594 ENSG00000177374 ENSG00000186020 ENSG00000204231 ENSG00000167157,KLF6 BNC1 HIC1 ZNF529 RXRB PRRX2
GO:BP,GO:0050767,regulation of neurogenesis,0.27324893588054433,False,2,111,28,3629,ENSG00000251322 ENSG00000150630,SHANK3 VEGFC
GO:BP,GO:0051402,neuron apoptotic process,0.27324893588054433,False,2,111,28,3629,ENSG00000110497 ENSG00000124356,AMBRA1 STAMBP
GO:BP,GO:0070663,regulation of leukocyte proliferation,0.27324893588054433,False,2,111,28,3629,ENSG00000115085 ENSG00000002822,ZAP70 MAD1L1
GO:CC,GO:0005902,microvillus,0.27381247261901015,False,1,111,7,3629,ENSG00000131558,EXOC4
GO:CC,GO:0016442,RISC complex,0.27381247261901015,False,1,111,7,3629,ENSG00000245532,NEAT1
GO:CC,GO:0097730,non-motile cilium,0.27381247261901015,False,1,111,7,3629,ENSG00000133256,PDE6B
GO:CC,GO:0005614,interstitial matrix,0.27381247261901015,False,1,111,7,3629,ENSG00000130635,COL5A1
GO:CC,GO:0031332,RNAi effector complex,0.27381247261901015,False,1,111,7,3629,ENSG00000245532,NEAT1
GO:CC,GO:0055029,nuclear DNA-directed RNA polymerase complex,0.27381247261901015,False,1,111,7,3629,ENSG00000163635,ATXN7
GO:CC,GO:0031594,neuromuscular junction,0.27381247261901015,False,1,111,7,3629,ENSG00000155511,GRIA1
GO:CC,GO:0000791,euchromatin,0.27381247261901015,False,1,111,7,3629,ENSG00000005483,KMT2E
GO:CC,GO:0090543,Flemming body,0.27381247261901015,False,1,111,7,3629,ENSG00000131558,EXOC4
GO:CC,GO:0022626,cytosolic ribosome,0.27381247261901015,False,1,111,7,3629,ENSG00000161813,LARP4
GO:CC,GO:0016607,nuclear speck,0.27381247261901015,False,3,111,49,3629,ENSG00000143614 ENSG00000079691 ENSG00000005483,GATAD2B CARMIL1 KMT2E
GO:CC,GO:0035580,specific granule lumen,0.27381247261901015,False,1,111,7,3629,ENSG00000115828,QPCT
GO:BP,GO:0043408,regulation of MAPK cascade,0.27460427221381045,False,3,111,52,3629,ENSG00000073417 ENSG00000196182 ENSG00000120907,PDE8A STK40 ADRA1A
GO:CC,GO:0016323,basolateral plasma membrane,0.2767846066735795,False,2,111,27,3629,ENSG00000159023 ENSG00000196517,EPB41 SLC6A9
GO:CC,GO:0090575,RNA polymerase II transcription regulator complex,0.2767846066735795,False,2,111,27,3629,ENSG00000163635 ENSG00000204231,ATXN7 RXRB
GO:BP,GO:0008585,female gonad development,0.2772988895130675,False,1,111,8,3629,ENSG00000184903,IMMP2L
GO:BP,GO:0044331,cell-cell adhesion mediated by cadherin,0.2772988895130675,False,1,111,8,3629,ENSG00000151422,FER
GO:BP,GO:0030509,BMP signaling pathway,0.2772988895130675,False,1,111,8,3629,ENSG00000103056,SMPD3
GO:BP,GO:0018209,peptidyl-serine modification,0.2772988895130675,False,1,111,8,3629,ENSG00000173273,TNKS
GO:BP,GO:0030500,regulation of bone mineralization,0.2772988895130675,False,1,111,8,3629,ENSG00000204231,RXRB
GO:BP,GO:0097120,receptor localization to synapse,0.2772988895130675,False,1,111,8,3629,ENSG00000007402,CACNA2D2
GO:BP,GO:0048332,mesoderm morphogenesis,0.2772988895130675,False,1,111,8,3629,ENSG00000131558,EXOC4
GO:BP,GO:0033047,regulation of mitotic sister chromatid segregation,0.2772988895130675,False,1,111,8,3629,ENSG00000002822,MAD1L1
GO:BP,GO:0002260,lymphocyte homeostasis,0.2772988895130675,False,1,111,8,3629,ENSG00000157456,CCNB2
GO:BP,GO:0070167,regulation of biomineral tissue development,0.2772988895130675,False,1,111,8,3629,ENSG00000204231,RXRB
GO:BP,GO:0031349,positive regulation of defense response,0.2772988895130675,False,3,111,53,3629,ENSG00000245532 ENSG00000010810 ENSG00000213654,NEAT1 FYN GPSM3
GO:BP,GO:0002437,inflammatory response to antigenic stimulus,0.2772988895130675,False,1,111,8,3629,ENSG00000010810,FYN
GO:BP,GO:0072091,regulation of stem cell proliferation,0.2772988895130675,False,1,111,8,3629,ENSG00000150630,VEGFC
GO:BP,GO:0031347,regulation of defense response,0.2772988895130675,False,4,111,78,3629,ENSG00000245532 ENSG00000251322 ENSG00000010810 ENSG00000213654,NEAT1 SHANK3 FYN GPSM3
GO:BP,GO:0097746,blood vessel diameter maintenance,0.2772988895130675,False,1,111,8,3629,ENSG00000120907,ADRA1A
GO:BP,GO:0030326,embryonic limb morphogenesis,0.2772988895130675,False,1,111,8,3629,ENSG00000171310,CHST11
GO:BP,GO:0043368,positive T cell selection,0.2772988895130675,False,1,111,8,3629,ENSG00000115085,ZAP70
GO:BP,GO:0033363,secretory granule organization,0.2772988895130675,False,1,111,8,3629,ENSG00000120451,SNX19
GO:BP,GO:1902750,negative regulation of cell cycle G2/M phase transition,0.2772988895130675,False,1,111,8,3629,ENSG00000158019,BABAM2
GO:BP,GO:0099084,postsynaptic specialization organization,0.2772988895130675,False,1,111,8,3629,ENSG00000251322,SHANK3
GO:BP,GO:0043112,receptor metabolic process,0.2772988895130675,False,1,111,8,3629,ENSG00000155511,GRIA1
GO:BP,GO:0090101,negative regulation of transmembrane receptor protein serine/threonine kinase signaling pathway,0.2772988895130675,False,1,111,8,3629,ENSG00000171310,CHST11
GO:BP,GO:0072678,T cell migration,0.2772988895130675,False,1,111,8,3629,ENSG00000115085,ZAP70
GO:BP,GO:1903509,liposaccharide metabolic process,0.2772988895130675,False,1,111,8,3629,ENSG00000135454,B4GALNT1
GO:BP,GO:1904377,positive regulation of protein localization to cell periphery,0.2772988895130675,False,1,111,8,3629,ENSG00000159023,EPB41
GO:BP,GO:0014013,regulation of gliogenesis,0.2772988895130675,False,1,111,8,3629,ENSG00000150630,VEGFC
GO:BP,GO:0006664,glycolipid metabolic process,0.2772988895130675,False,1,111,8,3629,ENSG00000135454,B4GALNT1
GO:BP,GO:0035296,regulation of tube diameter,0.2772988895130675,False,1,111,8,3629,ENSG00000120907,ADRA1A
GO:BP,GO:0015695,organic cation transport,0.2772988895130675,False,1,111,8,3629,ENSG00000196517,SLC6A9
GO:BP,GO:0001649,osteoblast differentiation,0.2772988895130675,False,1,111,8,3629,ENSG00000150630,VEGFC
GO:BP,GO:0006813,potassium ion transport,0.2772988895130675,False,1,111,8,3629,ENSG00000162753,SLC9C2
GO:BP,GO:0051028,mRNA transport,0.2772988895130675,False,1,111,8,3629,ENSG00000173273,TNKS
GO:BP,GO:0001707,mesoderm formation,0.2772988895130675,False,1,111,8,3629,ENSG00000131558,EXOC4
GO:BP,GO:0006511,ubiquitin-dependent protein catabolic process,0.2772988895130675,False,3,111,53,3629,ENSG00000110497 ENSG00000089053 ENSG00000112659,AMBRA1 ANAPC5 CUL9
GO:BP,GO:0006360,transcription by RNA polymerase I,0.2772988895130675,False,1,111,8,3629,ENSG00000169594,BNC1
GO:BP,GO:0010657,muscle cell apoptotic process,0.2772988895130675,False,1,111,8,3629,ENSG00000110497,AMBRA1
GO:BP,GO:0010660,regulation of muscle cell apoptotic process,0.2772988895130675,False,1,111,8,3629,ENSG00000110497,AMBRA1
GO:BP,GO:0046545,development of primary female sexual characteristics,0.2772988895130675,False,1,111,8,3629,ENSG00000184903,IMMP2L
GO:BP,GO:0060041,retina development in camera-type eye,0.2772988895130675,False,1,111,8,3629,ENSG00000133256,PDE6B
GO:BP,GO:0030968,endoplasmic reticulum unfolded protein response,0.2772988895130675,False,1,111,8,3629,ENSG00000151778,SERP2
GO:BP,GO:0046637,regulation of alpha-beta T cell differentiation,0.2772988895130675,False,1,111,8,3629,ENSG00000115085,ZAP70
GO:BP,GO:0038084,vascular endothelial growth factor signaling pathway,0.2772988895130675,False,1,111,8,3629,ENSG00000150630,VEGFC
GO:BP,GO:1905037,autophagosome organization,0.2772988895130675,False,1,111,8,3629,ENSG00000110497,AMBRA1
GO:BP,GO:0022904,respiratory electron transport chain,0.2772988895130675,False,1,111,8,3629,ENSG00000184903,IMMP2L
GO:BP,GO:0050773,regulation of dendrite development,0.2772988895130675,False,1,111,8,3629,ENSG00000135298,ADGRB3
GO:BP,GO:0097106,postsynaptic density organization,0.2772988895130675,False,1,111,8,3629,ENSG00000251322,SHANK3
GO:BP,GO:0035150,regulation of tube size,0.2772988895130675,False,1,111,8,3629,ENSG00000120907,ADRA1A
GO:BP,GO:0035113,embryonic appendage morphogenesis,0.2772988895130675,False,1,111,8,3629,ENSG00000171310,CHST11
GO:BP,GO:1903321,negative regulation of protein modification by small protein conjugation or removal,0.2772988895130675,False,1,111,8,3629,ENSG00000010810,FYN
GO:BP,GO:0032964,collagen biosynthetic process,0.2772988895130675,False,1,111,8,3629,ENSG00000130635,COL5A1
GO:BP,GO:1901874,negative regulation of post-translational protein modification,0.2772988895130675,False,1,111,8,3629,ENSG00000010810,FYN
GO:BP,GO:1901890,positive regulation of cell junction assembly,0.2772988895130675,False,1,111,8,3629,ENSG00000135298,ADGRB3
GO:BP,GO:0000288,"nuclear-transcribed mRNA catabolic process, deadenylation-dependent decay",0.2772988895130675,False,1,111,8,3629,ENSG00000100354,TNRC6B
GO:BP,GO:0006939,smooth muscle contraction,0.2772988895130675,False,1,111,8,3629,ENSG00000120907,ADRA1A
GO:CC,GO:0098796,membrane protein complex,0.27791438920059625,False,6,111,129,3629,ENSG00000122986 ENSG00000115085 ENSG00000007402 ENSG00000155511 ENSG00000113448 ENSG00000184903,HVCN1 ZAP70 CACNA2D2 GRIA1 PDE4D IMMP2L
GO:BP,GO:0008544,epidermis development,0.27830879161196265,False,2,111,29,3629,ENSG00000169594 ENSG00000181291,BNC1 TMEM132E
GO:BP,GO:0006936,muscle contraction,0.27830879161196265,False,2,111,29,3629,ENSG00000113448 ENSG00000120907,PDE4D ADRA1A
GO:BP,GO:0045930,negative regulation of mitotic cell cycle,0.27830879161196265,False,2,111,29,3629,ENSG00000158019 ENSG00000002822,BABAM2 MAD1L1
GO:BP,GO:0045333,cellular respiration,0.27830879161196265,False,2,111,29,3629,ENSG00000111669 ENSG00000184903,TPI1 IMMP2L
GO:BP,GO:1990778,protein localization to cell periphery,0.27830879161196265,False,2,111,29,3629,ENSG00000159023 ENSG00000007402,EPB41 CACNA2D2
GO:BP,GO:0006520,amino acid metabolic process,0.27830879161196265,False,2,111,29,3629,ENSG00000188641 ENSG00000137411,DPYD VARS2
GO:BP,GO:0048732,gland development,0.27830879161196265,False,2,111,29,3629,ENSG00000157456 ENSG00000002822,CCNB2 MAD1L1
GO:MF,GO:0015079,potassium ion transmembrane transporter activity,0.27859922314943697,False,1,111,8,3629,ENSG00000162753,SLC9C2
GO:MF,GO:0008233,peptidase activity,0.27859922314943697,False,3,111,53,3629,ENSG00000103811 ENSG00000124356 ENSG00000184903,CTSH STAMBP IMMP2L
GO:MF,GO:0019783,ubiquitin-like protein peptidase activity,0.27859922314943697,False,1,111,8,3629,ENSG00000124356,STAMBP
GO:MF,GO:0140767,enzyme-substrate adaptor activity,0.27859922314943697,False,1,111,8,3629,ENSG00000110497,AMBRA1
GO:MF,GO:0051539,"4 iron, 4 sulfur cluster binding",0.27859922314943697,False,1,111,8,3629,ENSG00000188641,DPYD
GO:MF,GO:0140938,histone H3 methyltransferase activity,0.27859922314943697,False,1,111,8,3629,ENSG00000104885,DOT1L
GO:MF,GO:0003690,double-stranded DNA binding,0.27859922314943697,False,7,111,161,3629,ENSG00000067082 ENSG00000169594 ENSG00000177374 ENSG00000186020 ENSG00000174579 ENSG00000204231 ENSG00000167157,KLF6 BNC1 HIC1 ZNF529 MSL2 RXRB PRRX2
GO:MF,GO:0003730,mRNA 3'-UTR binding,0.27859922314943697,False,1,111,8,3629,ENSG00000161813,LARP4
GO:MF,GO:0106310,protein serine kinase activity,0.2793374052575049,False,2,111,29,3629,ENSG00000178093 ENSG00000196182,TSSK6 STK40
GO:CC,GO:0045177,apical part of cell,0.2808404858337456,False,3,111,51,3629,ENSG00000122986 ENSG00000196517 ENSG00000113448,HVCN1 SLC6A9 PDE4D
GO:BP,GO:0019941,modification-dependent protein catabolic process,0.2849259268278138,False,3,111,54,3629,ENSG00000110497 ENSG00000089053 ENSG00000112659,AMBRA1 ANAPC5 CUL9
GO:BP,GO:0010256,endomembrane system organization,0.2849259268278138,False,3,111,54,3629,ENSG00000120451 ENSG00000149927 ENSG00000130635,SNX19 DOC2A COL5A1
GO:BP,GO:0043632,modification-dependent macromolecule catabolic process,0.2849259268278138,False,3,111,54,3629,ENSG00000110497 ENSG00000089053 ENSG00000112659,AMBRA1 ANAPC5 CUL9
GO:BP,GO:0043009,chordate embryonic development,0.2849259268278138,False,3,111,54,3629,ENSG00000110497 ENSG00000171310 ENSG00000157456,AMBRA1 CHST11 CCNB2
GO:BP,GO:0006281,DNA repair,0.2849259268278138,False,4,111,80,3629,ENSG00000258839 ENSG00000104885 ENSG00000158019 ENSG00000163635,MC1R DOT1L BABAM2 ATXN7
GO:BP,GO:0009792,embryo development ending in birth or egg hatching,0.2849259268278138,False,3,111,54,3629,ENSG00000110497 ENSG00000171310 ENSG00000157456,AMBRA1 CHST11 CCNB2
GO:MF,GO:0003676,nucleic acid binding,0.28506894644023995,False,17,111,457,3629,ENSG00000067082 ENSG00000245532 ENSG00000111011 ENSG00000161813 ENSG00000166133 ENSG00000169594 ENSG00000177374 ENSG00000104885 ENSG00000186020 ENSG00000143614 ENSG00000100354 ENSG00000100403 ENSG00000082153 ENSG00000174579 ENSG00000232040 ENSG00000204231 ENSG00000167157,KLF6 NEAT1 RSRC2 LARP4 RPUSD2 BNC1 HIC1 DOT1L ZNF529 GATAD2B TNRC6B ZC3H7B BZW1 MSL2 SCAND3 RXRB PRRX2
GO:BP,GO:0010628,positive regulation of gene expression,0.28526398449509066,False,5,111,107,3629,ENSG00000161813 ENSG00000103811 ENSG00000155511 ENSG00000113448 ENSG00000213654,LARP4 CTSH GRIA1 PDE4D GPSM3
GO:CC,GO:0005788,endoplasmic reticulum lumen,0.2891652199806562,False,2,111,28,3629,ENSG00000120725 ENSG00000130635,SIL1 COL5A1
GO:MF,GO:0061659,ubiquitin-like protein ligase activity,0.2899818090060978,False,2,111,30,3629,ENSG00000174579 ENSG00000112659,MSL2 CUL9
GO:MF,GO:1901681,sulfur compound binding,0.2899818090060978,False,2,111,30,3629,ENSG00000113070 ENSG00000130635,HBEGF COL5A1
GO:MF,GO:0061630,ubiquitin protein ligase activity,0.2899818090060978,False,2,111,30,3629,ENSG00000174579 ENSG00000112659,MSL2 CUL9
GO:MF,GO:0120543,macromolecular conformation isomerase activity,0.2899818090060978,False,2,111,30,3629,ENSG00000066735 ENSG00000116852,KIF26A KIF21B
GO:BP,GO:0097193,intrinsic apoptotic signaling pathway,0.2907260978554566,False,2,111,30,3629,ENSG00000177374 ENSG00000010810,HIC1 FYN
GO:BP,GO:1902105,regulation of leukocyte differentiation,0.2907260978554566,False,2,111,30,3629,ENSG00000110497 ENSG00000115085,AMBRA1 ZAP70
GO:BP,GO:0051056,regulation of small GTPase mediated signal transduction,0.2907260978554566,False,2,111,30,3629,ENSG00000124356 ENSG00000147799,STAMBP ARHGAP39
GO:BP,GO:0030111,regulation of Wnt signaling pathway,0.2907260978554566,False,2,111,30,3629,ENSG00000177374 ENSG00000173273,HIC1 TNKS
GO:BP,GO:0006282,regulation of DNA repair,0.2907260978554566,False,2,111,30,3629,ENSG00000158019 ENSG00000163635,BABAM2 ATXN7
GO:BP,GO:0048878,chemical homeostasis,0.2921009850377972,False,4,111,81,3629,ENSG00000122986 ENSG00000103811 ENSG00000185518 ENSG00000162753,HVCN1 CTSH SV2B SLC9C2
GO:CC,GO:0030863,cortical cytoskeleton,0.2925718074812372,False,1,111,8,3629,ENSG00000159023,EPB41
GO:CC,GO:0098685,Schaffer collateral - CA1 synapse,0.2925718074812372,False,1,111,8,3629,ENSG00000010810,FYN
GO:CC,GO:0032587,ruffle membrane,0.2925718074812372,False,1,111,8,3629,ENSG00000023902,PLEKHO1
GO:CC,GO:0015935,small ribosomal subunit,0.2925718074812372,False,1,111,8,3629,ENSG00000161813,LARP4
GO:CC,GO:0033116,endoplasmic reticulum-Golgi intermediate compartment membrane,0.2925718074812372,False,1,111,8,3629,ENSG00000155511,GRIA1
GO:CC,GO:0005901,caveola,0.2925718074812372,False,1,111,8,3629,ENSG00000120907,ADRA1A
GO:CC,GO:0098878,neurotransmitter receptor complex,0.2925718074812372,False,1,111,8,3629,ENSG00000155511,GRIA1
GO:CC,GO:0098982,GABA-ergic synapse,0.2925718074812372,False,1,111,8,3629,ENSG00000007402,CACNA2D2
GO:CC,GO:0099023,vesicle tethering complex,0.2925718074812372,False,1,111,8,3629,ENSG00000131558,EXOC4
GO:CC,GO:0030662,coated vesicle membrane,0.29368441437034176,False,2,111,29,3629,ENSG00000113070 ENSG00000155511,HBEGF GRIA1
GO:BP,GO:2000736,regulation of stem cell differentiation,0.29708255724749827,False,1,111,9,3629,ENSG00000143614,GATAD2B
GO:BP,GO:0009395,phospholipid catabolic process,0.29708255724749827,False,1,111,9,3629,ENSG00000103056,SMPD3
GO:BP,GO:1903146,regulation of autophagy of mitochondrion,0.29708255724749827,False,1,111,9,3629,ENSG00000110497,AMBRA1
GO:BP,GO:0002444,myeloid leukocyte mediated immunity,0.29708255724749827,False,1,111,9,3629,ENSG00000005483,KMT2E
GO:BP,GO:0006094,gluconeogenesis,0.29708255724749827,False,1,111,9,3629,ENSG00000111669,TPI1
GO:BP,GO:0003073,regulation of systemic arterial blood pressure,0.29708255724749827,False,1,111,9,3629,ENSG00000120907,ADRA1A
GO:BP,GO:0002791,regulation of peptide secretion,0.29708255724749827,False,1,111,9,3629,ENSG00000053438,NNAT
GO:BP,GO:0006029,proteoglycan metabolic process,0.29708255724749827,False,1,111,9,3629,ENSG00000171310,CHST11
GO:BP,GO:0008584,male gonad development,0.29708255724749827,False,1,111,9,3629,ENSG00000151422,FER
GO:BP,GO:0042490,mechanoreceptor differentiation,0.29708255724749827,False,1,111,9,3629,ENSG00000181291,TMEM132E
GO:BP,GO:0045058,T cell selection,0.29708255724749827,False,1,111,9,3629,ENSG00000115085,ZAP70
GO:BP,GO:0017015,regulation of transforming growth factor beta receptor signaling pathway,0.29708255724749827,False,1,111,9,3629,ENSG00000171310,CHST11
GO:BP,GO:0090276,regulation of peptide hormone secretion,0.29708255724749827,False,1,111,9,3629,ENSG00000053438,NNAT
GO:BP,GO:0051445,regulation of meiotic cell cycle,0.29708255724749827,False,1,111,9,3629,ENSG00000089053,ANAPC5
GO:BP,GO:0006914,autophagy,0.29708255724749827,False,3,111,56,3629,ENSG00000110497 ENSG00000131558 ENSG00000120907,AMBRA1 EXOC4 ADRA1A
GO:BP,GO:0000423,mitophagy,0.29708255724749827,False,1,111,9,3629,ENSG00000110497,AMBRA1
GO:BP,GO:0008631,intrinsic apoptotic signaling pathway in response to oxidative stress,0.29708255724749827,False,1,111,9,3629,ENSG00000010810,FYN
GO:BP,GO:0008652,amino acid biosynthetic process,0.29708255724749827,False,1,111,9,3629,ENSG00000188641,DPYD
GO:BP,GO:0061041,regulation of wound healing,0.29708255724749827,False,1,111,9,3629,ENSG00000113070,HBEGF
GO:BP,GO:0042177,negative regulation of protein catabolic process,0.29708255724749827,False,1,111,9,3629,ENSG00000010810,FYN
GO:BP,GO:1905477,positive regulation of protein localization to membrane,0.29708255724749827,False,1,111,9,3629,ENSG00000010810,FYN
GO:BP,GO:1901796,regulation of signal transduction by p53 class mediator,0.29708255724749827,False,1,111,9,3629,ENSG00000177374,HIC1
GO:BP,GO:0006446,regulation of translational initiation,0.29708255724749827,False,1,111,9,3629,ENSG00000082153,BZW1
GO:BP,GO:0046683,response to organophosphorus,0.29708255724749827,False,1,111,9,3629,ENSG00000113448,PDE4D
GO:BP,GO:0140962,multicellular organismal-level chemical homeostasis,0.29708255724749827,False,1,111,9,3629,ENSG00000103811,CTSH
GO:BP,GO:0006325,chromatin organization,0.29708255724749827,False,7,111,165,3629,ENSG00000178093 ENSG00000104885 ENSG00000143614 ENSG00000196182 ENSG00000158019 ENSG00000174579 ENSG00000005483,TSSK6 DOT1L GATAD2B STK40 BABAM2 MSL2 KMT2E
GO:BP,GO:0050854,regulation of antigen receptor-mediated signaling pathway,0.29708255724749827,False,1,111,9,3629,ENSG00000154822,PLCL2
GO:BP,GO:0050848,regulation of calcium-mediated signaling,0.29708255724749827,False,1,111,9,3629,ENSG00000115085,ZAP70
GO:BP,GO:0050886,endocrine process,0.29708255724749827,False,1,111,9,3629,ENSG00000166573,GALR1
GO:BP,GO:0030199,collagen fibril organization,0.29708255724749827,False,1,111,9,3629,ENSG00000130635,COL5A1
GO:BP,GO:0032206,positive regulation of telomere maintenance,0.29708255724749827,False,1,111,9,3629,ENSG00000173273,TNKS
GO:BP,GO:0090087,regulation of peptide transport,0.29708255724749827,False,1,111,9,3629,ENSG00000053438,NNAT
GO:BP,GO:0061919,process utilizing autophagic mechanism,0.29708255724749827,False,3,111,56,3629,ENSG00000110497 ENSG00000131558 ENSG00000120907,AMBRA1 EXOC4 ADRA1A
GO:BP,GO:0031503,protein-containing complex localization,0.29708255724749827,False,1,111,9,3629,ENSG00000007402,CACNA2D2
GO:BP,GO:2000630,positive regulation of miRNA metabolic process,0.29708255724749827,False,1,111,9,3629,ENSG00000245532,NEAT1
GO:BP,GO:0022900,electron transport chain,0.29708255724749827,False,1,111,9,3629,ENSG00000184903,IMMP2L
GO:BP,GO:0019319,hexose biosynthetic process,0.29708255724749827,False,1,111,9,3629,ENSG00000111669,TPI1
GO:BP,GO:0035418,protein localization to synapse,0.29708255724749827,False,1,111,9,3629,ENSG00000007402,CACNA2D2
GO:BP,GO:0035924,cellular response to vascular endothelial growth factor stimulus,0.29708255724749827,False,1,111,9,3629,ENSG00000150630,VEGFC
GO:BP,GO:0007623,circadian rhythm,0.29708255724749827,False,1,111,9,3629,ENSG00000133256,PDE6B
GO:BP,GO:0031623,receptor internalization,0.29708255724749827,False,1,111,9,3629,ENSG00000155511,GRIA1
GO:BP,GO:0046635,positive regulation of alpha-beta T cell activation,0.29708255724749827,False,1,111,9,3629,ENSG00000115085,ZAP70
GO:BP,GO:0046661,male sex differentiation,0.29708255724749827,False,1,111,9,3629,ENSG00000151422,FER
GO:BP,GO:0046364,monosaccharide biosynthetic process,0.29708255724749827,False,1,111,9,3629,ENSG00000111669,TPI1
GO:BP,GO:0046546,development of primary male sexual characteristics,0.29708255724749827,False,1,111,9,3629,ENSG00000151422,FER
GO:BP,GO:0060562,epithelial tube morphogenesis,0.29729886481437107,False,2,111,31,3629,ENSG00000103811 ENSG00000251322,CTSH SHANK3
GO:BP,GO:0031346,positive regulation of cell projection organization,0.29729886481437107,False,2,111,31,3629,ENSG00000010810 ENSG00000079691,FYN CARMIL1
GO:MF,GO:0001540,amyloid-beta binding,0.2981860286161853,False,1,111,9,3629,ENSG00000155511,GRIA1
GO:MF,GO:0015297,antiporter activity,0.2981860286161853,False,1,111,9,3629,ENSG00000162753,SLC9C2
GO:MF,GO:0140030,modification-dependent protein binding,0.2981860286161853,False,1,111,9,3629,ENSG00000158019,BABAM2
GO:MF,GO:0005230,extracellular ligand-gated monoatomic ion channel activity,0.2981860286161853,False,1,111,9,3629,ENSG00000155511,GRIA1
GO:MF,GO:0005200,structural constituent of cytoskeleton,0.2981860286161853,False,1,111,9,3629,ENSG00000159023,EPB41
GO:MF,GO:0005319,lipid transporter activity,0.2981860286161853,False,1,111,9,3629,ENSG00000070882,OSBPL3
GO:MF,GO:0004867,serine-type endopeptidase inhibitor activity,0.2981860286161853,False,1,111,9,3629,ENSG00000055955,ITIH4
GO:BP,GO:0080135,regulation of cellular response to stress,0.30667246030909606,False,3,111,57,3629,ENSG00000177374 ENSG00000158019 ENSG00000163635,HIC1 BABAM2 ATXN7
GO:CC,GO:0009925,basal plasma membrane,0.3076654011253044,False,2,111,30,3629,ENSG00000159023 ENSG00000196517,EPB41 SLC6A9
GO:BP,GO:0048872,homeostasis of number of cells,0.31025138402722985,False,2,111,32,3629,ENSG00000157456 ENSG00000005483,CCNB2 KMT2E
GO:BP,GO:0042060,wound healing,0.31025138402722985,False,2,111,32,3629,ENSG00000113070 ENSG00000130635,HBEGF COL5A1
GO:BP,GO:0000070,mitotic sister chromatid segregation,0.31025138402722985,False,2,111,32,3629,ENSG00000089053 ENSG00000002822,ANAPC5 MAD1L1
GO:BP,GO:0016050,vesicle organization,0.31025138402722985,False,2,111,32,3629,ENSG00000120451 ENSG00000149927,SNX19 DOC2A
GO:BP,GO:0003012,muscle system process,0.31025138402722985,False,2,111,32,3629,ENSG00000113448 ENSG00000120907,PDE4D ADRA1A
GO:MF,GO:0003713,transcription coactivator activity,0.31213890895518415,False,2,111,32,3629,ENSG00000104885 ENSG00000005483,DOT1L KMT2E
GO:MF,GO:0016746,acyltransferase activity,0.3170869089863861,False,3,111,58,3629,ENSG00000115828 ENSG00000174579 ENSG00000112659,QPCT MSL2 CUL9
GO:CC,GO:0030175,filopodium,0.3185143711929364,False,1,111,9,3629,ENSG00000070882,OSBPL3
GO:CC,GO:0031091,platelet alpha granule,0.3185143711929364,False,1,111,9,3629,ENSG00000150630,VEGFC
GO:CC,GO:0005604,basement membrane,0.3185143711929364,False,1,111,9,3629,ENSG00000130635,COL5A1
GO:BP,GO:2001235,positive regulation of apoptotic signaling pathway,0.3191387500856705,False,1,111,10,3629,ENSG00000103811,CTSH
GO:BP,GO:0048592,eye morphogenesis,0.3191387500856705,False,1,111,10,3629,ENSG00000130635,COL5A1
GO:BP,GO:0002526,acute inflammatory response,0.3191387500856705,False,1,111,10,3629,ENSG00000055955,ITIH4
GO:BP,GO:2000177,regulation of neural precursor cell proliferation,0.3191387500856705,False,1,111,10,3629,ENSG00000150630,VEGFC
GO:BP,GO:0007062,sister chromatid cohesion,0.3191387500856705,False,1,111,10,3629,ENSG00000173273,TNKS
GO:BP,GO:0007080,mitotic metaphase chromosome alignment,0.3191387500856705,False,1,111,10,3629,ENSG00000002822,MAD1L1
GO:BP,GO:0097722,sperm motility,0.3191387500856705,False,1,111,10,3629,ENSG00000178093,TSSK6
GO:BP,GO:0007043,cell-cell junction assembly,0.3191387500856705,False,1,111,10,3629,ENSG00000151422,FER
GO:BP,GO:0043500,muscle adaptation,0.3191387500856705,False,1,111,10,3629,ENSG00000120907,ADRA1A
GO:BP,GO:0030317,flagellated sperm motility,0.3191387500856705,False,1,111,10,3629,ENSG00000178093,TSSK6
GO:BP,GO:0032526,response to retinoic acid,0.3191387500856705,False,1,111,10,3629,ENSG00000103811,CTSH
GO:BP,GO:0045727,positive regulation of translation,0.3191387500856705,False,1,111,10,3629,ENSG00000161813,LARP4
GO:BP,GO:0015711,organic anion transport,0.3191387500856705,False,2,111,33,3629,ENSG00000103042 ENSG00000196517,SLC38A7 SLC6A9
GO:BP,GO:0006874,intracellular calcium ion homeostasis,0.3191387500856705,False,1,111,10,3629,ENSG00000185518,SV2B
GO:BP,GO:0044773,mitotic DNA damage checkpoint signaling,0.3191387500856705,False,1,111,10,3629,ENSG00000158019,BABAM2
GO:BP,GO:0044774,mitotic DNA integrity checkpoint signaling,0.3191387500856705,False,1,111,10,3629,ENSG00000158019,BABAM2
GO:BP,GO:1903844,regulation of cellular response to transforming growth factor beta stimulus,0.3191387500856705,False,1,111,10,3629,ENSG00000171310,CHST11
GO:BP,GO:0014074,response to purine-containing compound,0.3191387500856705,False,1,111,10,3629,ENSG00000113448,PDE4D
GO:BP,GO:0098876,vesicle-mediated transport to the plasma membrane,0.3191387500856705,False,1,111,10,3629,ENSG00000131558,EXOC4
GO:BP,GO:0008630,intrinsic apoptotic signaling pathway in response to DNA damage,0.3191387500856705,False,1,111,10,3629,ENSG00000177374,HIC1
GO:BP,GO:0032370,positive regulation of lipid transport,0.3191387500856705,False,1,111,10,3629,ENSG00000166573,GALR1
GO:BP,GO:0032729,positive regulation of type II interferon production,0.3191387500856705,False,1,111,10,3629,ENSG00000113448,PDE4D
GO:BP,GO:0046486,glycerolipid metabolic process,0.3191387500856705,False,2,111,33,3629,ENSG00000115896 ENSG00000154822,PLCL1 PLCL2
GO:BP,GO:0006401,RNA catabolic process,0.3191387500856705,False,2,111,33,3629,ENSG00000245532 ENSG00000100354,NEAT1 TNRC6B
GO:BP,GO:0072089,stem cell proliferation,0.3191387500856705,False,1,111,10,3629,ENSG00000150630,VEGFC
GO:BP,GO:0034620,cellular response to unfolded protein,0.3191387500856705,False,1,111,10,3629,ENSG00000151778,SERP2
GO:BP,GO:0071773,cellular response to BMP stimulus,0.3191387500856705,False,1,111,10,3629,ENSG00000103056,SMPD3
GO:BP,GO:0035051,cardiocyte differentiation,0.3191387500856705,False,1,111,10,3629,ENSG00000120907,ADRA1A
GO:BP,GO:0071772,response to BMP,0.3191387500856705,False,1,111,10,3629,ENSG00000103056,SMPD3
GO:BP,GO:0046660,female sex differentiation,0.3191387500856705,False,1,111,10,3629,ENSG00000184903,IMMP2L
GO:MF,GO:0005179,hormone activity,0.32090638757413054,False,1,111,10,3629,ENSG00000131096,PYY
GO:MF,GO:0004197,cysteine-type endopeptidase activity,0.32090638757413054,False,1,111,10,3629,ENSG00000103811,CTSH
GO:MF,GO:0019838,growth factor binding,0.32090638757413054,False,1,111,10,3629,ENSG00000130635,COL5A1
GO:MF,GO:1901981,phosphatidylinositol phosphate binding,0.32090638757413054,False,1,111,10,3629,ENSG00000120451,SNX19
GO:MF,GO:0016835,carbon-oxygen lyase activity,0.32090638757413054,False,1,111,10,3629,ENSG00000111669,TPI1
GO:BP,GO:0071345,cellular response to cytokine stimulus,0.33070145744040025,False,3,111,60,3629,ENSG00000103056 ENSG00000150630 ENSG00000151422,SMPD3 VEGFC FER
GO:BP,GO:0097190,apoptotic signaling pathway,0.33070145744040025,False,3,111,60,3629,ENSG00000103811 ENSG00000177374 ENSG00000010810,CTSH HIC1 FYN
GO:BP,GO:0043085,positive regulation of catalytic activity,0.33179752113242295,False,2,111,34,3629,ENSG00000182732 ENSG00000103811,RGS6 CTSH
GO:BP,GO:0043161,proteasome-mediated ubiquitin-dependent protein catabolic process,0.33179752113242295,False,2,111,34,3629,ENSG00000110497 ENSG00000089053,AMBRA1 ANAPC5
GO:BP,GO:0141188,nucleic acid catabolic process,0.33179752113242295,False,2,111,34,3629,ENSG00000245532 ENSG00000100354,NEAT1 TNRC6B
GO:BP,GO:0006869,lipid transport,0.33179752113242295,False,2,111,34,3629,ENSG00000166573 ENSG00000070882,GALR1 OSBPL3
GO:CC,GO:0045178,basal part of cell,0.333054123017558,False,2,111,32,3629,ENSG00000159023 ENSG00000196517,EPB41 SLC6A9
GO:MF,GO:0001228,"DNA-binding transcription activator activity, RNA polymerase II-specific",0.3343012308761025,False,2,111,34,3629,ENSG00000067082 ENSG00000204231,KLF6 RXRB
GO:CC,GO:0098800,inner mitochondrial membrane protein complex,0.33673874747189636,False,1,111,10,3629,ENSG00000184903,IMMP2L
GO:CC,GO:0099512,supramolecular fiber,0.33673874747189636,False,4,111,86,3629,ENSG00000066735 ENSG00000116852 ENSG00000010810 ENSG00000079691,KIF26A KIF21B FYN CARMIL1
GO:CC,GO:0000428,DNA-directed RNA polymerase complex,0.33673874747189636,False,1,111,10,3629,ENSG00000163635,ATXN7
GO:CC,GO:0005871,kinesin complex,0.33673874747189636,False,1,111,10,3629,ENSG00000116852,KIF21B
GO:CC,GO:0031984,organelle subcompartment,0.33673874747189636,False,5,111,113,3629,ENSG00000151778 ENSG00000103056 ENSG00000155511 ENSG00000070882 ENSG00000168077,SERP2 SMPD3 GRIA1 OSBPL3 SCARA3
GO:CC,GO:0043235,receptor complex,0.33673874747189636,False,2,111,33,3629,ENSG00000115085 ENSG00000155511,ZAP70 GRIA1
GO:CC,GO:0043197,dendritic spine,0.33673874747189636,False,1,111,10,3629,ENSG00000155511,GRIA1
GO:CC,GO:0031985,Golgi cisterna,0.33673874747189636,False,1,111,10,3629,ENSG00000103056,SMPD3
GO:CC,GO:0030880,RNA polymerase complex,0.33673874747189636,False,1,111,10,3629,ENSG00000163635,ATXN7
GO:CC,GO:0099081,supramolecular polymer,0.33673874747189636,False,4,111,86,3629,ENSG00000066735 ENSG00000116852 ENSG00000010810 ENSG00000079691,KIF26A KIF21B FYN CARMIL1
GO:BP,GO:0050790,regulation of catalytic activity,0.33783980590896445,False,3,111,61,3629,ENSG00000182732 ENSG00000103811 ENSG00000166573,RGS6 CTSH GALR1
GO:BP,GO:0001708,cell fate specification,0.33783980590896445,False,1,111,11,3629,ENSG00000143614,GATAD2B
GO:BP,GO:0010389,regulation of G2/M transition of mitotic cell cycle,0.33783980590896445,False,1,111,11,3629,ENSG00000158019,BABAM2
GO:BP,GO:0051302,regulation of cell division,0.33783980590896445,False,1,111,11,3629,ENSG00000150630,VEGFC
GO:BP,GO:0010810,regulation of cell-substrate adhesion,0.33783980590896445,False,1,111,11,3629,ENSG00000079691,CARMIL1
GO:BP,GO:0031109,microtubule polymerization or depolymerization,0.33783980590896445,False,1,111,11,3629,ENSG00000163635,ATXN7
GO:BP,GO:0072175,epithelial tube formation,0.33783980590896445,False,1,111,11,3629,ENSG00000251322,SHANK3
GO:BP,GO:0032945,negative regulation of mononuclear cell proliferation,0.33783980590896445,False,1,111,11,3629,ENSG00000002822,MAD1L1
GO:BP,GO:1902414,protein localization to cell junction,0.33783980590896445,False,1,111,11,3629,ENSG00000007402,CACNA2D2
GO:BP,GO:0006892,post-Golgi vesicle-mediated transport,0.33783980590896445,False,1,111,11,3629,ENSG00000131558,EXOC4
GO:BP,GO:0045066,regulatory T cell differentiation,0.33783980590896445,False,1,111,11,3629,ENSG00000110497,AMBRA1
GO:BP,GO:0045589,regulation of regulatory T cell differentiation,0.33783980590896445,False,1,111,11,3629,ENSG00000110497,AMBRA1
GO:BP,GO:0072676,lymphocyte migration,0.33783980590896445,False,1,111,11,3629,ENSG00000115085,ZAP70
GO:BP,GO:0009267,cellular response to starvation,0.33783980590896445,False,1,111,11,3629,ENSG00000110497,AMBRA1
GO:BP,GO:0031110,regulation of microtubule polymerization or depolymerization,0.33783980590896445,False,1,111,11,3629,ENSG00000163635,ATXN7
GO:BP,GO:0002250,adaptive immune response,0.33783980590896445,False,3,111,61,3629,ENSG00000103811 ENSG00000115085 ENSG00000010810,CTSH ZAP70 FYN
GO:BP,GO:0002220,innate immune response activating cell surface receptor signaling pathway,0.33783980590896445,False,1,111,11,3629,ENSG00000010810,FYN
GO:BP,GO:0050672,negative regulation of lymphocyte proliferation,0.33783980590896445,False,1,111,11,3629,ENSG00000002822,MAD1L1
GO:BP,GO:0010508,positive regulation of autophagy,0.33783980590896445,False,1,111,11,3629,ENSG00000110497,AMBRA1
GO:BP,GO:0001838,embryonic epithelial tube formation,0.33783980590896445,False,1,111,11,3629,ENSG00000251322,SHANK3
GO:BP,GO:0051052,regulation of DNA metabolic process,0.33783980590896445,False,3,111,61,3629,ENSG00000158019 ENSG00000163635 ENSG00000173273,BABAM2 ATXN7 TNKS
GO:BP,GO:0042130,negative regulation of T cell proliferation,0.33783980590896445,False,1,111,11,3629,ENSG00000002822,MAD1L1
GO:BP,GO:0042180,ketone metabolic process,0.33783980590896445,False,1,111,11,3629,ENSG00000111669,TPI1
GO:BP,GO:0008286,insulin receptor signaling pathway,0.33783980590896445,False,1,111,11,3629,ENSG00000151422,FER
GO:BP,GO:0035967,cellular response to topologically incorrect protein,0.33783980590896445,False,1,111,11,3629,ENSG00000151778,SERP2
GO:BP,GO:0035107,appendage morphogenesis,0.33783980590896445,False,1,111,11,3629,ENSG00000171310,CHST11
GO:BP,GO:0007584,response to nutrient,0.33783980590896445,False,1,111,11,3629,ENSG00000204231,RXRB
GO:BP,GO:0035148,tube formation,0.33783980590896445,False,1,111,11,3629,ENSG00000251322,SHANK3
GO:BP,GO:0035108,limb morphogenesis,0.33783980590896445,False,1,111,11,3629,ENSG00000171310,CHST11
GO:BP,GO:0043393,regulation of protein binding,0.33783980590896445,False,1,111,11,3629,ENSG00000159023,EPB41
GO:BP,GO:0043473,pigmentation,0.33783980590896445,False,1,111,11,3629,ENSG00000258839,MC1R
GO:BP,GO:0099072,regulation of postsynaptic membrane neurotransmitter receptor levels,0.33783980590896445,False,1,111,11,3629,ENSG00000007402,CACNA2D2
GO:BP,GO:0030258,lipid modification,0.33783980590896445,False,1,111,11,3629,ENSG00000147535,PLPP5
GO:BP,GO:1900182,positive regulation of protein localization to nucleus,0.33783980590896445,False,1,111,11,3629,ENSG00000010810,FYN
GO:BP,GO:2000243,positive regulation of reproductive process,0.33783980590896445,False,1,111,11,3629,ENSG00000169594,BNC1
GO:BP,GO:0055002,striated muscle cell development,0.33783980590896445,False,1,111,11,3629,ENSG00000120907,ADRA1A
GO:BP,GO:1905954,positive regulation of lipid localization,0.33783980590896445,False,1,111,11,3629,ENSG00000166573,GALR1
GO:BP,GO:0001776,leukocyte homeostasis,0.33783980590896445,False,1,111,11,3629,ENSG00000157456,CCNB2
GO:BP,GO:0001701,in utero embryonic development,0.33812974692306297,False,2,111,35,3629,ENSG00000171310 ENSG00000157456,CHST11 CCNB2
GO:BP,GO:0010876,lipid localization,0.33812974692306297,False,2,111,35,3629,ENSG00000166573 ENSG00000070882,GALR1 OSBPL3
GO:BP,GO:0009895,negative regulation of catabolic process,0.33812974692306297,False,2,111,35,3629,ENSG00000010810 ENSG00000120907,FYN ADRA1A
GO:BP,GO:0030217,T cell differentiation,0.33812974692306297,False,2,111,35,3629,ENSG00000110497 ENSG00000115085,AMBRA1 ZAP70
GO:BP,GO:0006338,chromatin remodeling,0.3408647164441674,False,6,111,147,3629,ENSG00000178093 ENSG00000104885 ENSG00000143614 ENSG00000196182 ENSG00000174579 ENSG00000005483,TSSK6 DOT1L GATAD2B STK40 MSL2 KMT2E
GO:MF,GO:0140101,"catalytic activity, acting on a tRNA",0.34121042453962364,False,1,111,11,3629,ENSG00000137411,VARS2
GO:MF,GO:0016279,protein-lysine N-methyltransferase activity,0.34121042453962364,False,1,111,11,3629,ENSG00000104885,DOT1L
GO:MF,GO:1990837,sequence-specific double-stranded DNA binding,0.34121042453962364,False,6,111,146,3629,ENSG00000067082 ENSG00000169594 ENSG00000177374 ENSG00000186020 ENSG00000204231 ENSG00000167157,KLF6 BNC1 HIC1 ZNF529 RXRB PRRX2
GO:MF,GO:0008238,exopeptidase activity,0.34121042453962364,False,1,111,11,3629,ENSG00000103811,CTSH
GO:MF,GO:0060090,molecular adaptor activity,0.34121042453962364,False,5,111,117,3629,ENSG00000110497 ENSG00000245532 ENSG00000104885 ENSG00000174579 ENSG00000005483,AMBRA1 NEAT1 DOT1L MSL2 KMT2E
GO:MF,GO:0016278,lysine N-methyltransferase activity,0.34121042453962364,False,1,111,11,3629,ENSG00000104885,DOT1L
GO:MF,GO:0031492,nucleosomal DNA binding,0.34121042453962364,False,1,111,11,3629,ENSG00000143614,GATAD2B
GO:BP,GO:0006955,immune response,0.3446851312630834,False,7,111,177,3629,ENSG00000122986 ENSG00000103811 ENSG00000115085 ENSG00000154822 ENSG00000151422 ENSG00000113448 ENSG00000010810,HVCN1 CTSH ZAP70 PLCL2 FER PDE4D FYN
GO:MF,GO:0019900,kinase binding,0.34595501197596334,False,3,111,62,3629,ENSG00000171877 ENSG00000073417 ENSG00000155511,FRMD5 PDE8A GRIA1
GO:BP,GO:0016236,macroautophagy,0.35056594440891864,False,2,111,36,3629,ENSG00000110497 ENSG00000131558,AMBRA1 EXOC4
GO:BP,GO:2001233,regulation of apoptotic signaling pathway,0.35056594440891864,False,2,111,36,3629,ENSG00000103811 ENSG00000010810,CTSH FYN
GO:BP,GO:0051054,positive regulation of DNA metabolic process,0.35056594440891864,False,2,111,36,3629,ENSG00000158019 ENSG00000173273,BABAM2 TNKS
GO:BP,GO:0051247,positive regulation of protein metabolic process,0.35144957481828626,False,3,111,63,3629,ENSG00000161813 ENSG00000103811 ENSG00000196517,LARP4 CTSH SLC6A9
GO:BP,GO:0009135,purine nucleoside diphosphate metabolic process,0.3524072832599179,False,1,111,12,3629,ENSG00000111669,TPI1
GO:BP,GO:0009134,nucleoside diphosphate catabolic process,0.3524072832599179,False,1,111,12,3629,ENSG00000111669,TPI1
GO:BP,GO:0009132,nucleoside diphosphate metabolic process,0.3524072832599179,False,1,111,12,3629,ENSG00000111669,TPI1
GO:BP,GO:0032640,tumor necrosis factor production,0.3524072832599179,False,1,111,12,3629,ENSG00000258839,MC1R
GO:BP,GO:0032649,regulation of type II interferon production,0.3524072832599179,False,1,111,12,3629,ENSG00000113448,PDE4D
GO:BP,GO:0046032,ADP catabolic process,0.3524072832599179,False,1,111,12,3629,ENSG00000111669,TPI1
GO:BP,GO:0046031,ADP metabolic process,0.3524072832599179,False,1,111,12,3629,ENSG00000111669,TPI1
GO:BP,GO:0009137,purine nucleoside diphosphate catabolic process,0.3524072832599179,False,1,111,12,3629,ENSG00000111669,TPI1
GO:BP,GO:0009191,ribonucleoside diphosphate catabolic process,0.3524072832599179,False,1,111,12,3629,ENSG00000111669,TPI1
GO:BP,GO:0045216,cell-cell junction organization,0.3524072832599179,False,1,111,12,3629,ENSG00000151422,FER
GO:BP,GO:0009185,ribonucleoside diphosphate metabolic process,0.3524072832599179,False,1,111,12,3629,ENSG00000111669,TPI1
GO:BP,GO:0009181,purine ribonucleoside diphosphate catabolic process,0.3524072832599179,False,1,111,12,3629,ENSG00000111669,TPI1
GO:BP,GO:0009743,response to carbohydrate,0.3524072832599179,False,1,111,12,3629,ENSG00000155511,GRIA1
GO:BP,GO:0032368,regulation of lipid transport,0.3524072832599179,False,1,111,12,3629,ENSG00000166573,GALR1
GO:BP,GO:0032680,regulation of tumor necrosis factor production,0.3524072832599179,False,1,111,12,3629,ENSG00000258839,MC1R
GO:BP,GO:0010212,response to ionizing radiation,0.3524072832599179,False,1,111,12,3629,ENSG00000158019,BABAM2
GO:BP,GO:0006096,glycolytic process,0.3524072832599179,False,1,111,12,3629,ENSG00000111669,TPI1
GO:BP,GO:0032204,regulation of telomere maintenance,0.3524072832599179,False,1,111,12,3629,ENSG00000173273,TNKS
GO:BP,GO:0007009,plasma membrane organization,0.3524072832599179,False,1,111,12,3629,ENSG00000130635,COL5A1
GO:BP,GO:0001913,T cell mediated cytotoxicity,0.3524072832599179,False,1,111,12,3629,ENSG00000103811,CTSH
GO:BP,GO:0030148,sphingolipid biosynthetic process,0.3524072832599179,False,1,111,12,3629,ENSG00000135454,B4GALNT1
GO:BP,GO:0000422,autophagy of mitochondrion,0.3524072832599179,False,1,111,12,3629,ENSG00000110497,AMBRA1
GO:BP,GO:0060294,cilium movement involved in cell motility,0.3524072832599179,False,1,111,12,3629,ENSG00000178093,TSSK6
GO:BP,GO:0021953,central nervous system neuron differentiation,0.3524072832599179,False,1,111,12,3629,ENSG00000251322,SHANK3
GO:BP,GO:0019364,pyridine nucleotide catabolic process,0.3524072832599179,False,1,111,12,3629,ENSG00000111669,TPI1
GO:BP,GO:0070936,protein K48-linked ubiquitination,0.3524072832599179,False,1,111,12,3629,ENSG00000089053,ANAPC5
GO:BP,GO:2000628,regulation of miRNA metabolic process,0.3524072832599179,False,1,111,12,3629,ENSG00000245532,NEAT1
GO:BP,GO:0060285,cilium-dependent cell motility,0.3524072832599179,False,1,111,12,3629,ENSG00000178093,TSSK6
GO:BP,GO:2001243,negative regulation of intrinsic apoptotic signaling pathway,0.3524072832599179,False,1,111,12,3629,ENSG00000010810,FYN
GO:BP,GO:0043534,blood vessel endothelial cell migration,0.3524072832599179,False,1,111,12,3629,ENSG00000150630,VEGFC
GO:BP,GO:0007179,transforming growth factor beta receptor signaling pathway,0.3524072832599179,False,1,111,12,3629,ENSG00000171310,CHST11
GO:BP,GO:0007224,smoothened signaling pathway,0.3524072832599179,False,1,111,12,3629,ENSG00000168778,TCTN2
GO:BP,GO:0090263,positive regulation of canonical Wnt signaling pathway,0.3524072832599179,False,1,111,12,3629,ENSG00000173273,TNKS
GO:BP,GO:0009179,purine ribonucleoside diphosphate metabolic process,0.3524072832599179,False,1,111,12,3629,ENSG00000111669,TPI1
GO:BP,GO:0007586,digestion,0.3524072832599179,False,1,111,12,3629,ENSG00000159023,EPB41
GO:BP,GO:0051963,regulation of synapse assembly,0.3524072832599179,False,1,111,12,3629,ENSG00000135298,ADGRB3
GO:BP,GO:0007498,mesoderm development,0.3524072832599179,False,1,111,12,3629,ENSG00000131558,EXOC4
GO:BP,GO:0061014,positive regulation of mRNA catabolic process,0.3524072832599179,False,1,111,12,3629,ENSG00000100354,TNRC6B
GO:BP,GO:0061157,mRNA destabilization,0.3524072832599179,False,1,111,12,3629,ENSG00000100354,TNRC6B
GO:BP,GO:0046634,regulation of alpha-beta T cell activation,0.3524072832599179,False,1,111,12,3629,ENSG00000115085,ZAP70
GO:BP,GO:0009451,RNA modification,0.3524072832599179,False,1,111,12,3629,ENSG00000166133,RPUSD2
GO:BP,GO:0048477,oogenesis,0.3524072832599179,False,1,111,12,3629,ENSG00000169594,BNC1
GO:BP,GO:0000086,G2/M transition of mitotic cell cycle,0.3524072832599179,False,1,111,12,3629,ENSG00000158019,BABAM2
GO:BP,GO:0001539,cilium or flagellum-dependent cell motility,0.3524072832599179,False,1,111,12,3629,ENSG00000178093,TSSK6
GO:BP,GO:0070664,negative regulation of leukocyte proliferation,0.3524072832599179,False,1,111,12,3629,ENSG00000002822,MAD1L1
GO:BP,GO:0071706,tumor necrosis factor superfamily cytokine production,0.3524072832599179,False,1,111,12,3629,ENSG00000258839,MC1R
GO:BP,GO:1903555,regulation of tumor necrosis factor superfamily cytokine production,0.3524072832599179,False,1,111,12,3629,ENSG00000258839,MC1R
GO:BP,GO:0022600,digestive system process,0.3524072832599179,False,1,111,12,3629,ENSG00000159023,EPB41
GO:BP,GO:0050778,positive regulation of immune response,0.3524072832599179,False,4,111,92,3629,ENSG00000115085 ENSG00000154822 ENSG00000113448 ENSG00000010810,ZAP70 PLCL2 PDE4D FYN
GO:BP,GO:0010507,negative regulation of autophagy,0.3524072832599179,False,1,111,12,3629,ENSG00000120907,ADRA1A
GO:BP,GO:0010595,positive regulation of endothelial cell migration,0.3524072832599179,False,1,111,12,3629,ENSG00000150630,VEGFC
GO:MF,GO:0004842,ubiquitin-protein transferase activity,0.35312916873430167,False,2,111,36,3629,ENSG00000174579 ENSG00000112659,MSL2 CUL9
GO:MF,GO:0004175,endopeptidase activity,0.35312916873430167,False,2,111,36,3629,ENSG00000103811 ENSG00000184903,CTSH IMMP2L
GO:BP,GO:0016055,Wnt signaling pathway,0.3542179921939821,False,2,111,37,3629,ENSG00000177374 ENSG00000173273,HIC1 TNKS
GO:BP,GO:0043410,positive regulation of MAPK cascade,0.3542179921939821,False,2,111,37,3629,ENSG00000073417 ENSG00000120907,PDE8A ADRA1A
GO:MF,GO:0004866,endopeptidase inhibitor activity,0.35494967021351853,False,1,111,12,3629,ENSG00000055955,ITIH4
GO:MF,GO:0140375,immune receptor activity,0.35494967021351853,False,1,111,12,3629,ENSG00000103811,CTSH
GO:MF,GO:0051540,metal cluster binding,0.35494967021351853,False,1,111,12,3629,ENSG00000188641,DPYD
GO:MF,GO:0051536,iron-sulfur cluster binding,0.35494967021351853,False,1,111,12,3629,ENSG00000188641,DPYD
GO:MF,GO:0016779,nucleotidyltransferase activity,0.35494967021351853,False,1,111,12,3629,ENSG00000173273,TNKS
GO:MF,GO:0042054,histone methyltransferase activity,0.35494967021351853,False,1,111,12,3629,ENSG00000104885,DOT1L
GO:MF,GO:0099094,ligand-gated monoatomic cation channel activity,0.35494967021351853,False,1,111,12,3629,ENSG00000155511,GRIA1
GO:MF,GO:0042803,protein homodimerization activity,0.35494967021351853,False,3,111,64,3629,ENSG00000122986 ENSG00000111669 ENSG00000188641,HVCN1 TPI1 DPYD
GO:MF,GO:0043021,ribonucleoprotein complex binding,0.35494967021351853,False,1,111,12,3629,ENSG00000245532,NEAT1
GO:MF,GO:0000981,"DNA-binding transcription factor activity, RNA polymerase II-specific",0.35494967021351853,False,5,111,121,3629,ENSG00000067082 ENSG00000177374 ENSG00000186020 ENSG00000204231 ENSG00000167157,KLF6 HIC1 ZNF529 RXRB PRRX2
GO:MF,GO:0005516,calmodulin binding,0.35494967021351853,False,1,111,12,3629,ENSG00000159023,EPB41
GO:MF,GO:0019787,ubiquitin-like protein transferase activity,0.35629569276347756,False,2,111,37,3629,ENSG00000174579 ENSG00000112659,MSL2 CUL9
GO:CC,GO:0044853,plasma membrane raft,0.35756600448769643,False,1,111,11,3629,ENSG00000120907,ADRA1A
GO:CC,GO:0005793,endoplasmic reticulum-Golgi intermediate compartment,0.35756600448769643,False,1,111,11,3629,ENSG00000155511,GRIA1
GO:CC,GO:0005773,vacuole,0.35756600448769643,False,4,111,89,3629,ENSG00000110497 ENSG00000103811 ENSG00000149927 ENSG00000103042,AMBRA1 CTSH DOC2A SLC38A7
GO:CC,GO:1905369,endopeptidase complex,0.35756600448769643,False,1,111,11,3629,ENSG00000184903,IMMP2L
GO:CC,GO:0005776,autophagosome,0.35756600448769643,False,1,111,11,3629,ENSG00000110497,AMBRA1
GO:BP,GO:0051321,meiotic cell cycle,0.36689476461561166,False,2,111,38,3629,ENSG00000089053 ENSG00000157456,ANAPC5 CCNB2
GO:MF,GO:0030674,protein-macromolecule adaptor activity,0.36727770878194244,False,4,111,94,3629,ENSG00000110497 ENSG00000245532 ENSG00000104885 ENSG00000005483,AMBRA1 NEAT1 DOT1L KMT2E
GO:BP,GO:0006897,endocytosis,0.3707300607004669,False,3,111,66,3629,ENSG00000155511 ENSG00000010810 ENSG00000079691,GRIA1 FYN CARMIL1
GO:BP,GO:0006109,regulation of carbohydrate metabolic process,0.3712199182824503,False,1,111,13,3629,ENSG00000103056,SMPD3
GO:BP,GO:0046777,protein autophosphorylation,0.3712199182824503,False,1,111,13,3629,ENSG00000151422,FER
GO:BP,GO:0050657,nucleic acid transport,0.3712199182824503,False,1,111,13,3629,ENSG00000173273,TNKS
GO:BP,GO:0050671,positive regulation of lymphocyte proliferation,0.3712199182824503,False,1,111,13,3629,ENSG00000115085,ZAP70
GO:BP,GO:0021915,neural tube development,0.3712199182824503,False,1,111,13,3629,ENSG00000110497,AMBRA1
GO:BP,GO:0050779,RNA destabilization,0.3712199182824503,False,1,111,13,3629,ENSG00000100354,TNRC6B
GO:BP,GO:0006403,RNA localization,0.3712199182824503,False,1,111,13,3629,ENSG00000173273,TNKS
GO:BP,GO:0050658,RNA transport,0.3712199182824503,False,1,111,13,3629,ENSG00000173273,TNKS
GO:BP,GO:0051236,establishment of RNA localization,0.3712199182824503,False,1,111,13,3629,ENSG00000173273,TNKS
GO:BP,GO:0010586,miRNA metabolic process,0.3712199182824503,False,1,111,13,3629,ENSG00000245532,NEAT1
GO:BP,GO:0030278,regulation of ossification,0.3712199182824503,False,1,111,13,3629,ENSG00000204231,RXRB
GO:BP,GO:0045132,meiotic chromosome segregation,0.3712199182824503,False,1,111,13,3629,ENSG00000157456,CCNB2
GO:BP,GO:0030218,erythrocyte differentiation,0.3712199182824503,False,1,111,13,3629,ENSG00000005483,KMT2E
GO:BP,GO:0046632,alpha-beta T cell differentiation,0.3712199182824503,False,1,111,13,3629,ENSG00000115085,ZAP70
GO:BP,GO:0072526,pyridine-containing compound catabolic process,0.3712199182824503,False,1,111,13,3629,ENSG00000111669,TPI1
GO:BP,GO:0032609,type II interferon production,0.3712199182824503,False,1,111,13,3629,ENSG00000113448,PDE4D
GO:BP,GO:0032946,positive regulation of mononuclear cell proliferation,0.3712199182824503,False,1,111,13,3629,ENSG00000115085,ZAP70
GO:BP,GO:0006906,vesicle fusion,0.3712199182824503,False,1,111,13,3629,ENSG00000149927,DOC2A
GO:BP,GO:0042102,positive regulation of T cell proliferation,0.3712199182824503,False,1,111,13,3629,ENSG00000115085,ZAP70
GO:BP,GO:0060348,bone development,0.3712199182824503,False,1,111,13,3629,ENSG00000103056,SMPD3
GO:BP,GO:1905952,regulation of lipid localization,0.3712199182824503,False,1,111,13,3629,ENSG00000166573,GALR1
GO:BP,GO:0033108,mitochondrial respiratory chain complex assembly,0.3712199182824503,False,1,111,13,3629,ENSG00000184903,IMMP2L
GO:BP,GO:0090174,organelle membrane fusion,0.3712199182824503,False,1,111,13,3629,ENSG00000149927,DOC2A
GO:BP,GO:0042476,odontogenesis,0.3712199182824503,False,1,111,13,3629,ENSG00000103056,SMPD3
GO:MF,GO:0019888,protein phosphatase regulator activity,0.3729600563070792,False,1,111,13,3629,ENSG00000110497,AMBRA1
GO:MF,GO:0052689,carboxylic ester hydrolase activity,0.3729600563070792,False,1,111,13,3629,ENSG00000137411,VARS2
GO:MF,GO:0022834,ligand-gated channel activity,0.3729600563070792,False,1,111,13,3629,ENSG00000155511,GRIA1
GO:MF,GO:0030414,peptidase inhibitor activity,0.3729600563070792,False,1,111,13,3629,ENSG00000055955,ITIH4
GO:MF,GO:0015276,ligand-gated monoatomic ion channel activity,0.3729600563070792,False,1,111,13,3629,ENSG00000155511,GRIA1
GO:BP,GO:0007507,heart development,0.3745701311441437,False,2,111,39,3629,ENSG00000120907 ENSG00000130635,ADRA1A COL5A1
GO:BP,GO:0000819,sister chromatid segregation,0.3745701311441437,False,2,111,39,3629,ENSG00000089053 ENSG00000002822,ANAPC5 MAD1L1
GO:BP,GO:0010498,proteasomal protein catabolic process,0.3745701311441437,False,2,111,39,3629,ENSG00000110497 ENSG00000089053,AMBRA1 ANAPC5
GO:BP,GO:0006396,RNA processing,0.37636819813237216,False,4,111,96,3629,ENSG00000133687 ENSG00000166133 ENSG00000100403 ENSG00000163635,TMTC1 RPUSD2 ZC3H7B ATXN7
GO:CC,GO:0098827,endoplasmic reticulum subcompartment,0.37930865316007634,False,4,111,92,3629,ENSG00000151778 ENSG00000155511 ENSG00000070882 ENSG00000168077,SERP2 GRIA1 OSBPL3 SCARA3
GO:CC,GO:0005789,endoplasmic reticulum membrane,0.37930865316007634,False,4,111,92,3629,ENSG00000151778 ENSG00000155511 ENSG00000070882 ENSG00000168077,SERP2 GRIA1 OSBPL3 SCARA3
GO:CC,GO:0032154,cleavage furrow,0.37930865316007634,False,1,111,12,3629,ENSG00000124356,STAMBP
GO:CC,GO:0005795,Golgi stack,0.37930865316007634,False,1,111,12,3629,ENSG00000103056,SMPD3
GO:BP,GO:0033365,protein localization to organelle,0.3840329713414849,False,4,111,97,3629,ENSG00000168778 ENSG00000007402 ENSG00000010810 ENSG00000173273,TCTN2 CACNA2D2 FYN TNKS
GO:BP,GO:0008285,negative regulation of cell population proliferation,0.38425452130736704,False,3,111,68,3629,ENSG00000110497 ENSG00000002822 ENSG00000120907,AMBRA1 MAD1L1 ADRA1A
GO:BP,GO:0034101,erythrocyte homeostasis,0.3882691853737452,False,1,111,14,3629,ENSG00000005483,KMT2E
GO:BP,GO:0036293,response to decreased oxygen levels,0.3882691853737452,False,1,111,14,3629,ENSG00000150630,VEGFC
GO:BP,GO:0055074,calcium ion homeostasis,0.3882691853737452,False,1,111,14,3629,ENSG00000185518,SV2B
GO:BP,GO:0007411,axon guidance,0.3882691853737452,False,1,111,14,3629,ENSG00000010810,FYN
GO:BP,GO:0043484,regulation of RNA splicing,0.3882691853737452,False,1,111,14,3629,ENSG00000163635,ATXN7
GO:BP,GO:0032869,cellular response to insulin stimulus,0.3882691853737452,False,1,111,14,3629,ENSG00000151422,FER
GO:BP,GO:0043087,regulation of GTPase activity,0.3882691853737452,False,1,111,14,3629,ENSG00000182732,RGS6
GO:BP,GO:0072331,signal transduction by p53 class mediator,0.3882691853737452,False,1,111,14,3629,ENSG00000177374,HIC1
GO:BP,GO:0006006,glucose metabolic process,0.3882691853737452,False,1,111,14,3629,ENSG00000111669,TPI1
GO:BP,GO:0097485,neuron projection guidance,0.3882691853737452,False,1,111,14,3629,ENSG00000010810,FYN
GO:BP,GO:0006399,tRNA metabolic process,0.3882691853737452,False,1,111,14,3629,ENSG00000137411,VARS2
GO:BP,GO:1902749,regulation of cell cycle G2/M phase transition,0.3882691853737452,False,1,111,14,3629,ENSG00000158019,BABAM2
GO:BP,GO:0006090,pyruvate metabolic process,0.3882691853737452,False,1,111,14,3629,ENSG00000111669,TPI1
GO:BP,GO:0006413,translational initiation,0.3882691853737452,False,1,111,14,3629,ENSG00000082153,BZW1
GO:BP,GO:0032101,regulation of response to external stimulus,0.3882691853737452,False,4,111,98,3629,ENSG00000245532 ENSG00000150630 ENSG00000010810 ENSG00000213654,NEAT1 VEGFC FYN GPSM3
GO:BP,GO:0006986,response to unfolded protein,0.3882691853737452,False,1,111,14,3629,ENSG00000151778,SERP2
GO:BP,GO:0048754,branching morphogenesis of an epithelial tube,0.3882691853737452,False,1,111,14,3629,ENSG00000103811,CTSH
GO:BP,GO:1903034,regulation of response to wounding,0.3882691853737452,False,1,111,14,3629,ENSG00000113070,HBEGF
GO:BP,GO:1903313,positive regulation of mRNA metabolic process,0.3882691853737452,False,1,111,14,3629,ENSG00000100354,TNRC6B
GO:BP,GO:0015918,sterol transport,0.3882691853737452,False,1,111,14,3629,ENSG00000070882,OSBPL3
GO:BP,GO:0050954,sensory perception of mechanical stimulus,0.3882691853737452,False,1,111,14,3629,ENSG00000010810,FYN
GO:BP,GO:0001666,response to hypoxia,0.3882691853737452,False,1,111,14,3629,ENSG00000150630,VEGFC
GO:BP,GO:0030162,regulation of proteolysis,0.3882691853737452,False,1,111,14,3629,ENSG00000103811,CTSH
GO:BP,GO:0002244,hematopoietic progenitor cell differentiation,0.3882691853737452,False,1,111,14,3629,ENSG00000103056,SMPD3
GO:BP,GO:0000956,nuclear-transcribed mRNA catabolic process,0.3882691853737452,False,1,111,14,3629,ENSG00000100354,TNRC6B
GO:BP,GO:0006508,proteolysis,0.3888178162579033,False,3,111,69,3629,ENSG00000103811 ENSG00000124356 ENSG00000184903,CTSH STAMBP IMMP2L
GO:MF,GO:0003723,RNA binding,0.3905723989738208,False,7,111,188,3629,ENSG00000245532 ENSG00000111011 ENSG00000161813 ENSG00000166133 ENSG00000100354 ENSG00000100403 ENSG00000082153,NEAT1 RSRC2 LARP4 RPUSD2 TNRC6B ZC3H7B BZW1
GO:MF,GO:0008276,protein methyltransferase activity,0.3905723989738208,False,1,111,14,3629,ENSG00000104885,DOT1L
GO:MF,GO:0008170,N-methyltransferase activity,0.3905723989738208,False,1,111,14,3629,ENSG00000104885,DOT1L
GO:MF,GO:0031491,nucleosome binding,0.3905723989738208,False,1,111,14,3629,ENSG00000143614,GATAD2B
GO:MF,GO:0061135,endopeptidase regulator activity,0.3905723989738208,False,1,111,14,3629,ENSG00000055955,ITIH4
GO:MF,GO:0042826,histone deacetylase binding,0.3905723989738208,False,1,111,14,3629,ENSG00000177374,HIC1
GO:CC,GO:0042175,nuclear outer membrane-endoplasmic reticulum membrane network,0.3929896417959234,False,4,111,94,3629,ENSG00000151778 ENSG00000155511 ENSG00000070882 ENSG00000168077,SERP2 GRIA1 OSBPL3 SCARA3
GO:BP,GO:0140694,membraneless organelle assembly,0.3939336181686846,False,2,111,41,3629,ENSG00000157456 ENSG00000173273,CCNB2 TNKS
GO:CC,GO:0030669,clathrin-coated endocytic vesicle membrane,0.3970603164979483,False,1,111,13,3629,ENSG00000113070,HBEGF
GO:CC,GO:0001726,ruffle,0.3970603164979483,False,1,111,13,3629,ENSG00000023902,PLEKHO1
GO:CC,GO:1902911,protein kinase complex,0.3970603164979483,False,1,111,13,3629,ENSG00000157456,CCNB2
GO:CC,GO:1902554,serine/threonine protein kinase complex,0.3970603164979483,False,1,111,13,3629,ENSG00000157456,CCNB2
GO:CC,GO:0030670,phagocytic vesicle membrane,0.3970603164979483,False,1,111,13,3629,ENSG00000122986,HVCN1
GO:BP,GO:0019752,carboxylic acid metabolic process,0.3977363930487932,False,3,111,70,3629,ENSG00000111669 ENSG00000188641 ENSG00000070882,TPI1 DPYD OSBPL3
GO:BP,GO:0051276,chromosome organization,0.40179034489724913,False,4,111,100,3629,ENSG00000089053 ENSG00000104885 ENSG00000002822 ENSG00000173273,ANAPC5 DOT1L MAD1L1 TNKS
GO:BP,GO:0031396,regulation of protein ubiquitination,0.4049066834064961,False,1,111,15,3629,ENSG00000010810,FYN
GO:BP,GO:0007052,mitotic spindle organization,0.4049066834064961,False,1,111,15,3629,ENSG00000173273,TNKS
GO:BP,GO:0048511,rhythmic process,0.4049066834064961,False,1,111,15,3629,ENSG00000133256,PDE6B
GO:BP,GO:0017148,negative regulation of translation,0.4049066834064961,False,1,111,15,3629,ENSG00000100354,TNRC6B
GO:BP,GO:0050905,neuromuscular process,0.4049066834064961,False,1,111,15,3629,ENSG00000251322,SHANK3
GO:BP,GO:0070665,positive regulation of leukocyte proliferation,0.4049066834064961,False,1,111,15,3629,ENSG00000115085,ZAP70
GO:BP,GO:0051250,negative regulation of lymphocyte activation,0.4049066834064961,False,1,111,15,3629,ENSG00000002822,MAD1L1
GO:BP,GO:0002040,sprouting angiogenesis,0.4049066834064961,False,1,111,15,3629,ENSG00000150630,VEGFC
GO:BP,GO:0010594,regulation of endothelial cell migration,0.4049066834064961,False,1,111,15,3629,ENSG00000150630,VEGFC
GO:BP,GO:0050868,negative regulation of T cell activation,0.4049066834064961,False,1,111,15,3629,ENSG00000002822,MAD1L1
GO:BP,GO:0032200,telomere organization,0.4049066834064961,False,2,111,42,3629,ENSG00000104885 ENSG00000173273,DOT1L TNKS
GO:BP,GO:0090092,regulation of transmembrane receptor protein serine/threonine kinase signaling pathway,0.4049066834064961,False,1,111,15,3629,ENSG00000171310,CHST11
GO:BP,GO:1900180,regulation of protein localization to nucleus,0.4049066834064961,False,1,111,15,3629,ENSG00000010810,FYN
GO:BP,GO:0003341,cilium movement,0.4049066834064961,False,1,111,15,3629,ENSG00000178093,TSSK6
GO:BP,GO:0097529,myeloid leukocyte migration,0.4049066834064961,False,1,111,15,3629,ENSG00000150630,VEGFC
GO:BP,GO:0008361,regulation of cell size,0.4049066834064961,False,1,111,15,3629,ENSG00000251322,SHANK3
GO:BP,GO:0007338,single fertilization,0.4049066834064961,False,1,111,15,3629,ENSG00000122986,HVCN1
GO:BP,GO:0032787,monocarboxylic acid metabolic process,0.4049066834064961,False,2,111,42,3629,ENSG00000111669 ENSG00000070882,TPI1 OSBPL3
GO:BP,GO:0030177,positive regulation of Wnt signaling pathway,0.4049066834064961,False,1,111,15,3629,ENSG00000173273,TNKS
GO:BP,GO:0070482,response to oxygen levels,0.4049066834064961,False,1,111,15,3629,ENSG00000150630,VEGFC
GO:BP,GO:0034644,cellular response to UV,0.4049066834064961,False,1,111,15,3629,ENSG00000258839,MC1R
GO:BP,GO:0061025,membrane fusion,0.4049066834064961,False,1,111,15,3629,ENSG00000149927,DOC2A
GO:BP,GO:2001242,regulation of intrinsic apoptotic signaling pathway,0.4049066834064961,False,1,111,15,3629,ENSG00000010810,FYN
GO:BP,GO:0043436,oxoacid metabolic process,0.41118299766129707,False,3,111,72,3629,ENSG00000111669 ENSG00000188641 ENSG00000070882,TPI1 DPYD OSBPL3
GO:BP,GO:0006082,organic acid metabolic process,0.41118299766129707,False,3,111,72,3629,ENSG00000111669 ENSG00000188641 ENSG00000070882,TPI1 DPYD OSBPL3
GO:CC,GO:0000932,P-body,0.417401201051082,False,1,111,14,3629,ENSG00000100354,TNRC6B
GO:CC,GO:0032153,cell division site,0.417401201051082,False,1,111,14,3629,ENSG00000124356,STAMBP
GO:CC,GO:0019898,extrinsic component of membrane,0.417401201051082,False,1,111,14,3629,ENSG00000149927,DOC2A
GO:MF,GO:0045296,cadherin binding,0.4193236798612815,False,2,111,43,3629,ENSG00000157456 ENSG00000082153,CCNB2 BZW1
GO:MF,GO:0140678,molecular function inhibitor activity,0.4193236798612815,False,2,111,43,3629,ENSG00000245532 ENSG00000055955,NEAT1 ITIH4
GO:BP,GO:0071482,cellular response to light stimulus,0.42294858616651615,False,1,111,16,3629,ENSG00000258839,MC1R
GO:BP,GO:0043401,steroid hormone receptor signaling pathway,0.42294858616651615,False,1,111,16,3629,ENSG00000204231,RXRB
GO:BP,GO:1901888,regulation of cell junction assembly,0.42294858616651615,False,1,111,16,3629,ENSG00000135298,ADGRB3
GO:BP,GO:0006952,defense response,0.42294858616651615,False,6,111,165,3629,ENSG00000245532 ENSG00000122986 ENSG00000251322 ENSG00000055955 ENSG00000010810 ENSG00000213654,NEAT1 HVCN1 SHANK3 ITIH4 FYN GPSM3
GO:BP,GO:0030518,nuclear receptor-mediated steroid hormone signaling pathway,0.42294858616651615,False,1,111,16,3629,ENSG00000204231,RXRB
GO:BP,GO:1903038,negative regulation of leukocyte cell-cell adhesion,0.42294858616651615,False,1,111,16,3629,ENSG00000002822,MAD1L1
GO:BP,GO:0002443,leukocyte mediated immunity,0.42294858616651615,False,2,111,44,3629,ENSG00000103811 ENSG00000005483,CTSH KMT2E
GO:BP,GO:0002698,negative regulation of immune effector process,0.42294858616651615,False,1,111,16,3629,ENSG00000151422,FER
GO:BP,GO:0035966,response to topologically incorrect protein,0.42294858616651615,False,1,111,16,3629,ENSG00000151778,SERP2
GO:BP,GO:0051053,negative regulation of DNA metabolic process,0.42294858616651615,False,1,111,16,3629,ENSG00000173273,TNKS
GO:BP,GO:0050728,negative regulation of inflammatory response,0.42294858616651615,False,1,111,16,3629,ENSG00000010810,FYN
GO:BP,GO:0016311,dephosphorylation,0.42294858616651615,False,1,111,16,3629,ENSG00000147535,PLPP5
GO:BP,GO:0030178,negative regulation of Wnt signaling pathway,0.42294858616651615,False,1,111,16,3629,ENSG00000177374,HIC1
GO:MF,GO:0008234,cysteine-type peptidase activity,0.428045625811408,False,1,111,16,3629,ENSG00000103811,CTSH
GO:MF,GO:0005201,extracellular matrix structural constituent,0.428045625811408,False,1,111,16,3629,ENSG00000130635,COL5A1
GO:MF,GO:0051082,unfolded protein binding,0.428045625811408,False,1,111,16,3629,ENSG00000120725,SIL1
GO:MF,GO:0019208,phosphatase regulator activity,0.428045625811408,False,1,111,16,3629,ENSG00000110497,AMBRA1
GO:CC,GO:0045334,clathrin-coated endocytic vesicle,0.43383022727697523,False,1,111,15,3629,ENSG00000113070,HBEGF
GO:CC,GO:0043204,perikaryon,0.43383022727697523,False,1,111,15,3629,ENSG00000010810,FYN
GO:CC,GO:0044391,ribosomal subunit,0.43383022727697523,False,1,111,15,3629,ENSG00000161813,LARP4
GO:CC,GO:0005875,microtubule associated complex,0.43383022727697523,False,1,111,15,3629,ENSG00000116852,KIF21B
GO:CC,GO:0016363,nuclear matrix,0.43383022727697523,False,1,111,15,3629,ENSG00000163635,ATXN7
GO:BP,GO:0009611,response to wounding,0.43392555360732604,False,2,111,45,3629,ENSG00000113070 ENSG00000130635,HBEGF COL5A1
GO:MF,GO:0003712,transcription coregulator activity,0.4385070581731811,False,2,111,45,3629,ENSG00000104885 ENSG00000005483,DOT1L KMT2E
GO:CC,GO:0005794,Golgi apparatus,0.4388723153820101,False,5,111,132,3629,ENSG00000171310 ENSG00000135454 ENSG00000103056 ENSG00000168077 ENSG00000173273,CHST11 B4GALNT1 SMPD3 SCARA3 TNKS
GO:BP,GO:0061138,morphogenesis of a branching epithelium,0.4398793277352462,False,1,111,17,3629,ENSG00000103811,CTSH
GO:BP,GO:0120032,regulation of plasma membrane bounded cell projection assembly,0.4398793277352462,False,1,111,17,3629,ENSG00000151422,FER
GO:BP,GO:0016052,carbohydrate catabolic process,0.4398793277352462,False,1,111,17,3629,ENSG00000111669,TPI1
GO:BP,GO:0010976,positive regulation of neuron projection development,0.4398793277352462,False,1,111,17,3629,ENSG00000010810,FYN
GO:BP,GO:0016485,protein processing,0.4398793277352462,False,1,111,17,3629,ENSG00000103811,CTSH
GO:BP,GO:0031400,negative regulation of protein modification process,0.4398793277352462,False,1,111,17,3629,ENSG00000010810,FYN
GO:BP,GO:0031333,negative regulation of protein-containing complex assembly,0.4398793277352462,False,1,111,17,3629,ENSG00000079691,CARMIL1
GO:BP,GO:0141193,nuclear receptor-mediated signaling pathway,0.4398793277352462,False,1,111,17,3629,ENSG00000204231,RXRB
GO:BP,GO:0042594,response to starvation,0.4398793277352462,False,1,111,17,3629,ENSG00000110497,AMBRA1
GO:BP,GO:0032868,response to insulin,0.4398793277352462,False,1,111,17,3629,ENSG00000151422,FER
GO:BP,GO:0048284,organelle fusion,0.4398793277352462,False,1,111,17,3629,ENSG00000149927,DOC2A
GO:BP,GO:0046631,alpha-beta T cell activation,0.4398793277352462,False,1,111,17,3629,ENSG00000115085,ZAP70
GO:BP,GO:1990138,neuron projection extension,0.4398793277352462,False,1,111,17,3629,ENSG00000176406,RIMS2
GO:BP,GO:0048738,cardiac muscle tissue development,0.4398793277352462,False,1,111,17,3629,ENSG00000120907,ADRA1A
GO:MF,GO:0005085,guanyl-nucleotide exchange factor activity,0.44251636495173235,False,1,111,17,3629,ENSG00000205517,RGL3
GO:MF,GO:0000287,magnesium ion binding,0.44251636495173235,False,1,111,17,3629,ENSG00000178093,TSSK6
GO:MF,GO:0016874,ligase activity,0.44251636495173235,False,1,111,17,3629,ENSG00000137411,VARS2
GO:MF,GO:0008237,metallopeptidase activity,0.44251636495173235,False,1,111,17,3629,ENSG00000124356,STAMBP
GO:MF,GO:0016829,lyase activity,0.44251636495173235,False,1,111,17,3629,ENSG00000111669,TPI1
GO:CC,GO:0031966,mitochondrial membrane,0.4478794115695336,False,3,111,73,3629,ENSG00000110497 ENSG00000184903 ENSG00000104442,AMBRA1 IMMP2L ARMC1
GO:BP,GO:0001816,cytokine production,0.45010400457940863,False,3,111,77,3629,ENSG00000258839 ENSG00000113448 ENSG00000213654,MC1R PDE4D GPSM3
GO:BP,GO:0001817,regulation of cytokine production,0.45010400457940863,False,3,111,77,3629,ENSG00000258839 ENSG00000113448 ENSG00000213654,MC1R PDE4D GPSM3
GO:CC,GO:0055038,recycling endosome membrane,0.4504672335985186,False,1,111,16,3629,ENSG00000155511,GRIA1
GO:CC,GO:0012507,ER to Golgi transport vesicle membrane,0.4504672335985186,False,1,111,16,3629,ENSG00000155511,GRIA1
GO:CC,GO:0070062,extracellular exosome,0.45440396966207375,False,8,111,228,3629,ENSG00000111669 ENSG00000103811 ENSG00000073417 ENSG00000115828 ENSG00000124356 ENSG00000055955 ENSG00000079691 ENSG00000176406,TPI1 CTSH PDE8A QPCT STAMBP ITIH4 CARMIL1 RIMS2
GO:BP,GO:0043086,negative regulation of catalytic activity,0.45471586212214077,False,1,111,18,3629,ENSG00000166573,GALR1
GO:BP,GO:0009566,fertilization,0.45471586212214077,False,1,111,18,3629,ENSG00000122986,HVCN1
GO:BP,GO:0043588,skin development,0.45471586212214077,False,1,111,18,3629,ENSG00000130635,COL5A1
GO:BP,GO:1901873,regulation of post-translational protein modification,0.45471586212214077,False,1,111,18,3629,ENSG00000010810,FYN
GO:BP,GO:0030336,negative regulation of cell migration,0.45471586212214077,False,1,111,18,3629,ENSG00000242498,ARPIN
GO:BP,GO:0019318,hexose metabolic process,0.45471586212214077,False,1,111,18,3629,ENSG00000111669,TPI1
GO:BP,GO:0016071,mRNA metabolic process,0.45471586212214077,False,3,111,78,3629,ENSG00000166133 ENSG00000100354 ENSG00000204231,RPUSD2 TNRC6B RXRB
GO:BP,GO:1902850,microtubule cytoskeleton organization involved in mitosis,0.45471586212214077,False,1,111,18,3629,ENSG00000173273,TNKS
GO:BP,GO:0006364,rRNA processing,0.45471586212214077,False,1,111,18,3629,ENSG00000166133,RPUSD2
GO:BP,GO:0002285,lymphocyte activation involved in immune response,0.45471586212214077,False,1,111,18,3629,ENSG00000154822,PLCL2
GO:BP,GO:1903320,regulation of protein modification by small protein conjugation or removal,0.45471586212214077,False,1,111,18,3629,ENSG00000010810,FYN
GO:BP,GO:0009913,epidermal cell differentiation,0.45471586212214077,False,1,111,18,3629,ENSG00000181291,TMEM132E
GO:BP,GO:0001822,kidney development,0.45471586212214077,False,1,111,18,3629,ENSG00000103811,CTSH
GO:BP,GO:0002262,myeloid cell homeostasis,0.45471586212214077,False,1,111,18,3629,ENSG00000005483,KMT2E
GO:BP,GO:0072330,monocarboxylic acid biosynthetic process,0.45471586212214077,False,1,111,18,3629,ENSG00000070882,OSBPL3
GO:BP,GO:0000723,telomere maintenance,0.45471586212214077,False,1,111,18,3629,ENSG00000173273,TNKS
GO:BP,GO:0001763,morphogenesis of a branching structure,0.45471586212214077,False,1,111,18,3629,ENSG00000103811,CTSH
GO:BP,GO:0070507,regulation of microtubule cytoskeleton organization,0.45471586212214077,False,1,111,18,3629,ENSG00000163635,ATXN7
GO:BP,GO:0051310,metaphase chromosome alignment,0.45471586212214077,False,1,111,18,3629,ENSG00000002822,MAD1L1
GO:BP,GO:0060491,regulation of cell projection assembly,0.45471586212214077,False,1,111,18,3629,ENSG00000151422,FER
GO:MF,GO:0016462,pyrophosphatase activity,0.4580805663294451,False,3,111,78,3629,ENSG00000182732 ENSG00000116852 ENSG00000147535,RGS6 KIF21B PLPP5
GO:MF,GO:0016818,"hydrolase activity, acting on acid anhydrides, in phosphorus-containing anhydrides",0.4580805663294451,False,3,111,78,3629,ENSG00000182732 ENSG00000116852 ENSG00000147535,RGS6 KIF21B PLPP5
GO:MF,GO:0016791,phosphatase activity,0.4580805663294451,False,1,111,18,3629,ENSG00000147535,PLPP5
GO:MF,GO:0016817,"hydrolase activity, acting on acid anhydrides",0.4580805663294451,False,3,111,78,3629,ENSG00000182732 ENSG00000116852 ENSG00000147535,RGS6 KIF21B PLPP5
GO:CC,GO:0005874,microtubule,0.45956910258861855,False,2,111,45,3629,ENSG00000066735 ENSG00000116852,KIF26A KIF21B
GO:CC,GO:0065010,extracellular membrane-bounded organelle,0.45956910258861855,False,8,111,230,3629,ENSG00000111669 ENSG00000103811 ENSG00000073417 ENSG00000115828 ENSG00000124356 ENSG00000055955 ENSG00000079691 ENSG00000176406,TPI1 CTSH PDE8A QPCT STAMBP ITIH4 CARMIL1 RIMS2
GO:CC,GO:1903561,extracellular vesicle,0.45956910258861855,False,8,111,230,3629,ENSG00000111669 ENSG00000103811 ENSG00000073417 ENSG00000115828 ENSG00000124356 ENSG00000055955 ENSG00000079691 ENSG00000176406,TPI1 CTSH PDE8A QPCT STAMBP ITIH4 CARMIL1 RIMS2
GO:CC,GO:0043230,extracellular organelle,0.45956910258861855,False,8,111,230,3629,ENSG00000111669 ENSG00000103811 ENSG00000073417 ENSG00000115828 ENSG00000124356 ENSG00000055955 ENSG00000079691 ENSG00000176406,TPI1 CTSH PDE8A QPCT STAMBP ITIH4 CARMIL1 RIMS2
GO:CC,GO:0009898,cytoplasmic side of plasma membrane,0.4602891199758631,False,1,111,17,3629,ENSG00000151422,FER
GO:CC,GO:0030665,clathrin-coated vesicle membrane,0.4602891199758631,False,1,111,17,3629,ENSG00000113070,HBEGF
GO:CC,GO:0045171,intercellular bridge,0.4602891199758631,False,1,111,17,3629,ENSG00000159023,EPB41
GO:CC,GO:0030135,coated vesicle,0.46180470028060816,False,2,111,46,3629,ENSG00000113070 ENSG00000155511,HBEGF GRIA1
GO:BP,GO:0007127,meiosis I,0.4714927597627518,False,1,111,19,3629,ENSG00000157456,CCNB2
GO:BP,GO:0072001,renal system development,0.4714927597627518,False,1,111,19,3629,ENSG00000103811,CTSH
GO:BP,GO:0071674,mononuclear cell migration,0.4714927597627518,False,1,111,19,3629,ENSG00000115085,ZAP70
GO:BP,GO:0001909,leukocyte mediated cytotoxicity,0.4714927597627518,False,1,111,19,3629,ENSG00000103811,CTSH
GO:BP,GO:0031399,regulation of protein modification process,0.4714927597627518,False,2,111,49,3629,ENSG00000151422 ENSG00000010810,FER FYN
GO:BP,GO:0015931,nucleobase-containing compound transport,0.4714927597627518,False,1,111,19,3629,ENSG00000173273,TNKS
GO:BP,GO:0009755,hormone-mediated signaling pathway,0.4714927597627518,False,1,111,19,3629,ENSG00000204231,RXRB
GO:BP,GO:0051248,negative regulation of protein metabolic process,0.4714927597627518,False,2,111,49,3629,ENSG00000100354 ENSG00000010810,TNRC6B FYN
GO:CC,GO:0030134,COPII-coated ER to Golgi transport vesicle,0.47471992037394467,False,1,111,18,3629,ENSG00000155511,GRIA1
GO:CC,GO:0005840,ribosome,0.47471992037394467,False,1,111,18,3629,ENSG00000161813,LARP4
GO:CC,GO:0070603,SWI/SNF superfamily-type complex,0.47471992037394467,False,1,111,18,3629,ENSG00000143614,GATAD2B
GO:CC,GO:0000323,lytic vacuole,0.4809673843903851,False,3,111,79,3629,ENSG00000103811 ENSG00000149927 ENSG00000103042,CTSH DOC2A SLC38A7
GO:CC,GO:0005764,lysosome,0.4809673843903851,False,3,111,79,3629,ENSG00000103811 ENSG00000149927 ENSG00000103042,CTSH DOC2A SLC38A7
GO:CC,GO:0098798,mitochondrial protein-containing complex,0.4852866558737168,False,1,111,19,3629,ENSG00000184903,IMMP2L
GO:CC,GO:0001669,acrosomal vesicle,0.4852866558737168,False,1,111,19,3629,ENSG00000185518,SV2B
GO:CC,GO:0001650,fibrillar center,0.4852866558737168,False,1,111,19,3629,ENSG00000067082,KLF6
GO:CC,GO:0005740,mitochondrial envelope,0.4852866558737168,False,3,111,80,3629,ENSG00000110497 ENSG00000184903 ENSG00000104442,AMBRA1 IMMP2L ARMC1
GO:BP,GO:0007286,spermatid development,0.48701032146600837,False,1,111,20,3629,ENSG00000178093,TSSK6
GO:BP,GO:0016072,rRNA metabolic process,0.48701032146600837,False,1,111,20,3629,ENSG00000166133,RPUSD2
GO:BP,GO:0050906,detection of stimulus involved in sensory perception,0.48701032146600837,False,1,111,20,3629,ENSG00000010810,FYN
GO:BP,GO:0002456,T cell mediated immunity,0.48701032146600837,False,1,111,20,3629,ENSG00000103811,CTSH
GO:BP,GO:0018205,peptidyl-lysine modification,0.48701032146600837,False,1,111,20,3629,ENSG00000053438,NNAT
GO:BP,GO:0043010,camera-type eye development,0.48701032146600837,False,1,111,20,3629,ENSG00000133256,PDE6B
GO:BP,GO:0045739,positive regulation of DNA repair,0.48701032146600837,False,1,111,20,3629,ENSG00000158019,BABAM2
GO:BP,GO:0046496,nicotinamide nucleotide metabolic process,0.48701032146600837,False,1,111,20,3629,ENSG00000111669,TPI1
GO:BP,GO:0050000,chromosome localization,0.48701032146600837,False,1,111,20,3629,ENSG00000002822,MAD1L1
GO:BP,GO:0003007,heart morphogenesis,0.48701032146600837,False,1,111,20,3629,ENSG00000130635,COL5A1
GO:BP,GO:0048515,spermatid differentiation,0.48701032146600837,False,1,111,20,3629,ENSG00000178093,TSSK6
GO:CC,GO:0030496,midbody,0.4993034084989227,False,1,111,20,3629,ENSG00000131558,EXOC4
GO:CC,GO:0072562,blood microparticle,0.4993034084989227,False,1,111,20,3629,ENSG00000055955,ITIH4
GO:CC,GO:1904949,ATPase complex,0.4993034084989227,False,1,111,20,3629,ENSG00000143614,GATAD2B
GO:BP,GO:0043488,regulation of mRNA stability,0.5029679668184095,False,1,111,21,3629,ENSG00000100354,TNRC6B
GO:BP,GO:0090596,sensory organ morphogenesis,0.5029679668184095,False,1,111,21,3629,ENSG00000130635,COL5A1
GO:BP,GO:0006457,protein folding,0.5029679668184095,False,1,111,21,3629,ENSG00000120725,SIL1
GO:BP,GO:0072524,pyridine-containing compound metabolic process,0.5029679668184095,False,1,111,21,3629,ENSG00000111669,TPI1
GO:BP,GO:0042254,ribosome biogenesis,0.5029679668184095,False,1,111,21,3629,ENSG00000166133,RPUSD2
GO:BP,GO:0061982,meiosis I cell cycle process,0.5029679668184095,False,1,111,21,3629,ENSG00000157456,CCNB2
GO:BP,GO:1903706,regulation of hemopoiesis,0.5092666459859017,False,2,111,53,3629,ENSG00000110497 ENSG00000115085,AMBRA1 ZAP70
GO:BP,GO:0048863,stem cell differentiation,0.5175681834328258,False,1,111,22,3629,ENSG00000143614,GATAD2B
GO:BP,GO:0061013,regulation of mRNA catabolic process,0.5175681834328258,False,1,111,22,3629,ENSG00000100354,TNRC6B
GO:BP,GO:0006909,phagocytosis,0.5175681834328258,False,1,111,22,3629,ENSG00000010810,FYN
GO:BP,GO:0032886,regulation of microtubule-based process,0.5175681834328258,False,1,111,22,3629,ENSG00000163635,ATXN7
GO:BP,GO:0034976,response to endoplasmic reticulum stress,0.5175681834328258,False,1,111,22,3629,ENSG00000151778,SERP2
GO:BP,GO:0060560,developmental growth involved in morphogenesis,0.5175681834328258,False,1,111,22,3629,ENSG00000176406,RIMS2
GO:BP,GO:0001819,positive regulation of cytokine production,0.5175681834328258,False,2,111,54,3629,ENSG00000113448 ENSG00000213654,PDE4D GPSM3
GO:BP,GO:0046034,ATP metabolic process,0.5175681834328258,False,1,111,22,3629,ENSG00000111669,TPI1
GO:BP,GO:0071356,cellular response to tumor necrosis factor,0.5175681834328258,False,1,111,22,3629,ENSG00000103056,SMPD3
GO:MF,GO:0001217,DNA-binding transcription repressor activity,0.5261325400378424,False,1,111,22,3629,ENSG00000177374,HIC1
GO:MF,GO:0001227,"DNA-binding transcription repressor activity, RNA polymerase II-specific",0.5261325400378424,False,1,111,22,3629,ENSG00000177374,HIC1
GO:MF,GO:0042393,histone binding,0.5261325400378424,False,1,111,22,3629,ENSG00000173273,TNKS
GO:BP,GO:0006898,receptor-mediated endocytosis,0.5313927179303759,False,1,111,23,3629,ENSG00000155511,GRIA1
GO:BP,GO:0005996,monosaccharide metabolic process,0.5313927179303759,False,1,111,23,3629,ENSG00000111669,TPI1
GO:BP,GO:0048193,Golgi vesicle transport,0.5313927179303759,False,1,111,23,3629,ENSG00000131558,EXOC4
GO:BP,GO:0009205,purine ribonucleoside triphosphate metabolic process,0.5313927179303759,False,1,111,23,3629,ENSG00000111669,TPI1
GO:BP,GO:0032496,response to lipopolysaccharide,0.5313927179303759,False,1,111,23,3629,ENSG00000151422,FER
GO:BP,GO:0009636,response to toxic substance,0.5313927179303759,False,1,111,23,3629,ENSG00000155511,GRIA1
GO:BP,GO:0022408,negative regulation of cell-cell adhesion,0.5313927179303759,False,1,111,23,3629,ENSG00000002822,MAD1L1
GO:BP,GO:0043487,regulation of RNA stability,0.5313927179303759,False,1,111,23,3629,ENSG00000100354,TNRC6B
GO:BP,GO:0001906,cell killing,0.5313927179303759,False,1,111,23,3629,ENSG00000103811,CTSH
GO:BP,GO:0009144,purine nucleoside triphosphate metabolic process,0.5450481464516831,False,1,111,24,3629,ENSG00000111669,TPI1
GO:BP,GO:0140013,meiotic nuclear division,0.5450481464516831,False,1,111,24,3629,ENSG00000157456,CCNB2
GO:BP,GO:0031348,negative regulation of defense response,0.5450481464516831,False,1,111,24,3629,ENSG00000010810,FYN
GO:BP,GO:0043542,endothelial cell migration,0.5450481464516831,False,1,111,24,3629,ENSG00000150630,VEGFC
GO:BP,GO:0001818,negative regulation of cytokine production,0.5450481464516831,False,1,111,24,3629,ENSG00000258839,MC1R
GO:BP,GO:0060828,regulation of canonical Wnt signaling pathway,0.5450481464516831,False,1,111,24,3629,ENSG00000173273,TNKS
GO:BP,GO:0048562,embryonic organ morphogenesis,0.5450481464516831,False,1,111,24,3629,ENSG00000171310,CHST11
GO:BP,GO:0034612,response to tumor necrosis factor,0.5450481464516831,False,1,111,24,3629,ENSG00000103056,SMPD3
GO:CC,GO:0000776,kinetochore,0.5493661147655419,False,1,111,23,3629,ENSG00000002822,MAD1L1
GO:MF,GO:0019901,protein kinase binding,0.5559748644350586,False,2,111,57,3629,ENSG00000171877 ENSG00000155511,FRMD5 GRIA1
GO:MF,GO:0008757,S-adenosylmethionine-dependent methyltransferase activity,0.5561158856150884,False,1,111,24,3629,ENSG00000104885,DOT1L
GO:BP,GO:0009141,nucleoside triphosphate metabolic process,0.5586312616747616,False,1,111,25,3629,ENSG00000111669,TPI1
GO:BP,GO:0031507,heterochromatin formation,0.5586312616747616,False,1,111,25,3629,ENSG00000104885,DOT1L
GO:BP,GO:0070828,heterochromatin organization,0.5586312616747616,False,1,111,25,3629,ENSG00000104885,DOT1L
GO:BP,GO:0008202,steroid metabolic process,0.5586312616747616,False,1,111,25,3629,ENSG00000070882,OSBPL3
GO:BP,GO:0045165,cell fate commitment,0.5586312616747616,False,1,111,25,3629,ENSG00000143614,GATAD2B
GO:BP,GO:0071383,cellular response to steroid hormone stimulus,0.5586312616747616,False,1,111,25,3629,ENSG00000204231,RXRB
GO:MF,GO:0140657,ATP-dependent activity,0.5635418964291578,False,2,111,58,3629,ENSG00000066735 ENSG00000116852,KIF26A KIF21B
GO:CC,GO:0098562,cytoplasmic side of membrane,0.5638443440709827,False,1,111,24,3629,ENSG00000151422,FER
GO:BP,GO:0045596,negative regulation of cell differentiation,0.5708808283232055,False,2,111,60,3629,ENSG00000150630 ENSG00000130635,VEGFC COL5A1
GO:BP,GO:0019882,antigen processing and presentation,0.5719384779185813,False,1,111,26,3629,ENSG00000103811,CTSH
GO:BP,GO:0002237,response to molecule of bacterial origin,0.5719384779185813,False,1,111,26,3629,ENSG00000151422,FER
GO:BP,GO:0060485,mesenchyme development,0.5719384779185813,False,1,111,26,3629,ENSG00000131558,EXOC4
GO:BP,GO:0042176,regulation of protein catabolic process,0.5719384779185813,False,1,111,26,3629,ENSG00000010810,FYN
GO:CC,GO:0000779,"condensed chromosome, centromeric region",0.5777480177682223,False,1,111,25,3629,ENSG00000002822,MAD1L1
GO:MF,GO:0005198,structural molecule activity,0.5777656496077616,False,4,111,127,3629,ENSG00000159023 ENSG00000251322 ENSG00000176406 ENSG00000130635,EPB41 SHANK3 RIMS2 COL5A1
GO:BP,GO:0006886,intracellular protein transport,0.5789369490024336,False,2,111,61,3629,ENSG00000120725 ENSG00000176406,SIL1 RIMS2
GO:MF,GO:0000977,RNA polymerase II transcription regulatory region sequence-specific DNA binding,0.5831524966884821,False,4,111,128,3629,ENSG00000067082 ENSG00000186020 ENSG00000204231 ENSG00000167157,KLF6 ZNF529 RXRB PRRX2
GO:BP,GO:0006066,alcohol metabolic process,0.5844836704003235,False,1,111,27,3629,ENSG00000111669,TPI1
GO:BP,GO:0044092,negative regulation of molecular function,0.5844836704003235,False,1,111,27,3629,ENSG00000166573,GALR1
GO:BP,GO:0009060,aerobic respiration,0.5844836704003235,False,1,111,27,3629,ENSG00000111669,TPI1
GO:BP,GO:0060070,canonical Wnt signaling pathway,0.5844836704003235,False,1,111,27,3629,ENSG00000173273,TNKS
GO:BP,GO:0048545,response to steroid hormone,0.5844836704003235,False,1,111,27,3629,ENSG00000204231,RXRB
GO:CC,GO:0055037,recycling endosome,0.5893736265567904,False,1,111,26,3629,ENSG00000155511,GRIA1
GO:CC,GO:0030667,secretory granule membrane,0.5893736265567904,False,1,111,26,3629,ENSG00000122986,HVCN1
GO:BP,GO:0045814,"negative regulation of gene expression, epigenetic",0.5965336862681441,False,1,111,28,3629,ENSG00000104885,DOT1L
GO:BP,GO:0032259,methylation,0.5965336862681441,False,1,111,28,3629,ENSG00000104885,DOT1L
GO:BP,GO:1903311,regulation of mRNA metabolic process,0.5965336862681441,False,1,111,28,3629,ENSG00000100354,TNRC6B
GO:BP,GO:0060271,cilium assembly,0.5965336862681441,False,1,111,28,3629,ENSG00000168778,TCTN2
GO:BP,GO:0014706,striated muscle tissue development,0.5965336862681441,False,1,111,28,3629,ENSG00000120907,ADRA1A
GO:BP,GO:2001234,negative regulation of apoptotic signaling pathway,0.5965336862681441,False,1,111,28,3629,ENSG00000010810,FYN
GO:MF,GO:0008168,methyltransferase activity,0.6083687706160309,False,1,111,28,3629,ENSG00000104885,DOT1L
GO:MF,GO:0016741,"transferase activity, transferring one-carbon groups",0.6083687706160309,False,1,111,28,3629,ENSG00000104885,DOT1L
GO:BP,GO:0006402,mRNA catabolic process,0.6083741151517921,False,1,111,29,3629,ENSG00000100354,TNRC6B
GO:BP,GO:0007162,negative regulation of cell adhesion,0.6083741151517921,False,1,111,29,3629,ENSG00000002822,MAD1L1
GO:BP,GO:0031647,regulation of protein stability,0.6083741151517921,False,1,111,29,3629,ENSG00000103811,CTSH
GO:BP,GO:0007409,axonogenesis,0.6083741151517921,False,1,111,29,3629,ENSG00000010810,FYN
GO:BP,GO:0034502,protein localization to chromosome,0.6083741151517921,False,1,111,29,3629,ENSG00000173273,TNKS
GO:CC,GO:0010008,endosome membrane,0.6138756584200684,False,2,111,63,3629,ENSG00000120451 ENSG00000155511,SNX19 GRIA1
GO:BP,GO:0044782,cilium organization,0.6200345442105688,False,1,111,30,3629,ENSG00000168778,TCTN2
GO:BP,GO:1903046,meiotic cell cycle process,0.6200345442105688,False,1,111,30,3629,ENSG00000157456,CCNB2
GO:BP,GO:0001932,regulation of protein phosphorylation,0.6200345442105688,False,1,111,30,3629,ENSG00000151422,FER
GO:BP,GO:0060537,muscle tissue development,0.6200345442105688,False,1,111,30,3629,ENSG00000120907,ADRA1A
GO:MF,GO:0003924,GTPase activity,0.6204977824875701,False,1,111,29,3629,ENSG00000182732,RGS6
GO:MF,GO:0003682,chromatin binding,0.6213956220359093,False,2,111,65,3629,ENSG00000143614 ENSG00000174579,GATAD2B MSL2
GO:MF,GO:0003677,DNA binding,0.6279666918806032,False,9,111,307,3629,ENSG00000067082 ENSG00000169594 ENSG00000177374 ENSG00000104885 ENSG00000186020 ENSG00000143614 ENSG00000174579 ENSG00000204231 ENSG00000167157,KLF6 BNC1 HIC1 DOT1L ZNF529 GATAD2B MSL2 RXRB PRRX2
GO:BP,GO:0032102,negative regulation of response to external stimulus,0.631821810267072,False,1,111,31,3629,ENSG00000010810,FYN
GO:BP,GO:0007517,muscle organ development,0.631821810267072,False,1,111,31,3629,ENSG00000113070,HBEGF
GO:MF,GO:0000978,RNA polymerase II cis-regulatory region sequence-specific DNA binding,0.6321402397634368,False,3,111,102,3629,ENSG00000067082 ENSG00000204231 ENSG00000167157,KLF6 RXRB PRRX2
GO:MF,GO:0003729,mRNA binding,0.6406802835784279,False,1,111,31,3629,ENSG00000161813,LARP4
GO:CC,GO:0000228,nuclear chromosome,0.64117128200158,False,1,111,30,3629,ENSG00000005483,KMT2E
GO:BP,GO:0098771,inorganic ion homeostasis,0.6434949247744712,False,1,111,32,3629,ENSG00000185518,SV2B
GO:MF,GO:0001067,transcription regulatory region nucleic acid binding,0.6461822618071305,False,4,111,140,3629,ENSG00000067082 ENSG00000186020 ENSG00000204231 ENSG00000167157,KLF6 ZNF529 RXRB PRRX2
GO:MF,GO:0000976,transcription cis-regulatory region binding,0.6461822618071305,False,4,111,140,3629,ENSG00000067082 ENSG00000186020 ENSG00000204231 ENSG00000167157,KLF6 ZNF529 RXRB PRRX2
GO:MF,GO:0000987,cis-regulatory region sequence-specific DNA binding,0.6538564922157151,False,3,111,106,3629,ENSG00000067082 ENSG00000204231 ENSG00000167157,KLF6 RXRB PRRX2
GO:BP,GO:0048568,embryonic organ development,0.6545042313997778,False,1,111,33,3629,ENSG00000171310,CHST11
GO:BP,GO:0034504,protein localization to nucleus,0.6545042313997778,False,1,111,33,3629,ENSG00000010810,FYN
GO:BP,GO:0000122,negative regulation of transcription by RNA polymerase II,0.6571673563911287,False,2,111,71,3629,ENSG00000177374 ENSG00000143614,HIC1 GATAD2B
GO:MF,GO:0140098,"catalytic activity, acting on RNA",0.6590086750719903,False,1,111,33,3629,ENSG00000137411,VARS2
GO:CC,GO:0005739,mitochondrion,0.6605303105005789,False,5,111,175,3629,ENSG00000110497 ENSG00000010810 ENSG00000137411 ENSG00000184903 ENSG00000104442,AMBRA1 FYN VARS2 IMMP2L ARMC1
GO:BP,GO:0042325,regulation of phosphorylation,0.6648480171967546,False,1,111,34,3629,ENSG00000151422,FER
GO:BP,GO:0002758,innate immune response-activating signaling pathway,0.6648480171967546,False,1,111,34,3629,ENSG00000010810,FYN
GO:MF,GO:0003779,actin binding,0.6661355323502598,False,1,111,34,3629,ENSG00000159023,EPB41
GO:MF,GO:0017111,ribonucleoside triphosphate phosphatase activity,0.6661355323502598,False,2,111,72,3629,ENSG00000182732 ENSG00000116852,RGS6 KIF21B
GO:MF,GO:0004857,enzyme inhibitor activity,0.6661355323502598,False,1,111,34,3629,ENSG00000055955,ITIH4
GO:MF,GO:0046983,protein dimerization activity,0.6663471715574811,False,4,111,145,3629,ENSG00000122986 ENSG00000111669 ENSG00000188641 ENSG00000120907,HVCN1 TPI1 DPYD ADRA1A
GO:CC,GO:0030136,clathrin-coated vesicle,0.6724612949812249,False,1,111,33,3629,ENSG00000113070,HBEGF
GO:CC,GO:0000793,condensed chromosome,0.6724612949812249,False,1,111,33,3629,ENSG00000002822,MAD1L1
GO:MF,GO:0061629,RNA polymerase II-specific DNA-binding transcription factor binding,0.6742229254643174,False,1,111,35,3629,ENSG00000104885,DOT1L
GO:BP,GO:0019221,cytokine-mediated signaling pathway,0.67541509139368,False,1,111,35,3629,ENSG00000151422,FER
GO:CC,GO:0031012,extracellular matrix,0.6762182169956281,False,1,111,34,3629,ENSG00000130635,COL5A1
GO:CC,GO:0098791,Golgi apparatus subcompartment,0.6762182169956281,False,1,111,34,3629,ENSG00000103056,SMPD3
GO:CC,GO:1990904,ribonucleoprotein complex,0.6762182169956281,False,2,111,72,3629,ENSG00000245532 ENSG00000161813,NEAT1 LARP4
GO:CC,GO:0030312,external encapsulating structure,0.6762182169956281,False,1,111,34,3629,ENSG00000130635,COL5A1
GO:BP,GO:0002218,activation of innate immune response,0.6850389644734607,False,1,111,36,3629,ENSG00000010810,FYN
GO:BP,GO:0002697,regulation of immune effector process,0.6850389644734607,False,1,111,36,3629,ENSG00000151422,FER
GO:BP,GO:0061564,axon development,0.6850389644734607,False,1,111,36,3629,ENSG00000010810,FYN
GO:CC,GO:0005770,late endosome,0.685321037119145,False,1,111,35,3629,ENSG00000103811,CTSH
GO:CC,GO:0005925,focal adhesion,0.6940361445291366,False,1,111,36,3629,ENSG00000110497,AMBRA1
GO:BP,GO:0030522,intracellular receptor signaling pathway,0.7044908537108524,False,1,111,38,3629,ENSG00000204231,RXRB
GO:BP,GO:0002449,lymphocyte mediated immunity,0.7044908537108524,False,1,111,38,3629,ENSG00000103811,CTSH
GO:CC,GO:0030055,cell-substrate junction,0.7123575674326511,False,1,111,38,3629,ENSG00000110497,AMBRA1
GO:BP,GO:0090407,organophosphate biosynthetic process,0.7137459553370598,False,1,111,39,3629,ENSG00000111669,TPI1
GO:BP,GO:0045934,negative regulation of nucleobase-containing compound metabolic process,0.7172453337104292,False,3,111,118,3629,ENSG00000177374 ENSG00000143614 ENSG00000173273,HIC1 GATAD2B TNKS
GO:CC,GO:0009986,cell surface,0.7189663891235035,False,2,111,79,3629,ENSG00000113070 ENSG00000155511,HBEGF GRIA1
GO:BP,GO:0002460,adaptive immune response based on somatic recombination of immune receptors built from immunoglobulin superfamily domains,0.7223836171215813,False,1,111,40,3629,ENSG00000103811,CTSH
GO:BP,GO:0043933,protein-containing complex organization,0.728921635621834,False,6,111,231,3629,ENSG00000110497 ENSG00000163635 ENSG00000151422 ENSG00000079691 ENSG00000184903 ENSG00000176406,AMBRA1 ATXN7 FER CARMIL1 IMMP2L RIMS2
GO:BP,GO:0045089,positive regulation of innate immune response,0.7307225201429365,False,1,111,41,3629,ENSG00000010810,FYN
GO:BP,GO:0022613,ribonucleoprotein complex biogenesis,0.7390950882526315,False,1,111,42,3629,ENSG00000166133,RPUSD2
GO:BP,GO:0007005,mitochondrion organization,0.7540391544239787,False,1,111,44,3629,ENSG00000184903,IMMP2L
GO:BP,GO:0071396,cellular response to lipid,0.7540391544239787,False,1,111,44,3629,ENSG00000204231,RXRB
GO:BP,GO:0043068,positive regulation of programmed cell death,0.7540391544239787,False,1,111,44,3629,ENSG00000103811,CTSH
GO:BP,GO:0043065,positive regulation of apoptotic process,0.7540391544239787,False,1,111,44,3629,ENSG00000103811,CTSH
GO:BP,GO:0002833,positive regulation of response to biotic stimulus,0.7540391544239787,False,1,111,44,3629,ENSG00000010810,FYN
GO:MF,GO:0016887,ATP hydrolysis activity,0.7564367704658311,False,1,111,44,3629,ENSG00000116852,KIF21B
GO:BP,GO:0030099,myeloid cell differentiation,0.7685891263853357,False,1,111,46,3629,ENSG00000005483,KMT2E
GO:BP,GO:0006302,double-strand break repair,0.7685891263853357,False,1,111,46,3629,ENSG00000158019,BABAM2
GO:BP,GO:0051174,regulation of phosphorus metabolic process,0.7685891263853357,False,1,111,46,3629,ENSG00000151422,FER
GO:CC,GO:0005743,mitochondrial inner membrane,0.7775609838917793,False,1,111,46,3629,ENSG00000184903,IMMP2L
GO:BP,GO:0008380,RNA splicing,0.7828444014205178,False,1,111,48,3629,ENSG00000163635,ATXN7
GO:MF,GO:0140297,DNA-binding transcription factor binding,0.7850854413147025,False,1,111,48,3629,ENSG00000104885,DOT1L
GO:CC,GO:0098552,side of membrane,0.7876616754817624,False,2,111,91,3629,ENSG00000151422 ENSG00000155511,FER GRIA1
GO:CC,GO:0000775,"chromosome, centromeric region",0.7879136712089825,False,1,111,48,3629,ENSG00000002822,MAD1L1
GO:CC,GO:0009897,external side of plasma membrane,0.7927112985472445,False,1,111,49,3629,ENSG00000155511,GRIA1
GO:BP,GO:0008610,lipid biosynthetic process,0.7958585964261574,False,1,111,50,3629,ENSG00000135454,B4GALNT1
GO:BP,GO:0045088,regulation of innate immune response,0.7958585964261574,False,1,111,50,3629,ENSG00000010810,FYN
GO:BP,GO:0006397,mRNA processing,0.8020433138147566,False,1,111,51,3629,ENSG00000166133,RPUSD2
GO:BP,GO:1902679,negative regulation of RNA biosynthetic process,0.8039614770215524,False,2,111,96,3629,ENSG00000177374 ENSG00000143614,HIC1 GATAD2B
GO:BP,GO:0045892,negative regulation of DNA-templated transcription,0.8039614770215524,False,2,111,96,3629,ENSG00000177374 ENSG00000143614,HIC1 GATAD2B
GO:CC,GO:0098852,lytic vacuole membrane,0.8079196656646686,False,1,111,52,3629,ENSG00000103042,SLC38A7
GO:CC,GO:0005765,lysosomal membrane,0.8079196656646686,False,1,111,52,3629,ENSG00000103042,SLC38A7
GO:CC,GO:0005774,vacuolar membrane,0.8095788578679831,False,1,111,53,3629,ENSG00000103042,SLC38A7
GO:CC,GO:0019866,organelle inner membrane,0.8095788578679831,False,1,111,53,3629,ENSG00000184903,IMMP2L
GO:MF,GO:0016491,oxidoreductase activity,0.8100799761636025,False,1,111,52,3629,ENSG00000188641,DPYD
GO:BP,GO:0065003,protein-containing complex assembly,0.8112384846476502,False,5,111,218,3629,ENSG00000110497 ENSG00000151422 ENSG00000079691 ENSG00000184903 ENSG00000176406,AMBRA1 FER CARMIL1 IMMP2L RIMS2
GO:BP,GO:0051707,response to other organism,0.8175046374754986,False,3,111,141,3629,ENSG00000122986 ENSG00000151422 ENSG00000010810,HVCN1 FER FYN
GO:BP,GO:0043207,response to external biotic stimulus,0.8175046374754986,False,3,111,141,3629,ENSG00000122986 ENSG00000151422 ENSG00000010810,HVCN1 FER FYN
GO:BP,GO:0009607,response to biotic stimulus,0.8283459000638151,False,3,111,144,3629,ENSG00000122986 ENSG00000151422 ENSG00000010810,HVCN1 FER FYN
GO:MF,GO:0008134,transcription factor binding,0.8318535777969832,False,1,111,56,3629,ENSG00000104885,DOT1L
GO:BP,GO:0045087,innate immune response,0.8333338388239783,False,2,111,103,3629,ENSG00000122986 ENSG00000010810,HVCN1 FYN
GO:BP,GO:0009617,response to bacterium,0.8339553165958328,False,1,111,57,3629,ENSG00000151422,FER
GO:BP,GO:0002831,regulation of response to biotic stimulus,0.8339553165958328,False,1,111,57,3629,ENSG00000010810,FYN
GO:BP,GO:0140546,defense response to symbiont,0.844202694756068,False,2,111,106,3629,ENSG00000122986 ENSG00000010810,HVCN1 FYN
GO:MF,GO:0005509,calcium ion binding,0.845869115048639,False,1,111,59,3629,ENSG00000078795,PKD2L2
GO:BP,GO:0051253,negative regulation of RNA metabolic process,0.847648248314646,False,2,111,107,3629,ENSG00000177374 ENSG00000143614,HIC1 GATAD2B
GO:BP,GO:0044419,biological process involved in interspecies interaction between organisms,0.8500652809864795,False,3,111,151,3629,ENSG00000122986 ENSG00000151422 ENSG00000010810,HVCN1 FER FYN
GO:BP,GO:0098542,defense response to other organism,0.8506396689057091,False,2,111,108,3629,ENSG00000122986 ENSG00000010810,HVCN1 FYN
GO:MF,GO:0140640,"catalytic activity, acting on a nucleic acid",0.8584218313824424,False,1,111,62,3629,ENSG00000137411,VARS2
GO:BP,GO:0046907,intracellular transport,0.8741305982834288,False,2,111,115,3629,ENSG00000120725 ENSG00000176406,SIL1 RIMS2
GO:MF,GO:0046982,protein heterodimerization activity,0.9019798692373899,False,1,111,74,3629,ENSG00000120907,ADRA1A
