source,term_id,term_name,fdr,significant,intersection_size,query_size,term_size,background_size,genes,gene_symbols
GO:MF,GO:0005295,neutral L-amino acid:sodium symporter activity,0.2216128095181058,False,2,94,3,1708,ENSG00000103042 ENSG00000196517,SLC38A7 SLC6A9
GO:MF,GO:0005343,organic acid:sodium symporter activity,0.2216128095181058,False,2,94,3,1708,ENSG00000103042 ENSG00000196517,SLC38A7 SLC6A9
GO:MF,GO:0005283,amino acid:sodium symporter activity,0.2216128095181058,False,2,94,3,1708,ENSG00000103042 ENSG00000196517,SLC38A7 SLC6A9
GO:MF,GO:0098772,molecular function regulator activity,0.2216128095181058,False,17,94,166,1708,ENSG00000110497 ENSG00000149131 ENSG00000182732 ENSG00000157456 ENSG00000103811 ENSG00000073417 ENSG00000108309 ENSG00000205517 ENSG00000055955 ENSG00000150630 ENSG00000120725 ENSG00000113070 ENSG00000113448 ENSG00000010810 ENSG00000213654 ENSG00000135298 ENSG00000147799,AMBRA1 SERPING1 RGS6 CCNB2 CTSH PDE8A RUNDC3A RGL3 ITIH4 VEGFC SIL1 HBEGF PDE4D FYN GPSM3 ADGRB3 ARHGAP39
GO:MF,GO:0140852,histone ubiquitin ligase activity,0.2216128095181058,False,2,94,3,1708,ENSG00000174579 ENSG00000185619,MSL2 PCGF3
GO:MF,GO:0097110,scaffold protein binding,0.2216128095181058,False,4,94,11,1708,ENSG00000251322 ENSG00000155511 ENSG00000113448 ENSG00000010810,SHANK3 GRIA1 PDE4D FYN
GO:MF,GO:0070851,growth factor receptor binding,0.2216128095181058,False,4,94,8,1708,ENSG00000150630 ENSG00000151422 ENSG00000113070 ENSG00000010810,VEGFC FER HBEGF FYN
GO:MF,GO:0005416,amino acid:monoatomic cation symporter activity,0.2216128095181058,False,2,94,3,1708,ENSG00000103042 ENSG00000196517,SLC38A7 SLC6A9
GO:MF,GO:0005154,epidermal growth factor receptor binding,0.2216128095181058,False,2,94,3,1708,ENSG00000151422 ENSG00000113070,FER HBEGF
GO:MF,GO:0004715,non-membrane spanning protein tyrosine kinase activity,0.2216128095181058,False,3,94,8,1708,ENSG00000115085 ENSG00000151422 ENSG00000010810,ZAP70 FER FYN
GO:MF,GO:0008047,enzyme activator activity,0.2216128095181058,False,8,94,54,1708,ENSG00000110497 ENSG00000182732 ENSG00000103811 ENSG00000073417 ENSG00000113070 ENSG00000010810 ENSG00000135298 ENSG00000147799,AMBRA1 RGS6 CTSH PDE8A HBEGF FYN ADGRB3 ARHGAP39
GO:MF,GO:0008081,phosphoric diester hydrolase activity,0.2216128095181058,False,4,94,10,1708,ENSG00000073417 ENSG00000103056 ENSG00000154822 ENSG00000113448,PDE8A SMPD3 PLCL2 PDE4D
GO:MF,GO:0031690,adrenergic receptor binding,0.2216128095181058,False,2,94,3,1708,ENSG00000155511 ENSG00000113448,GRIA1 PDE4D
GO:MF,GO:0031698,beta-2 adrenergic receptor binding,0.2216128095181058,False,2,94,2,1708,ENSG00000155511 ENSG00000113448,GRIA1 PDE4D
GO:MF,GO:0035254,glutamate receptor binding,0.2216128095181058,False,3,94,8,1708,ENSG00000251322 ENSG00000155511 ENSG00000010810,SHANK3 GRIA1 FYN
GO:MF,GO:0008188,neuropeptide receptor activity,0.2216128095181058,False,2,94,2,1708,ENSG00000156395 ENSG00000166573,SORCS3 GALR1
GO:MF,GO:0030234,enzyme regulator activity,0.2216128095181058,False,14,94,110,1708,ENSG00000110497 ENSG00000149131 ENSG00000182732 ENSG00000157456 ENSG00000103811 ENSG00000073417 ENSG00000108309 ENSG00000205517 ENSG00000055955 ENSG00000113070 ENSG00000010810 ENSG00000213654 ENSG00000135298 ENSG00000147799,AMBRA1 SERPING1 RGS6 CCNB2 CTSH PDE8A RUNDC3A RGL3 ITIH4 HBEGF FYN GPSM3 ADGRB3 ARHGAP39
GO:MF,GO:0015171,amino acid transmembrane transporter activity,0.2216128095181058,False,3,94,8,1708,ENSG00000103042 ENSG00000196517 ENSG00000155511,SLC38A7 SLC6A9 GRIA1
GO:BP,GO:0050804,modulation of chemical synaptic transmission,0.2223671134014123,False,8,94,46,1708,ENSG00000156395 ENSG00000196517 ENSG00000251322 ENSG00000154822 ENSG00000007402 ENSG00000155511 ENSG00000010810 ENSG00000176406,SORCS3 SLC6A9 SHANK3 PLCL2 CACNA2D2 GRIA1 FYN RIMS2
GO:BP,GO:0099537,trans-synaptic signaling,0.2223671134014123,False,10,94,65,1708,ENSG00000156395 ENSG00000149927 ENSG00000196517 ENSG00000251322 ENSG00000154822 ENSG00000007402 ENSG00000155511 ENSG00000010810 ENSG00000131558 ENSG00000176406,SORCS3 DOC2A SLC6A9 SHANK3 PLCL2 CACNA2D2 GRIA1 FYN EXOC4 RIMS2
GO:BP,GO:1900449,regulation of glutamate receptor signaling pathway,0.2223671134014123,False,2,94,2,1708,ENSG00000251322 ENSG00000010810,SHANK3 FYN
GO:BP,GO:0150146,cell junction disassembly,0.2223671134014123,False,2,94,2,1708,ENSG00000151422 ENSG00000135298,FER ADGRB3
GO:BP,GO:0051639,actin filament network formation,0.2223671134014123,False,2,94,2,1708,ENSG00000204991 ENSG00000079691,SPIRE2 CARMIL1
GO:BP,GO:0051494,negative regulation of cytoskeleton organization,0.2223671134014123,False,5,94,17,1708,ENSG00000242498 ENSG00000251322 ENSG00000163635 ENSG00000079691 ENSG00000158106,ARPIN SHANK3 ATXN7 CARMIL1 RHPN1
GO:BP,GO:0023051,regulation of signaling,0.2223671134014123,False,28,94,301,1708,ENSG00000156395 ENSG00000110497 ENSG00000171310 ENSG00000182732 ENSG00000103811 ENSG00000073417 ENSG00000103056 ENSG00000166573 ENSG00000104885 ENSG00000196182 ENSG00000196517 ENSG00000053438 ENSG00000251322 ENSG00000158019 ENSG00000124356 ENSG00000115085 ENSG00000154822 ENSG00000007402 ENSG00000150630 ENSG00000151422 ENSG00000113070 ENSG00000155511 ENSG00000113448 ENSG00000010810 ENSG00000204231 ENSG00000002822 ENSG00000176406 ENSG00000147799,SORCS3 AMBRA1 CHST11 RGS6 CTSH PDE8A SMPD3 GALR1 DOT1L STK40 SLC6A9 NNAT SHANK3 BABAM2 STAMBP ZAP70 PLCL2 CACNA2D2 VEGFC FER HBEGF GRIA1 PDE4D FYN RXRB MAD1L1 RIMS2 ARHGAP39
GO:BP,GO:0022604,regulation of cell morphogenesis,0.2223671134014123,False,6,94,22,1708,ENSG00000161813 ENSG00000242498 ENSG00000023902 ENSG00000163171 ENSG00000010810 ENSG00000176406,LARP4 ARPIN PLEKHO1 CDC42EP3 FYN RIMS2
GO:BP,GO:0065008,regulation of biological quality,0.2223671134014123,False,23,94,228,1708,ENSG00000156395 ENSG00000120451 ENSG00000149131 ENSG00000122986 ENSG00000103811 ENSG00000103056 ENSG00000166573 ENSG00000023902 ENSG00000162753 ENSG00000053438 ENSG00000100354 ENSG00000251322 ENSG00000163171 ENSG00000007402 ENSG00000150630 ENSG00000151422 ENSG00000155511 ENSG00000113448 ENSG00000010810 ENSG00000079691 ENSG00000137411 ENSG00000135298 ENSG00000176406,SORCS3 SNX19 SERPING1 HVCN1 CTSH SMPD3 GALR1 PLEKHO1 SLC9C2 NNAT TNRC6B SHANK3 CDC42EP3 CACNA2D2 VEGFC FER GRIA1 PDE4D FYN CARMIL1 VARS2 ADGRB3 RIMS2
GO:BP,GO:0007612,learning,0.2223671134014123,False,5,94,15,1708,ENSG00000156395 ENSG00000251322 ENSG00000155511 ENSG00000010810 ENSG00000135298,SORCS3 SHANK3 GRIA1 FYN ADGRB3
GO:BP,GO:0007268,chemical synaptic transmission,0.2223671134014123,False,10,94,65,1708,ENSG00000156395 ENSG00000149927 ENSG00000196517 ENSG00000251322 ENSG00000154822 ENSG00000007402 ENSG00000155511 ENSG00000010810 ENSG00000131558 ENSG00000176406,SORCS3 DOC2A SLC6A9 SHANK3 PLCL2 CACNA2D2 GRIA1 FYN EXOC4 RIMS2
GO:BP,GO:0097581,lamellipodium organization,0.2223671134014123,False,4,94,6,1708,ENSG00000242498 ENSG00000023902 ENSG00000151422 ENSG00000079691,ARPIN PLEKHO1 FER CARMIL1
GO:BP,GO:0007267,cell-cell signaling,0.2223671134014123,False,15,94,104,1708,ENSG00000156395 ENSG00000120451 ENSG00000072657 ENSG00000149927 ENSG00000103056 ENSG00000166573 ENSG00000196517 ENSG00000053438 ENSG00000251322 ENSG00000154822 ENSG00000007402 ENSG00000155511 ENSG00000010810 ENSG00000131558 ENSG00000176406,SORCS3 SNX19 TRHDE DOC2A SMPD3 GALR1 SLC6A9 NNAT SHANK3 PLCL2 CACNA2D2 GRIA1 FYN EXOC4 RIMS2
GO:BP,GO:0060292,long-term synaptic depression,0.2223671134014123,False,3,94,6,1708,ENSG00000156395 ENSG00000251322 ENSG00000155511,SORCS3 SHANK3 GRIA1
GO:BP,GO:0043954,cellular component maintenance,0.2223671134014123,False,4,94,9,1708,ENSG00000251322 ENSG00000010810 ENSG00000135298 ENSG00000176406,SHANK3 FYN ADGRB3 RIMS2
GO:BP,GO:1902065,response to L-glutamate,0.2223671134014123,False,2,94,2,1708,ENSG00000155511 ENSG00000010810,GRIA1 FYN
GO:BP,GO:1902743,regulation of lamellipodium organization,0.2223671134014123,False,3,94,5,1708,ENSG00000242498 ENSG00000151422 ENSG00000079691,ARPIN FER CARMIL1
GO:BP,GO:0098815,modulation of excitatory postsynaptic potential,0.2223671134014123,False,3,94,6,1708,ENSG00000251322 ENSG00000155511 ENSG00000176406,SHANK3 GRIA1 RIMS2
GO:BP,GO:0033037,polysaccharide localization,0.2223671134014123,False,2,94,2,1708,ENSG00000171310 ENSG00000103056,CHST11 SMPD3
GO:BP,GO:1905232,cellular response to L-glutamate,0.2223671134014123,False,2,94,2,1708,ENSG00000155511 ENSG00000010810,GRIA1 FYN
GO:BP,GO:0035313,"wound healing, spreading of epidermal cells",0.2223671134014123,False,2,94,2,1708,ENSG00000113070 ENSG00000130635,HBEGF COL5A1
GO:BP,GO:2000463,positive regulation of excitatory postsynaptic potential,0.2223671134014123,False,3,94,6,1708,ENSG00000251322 ENSG00000155511 ENSG00000176406,SHANK3 GRIA1 RIMS2
GO:BP,GO:0098916,anterograde trans-synaptic signaling,0.2223671134014123,False,10,94,65,1708,ENSG00000156395 ENSG00000149927 ENSG00000196517 ENSG00000251322 ENSG00000154822 ENSG00000007402 ENSG00000155511 ENSG00000010810 ENSG00000131558 ENSG00000176406,SORCS3 DOC2A SLC6A9 SHANK3 PLCL2 CACNA2D2 GRIA1 FYN EXOC4 RIMS2
GO:BP,GO:0099177,regulation of trans-synaptic signaling,0.2223671134014123,False,8,94,46,1708,ENSG00000156395 ENSG00000196517 ENSG00000251322 ENSG00000154822 ENSG00000007402 ENSG00000155511 ENSG00000010810 ENSG00000176406,SORCS3 SLC6A9 SHANK3 PLCL2 CACNA2D2 GRIA1 FYN RIMS2
GO:BP,GO:0050982,detection of mechanical stimulus,0.2223671134014123,False,2,94,2,1708,ENSG00000078795 ENSG00000010810,PKD2L2 FYN
GO:BP,GO:0099558,maintenance of synapse structure,0.2223671134014123,False,3,94,6,1708,ENSG00000251322 ENSG00000135298 ENSG00000176406,SHANK3 ADGRB3 RIMS2
GO:BP,GO:0051017,actin filament bundle assembly,0.2223671134014123,False,4,94,12,1708,ENSG00000204991 ENSG00000251322 ENSG00000079691 ENSG00000158106,SPIRE2 SHANK3 CARMIL1 RHPN1
GO:BP,GO:0110053,regulation of actin filament organization,0.2223671134014123,False,6,94,25,1708,ENSG00000242498 ENSG00000251322 ENSG00000163171 ENSG00000151422 ENSG00000079691 ENSG00000158106,ARPIN SHANK3 CDC42EP3 FER CARMIL1 RHPN1
GO:BP,GO:0010646,regulation of cell communication,0.2223671134014123,False,28,94,299,1708,ENSG00000156395 ENSG00000110497 ENSG00000171310 ENSG00000182732 ENSG00000103811 ENSG00000073417 ENSG00000103056 ENSG00000166573 ENSG00000104885 ENSG00000196182 ENSG00000196517 ENSG00000053438 ENSG00000251322 ENSG00000158019 ENSG00000124356 ENSG00000115085 ENSG00000154822 ENSG00000007402 ENSG00000150630 ENSG00000151422 ENSG00000113070 ENSG00000155511 ENSG00000113448 ENSG00000010810 ENSG00000204231 ENSG00000002822 ENSG00000176406 ENSG00000147799,SORCS3 AMBRA1 CHST11 RGS6 CTSH PDE8A SMPD3 GALR1 DOT1L STK40 SLC6A9 NNAT SHANK3 BABAM2 STAMBP ZAP70 PLCL2 CACNA2D2 VEGFC FER HBEGF GRIA1 PDE4D FYN RXRB MAD1L1 RIMS2 ARHGAP39
GO:BP,GO:0061669,spontaneous neurotransmitter secretion,0.2223671134014123,False,2,94,2,1708,ENSG00000149927 ENSG00000176406,DOC2A RIMS2
GO:MF,GO:0098882,structural constituent of presynaptic active zone,0.24110627857700437,False,1,94,1,1708,ENSG00000176406,RIMS2
GO:MF,GO:0140492,metal-dependent deubiquitinase activity,0.24110627857700437,False,1,94,1,1708,ENSG00000124356,STAMBP
GO:MF,GO:0140585,promoter-enhancer loop anchoring activity,0.24110627857700437,False,1,94,1,1708,ENSG00000174579,MSL2
GO:MF,GO:0140587,chromatin loop anchoring activity,0.24110627857700437,False,1,94,1,1708,ENSG00000174579,MSL2
GO:MF,GO:0141054,histone H2B ubiquitin ligase activity,0.24110627857700437,False,1,94,1,1708,ENSG00000174579,MSL2
GO:MF,GO:0004713,protein tyrosine kinase activity,0.24110627857700437,False,3,94,15,1708,ENSG00000115085 ENSG00000151422 ENSG00000010810,ZAP70 FER FYN
GO:MF,GO:0004177,aminopeptidase activity,0.24110627857700437,False,2,94,5,1708,ENSG00000072657 ENSG00000103811,TRHDE CTSH
GO:MF,GO:0004115,"3',5'-cyclic-AMP phosphodiesterase activity",0.24110627857700437,False,2,94,4,1708,ENSG00000073417 ENSG00000113448,PDE8A PDE4D
GO:MF,GO:0004169,dolichyl-phosphate-mannose-protein mannosyltransferase activity,0.24110627857700437,False,1,94,1,1708,ENSG00000133687,TMTC1
GO:MF,GO:0140902,L-glutamine:sodium symporter activity,0.24110627857700437,False,1,94,1,1708,ENSG00000103042,SLC38A7
GO:MF,GO:0140901,L-asparagine:sodium symporter activity,0.24110627857700437,False,1,94,1,1708,ENSG00000103042,SLC38A7
GO:MF,GO:0140862,histone H2AK119 ubiquitin ligase activity,0.24110627857700437,False,1,94,1,1708,ENSG00000185619,PCGF3
GO:MF,GO:0120570,sphingophospholipase activity,0.24110627857700437,False,1,94,1,1708,ENSG00000103056,SMPD3
GO:MF,GO:0004971,AMPA glutamate receptor activity,0.24110627857700437,False,1,94,1,1708,ENSG00000155511,GRIA1
GO:MF,GO:0004807,triose-phosphate isomerase activity,0.24110627857700437,False,1,94,1,1708,ENSG00000111669,TPI1
GO:MF,GO:0140956,histone H3K79 trimethyltransferase activity,0.24110627857700437,False,1,94,1,1708,ENSG00000104885,DOT1L
GO:MF,GO:0061578,K63-linked deubiquitinase activity,0.24110627857700437,False,1,94,1,1708,ENSG00000124356,STAMBP
GO:MF,GO:0061134,peptidase regulator activity,0.24110627857700437,False,3,94,16,1708,ENSG00000149131 ENSG00000103811 ENSG00000055955,SERPING1 CTSH ITIH4
GO:MF,GO:0070717,poly-purine tract binding,0.24110627857700437,False,1,94,1,1708,ENSG00000161813,LARP4
GO:MF,GO:0070324,thyroid hormone binding,0.24110627857700437,False,1,94,1,1708,ENSG00000103811,CTSH
GO:MF,GO:0061751,neutral sphingomyelin phosphodiesterase activity,0.24110627857700437,False,1,94,1,1708,ENSG00000103056,SMPD3
GO:MF,GO:0070034,telomerase RNA binding,0.24110627857700437,False,1,94,1,1708,ENSG00000070366,SMG6
GO:MF,GO:0106260,DNA-DNA tethering activity,0.24110627857700437,False,1,94,1,1708,ENSG00000174579,MSL2
GO:MF,GO:0005262,calcium channel activity,0.24110627857700437,False,3,94,10,1708,ENSG00000007402 ENSG00000078795 ENSG00000155511,CACNA2D2 PKD2L2 GRIA1
GO:MF,GO:0098918,structural constituent of synapse,0.24110627857700437,False,2,94,4,1708,ENSG00000251322 ENSG00000176406,SHANK3 RIMS2
GO:MF,GO:0005261,monoatomic cation channel activity,0.24110627857700437,False,4,94,26,1708,ENSG00000122986 ENSG00000007402 ENSG00000078795 ENSG00000155511,HVCN1 CACNA2D2 PKD2L2 GRIA1
GO:MF,GO:0005172,vascular endothelial growth factor receptor binding,0.24110627857700437,False,1,94,1,1708,ENSG00000150630,VEGFC
GO:MF,GO:0004966,galanin receptor activity,0.24110627857700437,False,1,94,1,1708,ENSG00000166573,GALR1
GO:MF,GO:0046943,carboxylic acid transmembrane transporter activity,0.24110627857700437,False,3,94,13,1708,ENSG00000103042 ENSG00000196517 ENSG00000155511,SLC38A7 SLC6A9 GRIA1
GO:MF,GO:0005519,cytoskeletal regulatory protein binding,0.24110627857700437,False,1,94,1,1708,ENSG00000163171,CDC42EP3
GO:MF,GO:0050659,N-acetylgalactosamine 4-sulfate 6-O-sulfotransferase activity,0.24110627857700437,False,1,94,1,1708,ENSG00000171310,CHST11
GO:MF,GO:0050811,GABA receptor binding,0.24110627857700437,False,1,94,1,1708,ENSG00000154822,PLCL2
GO:MF,GO:0043515,kinetochore binding,0.24110627857700437,False,1,94,1,1708,ENSG00000002822,MAD1L1
GO:MF,GO:0043185,vascular endothelial growth factor receptor 3 binding,0.24110627857700437,False,1,94,1,1708,ENSG00000150630,VEGFC
GO:MF,GO:0043178,alcohol binding,0.24110627857700437,False,2,94,5,1708,ENSG00000154822 ENSG00000070882,PLCL2 OSBPL3
GO:MF,GO:0042578,phosphoric ester hydrolase activity,0.24110627857700437,False,5,94,29,1708,ENSG00000073417 ENSG00000103056 ENSG00000154822 ENSG00000113448 ENSG00000147535,PDE8A SMPD3 PLCL2 PDE4D PLPP5
GO:MF,GO:0042562,hormone binding,0.24110627857700437,False,2,94,5,1708,ENSG00000103811 ENSG00000166573,CTSH GALR1
GO:MF,GO:0048407,platelet-derived growth factor binding,0.24110627857700437,False,1,94,1,1708,ENSG00000130635,COL5A1
GO:MF,GO:0047555,"3',5'-cyclic-GMP phosphodiesterase activity",0.24110627857700437,False,2,94,4,1708,ENSG00000073417 ENSG00000113448,PDE8A PDE4D
GO:MF,GO:0005545,1-phosphatidylinositol binding,0.24110627857700437,False,1,94,1,1708,ENSG00000159023,EPB41
GO:MF,GO:0008179,adenylate cyclase binding,0.24110627857700437,False,1,94,1,1708,ENSG00000155511,GRIA1
GO:MF,GO:0008143,poly(A) binding,0.24110627857700437,False,1,94,1,1708,ENSG00000161813,LARP4
GO:MF,GO:0031151,histone H3K79 methyltransferase activity,0.24110627857700437,False,1,94,1,1708,ENSG00000104885,DOT1L
GO:MF,GO:0030695,GTPase regulator activity,0.24110627857700437,False,6,94,44,1708,ENSG00000182732 ENSG00000108309 ENSG00000205517 ENSG00000213654 ENSG00000135298 ENSG00000147799,RGS6 RUNDC3A RGL3 GPSM3 ADGRB3 ARHGAP39
GO:MF,GO:0051020,GTPase binding,0.24110627857700437,False,5,94,33,1708,ENSG00000110497 ENSG00000205517 ENSG00000163171 ENSG00000155511 ENSG00000176406,AMBRA1 RGL3 CDC42EP3 GRIA1 RIMS2
GO:MF,GO:0060589,nucleoside-triphosphatase regulator activity,0.24110627857700437,False,6,94,44,1708,ENSG00000182732 ENSG00000108309 ENSG00000205517 ENSG00000213654 ENSG00000135298 ENSG00000147799,RGS6 RUNDC3A RGL3 GPSM3 ADGRB3 ARHGAP39
GO:MF,GO:0044325,transmembrane transporter binding,0.24110627857700437,False,3,94,11,1708,ENSG00000113448 ENSG00000010810 ENSG00000176406,PDE4D FYN RIMS2
GO:MF,GO:0046873,metal ion transmembrane transporter activity,0.24110627857700437,False,6,94,36,1708,ENSG00000103042 ENSG00000162753 ENSG00000196517 ENSG00000007402 ENSG00000078795 ENSG00000155511,SLC38A7 SLC9C2 SLC6A9 CACNA2D2 PKD2L2 GRIA1
GO:MF,GO:0030108,HLA-A specific activating MHC class I receptor activity,0.24110627857700437,False,1,94,1,1708,ENSG00000103811,CTSH
GO:MF,GO:0032397,activating MHC class I receptor activity,0.24110627857700437,False,1,94,1,1708,ENSG00000103811,CTSH
GO:MF,GO:0032393,MHC class I receptor activity,0.24110627857700437,False,1,94,1,1708,ENSG00000103811,CTSH
GO:MF,GO:0031802,type 5 metabotropic glutamate receptor binding,0.24110627857700437,False,1,94,1,1708,ENSG00000010810,FYN
GO:MF,GO:0008242,omega peptidase activity,0.24110627857700437,False,1,94,1,1708,ENSG00000072657,TRHDE
GO:MF,GO:0030165,PDZ domain binding,0.24110627857700437,False,2,94,7,1708,ENSG00000155511 ENSG00000131558,GRIA1 EXOC4
GO:MF,GO:0030171,voltage-gated proton channel activity,0.24110627857700437,False,1,94,1,1708,ENSG00000122986,HVCN1
GO:MF,GO:0030552,cAMP binding,0.24110627857700437,False,1,94,1,1708,ENSG00000113448,PDE4D
GO:MF,GO:0008656,cysteine-type endopeptidase activator activity involved in apoptotic process,0.24110627857700437,False,1,94,1,1708,ENSG00000103811,CTSH
GO:MF,GO:0008929,methylglyoxal synthase activity,0.24110627857700437,False,1,94,1,1708,ENSG00000111669,TPI1
GO:MF,GO:0015075,monoatomic ion transmembrane transporter activity,0.24110627857700437,False,7,94,59,1708,ENSG00000122986 ENSG00000103042 ENSG00000162753 ENSG00000196517 ENSG00000007402 ENSG00000078795 ENSG00000155511,HVCN1 SLC38A7 SLC9C2 SLC6A9 CACNA2D2 PKD2L2 GRIA1
GO:MF,GO:0015081,sodium ion transmembrane transporter activity,0.24110627857700437,False,3,94,16,1708,ENSG00000103042 ENSG00000162753 ENSG00000196517,SLC38A7 SLC9C2 SLC6A9
GO:MF,GO:0019903,protein phosphatase binding,0.24110627857700437,False,3,94,13,1708,ENSG00000110497 ENSG00000089053 ENSG00000151422,AMBRA1 ANAPC5 FER
GO:MF,GO:0008324,monoatomic cation transmembrane transporter activity,0.24110627857700437,False,7,94,54,1708,ENSG00000122986 ENSG00000103042 ENSG00000162753 ENSG00000196517 ENSG00000007402 ENSG00000078795 ENSG00000155511,HVCN1 SLC38A7 SLC9C2 SLC6A9 CACNA2D2 PKD2L2 GRIA1
GO:MF,GO:0008376,acetylgalactosaminyltransferase activity,0.24110627857700437,False,1,94,1,1708,ENSG00000135454,B4GALNT1
GO:MF,GO:0008528,G protein-coupled peptide receptor activity,0.24110627857700437,False,2,94,6,1708,ENSG00000156395 ENSG00000166573,SORCS3 GALR1
GO:MF,GO:0016861,"intramolecular oxidoreductase activity, interconverting aldoses and ketoses",0.24110627857700437,False,1,94,1,1708,ENSG00000111669,TPI1
GO:MF,GO:0016838,"carbon-oxygen lyase activity, acting on phosphates",0.24110627857700437,False,1,94,1,1708,ENSG00000111669,TPI1
GO:MF,GO:0022821,solute:potassium antiporter activity,0.24110627857700437,False,1,94,1,1708,ENSG00000162753,SLC9C2
GO:MF,GO:0017113,dihydropyrimidine dehydrogenase (NADP+) activity,0.24110627857700437,False,1,94,1,1708,ENSG00000188641,DPYD
GO:MF,GO:0015085,calcium ion transmembrane transporter activity,0.24110627857700437,False,3,94,11,1708,ENSG00000007402 ENSG00000078795 ENSG00000155511,CACNA2D2 PKD2L2 GRIA1
GO:MF,GO:0015175,neutral L-amino acid transmembrane transporter activity,0.24110627857700437,False,2,94,4,1708,ENSG00000103042 ENSG00000196517,SLC38A7 SLC6A9
GO:MF,GO:0015187,glycine transmembrane transporter activity,0.24110627857700437,False,1,94,1,1708,ENSG00000196517,SLC6A9
GO:MF,GO:0016920,pyroglutamyl-peptidase activity,0.24110627857700437,False,1,94,1,1708,ENSG00000072657,TRHDE
GO:MF,GO:0015375,glycine:sodium symporter activity,0.24110627857700437,False,1,94,1,1708,ENSG00000196517,SLC6A9
GO:MF,GO:0015386,potassium:proton antiporter activity,0.24110627857700437,False,1,94,1,1708,ENSG00000162753,SLC9C2
GO:MF,GO:0015655,alanine:sodium symporter activity,0.24110627857700437,False,1,94,1,1708,ENSG00000103042,SLC38A7
GO:MF,GO:0016505,peptidase activator activity involved in apoptotic process,0.24110627857700437,False,1,94,1,1708,ENSG00000103811,CTSH
GO:MF,GO:0003947,(N-acetylneuraminyl)-galactosylglucosylceramide N-acetylgalactosaminyltransferase activity,0.24110627857700437,False,1,94,1,1708,ENSG00000135454,B4GALNT1
GO:MF,GO:0004112,cyclic-nucleotide phosphodiesterase activity,0.24110627857700437,False,2,94,4,1708,ENSG00000073417 ENSG00000113448,PDE8A PDE4D
GO:MF,GO:0004114,"3',5'-cyclic-nucleotide phosphodiesterase activity",0.24110627857700437,False,2,94,4,1708,ENSG00000073417 ENSG00000113448,PDE8A PDE4D
GO:MF,GO:0004767,sphingomyelin phosphodiesterase activity,0.24110627857700437,False,1,94,1,1708,ENSG00000103056,SMPD3
GO:MF,GO:0000810,diacylglycerol diphosphate phosphatase activity,0.24110627857700437,False,1,94,1,1708,ENSG00000147535,PLPP5
GO:MF,GO:0000030,mannosyltransferase activity,0.24110627857700437,False,1,94,1,1708,ENSG00000133687,TMTC1
GO:MF,GO:0001965,G-protein alpha-subunit binding,0.24110627857700437,False,1,94,1,1708,ENSG00000155511,GRIA1
GO:MF,GO:0002054,nucleobase binding,0.24110627857700437,False,1,94,1,1708,ENSG00000188641,DPYD
GO:MF,GO:0002058,uracil binding,0.24110627857700437,False,1,94,1,1708,ENSG00000188641,DPYD
GO:MF,GO:0002061,pyrimidine nucleobase binding,0.24110627857700437,False,1,94,1,1708,ENSG00000188641,DPYD
GO:MF,GO:0001653,peptide receptor activity,0.24110627857700437,False,2,94,6,1708,ENSG00000156395 ENSG00000166573,SORCS3 GALR1
GO:BP,GO:0021544,subpallium development,0.24286042811618533,False,1,94,1,1708,ENSG00000251322,SHANK3
GO:BP,GO:0051462,regulation of cortisol secretion,0.24286042811618533,False,1,94,1,1708,ENSG00000166573,GALR1
GO:BP,GO:0051464,positive regulation of cortisol secretion,0.24286042811618533,False,1,94,1,1708,ENSG00000166573,GALR1
GO:BP,GO:0009187,cyclic nucleotide metabolic process,0.24286042811618533,False,2,94,5,1708,ENSG00000073417 ENSG00000113448,PDE8A PDE4D
GO:BP,GO:0009214,cyclic nucleotide catabolic process,0.24286042811618533,False,2,94,3,1708,ENSG00000073417 ENSG00000113448,PDE8A PDE4D
GO:BP,GO:0097113,AMPA glutamate receptor clustering,0.24286042811618533,False,1,94,1,1708,ENSG00000251322,SHANK3
GO:BP,GO:0097114,NMDA glutamate receptor clustering,0.24286042811618533,False,1,94,1,1708,ENSG00000251322,SHANK3
GO:BP,GO:0097117,guanylate kinase-associated protein clustering,0.24286042811618533,False,1,94,1,1708,ENSG00000251322,SHANK3
GO:BP,GO:0097151,positive regulation of inhibitory postsynaptic potential,0.24286042811618533,False,1,94,1,1708,ENSG00000176406,RIMS2
GO:BP,GO:0097154,GABAergic neuron differentiation,0.24286042811618533,False,1,94,1,1708,ENSG00000251322,SHANK3
GO:BP,GO:0097187,dentinogenesis,0.24286042811618533,False,1,94,1,1708,ENSG00000103056,SMPD3
GO:BP,GO:0009112,nucleobase metabolic process,0.24286042811618533,False,1,94,1,1708,ENSG00000188641,DPYD
GO:BP,GO:0097435,supramolecular fiber organization,0.24286042811618533,False,9,94,75,1708,ENSG00000242498 ENSG00000204991 ENSG00000251322 ENSG00000163171 ENSG00000163635 ENSG00000151422 ENSG00000079691 ENSG00000158106 ENSG00000130635,ARPIN SPIRE2 SHANK3 CDC42EP3 ATXN7 FER CARMIL1 RHPN1 COL5A1
GO:BP,GO:0019860,uracil metabolic process,0.24286042811618533,False,1,94,1,1708,ENSG00000188641,DPYD
GO:BP,GO:0021535,cell migration in hindbrain,0.24286042811618533,False,1,94,1,1708,ENSG00000142599,RERE
GO:BP,GO:0019563,glycerol catabolic process,0.24286042811618533,False,1,94,1,1708,ENSG00000111669,TPI1
GO:BP,GO:0021578,hindbrain maturation,0.24286042811618533,False,1,94,1,1708,ENSG00000142599,RERE
GO:BP,GO:0021590,cerebellum maturation,0.24286042811618533,False,1,94,1,1708,ENSG00000142599,RERE
GO:BP,GO:1901898,negative regulation of relaxation of cardiac muscle,0.24286042811618533,False,1,94,1,1708,ENSG00000113448,PDE4D
GO:BP,GO:1901970,positive regulation of mitotic sister chromatid separation,0.24286042811618533,False,2,94,5,1708,ENSG00000089053 ENSG00000002822,ANAPC5 MAD1L1
GO:BP,GO:1901976,regulation of cell cycle checkpoint,0.24286042811618533,False,2,94,7,1708,ENSG00000158019 ENSG00000002822,BABAM2 MAD1L1
GO:BP,GO:1901992,positive regulation of mitotic cell cycle phase transition,0.24286042811618533,False,3,94,13,1708,ENSG00000089053 ENSG00000005483 ENSG00000002822,ANAPC5 KMT2E MAD1L1
GO:BP,GO:0022406,membrane docking,0.24286042811618533,False,2,94,5,1708,ENSG00000131558 ENSG00000176406,EXOC4 RIMS2
GO:BP,GO:0022603,regulation of anatomical structure morphogenesis,0.24286042811618533,False,10,94,74,1708,ENSG00000161813 ENSG00000103811 ENSG00000242498 ENSG00000023902 ENSG00000251322 ENSG00000163171 ENSG00000150630 ENSG00000010810 ENSG00000135298 ENSG00000176406,LARP4 CTSH ARPIN PLEKHO1 SHANK3 CDC42EP3 VEGFC FYN ADGRB3 RIMS2
GO:BP,GO:0021626,central nervous system maturation,0.24286042811618533,False,1,94,1,1708,ENSG00000142599,RERE
GO:BP,GO:0050789,regulation of biological process,0.24286042811618533,False,67,94,1021,1708,ENSG00000156395 ENSG00000067082 ENSG00000120451 ENSG00000110497 ENSG00000149131 ENSG00000171310 ENSG00000122986 ENSG00000089053 ENSG00000168778 ENSG00000161813 ENSG00000072657 ENSG00000151778 ENSG00000182732 ENSG00000157456 ENSG00000103811 ENSG00000073417 ENSG00000242498 ENSG00000149927 ENSG00000103056 ENSG00000204991 ENSG00000070366 ENSG00000108309 ENSG00000166573 ENSG00000205517 ENSG00000104885 ENSG00000186020 ENSG00000023902 ENSG00000143614 ENSG00000159023 ENSG00000196182 ENSG00000196517 ENSG00000142599 ENSG00000053438 ENSG00000100354 ENSG00000100403 ENSG00000251322 ENSG00000082153 ENSG00000158019 ENSG00000163171 ENSG00000124356 ENSG00000115085 ENSG00000174579 ENSG00000154822 ENSG00000007402 ENSG00000163635 ENSG00000150630 ENSG00000185619 ENSG00000151422 ENSG00000113070 ENSG00000155511 ENSG00000113448 ENSG00000010810 ENSG00000079691 ENSG00000124557 ENSG00000096654 ENSG00000232040 ENSG00000213654 ENSG00000204231 ENSG00000112659 ENSG00000135298 ENSG00000005483 ENSG00000131558 ENSG00000002822 ENSG00000176406 ENSG00000158106 ENSG00000147799 ENSG00000130635,SORCS3 KLF6 SNX19 AMBRA1 SERPING1 CHST11 HVCN1 ANAPC5 TCTN2 LARP4 TRHDE SERP2 RGS6 CCNB2 CTSH PDE8A ARPIN DOC2A SMPD3 SPIRE2 SMG6 RUNDC3A GALR1 RGL3 DOT1L ZNF529 PLEKHO1 GATAD2B EPB41 STK40 SLC6A9 RERE NNAT TNRC6B ZC3H7B SHANK3 BZW1 BABAM2 CDC42EP3 STAMBP ZAP70 MSL2 PLCL2 CACNA2D2 ATXN7 VEGFC PCGF3 FER HBEGF GRIA1 PDE4D FYN CARMIL1 BTN1A1 ZNF184 SCAND3 GPSM3 RXRB CUL9 ADGRB3 KMT2E EXOC4 MAD1L1 RIMS2 RHPN1 ARHGAP39 COL5A1
GO:BP,GO:0050794,regulation of cellular process,0.24286042811618533,False,63,94,988,1708,ENSG00000156395 ENSG00000067082 ENSG00000110497 ENSG00000171310 ENSG00000122986 ENSG00000089053 ENSG00000168778 ENSG00000161813 ENSG00000072657 ENSG00000151778 ENSG00000182732 ENSG00000103811 ENSG00000073417 ENSG00000242498 ENSG00000149927 ENSG00000103056 ENSG00000204991 ENSG00000070366 ENSG00000108309 ENSG00000166573 ENSG00000205517 ENSG00000104885 ENSG00000186020 ENSG00000023902 ENSG00000143614 ENSG00000196182 ENSG00000196517 ENSG00000142599 ENSG00000053438 ENSG00000100354 ENSG00000100403 ENSG00000251322 ENSG00000082153 ENSG00000158019 ENSG00000163171 ENSG00000124356 ENSG00000115085 ENSG00000174579 ENSG00000154822 ENSG00000007402 ENSG00000163635 ENSG00000150630 ENSG00000185619 ENSG00000151422 ENSG00000113070 ENSG00000155511 ENSG00000113448 ENSG00000010810 ENSG00000079691 ENSG00000124557 ENSG00000096654 ENSG00000232040 ENSG00000213654 ENSG00000204231 ENSG00000112659 ENSG00000135298 ENSG00000005483 ENSG00000131558 ENSG00000002822 ENSG00000176406 ENSG00000158106 ENSG00000147799 ENSG00000130635,SORCS3 KLF6 AMBRA1 CHST11 HVCN1 ANAPC5 TCTN2 LARP4 TRHDE SERP2 RGS6 CTSH PDE8A ARPIN DOC2A SMPD3 SPIRE2 SMG6 RUNDC3A GALR1 RGL3 DOT1L ZNF529 PLEKHO1 GATAD2B STK40 SLC6A9 RERE NNAT TNRC6B ZC3H7B SHANK3 BZW1 BABAM2 CDC42EP3 STAMBP ZAP70 MSL2 PLCL2 CACNA2D2 ATXN7 VEGFC PCGF3 FER HBEGF GRIA1 PDE4D FYN CARMIL1 BTN1A1 ZNF184 SCAND3 GPSM3 RXRB CUL9 ADGRB3 KMT2E EXOC4 MAD1L1 RIMS2 RHPN1 ARHGAP39 COL5A1
GO:BP,GO:0050795,regulation of behavior,0.24286042811618533,False,2,94,5,1708,ENSG00000251322 ENSG00000155511,SHANK3 GRIA1
GO:BP,GO:0021691,cerebellar Purkinje cell layer maturation,0.24286042811618533,False,1,94,1,1708,ENSG00000142599,RERE
GO:BP,GO:0019859,thymine metabolic process,0.24286042811618533,False,1,94,1,1708,ENSG00000188641,DPYD
GO:BP,GO:0017156,calcium-ion regulated exocytosis,0.24286042811618533,False,2,94,6,1708,ENSG00000149927 ENSG00000176406,DOC2A RIMS2
GO:BP,GO:1900451,positive regulation of glutamate receptor signaling pathway,0.24286042811618533,False,1,94,1,1708,ENSG00000251322,SHANK3
GO:BP,GO:1900452,regulation of long-term synaptic depression,0.24286042811618533,False,2,94,3,1708,ENSG00000156395 ENSG00000251322,SORCS3 SHANK3
GO:BP,GO:1901077,regulation of relaxation of muscle,0.24286042811618533,False,1,94,1,1708,ENSG00000113448,PDE4D
GO:BP,GO:1901078,negative regulation of relaxation of muscle,0.24286042811618533,False,1,94,1,1708,ENSG00000113448,PDE4D
GO:BP,GO:1901135,carbohydrate derivative metabolic process,0.24286042811618533,False,9,94,75,1708,ENSG00000171310 ENSG00000133687 ENSG00000135454 ENSG00000111669 ENSG00000073417 ENSG00000103056 ENSG00000188641 ENSG00000055955 ENSG00000113448,CHST11 TMTC1 B4GALNT1 TPI1 PDE8A SMPD3 DPYD ITIH4 PDE4D
GO:BP,GO:0016081,synaptic vesicle docking,0.24286042811618533,False,1,94,1,1708,ENSG00000176406,RIMS2
GO:BP,GO:1901136,carbohydrate derivative catabolic process,0.24286042811618533,False,4,94,25,1708,ENSG00000111669 ENSG00000073417 ENSG00000188641 ENSG00000113448,TPI1 PDE8A DPYD PDE4D
GO:BP,GO:1901292,nucleoside phosphate catabolic process,0.24286042811618533,False,4,94,18,1708,ENSG00000111669 ENSG00000073417 ENSG00000188641 ENSG00000113448,TPI1 PDE8A DPYD PDE4D
GO:BP,GO:1901401,regulation of tetrapyrrole metabolic process,0.24286042811618533,False,1,94,1,1708,ENSG00000196517,SLC6A9
GO:BP,GO:1901463,regulation of tetrapyrrole biosynthetic process,0.24286042811618533,False,1,94,1,1708,ENSG00000196517,SLC6A9
GO:BP,GO:1901465,positive regulation of tetrapyrrole biosynthetic process,0.24286042811618533,False,1,94,1,1708,ENSG00000196517,SLC6A9
GO:BP,GO:1901490,regulation of lymphangiogenesis,0.24286042811618533,False,1,94,1,1708,ENSG00000150630,VEGFC
GO:BP,GO:1901492,positive regulation of lymphangiogenesis,0.24286042811618533,False,1,94,1,1708,ENSG00000150630,VEGFC
GO:BP,GO:1901526,positive regulation of mitophagy,0.24286042811618533,False,1,94,1,1708,ENSG00000110497,AMBRA1
GO:BP,GO:0023052,signaling,0.24286042811618533,False,40,94,521,1708,ENSG00000156395 ENSG00000120451 ENSG00000110497 ENSG00000171310 ENSG00000168778 ENSG00000072657 ENSG00000151778 ENSG00000182732 ENSG00000103811 ENSG00000073417 ENSG00000149927 ENSG00000103056 ENSG00000108309 ENSG00000166573 ENSG00000205517 ENSG00000104885 ENSG00000196182 ENSG00000196517 ENSG00000053438 ENSG00000251322 ENSG00000158019 ENSG00000163171 ENSG00000124356 ENSG00000115085 ENSG00000154822 ENSG00000007402 ENSG00000150630 ENSG00000151422 ENSG00000113070 ENSG00000155511 ENSG00000113448 ENSG00000010810 ENSG00000124557 ENSG00000204231 ENSG00000135298 ENSG00000131558 ENSG00000002822 ENSG00000176406 ENSG00000158106 ENSG00000147799,SORCS3 SNX19 AMBRA1 CHST11 TCTN2 TRHDE SERP2 RGS6 CTSH PDE8A DOC2A SMPD3 RUNDC3A GALR1 RGL3 DOT1L STK40 SLC6A9 NNAT SHANK3 BABAM2 CDC42EP3 STAMBP ZAP70 PLCL2 CACNA2D2 VEGFC FER HBEGF GRIA1 PDE4D FYN BTN1A1 RXRB ADGRB3 EXOC4 MAD1L1 RIMS2 RHPN1 ARHGAP39
GO:BP,GO:0050805,negative regulation of synaptic transmission,0.24286042811618533,False,3,94,8,1708,ENSG00000156395 ENSG00000251322 ENSG00000155511,SORCS3 SHANK3 GRIA1
GO:BP,GO:1902101,positive regulation of metaphase/anaphase transition of cell cycle,0.24286042811618533,False,2,94,6,1708,ENSG00000089053 ENSG00000002822,ANAPC5 MAD1L1
GO:BP,GO:1901653,cellular response to peptide,0.24286042811618533,False,1,94,1,1708,ENSG00000103056,SMPD3
GO:BP,GO:1901844,regulation of cell communication by electrical coupling involved in cardiac conduction,0.24286042811618533,False,1,94,1,1708,ENSG00000113448,PDE4D
GO:BP,GO:1901879,regulation of protein depolymerization,0.24286042811618533,False,2,94,7,1708,ENSG00000163635 ENSG00000079691,ATXN7 CARMIL1
GO:BP,GO:1901880,negative regulation of protein depolymerization,0.24286042811618533,False,2,94,7,1708,ENSG00000163635 ENSG00000079691,ATXN7 CARMIL1
GO:BP,GO:1901881,positive regulation of protein depolymerization,0.24286042811618533,False,1,94,1,1708,ENSG00000079691,CARMIL1
GO:BP,GO:1901897,regulation of relaxation of cardiac muscle,0.24286042811618533,False,1,94,1,1708,ENSG00000113448,PDE4D
GO:BP,GO:0018108,peptidyl-tyrosine phosphorylation,0.24286042811618533,False,3,94,13,1708,ENSG00000115085 ENSG00000151422 ENSG00000010810,ZAP70 FER FYN
GO:BP,GO:0018212,peptidyl-tyrosine modification,0.24286042811618533,False,3,94,13,1708,ENSG00000115085 ENSG00000151422 ENSG00000010810,ZAP70 FER FYN
GO:BP,GO:0019242,methylglyoxal biosynthetic process,0.24286042811618533,False,1,94,1,1708,ENSG00000111669,TPI1
GO:BP,GO:0019405,alditol catabolic process,0.24286042811618533,False,1,94,1,1708,ENSG00000111669,TPI1
GO:BP,GO:0019482,beta-alanine metabolic process,0.24286042811618533,False,1,94,1,1708,ENSG00000188641,DPYD
GO:BP,GO:0019483,beta-alanine biosynthetic process,0.24286042811618533,False,1,94,1,1708,ENSG00000188641,DPYD
GO:BP,GO:0008360,regulation of cell shape,0.24286042811618533,False,3,94,12,1708,ENSG00000023902 ENSG00000163171 ENSG00000010810,PLEKHO1 CDC42EP3 FYN
GO:BP,GO:0044057,regulation of system process,0.24286042811618533,False,7,94,42,1708,ENSG00000166573 ENSG00000159023 ENSG00000251322 ENSG00000113070 ENSG00000155511 ENSG00000113448 ENSG00000176406,GALR1 EPB41 SHANK3 HBEGF GRIA1 PDE4D RIMS2
GO:BP,GO:0090505,epiboly involved in wound healing,0.24286042811618533,False,2,94,5,1708,ENSG00000113070 ENSG00000130635,HBEGF COL5A1
GO:BP,GO:0090520,sphingolipid mediated signaling pathway,0.24286042811618533,False,1,94,1,1708,ENSG00000103056,SMPD3
GO:BP,GO:0090522,vesicle tethering involved in exocytosis,0.24286042811618533,False,1,94,1,1708,ENSG00000131558,EXOC4
GO:BP,GO:0090128,regulation of synapse maturation,0.24286042811618533,False,1,94,1,1708,ENSG00000135298,ADGRB3
GO:BP,GO:0090130,tissue migration,0.24286042811618533,False,2,94,7,1708,ENSG00000103811 ENSG00000113070,CTSH HBEGF
GO:BP,GO:0090132,epithelium migration,0.24286042811618533,False,2,94,6,1708,ENSG00000103811 ENSG00000113070,CTSH HBEGF
GO:BP,GO:0051497,negative regulation of stress fiber assembly,0.24286042811618533,False,1,94,1,1708,ENSG00000158106,RHPN1
GO:BP,GO:0051549,positive regulation of keratinocyte migration,0.24286042811618533,False,1,94,1,1708,ENSG00000113070,HBEGF
GO:BP,GO:0051638,barbed-end actin filament uncapping,0.24286042811618533,False,1,94,1,1708,ENSG00000079691,CARMIL1
GO:BP,GO:0009048,dosage compensation by inactivation of X chromosome,0.24286042811618533,False,1,94,1,1708,ENSG00000185619,PCGF3
GO:BP,GO:0090267,positive regulation of mitotic cell cycle spindle assembly checkpoint,0.24286042811618533,False,1,94,1,1708,ENSG00000002822,MAD1L1
GO:BP,GO:0072673,lamellipodium morphogenesis,0.24286042811618533,False,2,94,3,1708,ENSG00000242498 ENSG00000023902,ARPIN PLEKHO1
GO:BP,GO:0072697,protein localization to cell cortex,0.24286042811618533,False,1,94,1,1708,ENSG00000159023,EPB41
GO:BP,GO:0043491,phosphatidylinositol 3-kinase/protein kinase B signal transduction,0.24286042811618533,False,5,94,30,1708,ENSG00000110497 ENSG00000103056 ENSG00000124356 ENSG00000151422 ENSG00000113070,AMBRA1 SMPD3 STAMBP FER HBEGF
GO:BP,GO:0090504,epiboly,0.24286042811618533,False,2,94,5,1708,ENSG00000113070 ENSG00000130635,HBEGF COL5A1
GO:BP,GO:0044089,positive regulation of cellular component biogenesis,0.24286042811618533,False,6,94,48,1708,ENSG00000110497 ENSG00000103056 ENSG00000163171 ENSG00000151422 ENSG00000079691 ENSG00000135298,AMBRA1 SMPD3 CDC42EP3 FER CARMIL1 ADGRB3
GO:BP,GO:1902744,negative regulation of lamellipodium organization,0.24286042811618533,False,1,94,1,1708,ENSG00000242498,ARPIN
GO:BP,GO:0030032,lamellipodium assembly,0.24286042811618533,False,2,94,3,1708,ENSG00000151422 ENSG00000079691,FER CARMIL1
GO:BP,GO:0030036,actin cytoskeleton organization,0.24286042811618533,False,8,94,66,1708,ENSG00000242498 ENSG00000204991 ENSG00000159023 ENSG00000251322 ENSG00000163171 ENSG00000151422 ENSG00000079691 ENSG00000158106,ARPIN SPIRE2 EPB41 SHANK3 CDC42EP3 FER CARMIL1 RHPN1
GO:BP,GO:0030041,actin filament polymerization,0.24286042811618533,False,3,94,16,1708,ENSG00000163171 ENSG00000151422 ENSG00000079691,CDC42EP3 FER CARMIL1
GO:BP,GO:0048870,cell motility,0.24286042811618533,False,14,94,130,1708,ENSG00000103811 ENSG00000242498 ENSG00000103056 ENSG00000178093 ENSG00000023902 ENSG00000142599 ENSG00000115085 ENSG00000150630 ENSG00000151422 ENSG00000113070 ENSG00000010810 ENSG00000079691 ENSG00000213654 ENSG00000130635,CTSH ARPIN SMPD3 TSSK6 PLEKHO1 RERE ZAP70 VEGFC FER HBEGF FYN CARMIL1 GPSM3 COL5A1
GO:BP,GO:0048881,mechanosensory lateral line system development,0.24286042811618533,False,1,94,1,1708,ENSG00000181291,TMEM132E
GO:BP,GO:2000848,positive regulation of corticosteroid hormone secretion,0.24286042811618533,False,1,94,1,1708,ENSG00000166573,GALR1
GO:BP,GO:0051493,regulation of cytoskeleton organization,0.24286042811618533,False,7,94,55,1708,ENSG00000242498 ENSG00000251322 ENSG00000163171 ENSG00000163635 ENSG00000151422 ENSG00000079691 ENSG00000158106,ARPIN SHANK3 CDC42EP3 ATXN7 FER CARMIL1 RHPN1
GO:BP,GO:0086064,cell communication by electrical coupling involved in cardiac conduction,0.24286042811618533,False,1,94,1,1708,ENSG00000113448,PDE4D
GO:BP,GO:0051695,actin filament uncapping,0.24286042811618533,False,1,94,1,1708,ENSG00000079691,CARMIL1
GO:BP,GO:0008064,regulation of actin polymerization or depolymerization,0.24286042811618533,False,3,94,16,1708,ENSG00000163171 ENSG00000151422 ENSG00000079691,CDC42EP3 FER CARMIL1
GO:BP,GO:0007549,sex-chromosome dosage compensation,0.24286042811618533,False,1,94,1,1708,ENSG00000185619,PCGF3
GO:BP,GO:0021756,striatum development,0.24286042811618533,False,1,94,1,1708,ENSG00000251322,SHANK3
GO:BP,GO:0009129,pyrimidine nucleoside monophosphate metabolic process,0.24286042811618533,False,1,94,1,1708,ENSG00000188641,DPYD
GO:BP,GO:0009131,pyrimidine nucleoside monophosphate catabolic process,0.24286042811618533,False,1,94,1,1708,ENSG00000188641,DPYD
GO:BP,GO:0009154,purine ribonucleotide catabolic process,0.24286042811618533,False,3,94,15,1708,ENSG00000111669 ENSG00000073417 ENSG00000113448,TPI1 PDE8A PDE4D
GO:BP,GO:0009158,ribonucleoside monophosphate catabolic process,0.24286042811618533,False,1,94,1,1708,ENSG00000188641,DPYD
GO:BP,GO:0009166,nucleotide catabolic process,0.24286042811618533,False,4,94,18,1708,ENSG00000111669 ENSG00000073417 ENSG00000188641 ENSG00000113448,TPI1 PDE8A DPYD PDE4D
GO:BP,GO:0009173,pyrimidine ribonucleoside monophosphate metabolic process,0.24286042811618533,False,1,94,1,1708,ENSG00000188641,DPYD
GO:BP,GO:0009175,pyrimidine ribonucleoside monophosphate catabolic process,0.24286042811618533,False,1,94,1,1708,ENSG00000188641,DPYD
GO:BP,GO:0090325,regulation of locomotion involved in locomotory behavior,0.24286042811618533,False,1,94,1,1708,ENSG00000155511,GRIA1
GO:BP,GO:0090326,positive regulation of locomotion involved in locomotory behavior,0.24286042811618533,False,1,94,1,1708,ENSG00000155511,GRIA1
GO:BP,GO:0051451,myoblast migration,0.24286042811618533,False,1,94,1,1708,ENSG00000023902,PLEKHO1
GO:BP,GO:0023061,signal release,0.24286042811618533,False,6,94,39,1708,ENSG00000120451 ENSG00000149927 ENSG00000103056 ENSG00000166573 ENSG00000053438 ENSG00000176406,SNX19 DOC2A SMPD3 GALR1 NNAT RIMS2
GO:BP,GO:0030001,metal ion transport,0.24286042811618533,False,9,94,70,1708,ENSG00000103042 ENSG00000162753 ENSG00000159023 ENSG00000196517 ENSG00000154822 ENSG00000007402 ENSG00000078795 ENSG00000113448 ENSG00000010810,SLC38A7 SLC9C2 EPB41 SLC6A9 PLCL2 CACNA2D2 PKD2L2 PDE4D FYN
GO:BP,GO:0030029,actin filament-based process,0.24286042811618533,False,9,94,72,1708,ENSG00000242498 ENSG00000204991 ENSG00000159023 ENSG00000251322 ENSG00000163171 ENSG00000151422 ENSG00000113448 ENSG00000079691 ENSG00000158106,ARPIN SPIRE2 EPB41 SHANK3 CDC42EP3 FER PDE4D CARMIL1 RHPN1
GO:BP,GO:0021699,cerebellar cortex maturation,0.24286042811618533,False,1,94,1,1708,ENSG00000142599,RERE
GO:BP,GO:1900273,positive regulation of long-term synaptic potentiation,0.24286042811618533,False,1,94,1,1708,ENSG00000251322,SHANK3
GO:BP,GO:0021773,striatal medium spiny neuron differentiation,0.24286042811618533,False,1,94,1,1708,ENSG00000251322,SHANK3
GO:BP,GO:0021932,hindbrain radial glia guided cell migration,0.24286042811618533,False,1,94,1,1708,ENSG00000142599,RERE
GO:BP,GO:0021942,radial glia guided migration of Purkinje cell,0.24286042811618533,False,1,94,1,1708,ENSG00000142599,RERE
GO:BP,GO:0030046,parallel actin filament bundle assembly,0.24286042811618533,False,1,94,1,1708,ENSG00000204991,SPIRE2
GO:BP,GO:0030072,peptide hormone secretion,0.24286042811618533,False,4,94,17,1708,ENSG00000120451 ENSG00000103056 ENSG00000053438 ENSG00000176406,SNX19 SMPD3 NNAT RIMS2
GO:BP,GO:0030073,insulin secretion,0.24286042811618533,False,3,94,13,1708,ENSG00000120451 ENSG00000053438 ENSG00000176406,SNX19 NNAT RIMS2
GO:BP,GO:0048858,cell projection morphogenesis,0.24286042811618533,False,7,94,50,1708,ENSG00000242498 ENSG00000023902 ENSG00000142599 ENSG00000251322 ENSG00000010810 ENSG00000135298 ENSG00000176406,ARPIN PLEKHO1 RERE SHANK3 FYN ADGRB3 RIMS2
GO:BP,GO:1902903,regulation of supramolecular fiber organization,0.24286042811618533,False,7,94,42,1708,ENSG00000242498 ENSG00000251322 ENSG00000163171 ENSG00000163635 ENSG00000151422 ENSG00000079691 ENSG00000158106,ARPIN SHANK3 CDC42EP3 ATXN7 FER CARMIL1 RHPN1
GO:BP,GO:1902904,negative regulation of supramolecular fiber organization,0.24286042811618533,False,5,94,21,1708,ENSG00000242498 ENSG00000251322 ENSG00000163635 ENSG00000079691 ENSG00000158106,ARPIN SHANK3 ATXN7 CARMIL1 RHPN1
GO:BP,GO:1902905,positive regulation of supramolecular fiber organization,0.24286042811618533,False,3,94,16,1708,ENSG00000163171 ENSG00000151422 ENSG00000079691,CDC42EP3 FER CARMIL1
GO:BP,GO:1902950,regulation of dendritic spine maintenance,0.24286042811618533,False,1,94,1,1708,ENSG00000010810,FYN
GO:BP,GO:1902951,negative regulation of dendritic spine maintenance,0.24286042811618533,False,1,94,1,1708,ENSG00000010810,FYN
GO:BP,GO:0050665,hydrogen peroxide biosynthetic process,0.24286042811618533,False,1,94,1,1708,ENSG00000010810,FYN
GO:BP,GO:0051239,regulation of multicellular organismal process,0.24286042811618533,False,22,94,277,1708,ENSG00000110497 ENSG00000149131 ENSG00000103811 ENSG00000103056 ENSG00000166573 ENSG00000159023 ENSG00000251322 ENSG00000115085 ENSG00000154822 ENSG00000007402 ENSG00000150630 ENSG00000151422 ENSG00000113070 ENSG00000155511 ENSG00000113448 ENSG00000010810 ENSG00000124557 ENSG00000213654 ENSG00000204231 ENSG00000135298 ENSG00000002822 ENSG00000176406,AMBRA1 SERPING1 CTSH SMPD3 GALR1 EPB41 SHANK3 ZAP70 PLCL2 CACNA2D2 VEGFC FER HBEGF GRIA1 PDE4D FYN BTN1A1 GPSM3 RXRB ADGRB3 MAD1L1 RIMS2
GO:BP,GO:0098883,synapse pruning,0.24286042811618533,False,1,94,1,1708,ENSG00000135298,ADGRB3
GO:BP,GO:0050966,detection of mechanical stimulus involved in sensory perception of pain,0.24286042811618533,False,1,94,1,1708,ENSG00000010810,FYN
GO:BP,GO:0050974,detection of mechanical stimulus involved in sensory perception,0.24286042811618533,False,1,94,1,1708,ENSG00000010810,FYN
GO:BP,GO:0010638,positive regulation of organelle organization,0.24286042811618533,False,7,94,50,1708,ENSG00000089053 ENSG00000149927 ENSG00000103056 ENSG00000163171 ENSG00000151422 ENSG00000079691 ENSG00000002822,ANAPC5 DOC2A SMPD3 CDC42EP3 FER CARMIL1 MAD1L1
GO:BP,GO:0010639,negative regulation of organelle organization,0.24286042811618533,False,7,94,39,1708,ENSG00000242498 ENSG00000070366 ENSG00000251322 ENSG00000163635 ENSG00000079691 ENSG00000002822 ENSG00000158106,ARPIN SMG6 SHANK3 ATXN7 CARMIL1 MAD1L1 RHPN1
GO:BP,GO:0046078,dUMP metabolic process,0.24286042811618533,False,1,94,1,1708,ENSG00000188641,DPYD
GO:BP,GO:0046079,dUMP catabolic process,0.24286042811618533,False,1,94,1,1708,ENSG00000188641,DPYD
GO:BP,GO:0046104,thymidine metabolic process,0.24286042811618533,False,1,94,1,1708,ENSG00000188641,DPYD
GO:BP,GO:0046113,nucleobase catabolic process,0.24286042811618533,False,1,94,1,1708,ENSG00000188641,DPYD
GO:BP,GO:0044319,"wound healing, spreading of cells",0.24286042811618533,False,2,94,5,1708,ENSG00000113070 ENSG00000130635,HBEGF COL5A1
GO:BP,GO:0098739,import across plasma membrane,0.24286042811618533,False,3,94,12,1708,ENSG00000162753 ENSG00000196517 ENSG00000010810,SLC9C2 SLC6A9 FYN
GO:BP,GO:0098814,spontaneous synaptic transmission,0.24286042811618533,False,2,94,3,1708,ENSG00000149927 ENSG00000176406,DOC2A RIMS2
GO:BP,GO:0051128,regulation of cellular component organization,0.24286042811618533,False,20,94,227,1708,ENSG00000110497 ENSG00000089053 ENSG00000242498 ENSG00000149927 ENSG00000103056 ENSG00000070366 ENSG00000023902 ENSG00000251322 ENSG00000163171 ENSG00000163635 ENSG00000151422 ENSG00000113070 ENSG00000010810 ENSG00000079691 ENSG00000112659 ENSG00000135298 ENSG00000002822 ENSG00000176406 ENSG00000158106 ENSG00000130635,AMBRA1 ANAPC5 ARPIN DOC2A SMPD3 SMG6 PLEKHO1 SHANK3 CDC42EP3 ATXN7 FER HBEGF FYN CARMIL1 CUL9 ADGRB3 MAD1L1 RIMS2 RHPN1 COL5A1
GO:BP,GO:0051130,positive regulation of cellular component organization,0.24286042811618533,False,11,94,107,1708,ENSG00000110497 ENSG00000089053 ENSG00000149927 ENSG00000103056 ENSG00000251322 ENSG00000163171 ENSG00000151422 ENSG00000010810 ENSG00000079691 ENSG00000135298 ENSG00000002822,AMBRA1 ANAPC5 DOC2A SMPD3 SHANK3 CDC42EP3 FER FYN CARMIL1 ADGRB3 MAD1L1
GO:BP,GO:0010728,regulation of hydrogen peroxide biosynthetic process,0.24286042811618533,False,1,94,1,1708,ENSG00000010810,FYN
GO:BP,GO:0009888,tissue development,0.24286042811618533,False,14,94,158,1708,ENSG00000120451 ENSG00000110497 ENSG00000171310 ENSG00000103811 ENSG00000103056 ENSG00000181291 ENSG00000251322 ENSG00000150630 ENSG00000151422 ENSG00000113070 ENSG00000113448 ENSG00000204231 ENSG00000131558 ENSG00000130635,SNX19 AMBRA1 CHST11 CTSH SMPD3 TMEM132E SHANK3 VEGFC FER HBEGF PDE4D RXRB EXOC4 COL5A1
GO:BP,GO:0009582,detection of abiotic stimulus,0.24286042811618533,False,2,94,5,1708,ENSG00000078795 ENSG00000010810,PKD2L2 FYN
GO:BP,GO:0051258,protein polymerization,0.24286042811618533,False,4,94,26,1708,ENSG00000110497 ENSG00000163171 ENSG00000151422 ENSG00000079691,AMBRA1 CDC42EP3 FER CARMIL1
GO:BP,GO:0010644,cell communication by electrical coupling,0.24286042811618533,False,1,94,1,1708,ENSG00000113448,PDE4D
GO:BP,GO:0098655,monoatomic cation transmembrane transport,0.24286042811618533,False,8,94,68,1708,ENSG00000122986 ENSG00000162753 ENSG00000196517 ENSG00000154822 ENSG00000007402 ENSG00000078795 ENSG00000113448 ENSG00000010810,HVCN1 SLC9C2 SLC6A9 PLCL2 CACNA2D2 PKD2L2 PDE4D FYN
GO:BP,GO:0098659,inorganic cation import across plasma membrane,0.24286042811618533,False,2,94,7,1708,ENSG00000162753 ENSG00000010810,SLC9C2 FYN
GO:BP,GO:0044772,mitotic cell cycle phase transition,0.24286042811618533,False,6,94,47,1708,ENSG00000110497 ENSG00000089053 ENSG00000157456 ENSG00000158019 ENSG00000005483 ENSG00000002822,AMBRA1 ANAPC5 CCNB2 BABAM2 KMT2E MAD1L1
GO:BP,GO:1990182,exosomal secretion,0.24286042811618533,False,1,94,1,1708,ENSG00000103056,SMPD3
GO:BP,GO:1990416,cellular response to brain-derived neurotrophic factor stimulus,0.24286042811618533,False,1,94,1,1708,ENSG00000155511,GRIA1
GO:BP,GO:1990502,dense core granule maturation,0.24286042811618533,False,1,94,1,1708,ENSG00000120451,SNX19
GO:BP,GO:1990708,conditioned place preference,0.24286042811618533,False,1,94,1,1708,ENSG00000155511,GRIA1
GO:BP,GO:1990709,presynaptic active zone organization,0.24286042811618533,False,1,94,1,1708,ENSG00000176406,RIMS2
GO:BP,GO:1990911,response to psychosocial stress,0.24286042811618533,False,1,94,1,1708,ENSG00000155511,GRIA1
GO:BP,GO:0010815,bradykinin catabolic process,0.24286042811618533,False,1,94,1,1708,ENSG00000103811,CTSH
GO:BP,GO:0045842,positive regulation of mitotic metaphase/anaphase transition,0.24286042811618533,False,2,94,5,1708,ENSG00000089053 ENSG00000002822,ANAPC5 MAD1L1
GO:BP,GO:2000846,regulation of corticosteroid hormone secretion,0.24286042811618533,False,1,94,1,1708,ENSG00000166573,GALR1
GO:BP,GO:2000833,positive regulation of steroid hormone secretion,0.24286042811618533,False,1,94,1,1708,ENSG00000166573,GALR1
GO:BP,GO:1904717,regulation of AMPA glutamate receptor clustering,0.24286042811618533,False,1,94,1,1708,ENSG00000251322,SHANK3
GO:BP,GO:2000145,regulation of cell motility,0.24286042811618533,False,8,94,74,1708,ENSG00000103811 ENSG00000242498 ENSG00000103056 ENSG00000150630 ENSG00000151422 ENSG00000113070 ENSG00000079691 ENSG00000213654,CTSH ARPIN SMPD3 VEGFC FER HBEGF CARMIL1 GPSM3
GO:BP,GO:2000849,regulation of glucocorticoid secretion,0.24286042811618533,False,1,94,1,1708,ENSG00000166573,GALR1
GO:BP,GO:2000822,regulation of behavioral fear response,0.24286042811618533,False,1,94,1,1708,ENSG00000251322,SHANK3
GO:BP,GO:2000821,regulation of grooming behavior,0.24286042811618533,False,1,94,1,1708,ENSG00000251322,SHANK3
GO:BP,GO:2000813,negative regulation of barbed-end actin filament capping,0.24286042811618533,False,1,94,1,1708,ENSG00000079691,CARMIL1
GO:BP,GO:2000812,regulation of barbed-end actin filament capping,0.24286042811618533,False,1,94,1,1708,ENSG00000079691,CARMIL1
GO:BP,GO:0045010,actin nucleation,0.24286042811618533,False,3,94,9,1708,ENSG00000242498 ENSG00000204991 ENSG00000079691,ARPIN SPIRE2 CARMIL1
GO:BP,GO:0045112,integrin biosynthetic process,0.24286042811618533,False,1,94,1,1708,ENSG00000130635,COL5A1
GO:BP,GO:0045838,positive regulation of membrane potential,0.24286042811618533,False,1,94,1,1708,ENSG00000155511,GRIA1
GO:BP,GO:0045668,negative regulation of osteoblast differentiation,0.24286042811618533,False,1,94,1,1708,ENSG00000150630,VEGFC
GO:BP,GO:0045787,positive regulation of cell cycle,0.24286042811618533,False,5,94,38,1708,ENSG00000089053 ENSG00000103056 ENSG00000232040 ENSG00000005483 ENSG00000002822,ANAPC5 SMPD3 SCAND3 KMT2E MAD1L1
GO:BP,GO:0010817,regulation of hormone levels,0.24286042811618533,False,5,94,35,1708,ENSG00000120451 ENSG00000103056 ENSG00000166573 ENSG00000053438 ENSG00000176406,SNX19 SMPD3 GALR1 NNAT RIMS2
GO:BP,GO:0045916,negative regulation of complement activation,0.24286042811618533,False,1,94,1,1708,ENSG00000149131,SERPING1
GO:BP,GO:0045921,positive regulation of exocytosis,0.24286042811618533,False,2,94,5,1708,ENSG00000149927 ENSG00000103056,DOC2A SMPD3
GO:BP,GO:0061640,cytoskeleton-dependent cytokinesis,0.24286042811618533,False,3,94,16,1708,ENSG00000204991 ENSG00000124356 ENSG00000131558,SPIRE2 STAMBP EXOC4
GO:BP,GO:0061743,motor learning,0.24286042811618533,False,1,94,1,1708,ENSG00000135298,ADGRB3
GO:BP,GO:0003013,circulatory system process,0.24286042811618533,False,7,94,38,1708,ENSG00000149131 ENSG00000196517 ENSG00000150630 ENSG00000113070 ENSG00000113448 ENSG00000010810 ENSG00000184903,SERPING1 SLC6A9 VEGFC HBEGF PDE4D FYN IMMP2L
GO:BP,GO:0051125,regulation of actin nucleation,0.24286042811618533,False,2,94,7,1708,ENSG00000242498 ENSG00000079691,ARPIN CARMIL1
GO:BP,GO:0010631,epithelial cell migration,0.24286042811618533,False,2,94,6,1708,ENSG00000103811 ENSG00000113070,CTSH HBEGF
GO:BP,GO:0010632,regulation of epithelial cell migration,0.24286042811618533,False,2,94,4,1708,ENSG00000103811 ENSG00000113070,CTSH HBEGF
GO:BP,GO:0010634,positive regulation of epithelial cell migration,0.24286042811618533,False,2,94,3,1708,ENSG00000103811 ENSG00000113070,CTSH HBEGF
GO:BP,GO:0009914,hormone transport,0.24286042811618533,False,5,94,24,1708,ENSG00000120451 ENSG00000103056 ENSG00000166573 ENSG00000053438 ENSG00000176406,SNX19 SMPD3 GALR1 NNAT RIMS2
GO:BP,GO:0009966,regulation of signal transduction,0.24286042811618533,False,23,94,265,1708,ENSG00000110497 ENSG00000171310 ENSG00000182732 ENSG00000103811 ENSG00000073417 ENSG00000103056 ENSG00000104885 ENSG00000196182 ENSG00000251322 ENSG00000158019 ENSG00000124356 ENSG00000115085 ENSG00000154822 ENSG00000150630 ENSG00000151422 ENSG00000113070 ENSG00000155511 ENSG00000113448 ENSG00000010810 ENSG00000204231 ENSG00000002822 ENSG00000176406 ENSG00000147799,AMBRA1 CHST11 RGS6 CTSH PDE8A SMPD3 DOT1L STK40 SHANK3 BABAM2 STAMBP ZAP70 PLCL2 VEGFC FER HBEGF GRIA1 PDE4D FYN RXRB MAD1L1 RIMS2 ARHGAP39
GO:BP,GO:0010310,regulation of hydrogen peroxide metabolic process,0.24286042811618533,False,1,94,1,1708,ENSG00000010810,FYN
GO:BP,GO:0051046,regulation of secretion,0.24286042811618533,False,6,94,43,1708,ENSG00000149927 ENSG00000103056 ENSG00000166573 ENSG00000053438 ENSG00000150630 ENSG00000176406,DOC2A SMPD3 GALR1 NNAT VEGFC RIMS2
GO:BP,GO:0097734,extracellular exosome biogenesis,0.24286042811618533,False,1,94,1,1708,ENSG00000103056,SMPD3
GO:BP,GO:0140253,cell-cell fusion,0.24286042811618533,False,2,94,7,1708,ENSG00000023902 ENSG00000135298,PLEKHO1 ADGRB3
GO:BP,GO:0140352,export from cell,0.24286042811618533,False,8,94,68,1708,ENSG00000120451 ENSG00000149927 ENSG00000103056 ENSG00000166573 ENSG00000053438 ENSG00000150630 ENSG00000131558 ENSG00000176406,SNX19 DOC2A SMPD3 GALR1 NNAT VEGFC EXOC4 RIMS2
GO:BP,GO:0014009,glial cell proliferation,0.24286042811618533,False,2,94,4,1708,ENSG00000251322 ENSG00000150630,SHANK3 VEGFC
GO:BP,GO:0015074,DNA integration,0.24286042811618533,False,1,94,1,1708,ENSG00000232040,SCAND3
GO:BP,GO:0015774,polysaccharide transport,0.24286042811618533,False,1,94,1,1708,ENSG00000103056,SMPD3
GO:BP,GO:0015804,neutral amino acid transport,0.24286042811618533,False,2,94,5,1708,ENSG00000103042 ENSG00000196517,SLC38A7 SLC6A9
GO:BP,GO:0015816,glycine transport,0.24286042811618533,False,1,94,1,1708,ENSG00000196517,SLC6A9
GO:BP,GO:0016322,neuron remodeling,0.24286042811618533,False,1,94,1,1708,ENSG00000135298,ADGRB3
GO:BP,GO:0016358,dendrite development,0.24286042811618533,False,4,94,18,1708,ENSG00000142599 ENSG00000251322 ENSG00000010810 ENSG00000135298,RERE SHANK3 FYN ADGRB3
GO:BP,GO:0016477,cell migration,0.24286042811618533,False,13,94,115,1708,ENSG00000103811 ENSG00000242498 ENSG00000103056 ENSG00000023902 ENSG00000142599 ENSG00000115085 ENSG00000150630 ENSG00000151422 ENSG00000113070 ENSG00000010810 ENSG00000079691 ENSG00000213654 ENSG00000130635,CTSH ARPIN SMPD3 PLEKHO1 RERE ZAP70 VEGFC FER HBEGF FYN CARMIL1 GPSM3 COL5A1
GO:BP,GO:0150147,cell-cell junction disassembly,0.24286042811618533,False,1,94,1,1708,ENSG00000151422,FER
GO:BP,GO:0097531,mast cell migration,0.24286042811618533,False,1,94,1,1708,ENSG00000150630,VEGFC
GO:BP,GO:0097688,glutamate receptor clustering,0.24286042811618533,False,1,94,1,1708,ENSG00000251322,SHANK3
GO:BP,GO:0097696,cell surface receptor signaling pathway via STAT,0.24286042811618533,False,3,94,11,1708,ENSG00000104885 ENSG00000124356 ENSG00000151422,DOT1L STAMBP FER
GO:BP,GO:0140112,extracellular vesicle biogenesis,0.24286042811618533,False,1,94,1,1708,ENSG00000103056,SMPD3
GO:BP,GO:0097061,dendritic spine organization,0.24286042811618533,False,2,94,6,1708,ENSG00000251322 ENSG00000010810,SHANK3 FYN
GO:BP,GO:0097062,dendritic spine maintenance,0.24286042811618533,False,1,94,1,1708,ENSG00000010810,FYN
GO:BP,GO:0009176,pyrimidine deoxyribonucleoside monophosphate metabolic process,0.24286042811618533,False,1,94,1,1708,ENSG00000188641,DPYD
GO:BP,GO:0009178,pyrimidine deoxyribonucleoside monophosphate catabolic process,0.24286042811618533,False,1,94,1,1708,ENSG00000188641,DPYD
GO:BP,GO:0051295,establishment of meiotic spindle localization,0.24286042811618533,False,1,94,1,1708,ENSG00000204991,SPIRE2
GO:BP,GO:0051301,cell division,0.24286042811618533,False,9,94,65,1708,ENSG00000089053 ENSG00000157456 ENSG00000204991 ENSG00000159023 ENSG00000158019 ENSG00000124356 ENSG00000150630 ENSG00000131558 ENSG00000002822,ANAPC5 CCNB2 SPIRE2 EPB41 BABAM2 STAMBP VEGFC EXOC4 MAD1L1
GO:BP,GO:0009744,response to sucrose,0.24286042811618533,False,1,94,1,1708,ENSG00000155511,GRIA1
GO:BP,GO:0050890,cognition,0.24286042811618533,False,5,94,34,1708,ENSG00000156395 ENSG00000251322 ENSG00000155511 ENSG00000010810 ENSG00000135298,SORCS3 SHANK3 GRIA1 FYN ADGRB3
GO:BP,GO:0050900,leukocyte migration,0.24286042811618533,False,6,94,30,1708,ENSG00000103056 ENSG00000115085 ENSG00000150630 ENSG00000151422 ENSG00000010810 ENSG00000213654,SMPD3 ZAP70 VEGFC FER FYN GPSM3
GO:BP,GO:0050904,diapedesis,0.24286042811618533,False,1,94,1,1708,ENSG00000151422,FER
GO:BP,GO:0050808,synapse organization,0.24286042811618533,False,7,94,42,1708,ENSG00000251322 ENSG00000007402 ENSG00000155511 ENSG00000010810 ENSG00000135298 ENSG00000176406 ENSG00000147799,SHANK3 CACNA2D2 GRIA1 FYN ADGRB3 RIMS2 ARHGAP39
GO:BP,GO:0050851,antigen receptor-mediated signaling pathway,0.24286042811618533,False,5,94,25,1708,ENSG00000115085 ENSG00000154822 ENSG00000113448 ENSG00000010810 ENSG00000124557,ZAP70 PLCL2 PDE4D FYN BTN1A1
GO:BP,GO:0050852,T cell receptor signaling pathway,0.24286042811618533,False,4,94,23,1708,ENSG00000115085 ENSG00000113448 ENSG00000010810 ENSG00000124557,ZAP70 PDE4D FYN BTN1A1
GO:BP,GO:0017157,regulation of exocytosis,0.24286042811618533,False,3,94,15,1708,ENSG00000149927 ENSG00000103056 ENSG00000176406,DOC2A SMPD3 RIMS2
GO:BP,GO:0110091,negative regulation of hippocampal neuron apoptotic process,0.24286042811618533,False,1,94,1,1708,ENSG00000124356,STAMBP
GO:BP,GO:0010992,ubiquitin recycling,0.24286042811618533,False,1,94,1,1708,ENSG00000110497,AMBRA1
GO:BP,GO:0010994,free ubiquitin chain polymerization,0.24286042811618533,False,1,94,1,1708,ENSG00000110497,AMBRA1
GO:BP,GO:0099565,"chemical synaptic transmission, postsynaptic",0.24286042811618533,False,3,94,15,1708,ENSG00000251322 ENSG00000155511 ENSG00000176406,SHANK3 GRIA1 RIMS2
GO:BP,GO:0099587,inorganic ion import across plasma membrane,0.24286042811618533,False,2,94,7,1708,ENSG00000162753 ENSG00000010810,SLC9C2 FYN
GO:BP,GO:0106027,neuron projection organization,0.24286042811618533,False,2,94,6,1708,ENSG00000251322 ENSG00000010810,SHANK3 FYN
GO:BP,GO:0106104,regulation of glutamate receptor clustering,0.24286042811618533,False,1,94,1,1708,ENSG00000251322,SHANK3
GO:BP,GO:0010649,regulation of cell communication by electrical coupling,0.24286042811618533,False,1,94,1,1708,ENSG00000113448,PDE4D
GO:BP,GO:0010727,negative regulation of hydrogen peroxide metabolic process,0.24286042811618533,False,1,94,1,1708,ENSG00000010810,FYN
GO:BP,GO:0015833,peptide transport,0.24286042811618533,False,4,94,19,1708,ENSG00000120451 ENSG00000103056 ENSG00000053438 ENSG00000176406,SNX19 SMPD3 NNAT RIMS2
GO:BP,GO:0141124,intracellular signaling cassette,0.24286042811618533,False,15,94,159,1708,ENSG00000110497 ENSG00000103811 ENSG00000073417 ENSG00000103056 ENSG00000108309 ENSG00000205517 ENSG00000196182 ENSG00000251322 ENSG00000163171 ENSG00000124356 ENSG00000115085 ENSG00000151422 ENSG00000113070 ENSG00000155511 ENSG00000147799,AMBRA1 CTSH PDE8A SMPD3 RUNDC3A RGL3 STK40 SHANK3 CDC42EP3 STAMBP ZAP70 FER HBEGF GRIA1 ARHGAP39
GO:BP,GO:0110009,formin-nucleated actin cable organization,0.24286042811618533,False,1,94,1,1708,ENSG00000204991,SPIRE2
GO:BP,GO:0110020,regulation of actomyosin structure organization,0.24286042811618533,False,2,94,7,1708,ENSG00000079691 ENSG00000158106,CARMIL1 RHPN1
GO:BP,GO:0110088,hippocampal neuron apoptotic process,0.24286042811618533,False,1,94,1,1708,ENSG00000124356,STAMBP
GO:BP,GO:0110089,regulation of hippocampal neuron apoptotic process,0.24286042811618533,False,1,94,1,1708,ENSG00000124356,STAMBP
GO:BP,GO:0051492,regulation of stress fiber assembly,0.24286042811618533,False,2,94,5,1708,ENSG00000079691 ENSG00000158106,CARMIL1 RHPN1
GO:BP,GO:0120035,regulation of plasma membrane bounded cell projection organization,0.24286042811618533,False,7,94,63,1708,ENSG00000242498 ENSG00000251322 ENSG00000163171 ENSG00000151422 ENSG00000010810 ENSG00000079691 ENSG00000135298,ARPIN SHANK3 CDC42EP3 FER FYN CARMIL1 ADGRB3
GO:BP,GO:0120039,plasma membrane bounded cell projection morphogenesis,0.24286042811618533,False,7,94,48,1708,ENSG00000242498 ENSG00000023902 ENSG00000142599 ENSG00000251322 ENSG00000010810 ENSG00000135298 ENSG00000176406,ARPIN PLEKHO1 RERE SHANK3 FYN ADGRB3 RIMS2
GO:BP,GO:0009222,pyrimidine ribonucleotide catabolic process,0.24286042811618533,False,1,94,1,1708,ENSG00000188641,DPYD
GO:BP,GO:0009249,protein lipoylation,0.24286042811618533,False,1,94,1,1708,ENSG00000053438,NNAT
GO:BP,GO:0009261,ribonucleotide catabolic process,0.24286042811618533,False,4,94,16,1708,ENSG00000111669 ENSG00000073417 ENSG00000188641 ENSG00000113448,TPI1 PDE8A DPYD PDE4D
GO:BP,GO:0009581,detection of external stimulus,0.24286042811618533,False,2,94,5,1708,ENSG00000078795 ENSG00000010810,PKD2L2 FYN
GO:BP,GO:0051047,positive regulation of secretion,0.24286042811618533,False,5,94,23,1708,ENSG00000149927 ENSG00000103056 ENSG00000166573 ENSG00000053438 ENSG00000150630,DOC2A SMPD3 GALR1 NNAT VEGFC
GO:BP,GO:0120179,adherens junction disassembly,0.24286042811618533,False,1,94,1,1708,ENSG00000151422,FER
GO:BP,GO:0099536,synaptic signaling,0.24286042811618533,False,10,94,70,1708,ENSG00000156395 ENSG00000149927 ENSG00000196517 ENSG00000251322 ENSG00000154822 ENSG00000007402 ENSG00000155511 ENSG00000010810 ENSG00000131558 ENSG00000176406,SORCS3 DOC2A SLC6A9 SHANK3 PLCL2 CACNA2D2 GRIA1 FYN EXOC4 RIMS2
GO:BP,GO:0010730,negative regulation of hydrogen peroxide biosynthetic process,0.24286042811618533,False,1,94,1,1708,ENSG00000010810,FYN
GO:BP,GO:0010813,neuropeptide catabolic process,0.24286042811618533,False,1,94,1,1708,ENSG00000103811,CTSH
GO:BP,GO:0140029,exocytic process,0.24286042811618533,False,3,94,9,1708,ENSG00000149927 ENSG00000131558 ENSG00000176406,DOC2A EXOC4 RIMS2
GO:BP,GO:0140056,organelle localization by membrane tethering,0.24286042811618533,False,2,94,5,1708,ENSG00000131558 ENSG00000176406,EXOC4 RIMS2
GO:BP,GO:1903541,regulation of exosomal secretion,0.24286042811618533,False,1,94,1,1708,ENSG00000103056,SMPD3
GO:BP,GO:0006214,thymidine catabolic process,0.24286042811618533,False,1,94,1,1708,ENSG00000188641,DPYD
GO:BP,GO:0006248,CMP catabolic process,0.24286042811618533,False,1,94,1,1708,ENSG00000188641,DPYD
GO:BP,GO:0006249,dCMP catabolic process,0.24286042811618533,False,1,94,1,1708,ENSG00000188641,DPYD
GO:BP,GO:0006613,cotranslational protein targeting to membrane,0.24286042811618533,False,1,94,1,1708,ENSG00000120725,SIL1
GO:BP,GO:0070453,regulation of heme biosynthetic process,0.24286042811618533,False,1,94,1,1708,ENSG00000196517,SLC6A9
GO:BP,GO:0070455,positive regulation of heme biosynthetic process,0.24286042811618533,False,1,94,1,1708,ENSG00000196517,SLC6A9
GO:BP,GO:0070486,leukocyte aggregation,0.24286042811618533,False,1,94,1,1708,ENSG00000115085,ZAP70
GO:BP,GO:0070489,T cell aggregation,0.24286042811618533,False,1,94,1,1708,ENSG00000115085,ZAP70
GO:BP,GO:0070536,protein K63-linked deubiquitination,0.24286042811618533,False,2,94,5,1708,ENSG00000158019 ENSG00000124356,BABAM2 STAMBP
GO:BP,GO:0002062,chondrocyte differentiation,0.24286042811618533,False,3,94,15,1708,ENSG00000120451 ENSG00000171310 ENSG00000103056,SNX19 CHST11 SMPD3
GO:BP,GO:0002063,chondrocyte development,0.24286042811618533,False,2,94,4,1708,ENSG00000171310 ENSG00000103056,CHST11 SMPD3
GO:BP,GO:0034330,cell junction organization,0.24286042811618533,False,8,94,57,1708,ENSG00000251322 ENSG00000007402 ENSG00000151422 ENSG00000155511 ENSG00000010810 ENSG00000135298 ENSG00000176406 ENSG00000147799,SHANK3 CACNA2D2 FER GRIA1 FYN ADGRB3 RIMS2 ARHGAP39
GO:BP,GO:0034331,cell junction maintenance,0.24286042811618533,False,3,94,8,1708,ENSG00000251322 ENSG00000135298 ENSG00000176406,SHANK3 ADGRB3 RIMS2
GO:BP,GO:0034446,substrate adhesion-dependent cell spreading,0.24286042811618533,False,2,94,6,1708,ENSG00000151422 ENSG00000079691,FER CARMIL1
GO:BP,GO:0035640,exploration behavior,0.24286042811618533,False,1,94,1,1708,ENSG00000251322,SHANK3
GO:BP,GO:0048170,positive regulation of long-term neuronal synaptic plasticity,0.24286042811618533,False,1,94,1,1708,ENSG00000251322,SHANK3
GO:BP,GO:1903543,positive regulation of exosomal secretion,0.24286042811618533,False,1,94,1,1708,ENSG00000103056,SMPD3
GO:BP,GO:1903804,glycine import across plasma membrane,0.24286042811618533,False,1,94,1,1708,ENSG00000196517,SLC6A9
GO:BP,GO:0061792,secretory granule maturation,0.24286042811618533,False,1,94,1,1708,ENSG00000120451,SNX19
GO:BP,GO:0065007,biological regulation,0.24286042811618533,False,69,94,1056,1708,ENSG00000156395 ENSG00000067082 ENSG00000120451 ENSG00000110497 ENSG00000149131 ENSG00000171310 ENSG00000122986 ENSG00000089053 ENSG00000168778 ENSG00000161813 ENSG00000072657 ENSG00000151778 ENSG00000182732 ENSG00000157456 ENSG00000103811 ENSG00000073417 ENSG00000242498 ENSG00000149927 ENSG00000103056 ENSG00000204991 ENSG00000070366 ENSG00000108309 ENSG00000166573 ENSG00000205517 ENSG00000104885 ENSG00000186020 ENSG00000023902 ENSG00000143614 ENSG00000162753 ENSG00000159023 ENSG00000196182 ENSG00000196517 ENSG00000142599 ENSG00000053438 ENSG00000100354 ENSG00000100403 ENSG00000251322 ENSG00000082153 ENSG00000158019 ENSG00000163171 ENSG00000124356 ENSG00000115085 ENSG00000174579 ENSG00000154822 ENSG00000007402 ENSG00000163635 ENSG00000150630 ENSG00000185619 ENSG00000151422 ENSG00000113070 ENSG00000155511 ENSG00000113448 ENSG00000010810 ENSG00000079691 ENSG00000124557 ENSG00000096654 ENSG00000232040 ENSG00000137411 ENSG00000213654 ENSG00000204231 ENSG00000112659 ENSG00000135298 ENSG00000005483 ENSG00000131558 ENSG00000002822 ENSG00000176406 ENSG00000158106 ENSG00000147799 ENSG00000130635,SORCS3 KLF6 SNX19 AMBRA1 SERPING1 CHST11 HVCN1 ANAPC5 TCTN2 LARP4 TRHDE SERP2 RGS6 CCNB2 CTSH PDE8A ARPIN DOC2A SMPD3 SPIRE2 SMG6 RUNDC3A GALR1 RGL3 DOT1L ZNF529 PLEKHO1 GATAD2B SLC9C2 EPB41 STK40 SLC6A9 RERE NNAT TNRC6B ZC3H7B SHANK3 BZW1 BABAM2 CDC42EP3 STAMBP ZAP70 MSL2 PLCL2 CACNA2D2 ATXN7 VEGFC PCGF3 FER HBEGF GRIA1 PDE4D FYN CARMIL1 BTN1A1 ZNF184 SCAND3 VARS2 GPSM3 RXRB CUL9 ADGRB3 KMT2E EXOC4 MAD1L1 RIMS2 RHPN1 ARHGAP39 COL5A1
GO:BP,GO:0003008,system process,0.24286042811618533,False,16,94,163,1708,ENSG00000156395 ENSG00000149131 ENSG00000166573 ENSG00000159023 ENSG00000196182 ENSG00000196517 ENSG00000251322 ENSG00000163635 ENSG00000150630 ENSG00000113070 ENSG00000155511 ENSG00000113448 ENSG00000010810 ENSG00000135298 ENSG00000184903 ENSG00000176406,SORCS3 SERPING1 GALR1 EPB41 STK40 SLC6A9 SHANK3 ATXN7 VEGFC HBEGF GRIA1 PDE4D FYN ADGRB3 IMMP2L RIMS2
GO:BP,GO:0060753,regulation of mast cell chemotaxis,0.24286042811618533,False,1,94,1,1708,ENSG00000150630,VEGFC
GO:BP,GO:0060754,positive regulation of mast cell chemotaxis,0.24286042811618533,False,1,94,1,1708,ENSG00000150630,VEGFC
GO:BP,GO:0060816,random inactivation of X chromosome,0.24286042811618533,False,1,94,1,1708,ENSG00000185619,PCGF3
GO:BP,GO:0060992,response to fungicide,0.24286042811618533,False,1,94,1,1708,ENSG00000155511,GRIA1
GO:BP,GO:0002322,B cell proliferation involved in immune response,0.24286042811618533,False,1,94,1,1708,ENSG00000154822,PLCL2
GO:BP,GO:0002337,B-1a B cell differentiation,0.24286042811618533,False,1,94,1,1708,ENSG00000154822,PLCL2
GO:BP,GO:0002429,immune response-activating cell surface receptor signaling pathway,0.24286042811618533,False,5,94,35,1708,ENSG00000115085 ENSG00000154822 ENSG00000113448 ENSG00000010810 ENSG00000124557,ZAP70 PLCL2 PDE4D FYN BTN1A1
GO:BP,GO:0061028,establishment of endothelial barrier,0.24286042811618533,False,1,94,1,1708,ENSG00000113448,PDE4D
GO:BP,GO:0061300,cerebellum vasculature development,0.24286042811618533,False,1,94,1,1708,ENSG00000184903,IMMP2L
GO:BP,GO:0060429,epithelium development,0.24286042811618533,False,9,94,87,1708,ENSG00000110497 ENSG00000103811 ENSG00000181291 ENSG00000251322 ENSG00000150630 ENSG00000151422 ENSG00000113070 ENSG00000113448 ENSG00000130635,AMBRA1 CTSH TMEM132E SHANK3 VEGFC FER HBEGF PDE4D COL5A1
GO:BP,GO:0032940,secretion by cell,0.24286042811618533,False,8,94,65,1708,ENSG00000120451 ENSG00000149927 ENSG00000103056 ENSG00000166573 ENSG00000053438 ENSG00000150630 ENSG00000131558 ENSG00000176406,SNX19 DOC2A SMPD3 GALR1 NNAT VEGFC EXOC4 RIMS2
GO:BP,GO:0032956,regulation of actin cytoskeleton organization,0.24286042811618533,False,6,94,35,1708,ENSG00000242498 ENSG00000251322 ENSG00000163171 ENSG00000151422 ENSG00000079691 ENSG00000158106,ARPIN SHANK3 CDC42EP3 FER CARMIL1 RHPN1
GO:BP,GO:0007585,respiratory gaseous exchange by respiratory system,0.24286042811618533,False,2,94,7,1708,ENSG00000171310 ENSG00000196182,CHST11 STK40
GO:BP,GO:0006518,peptide metabolic process,0.24286042811618533,False,2,94,7,1708,ENSG00000072657 ENSG00000103811,TRHDE CTSH
GO:BP,GO:0006612,protein targeting to membrane,0.24286042811618533,False,2,94,6,1708,ENSG00000120725 ENSG00000010810,SIL1 FYN
GO:BP,GO:0006816,calcium ion transport,0.24286042811618533,False,6,94,40,1708,ENSG00000159023 ENSG00000154822 ENSG00000007402 ENSG00000078795 ENSG00000113448 ENSG00000010810,EPB41 PLCL2 CACNA2D2 PKD2L2 PDE4D FYN
GO:BP,GO:0070588,calcium ion transmembrane transport,0.24286042811618533,False,5,94,30,1708,ENSG00000154822 ENSG00000007402 ENSG00000078795 ENSG00000113448 ENSG00000010810,PLCL2 CACNA2D2 PKD2L2 PDE4D FYN
GO:BP,GO:0070649,formin-nucleated actin cable assembly,0.24286042811618533,False,1,94,1,1708,ENSG00000204991,SPIRE2
GO:BP,GO:0070848,response to growth factor,0.24286042811618533,False,7,94,55,1708,ENSG00000171310 ENSG00000073417 ENSG00000103056 ENSG00000150630 ENSG00000151422 ENSG00000155511 ENSG00000010810,CHST11 PDE8A SMPD3 VEGFC FER GRIA1 FYN
GO:BP,GO:0034220,monoatomic ion transmembrane transport,0.24286042811618533,False,9,94,81,1708,ENSG00000122986 ENSG00000162753 ENSG00000196517 ENSG00000154822 ENSG00000007402 ENSG00000078795 ENSG00000155511 ENSG00000113448 ENSG00000010810,HVCN1 SLC9C2 SLC6A9 PLCL2 CACNA2D2 PKD2L2 GRIA1 PDE4D FYN
GO:BP,GO:0034285,response to disaccharide,0.24286042811618533,False,1,94,1,1708,ENSG00000155511,GRIA1
GO:BP,GO:0048278,vesicle docking,0.24286042811618533,False,2,94,4,1708,ENSG00000131558 ENSG00000176406,EXOC4 RIMS2
GO:BP,GO:0048286,lung alveolus development,0.24286042811618533,False,2,94,5,1708,ENSG00000103056 ENSG00000196182,SMPD3 STK40
GO:BP,GO:0034614,cellular response to reactive oxygen species,0.24286042811618533,False,3,94,13,1708,ENSG00000103056 ENSG00000151422 ENSG00000010810,SMPD3 FER FYN
GO:BP,GO:0006213,pyrimidine nucleoside metabolic process,0.24286042811618533,False,1,94,1,1708,ENSG00000188641,DPYD
GO:BP,GO:0060448,dichotomous subdivision of terminal units involved in lung branching,0.24286042811618533,False,1,94,1,1708,ENSG00000103811,CTSH
GO:BP,GO:0060600,dichotomous subdivision of an epithelial terminal unit,0.24286042811618533,False,1,94,1,1708,ENSG00000103811,CTSH
GO:BP,GO:0001868,"regulation of complement activation, lectin pathway",0.24286042811618533,False,1,94,1,1708,ENSG00000149131,SERPING1
GO:BP,GO:0001869,"negative regulation of complement activation, lectin pathway",0.24286042811618533,False,1,94,1,1708,ENSG00000149131,SERPING1
GO:BP,GO:0001923,B-1 B cell differentiation,0.24286042811618533,False,1,94,1,1708,ENSG00000154822,PLCL2
GO:BP,GO:0001945,lymph vessel development,0.24286042811618533,False,1,94,1,1708,ENSG00000150630,VEGFC
GO:BP,GO:0001946,lymphangiogenesis,0.24286042811618533,False,1,94,1,1708,ENSG00000150630,VEGFC
GO:BP,GO:0001958,endochondral ossification,0.24286042811618533,False,1,94,1,1708,ENSG00000103056,SMPD3
GO:BP,GO:0002011,morphogenesis of an epithelial sheet,0.24286042811618533,False,2,94,7,1708,ENSG00000113070 ENSG00000130635,HBEGF COL5A1
GO:BP,GO:0033043,regulation of organelle organization,0.24286042811618533,False,13,94,116,1708,ENSG00000089053 ENSG00000242498 ENSG00000149927 ENSG00000103056 ENSG00000070366 ENSG00000251322 ENSG00000163171 ENSG00000163635 ENSG00000151422 ENSG00000079691 ENSG00000112659 ENSG00000002822 ENSG00000158106,ANAPC5 ARPIN DOC2A SMPD3 SMG6 SHANK3 CDC42EP3 ATXN7 FER CARMIL1 CUL9 MAD1L1 RHPN1
GO:BP,GO:0033058,directional locomotion,0.24286042811618533,False,1,94,1,1708,ENSG00000242498,ARPIN
GO:BP,GO:0033206,meiotic cytokinesis,0.24286042811618533,False,1,94,1,1708,ENSG00000204991,SPIRE2
GO:BP,GO:0043171,peptide catabolic process,0.24286042811618533,False,2,94,4,1708,ENSG00000072657 ENSG00000103811,TRHDE CTSH
GO:BP,GO:0046879,hormone secretion,0.24286042811618533,False,5,94,23,1708,ENSG00000120451 ENSG00000103056 ENSG00000166573 ENSG00000053438 ENSG00000176406,SNX19 SMPD3 GALR1 NNAT RIMS2
GO:BP,GO:2000831,regulation of steroid hormone secretion,0.24286042811618533,False,1,94,1,1708,ENSG00000166573,GALR1
GO:BP,GO:1904778,positive regulation of protein localization to cell cortex,0.24286042811618533,False,1,94,1,1708,ENSG00000159023,EPB41
GO:BP,GO:0035641,locomotory exploration behavior,0.24286042811618533,False,1,94,1,1708,ENSG00000251322,SHANK3
GO:BP,GO:0035677,posterior lateral line neuromast hair cell development,0.24286042811618533,False,1,94,1,1708,ENSG00000181291,TMEM132E
GO:BP,GO:0035929,steroid hormone secretion,0.24286042811618533,False,1,94,1,1708,ENSG00000166573,GALR1
GO:BP,GO:0035930,corticosteroid hormone secretion,0.24286042811618533,False,1,94,1,1708,ENSG00000166573,GALR1
GO:BP,GO:0035933,glucocorticoid secretion,0.24286042811618533,False,1,94,1,1708,ENSG00000166573,GALR1
GO:BP,GO:0035989,tendon development,0.24286042811618533,False,1,94,1,1708,ENSG00000130635,COL5A1
GO:BP,GO:0045840,positive regulation of mitotic nuclear division,0.24286042811618533,False,3,94,8,1708,ENSG00000089053 ENSG00000103056 ENSG00000002822,ANAPC5 SMPD3 MAD1L1
GO:BP,GO:0046035,CMP metabolic process,0.24286042811618533,False,1,94,1,1708,ENSG00000188641,DPYD
GO:BP,GO:0046049,UMP metabolic process,0.24286042811618533,False,1,94,1,1708,ENSG00000188641,DPYD
GO:BP,GO:0046050,UMP catabolic process,0.24286042811618533,False,1,94,1,1708,ENSG00000188641,DPYD
GO:BP,GO:0046058,cAMP metabolic process,0.24286042811618533,False,2,94,4,1708,ENSG00000073417 ENSG00000113448,PDE8A PDE4D
GO:BP,GO:0046063,dCMP metabolic process,0.24286042811618533,False,1,94,1,1708,ENSG00000188641,DPYD
GO:BP,GO:2000851,positive regulation of glucocorticoid secretion,0.24286042811618533,False,1,94,1,1708,ENSG00000166573,GALR1
GO:BP,GO:1904776,regulation of protein localization to cell cortex,0.24286042811618533,False,1,94,1,1708,ENSG00000159023,EPB41
GO:BP,GO:0003413,chondrocyte differentiation involved in endochondral bone morphogenesis,0.24286042811618533,False,1,94,1,1708,ENSG00000103056,SMPD3
GO:BP,GO:0003433,chondrocyte development involved in endochondral bone morphogenesis,0.24286042811618533,False,1,94,1,1708,ENSG00000103056,SMPD3
GO:BP,GO:0005976,polysaccharide metabolic process,0.24286042811618533,False,2,94,7,1708,ENSG00000103056 ENSG00000196182,SMPD3 STK40
GO:BP,GO:0002551,mast cell chemotaxis,0.24286042811618533,False,1,94,1,1708,ENSG00000150630,VEGFC
GO:BP,GO:0038135,ERBB2-ERBB4 signaling pathway,0.24286042811618533,False,1,94,1,1708,ENSG00000113070,HBEGF
GO:BP,GO:0040011,locomotion,0.24286042811618533,False,10,94,88,1708,ENSG00000103811 ENSG00000242498 ENSG00000103056 ENSG00000251322 ENSG00000150630 ENSG00000151422 ENSG00000113070 ENSG00000155511 ENSG00000079691 ENSG00000213654,CTSH ARPIN SMPD3 SHANK3 VEGFC FER HBEGF GRIA1 CARMIL1 GPSM3
GO:BP,GO:0040012,regulation of locomotion,0.24286042811618533,False,9,94,77,1708,ENSG00000103811 ENSG00000242498 ENSG00000103056 ENSG00000150630 ENSG00000151422 ENSG00000113070 ENSG00000155511 ENSG00000079691 ENSG00000213654,CTSH ARPIN SMPD3 VEGFC FER HBEGF GRIA1 CARMIL1 GPSM3
GO:BP,GO:0040017,positive regulation of locomotion,0.24286042811618533,False,7,94,47,1708,ENSG00000103811 ENSG00000150630 ENSG00000151422 ENSG00000113070 ENSG00000155511 ENSG00000079691 ENSG00000213654,CTSH VEGFC FER HBEGF GRIA1 CARMIL1 GPSM3
GO:BP,GO:0040038,polar body extrusion after meiotic divisions,0.24286042811618533,False,1,94,1,1708,ENSG00000204991,SPIRE2
GO:BP,GO:0036303,lymph vessel morphogenesis,0.24286042811618533,False,1,94,1,1708,ENSG00000150630,VEGFC
GO:BP,GO:0038093,Fc receptor signaling pathway,0.24286042811618533,False,2,94,5,1708,ENSG00000151422 ENSG00000010810,FER FYN
GO:BP,GO:0038095,Fc-epsilon receptor signaling pathway,0.24286042811618533,False,1,94,1,1708,ENSG00000151422,FER
GO:BP,GO:2000393,negative regulation of lamellipodium morphogenesis,0.24286042811618533,False,1,94,1,1708,ENSG00000242498,ARPIN
GO:BP,GO:2000147,positive regulation of cell motility,0.24286042811618533,False,6,94,45,1708,ENSG00000103811 ENSG00000150630 ENSG00000151422 ENSG00000113070 ENSG00000079691 ENSG00000213654,CTSH VEGFC FER HBEGF CARMIL1 GPSM3
GO:BP,GO:0006198,cAMP catabolic process,0.24286042811618533,False,2,94,3,1708,ENSG00000073417 ENSG00000113448,PDE8A PDE4D
GO:BP,GO:1904354,negative regulation of telomere capping,0.24286042811618533,False,1,94,1,1708,ENSG00000070366,SMG6
GO:BP,GO:0048167,regulation of synaptic plasticity,0.24286042811618533,False,3,94,16,1708,ENSG00000156395 ENSG00000251322 ENSG00000155511,SORCS3 SHANK3 GRIA1
GO:BP,GO:0036075,replacement ossification,0.24286042811618533,False,1,94,1,1708,ENSG00000103056,SMPD3
GO:BP,GO:0036089,cleavage furrow formation,0.24286042811618533,False,1,94,1,1708,ENSG00000204991,SPIRE2
GO:BP,GO:0036119,response to platelet-derived growth factor,0.24286042811618533,False,2,94,7,1708,ENSG00000151422 ENSG00000010810,FER FYN
GO:BP,GO:0002764,immune response-regulating signaling pathway,0.24286042811618533,False,7,94,61,1708,ENSG00000103811 ENSG00000115085 ENSG00000154822 ENSG00000151422 ENSG00000113448 ENSG00000010810 ENSG00000124557,CTSH ZAP70 PLCL2 FER PDE4D FYN BTN1A1
GO:BP,GO:0002768,immune response-regulating cell surface receptor signaling pathway,0.24286042811618533,False,6,94,38,1708,ENSG00000115085 ENSG00000154822 ENSG00000151422 ENSG00000113448 ENSG00000010810 ENSG00000124557,ZAP70 PLCL2 FER PDE4D FYN BTN1A1
GO:BP,GO:0002790,peptide secretion,0.24286042811618533,False,4,94,17,1708,ENSG00000120451 ENSG00000103056 ENSG00000053438 ENSG00000176406,SNX19 SMPD3 NNAT RIMS2
GO:BP,GO:0061448,connective tissue development,0.24286042811618533,False,4,94,26,1708,ENSG00000120451 ENSG00000171310 ENSG00000103056 ENSG00000130635,SNX19 CHST11 SMPD3 COL5A1
GO:BP,GO:0061572,actin filament bundle organization,0.24286042811618533,False,4,94,13,1708,ENSG00000204991 ENSG00000251322 ENSG00000079691 ENSG00000158106,SPIRE2 SHANK3 CARMIL1 RHPN1
GO:BP,GO:0006071,glycerol metabolic process,0.24286042811618533,False,1,94,1,1708,ENSG00000111669,TPI1
GO:BP,GO:0006144,purine nucleobase metabolic process,0.24286042811618533,False,1,94,1,1708,ENSG00000188641,DPYD
GO:BP,GO:0006145,purine nucleobase catabolic process,0.24286042811618533,False,1,94,1,1708,ENSG00000188641,DPYD
GO:BP,GO:0006195,purine nucleotide catabolic process,0.24286042811618533,False,3,94,16,1708,ENSG00000111669 ENSG00000073417 ENSG00000113448,TPI1 PDE8A PDE4D
GO:BP,GO:0032970,regulation of actin filament-based process,0.24286042811618533,False,7,94,38,1708,ENSG00000242498 ENSG00000251322 ENSG00000163171 ENSG00000151422 ENSG00000113448 ENSG00000079691 ENSG00000158106,ARPIN SHANK3 CDC42EP3 FER PDE4D CARMIL1 RHPN1
GO:BP,GO:0006206,pyrimidine nucleobase metabolic process,0.24286042811618533,False,1,94,1,1708,ENSG00000188641,DPYD
GO:BP,GO:0006208,pyrimidine nucleobase catabolic process,0.24286042811618533,False,1,94,1,1708,ENSG00000188641,DPYD
GO:BP,GO:0006210,thymine catabolic process,0.24286042811618533,False,1,94,1,1708,ENSG00000188641,DPYD
GO:BP,GO:0006212,uracil catabolic process,0.24286042811618533,False,1,94,1,1708,ENSG00000188641,DPYD
GO:BP,GO:0035249,"synaptic transmission, glutamatergic",0.24286042811618533,False,2,94,6,1708,ENSG00000251322 ENSG00000155511,SHANK3 GRIA1
GO:BP,GO:0035264,multicellular organism growth,0.24286042811618533,False,3,94,13,1708,ENSG00000103056 ENSG00000196182 ENSG00000007402,SMPD3 STK40 CACNA2D2
GO:BP,GO:0035269,protein O-linked glycosylation via mannose,0.24286042811618533,False,1,94,1,1708,ENSG00000133687,TMTC1
GO:BP,GO:0035426,extracellular matrix-cell signaling,0.24286042811618533,False,1,94,1,1708,ENSG00000151422,FER
GO:BP,GO:0035556,intracellular signal transduction,0.24286042811618533,False,23,94,266,1708,ENSG00000110497 ENSG00000151778 ENSG00000182732 ENSG00000103811 ENSG00000073417 ENSG00000103056 ENSG00000108309 ENSG00000205517 ENSG00000104885 ENSG00000196182 ENSG00000251322 ENSG00000158019 ENSG00000163171 ENSG00000124356 ENSG00000115085 ENSG00000154822 ENSG00000151422 ENSG00000113070 ENSG00000155511 ENSG00000010810 ENSG00000204231 ENSG00000002822 ENSG00000147799,AMBRA1 SERP2 RGS6 CTSH PDE8A SMPD3 RUNDC3A RGL3 DOT1L STK40 SHANK3 BABAM2 CDC42EP3 STAMBP ZAP70 PLCL2 FER HBEGF GRIA1 FYN RXRB MAD1L1 ARHGAP39
GO:BP,GO:0046903,secretion,0.24286042811618533,False,8,94,73,1708,ENSG00000120451 ENSG00000149927 ENSG00000103056 ENSG00000166573 ENSG00000053438 ENSG00000150630 ENSG00000131558 ENSG00000176406,SNX19 DOC2A SMPD3 GALR1 NNAT VEGFC EXOC4 RIMS2
GO:BP,GO:0038134,ERBB2-EGFR signaling pathway,0.24286042811618533,False,1,94,1,1708,ENSG00000113070,HBEGF
GO:BP,GO:1904542,regulation of free ubiquitin chain polymerization,0.24286042811618533,False,1,94,1,1708,ENSG00000110497,AMBRA1
GO:BP,GO:1904544,positive regulation of free ubiquitin chain polymerization,0.24286042811618533,False,1,94,1,1708,ENSG00000110497,AMBRA1
GO:BP,GO:0003333,amino acid transmembrane transport,0.24286042811618533,False,2,94,6,1708,ENSG00000103042 ENSG00000196517,SLC38A7 SLC6A9
GO:BP,GO:1905664,regulation of calcium ion import across plasma membrane,0.24286042811618533,False,1,94,1,1708,ENSG00000010810,FYN
GO:BP,GO:0046434,organophosphate catabolic process,0.24286042811618533,False,5,94,27,1708,ENSG00000111669 ENSG00000073417 ENSG00000103056 ENSG00000188641 ENSG00000113448,TPI1 PDE8A SMPD3 DPYD PDE4D
GO:BP,GO:0007057,spindle assembly involved in female meiosis I,0.24286042811618533,False,1,94,1,1708,ENSG00000157456,CCNB2
GO:BP,GO:0007088,regulation of mitotic nuclear division,0.24286042811618533,False,4,94,17,1708,ENSG00000089053 ENSG00000103056 ENSG00000112659 ENSG00000002822,ANAPC5 SMPD3 CUL9 MAD1L1
GO:BP,GO:0007346,regulation of mitotic cell cycle,0.24286042811618533,False,7,94,62,1708,ENSG00000110497 ENSG00000089053 ENSG00000103056 ENSG00000158019 ENSG00000112659 ENSG00000005483 ENSG00000002822,AMBRA1 ANAPC5 SMPD3 BABAM2 CUL9 KMT2E MAD1L1
GO:BP,GO:0007420,brain development,0.24286042811618533,False,6,94,48,1708,ENSG00000142599 ENSG00000053438 ENSG00000251322 ENSG00000155511 ENSG00000010810 ENSG00000184903,RERE NNAT SHANK3 GRIA1 FYN IMMP2L
GO:BP,GO:0007520,myoblast fusion,0.24286042811618533,False,2,94,7,1708,ENSG00000023902 ENSG00000135298,PLEKHO1 ADGRB3
GO:BP,GO:0071705,nitrogen compound transport,0.24286042811618533,False,7,94,57,1708,ENSG00000120451 ENSG00000103042 ENSG00000103056 ENSG00000070366 ENSG00000196517 ENSG00000053438 ENSG00000176406,SNX19 SLC38A7 SMPD3 SMG6 SLC6A9 NNAT RIMS2
GO:BP,GO:0071871,response to epinephrine,0.24286042811618533,False,1,94,1,1708,ENSG00000113448,PDE4D
GO:BP,GO:0071872,cellular response to epinephrine stimulus,0.24286042811618533,False,1,94,1,1708,ENSG00000113448,PDE4D
GO:BP,GO:0051783,regulation of nuclear division,0.24286042811618533,False,4,94,17,1708,ENSG00000089053 ENSG00000103056 ENSG00000112659 ENSG00000002822,ANAPC5 SMPD3 CUL9 MAD1L1
GO:BP,GO:0051785,positive regulation of nuclear division,0.24286042811618533,False,3,94,8,1708,ENSG00000089053 ENSG00000103056 ENSG00000002822,ANAPC5 SMPD3 MAD1L1
GO:BP,GO:0051823,regulation of synapse structural plasticity,0.24286042811618533,False,1,94,1,1708,ENSG00000251322,SHANK3
GO:BP,GO:0051835,positive regulation of synapse structural plasticity,0.24286042811618533,False,1,94,1,1708,ENSG00000251322,SHANK3
GO:BP,GO:1905475,regulation of protein localization to membrane,0.24286042811618533,False,3,94,16,1708,ENSG00000251322 ENSG00000007402 ENSG00000010810,SHANK3 CACNA2D2 FYN
GO:BP,GO:0046174,polyol catabolic process,0.24286042811618533,False,1,94,1,1708,ENSG00000111669,TPI1
GO:BP,GO:1905806,regulation of synapse pruning,0.24286042811618533,False,1,94,1,1708,ENSG00000135298,ADGRB3
GO:BP,GO:0043242,negative regulation of protein-containing complex disassembly,0.24286042811618533,False,2,94,7,1708,ENSG00000163635 ENSG00000079691,ATXN7 CARMIL1
GO:BP,GO:0048661,positive regulation of smooth muscle cell proliferation,0.24286042811618533,False,2,94,6,1708,ENSG00000103056 ENSG00000113070,SMPD3 HBEGF
GO:BP,GO:0048703,embryonic viscerocranium morphogenesis,0.24286042811618533,False,1,94,1,1708,ENSG00000171310,CHST11
GO:BP,GO:0031334,positive regulation of protein-containing complex assembly,0.24286042811618533,False,4,94,25,1708,ENSG00000110497 ENSG00000163171 ENSG00000151422 ENSG00000079691,AMBRA1 CDC42EP3 FER CARMIL1
GO:BP,GO:0007015,actin filament organization,0.24286042811618533,False,7,94,41,1708,ENSG00000242498 ENSG00000204991 ENSG00000251322 ENSG00000163171 ENSG00000151422 ENSG00000079691 ENSG00000158106,ARPIN SPIRE2 SHANK3 CDC42EP3 FER CARMIL1 RHPN1
GO:BP,GO:0071418,cellular response to amine stimulus,0.24286042811618533,False,1,94,1,1708,ENSG00000155511,GRIA1
GO:BP,GO:0007188,adenylate cyclase-modulating G protein-coupled receptor signaling pathway,0.24286042811618533,False,4,94,23,1708,ENSG00000166573 ENSG00000113448 ENSG00000135298 ENSG00000176406,GALR1 PDE4D ADGRB3 RIMS2
GO:BP,GO:0007189,adenylate cyclase-activating G protein-coupled receptor signaling pathway,0.24286042811618533,False,3,94,15,1708,ENSG00000166573 ENSG00000113448 ENSG00000135298,GALR1 PDE4D ADGRB3
GO:BP,GO:0007215,glutamate receptor signaling pathway,0.24286042811618533,False,3,94,7,1708,ENSG00000251322 ENSG00000155511 ENSG00000010810,SHANK3 GRIA1 FYN
GO:BP,GO:0048513,animal organ development,0.24286042811618533,False,20,94,222,1708,ENSG00000120451 ENSG00000171310 ENSG00000157456 ENSG00000103811 ENSG00000103056 ENSG00000181291 ENSG00000196182 ENSG00000142599 ENSG00000053438 ENSG00000251322 ENSG00000150630 ENSG00000151422 ENSG00000113070 ENSG00000155511 ENSG00000010810 ENSG00000204231 ENSG00000184903 ENSG00000131558 ENSG00000002822 ENSG00000130635,SNX19 CHST11 CCNB2 CTSH SMPD3 TMEM132E STK40 RERE NNAT SHANK3 VEGFC FER HBEGF GRIA1 FYN RXRB IMMP2L EXOC4 MAD1L1 COL5A1
GO:BP,GO:0007260,tyrosine phosphorylation of STAT protein,0.24286042811618533,False,1,94,1,1708,ENSG00000151422,FER
GO:BP,GO:0031509,subtelomeric heterochromatin formation,0.24286042811618533,False,1,94,1,1708,ENSG00000104885,DOT1L
GO:BP,GO:0030836,positive regulation of actin filament depolymerization,0.24286042811618533,False,1,94,1,1708,ENSG00000079691,CARMIL1
GO:BP,GO:0071593,lymphocyte aggregation,0.24286042811618533,False,1,94,1,1708,ENSG00000115085,ZAP70
GO:BP,GO:0048915,posterior lateral line system development,0.24286042811618533,False,1,94,1,1708,ENSG00000181291,TMEM132E
GO:BP,GO:0048916,posterior lateral line development,0.24286042811618533,False,1,94,1,1708,ENSG00000181291,TMEM132E
GO:BP,GO:0048919,posterior lateral line neuromast development,0.24286042811618533,False,1,94,1,1708,ENSG00000181291,TMEM132E
GO:BP,GO:0048923,posterior lateral line neuromast hair cell differentiation,0.24286042811618533,False,1,94,1,1708,ENSG00000181291,TMEM132E
GO:BP,GO:0043400,cortisol secretion,0.24286042811618533,False,1,94,1,1708,ENSG00000166573,GALR1
GO:BP,GO:0046121,deoxyribonucleoside catabolic process,0.24286042811618533,False,1,94,1,1708,ENSG00000188641,DPYD
GO:BP,GO:0046125,pyrimidine deoxyribonucleoside metabolic process,0.24286042811618533,False,1,94,1,1708,ENSG00000188641,DPYD
GO:BP,GO:0046127,pyrimidine deoxyribonucleoside catabolic process,0.24286042811618533,False,1,94,1,1708,ENSG00000188641,DPYD
GO:BP,GO:0051896,regulation of phosphatidylinositol 3-kinase/protein kinase B signal transduction,0.24286042811618533,False,5,94,27,1708,ENSG00000110497 ENSG00000103056 ENSG00000124356 ENSG00000151422 ENSG00000113070,AMBRA1 SMPD3 STAMBP FER HBEGF
GO:BP,GO:0007611,learning or memory,0.24286042811618533,False,5,94,31,1708,ENSG00000156395 ENSG00000251322 ENSG00000155511 ENSG00000010810 ENSG00000135298,SORCS3 SHANK3 GRIA1 FYN ADGRB3
GO:BP,GO:0007625,grooming behavior,0.24286042811618533,False,1,94,1,1708,ENSG00000251322,SHANK3
GO:BP,GO:0008015,blood circulation,0.24286042811618533,False,5,94,33,1708,ENSG00000149131 ENSG00000150630 ENSG00000113070 ENSG00000113448 ENSG00000184903,SERPING1 VEGFC HBEGF PDE4D IMMP2L
GO:BP,GO:0072523,purine-containing compound catabolic process,0.24286042811618533,False,4,94,18,1708,ENSG00000111669 ENSG00000073417 ENSG00000188641 ENSG00000113448,TPI1 PDE8A DPYD PDE4D
GO:BP,GO:0072578,neurotransmitter-gated ion channel clustering,0.24286042811618533,False,1,94,1,1708,ENSG00000251322,SHANK3
GO:BP,GO:0007259,cell surface receptor signaling pathway via JAK-STAT,0.24286042811618533,False,3,94,10,1708,ENSG00000104885 ENSG00000124356 ENSG00000151422,DOT1L STAMBP FER
GO:BP,GO:0030832,regulation of actin filament length,0.24286042811618533,False,3,94,16,1708,ENSG00000163171 ENSG00000151422 ENSG00000079691,CDC42EP3 FER CARMIL1
GO:BP,GO:0030833,regulation of actin filament polymerization,0.24286042811618533,False,3,94,14,1708,ENSG00000163171 ENSG00000151422 ENSG00000079691,CDC42EP3 FER CARMIL1
GO:BP,GO:0048755,branching morphogenesis of a nerve,0.24286042811618533,False,1,94,1,1708,ENSG00000142599,RERE
GO:BP,GO:0048790,maintenance of presynaptic active zone structure,0.24286042811618533,False,1,94,1,1708,ENSG00000176406,RIMS2
GO:BP,GO:0048813,dendrite morphogenesis,0.24286042811618533,False,4,94,14,1708,ENSG00000142599 ENSG00000251322 ENSG00000010810 ENSG00000135298,RERE SHANK3 FYN ADGRB3
GO:BP,GO:0048856,anatomical structure development,0.24286042811618533,False,37,94,483,1708,ENSG00000067082 ENSG00000120451 ENSG00000183715 ENSG00000110497 ENSG00000171310 ENSG00000161813 ENSG00000135454 ENSG00000157456 ENSG00000103811 ENSG00000242498 ENSG00000149927 ENSG00000103056 ENSG00000181291 ENSG00000178093 ENSG00000023902 ENSG00000196182 ENSG00000142599 ENSG00000053438 ENSG00000251322 ENSG00000163171 ENSG00000115085 ENSG00000154822 ENSG00000007402 ENSG00000150630 ENSG00000151422 ENSG00000113070 ENSG00000155511 ENSG00000113448 ENSG00000010810 ENSG00000204231 ENSG00000135298 ENSG00000005483 ENSG00000184903 ENSG00000131558 ENSG00000002822 ENSG00000176406 ENSG00000130635,KLF6 SNX19 OPCML AMBRA1 CHST11 LARP4 B4GALNT1 CCNB2 CTSH ARPIN DOC2A SMPD3 TMEM132E TSSK6 PLEKHO1 STK40 RERE NNAT SHANK3 CDC42EP3 ZAP70 PLCL2 CACNA2D2 VEGFC FER HBEGF GRIA1 PDE4D FYN RXRB ADGRB3 KMT2E IMMP2L EXOC4 MAD1L1 RIMS2 COL5A1
GO:BP,GO:0030838,positive regulation of actin filament polymerization,0.24286042811618533,False,3,94,7,1708,ENSG00000163171 ENSG00000151422 ENSG00000079691,CDC42EP3 FER CARMIL1
GO:BP,GO:0031118,rRNA pseudouridine synthesis,0.24286042811618533,False,1,94,1,1708,ENSG00000166133,RPUSD2
GO:BP,GO:1903047,mitotic cell cycle process,0.24286042811618533,False,10,94,89,1708,ENSG00000110497 ENSG00000089053 ENSG00000157456 ENSG00000103056 ENSG00000158019 ENSG00000124356 ENSG00000112659 ENSG00000005483 ENSG00000131558 ENSG00000002822,AMBRA1 ANAPC5 CCNB2 SMPD3 BABAM2 STAMBP CUL9 KMT2E EXOC4 MAD1L1
GO:BP,GO:0030334,regulation of cell migration,0.24286042811618533,False,8,94,71,1708,ENSG00000103811 ENSG00000242498 ENSG00000103056 ENSG00000150630 ENSG00000151422 ENSG00000113070 ENSG00000079691 ENSG00000213654,CTSH ARPIN SMPD3 VEGFC FER HBEGF CARMIL1 GPSM3
GO:BP,GO:0030335,positive regulation of cell migration,0.24286042811618533,False,6,94,44,1708,ENSG00000103811 ENSG00000150630 ENSG00000151422 ENSG00000113070 ENSG00000079691 ENSG00000213654,CTSH VEGFC FER HBEGF CARMIL1 GPSM3
GO:BP,GO:0030449,regulation of complement activation,0.24286042811618533,False,1,94,1,1708,ENSG00000149131,SERPING1
GO:BP,GO:0030728,ovulation,0.24286042811618533,False,1,94,1,1708,ENSG00000184903,IMMP2L
GO:BP,GO:0046135,pyrimidine nucleoside catabolic process,0.24286042811618533,False,1,94,1,1708,ENSG00000188641,DPYD
GO:BP,GO:1903530,regulation of secretion by cell,0.24286042811618533,False,6,94,41,1708,ENSG00000149927 ENSG00000103056 ENSG00000166573 ENSG00000053438 ENSG00000150630 ENSG00000176406,DOC2A SMPD3 GALR1 NNAT VEGFC RIMS2
GO:BP,GO:0043366,beta selection,0.24286042811618533,False,1,94,1,1708,ENSG00000115085,ZAP70
GO:BP,GO:0006811,monoatomic ion transport,0.24286042811618533,False,11,94,101,1708,ENSG00000122986 ENSG00000103042 ENSG00000162753 ENSG00000159023 ENSG00000196517 ENSG00000154822 ENSG00000007402 ENSG00000078795 ENSG00000155511 ENSG00000113448 ENSG00000010810,HVCN1 SLC38A7 SLC9C2 EPB41 SLC6A9 PLCL2 CACNA2D2 PKD2L2 GRIA1 PDE4D FYN
GO:BP,GO:0006812,monoatomic cation transport,0.24286042811618533,False,10,94,85,1708,ENSG00000122986 ENSG00000103042 ENSG00000162753 ENSG00000159023 ENSG00000196517 ENSG00000154822 ENSG00000007402 ENSG00000078795 ENSG00000113448 ENSG00000010810,HVCN1 SLC38A7 SLC9C2 EPB41 SLC6A9 PLCL2 CACNA2D2 PKD2L2 PDE4D FYN
GO:BP,GO:0032502,developmental process,0.24286042811618533,False,38,94,523,1708,ENSG00000067082 ENSG00000120451 ENSG00000183715 ENSG00000110497 ENSG00000171310 ENSG00000161813 ENSG00000135454 ENSG00000157456 ENSG00000103811 ENSG00000242498 ENSG00000149927 ENSG00000103056 ENSG00000181291 ENSG00000178093 ENSG00000023902 ENSG00000143614 ENSG00000196182 ENSG00000142599 ENSG00000053438 ENSG00000251322 ENSG00000163171 ENSG00000115085 ENSG00000154822 ENSG00000007402 ENSG00000150630 ENSG00000151422 ENSG00000113070 ENSG00000155511 ENSG00000113448 ENSG00000010810 ENSG00000204231 ENSG00000135298 ENSG00000005483 ENSG00000184903 ENSG00000131558 ENSG00000002822 ENSG00000176406 ENSG00000130635,KLF6 SNX19 OPCML AMBRA1 CHST11 LARP4 B4GALNT1 CCNB2 CTSH ARPIN DOC2A SMPD3 TMEM132E TSSK6 PLEKHO1 GATAD2B STK40 RERE NNAT SHANK3 CDC42EP3 ZAP70 PLCL2 CACNA2D2 VEGFC FER HBEGF GRIA1 PDE4D FYN RXRB ADGRB3 KMT2E IMMP2L EXOC4 MAD1L1 RIMS2 COL5A1
GO:BP,GO:0006929,substrate-dependent cell migration,0.24286042811618533,False,1,94,1,1708,ENSG00000150630,VEGFC
GO:BP,GO:0006949,syncytium formation,0.24286042811618533,False,2,94,7,1708,ENSG00000023902 ENSG00000135298,PLEKHO1 ADGRB3
GO:BP,GO:0000278,mitotic cell cycle,0.24286042811618533,False,10,94,103,1708,ENSG00000110497 ENSG00000089053 ENSG00000157456 ENSG00000103056 ENSG00000158019 ENSG00000124356 ENSG00000112659 ENSG00000005483 ENSG00000131558 ENSG00000002822,AMBRA1 ANAPC5 CCNB2 SMPD3 BABAM2 STAMBP CUL9 KMT2E EXOC4 MAD1L1
GO:BP,GO:0000304,response to singlet oxygen,0.24286042811618533,False,1,94,1,1708,ENSG00000010810,FYN
GO:BP,GO:0000455,enzyme-directed rRNA pseudouridine synthesis,0.24286042811618533,False,1,94,1,1708,ENSG00000166133,RPUSD2
GO:BP,GO:0000768,syncytium formation by plasma membrane fusion,0.24286042811618533,False,2,94,7,1708,ENSG00000023902 ENSG00000135298,PLEKHO1 ADGRB3
GO:BP,GO:0006887,exocytosis,0.24286042811618533,False,5,94,25,1708,ENSG00000120451 ENSG00000149927 ENSG00000103056 ENSG00000131558 ENSG00000176406,SNX19 DOC2A SMPD3 EXOC4 RIMS2
GO:BP,GO:1903365,regulation of fear response,0.24286042811618533,False,1,94,1,1708,ENSG00000251322,SHANK3
GO:BP,GO:1903409,reactive oxygen species biosynthetic process,0.24286042811618533,False,2,94,6,1708,ENSG00000122986 ENSG00000010810,HVCN1 FYN
GO:BP,GO:1903426,regulation of reactive oxygen species biosynthetic process,0.24286042811618533,False,2,94,5,1708,ENSG00000122986 ENSG00000010810,HVCN1 FYN
GO:BP,GO:0006904,vesicle docking involved in exocytosis,0.24286042811618533,False,2,94,3,1708,ENSG00000131558 ENSG00000176406,EXOC4 RIMS2
GO:BP,GO:1903532,positive regulation of secretion by cell,0.24286042811618533,False,5,94,22,1708,ENSG00000149927 ENSG00000103056 ENSG00000166573 ENSG00000053438 ENSG00000150630,DOC2A SMPD3 GALR1 NNAT VEGFC
GO:BP,GO:0048518,positive regulation of biological process,0.24286042811618533,False,42,94,544,1708,ENSG00000067082 ENSG00000110497 ENSG00000149131 ENSG00000089053 ENSG00000161813 ENSG00000103811 ENSG00000073417 ENSG00000149927 ENSG00000103056 ENSG00000204991 ENSG00000166573 ENSG00000104885 ENSG00000143614 ENSG00000159023 ENSG00000196517 ENSG00000142599 ENSG00000053438 ENSG00000100354 ENSG00000251322 ENSG00000158019 ENSG00000163171 ENSG00000124356 ENSG00000115085 ENSG00000174579 ENSG00000154822 ENSG00000007402 ENSG00000163635 ENSG00000150630 ENSG00000151422 ENSG00000113070 ENSG00000155511 ENSG00000113448 ENSG00000010810 ENSG00000079691 ENSG00000124557 ENSG00000232040 ENSG00000213654 ENSG00000204231 ENSG00000135298 ENSG00000005483 ENSG00000002822 ENSG00000176406,KLF6 AMBRA1 SERPING1 ANAPC5 LARP4 CTSH PDE8A DOC2A SMPD3 SPIRE2 GALR1 DOT1L GATAD2B EPB41 SLC6A9 RERE NNAT TNRC6B SHANK3 BABAM2 CDC42EP3 STAMBP ZAP70 MSL2 PLCL2 CACNA2D2 ATXN7 VEGFC FER HBEGF GRIA1 PDE4D FYN CARMIL1 BTN1A1 SCAND3 GPSM3 RXRB ADGRB3 KMT2E MAD1L1 RIMS2
GO:BP,GO:0048522,positive regulation of cellular process,0.24286042811618533,False,37,94,507,1708,ENSG00000067082 ENSG00000110497 ENSG00000089053 ENSG00000161813 ENSG00000103811 ENSG00000073417 ENSG00000149927 ENSG00000103056 ENSG00000204991 ENSG00000166573 ENSG00000104885 ENSG00000143614 ENSG00000196517 ENSG00000142599 ENSG00000053438 ENSG00000100354 ENSG00000251322 ENSG00000158019 ENSG00000163171 ENSG00000124356 ENSG00000115085 ENSG00000174579 ENSG00000163635 ENSG00000150630 ENSG00000151422 ENSG00000113070 ENSG00000155511 ENSG00000113448 ENSG00000010810 ENSG00000079691 ENSG00000232040 ENSG00000213654 ENSG00000204231 ENSG00000135298 ENSG00000005483 ENSG00000002822 ENSG00000176406,KLF6 AMBRA1 ANAPC5 LARP4 CTSH PDE8A DOC2A SMPD3 SPIRE2 GALR1 DOT1L GATAD2B SLC6A9 RERE NNAT TNRC6B SHANK3 BABAM2 CDC42EP3 STAMBP ZAP70 MSL2 ATXN7 VEGFC FER HBEGF GRIA1 PDE4D FYN CARMIL1 SCAND3 GPSM3 RXRB ADGRB3 KMT2E MAD1L1 RIMS2
GO:BP,GO:0060359,response to ammonium ion,0.24286042811618533,False,1,94,1,1708,ENSG00000155511,GRIA1
GO:BP,GO:0060425,lung morphogenesis,0.24286042811618533,False,2,94,7,1708,ENSG00000103811 ENSG00000196182,CTSH STK40
GO:BP,GO:0060079,excitatory postsynaptic potential,0.24286042811618533,False,3,94,15,1708,ENSG00000251322 ENSG00000155511 ENSG00000176406,SHANK3 GRIA1 RIMS2
GO:BP,GO:0060092,"regulation of synaptic transmission, glycinergic",0.24286042811618533,False,1,94,1,1708,ENSG00000196517,SLC6A9
GO:BP,GO:0000902,cell morphogenesis,0.24286042811618533,False,9,94,80,1708,ENSG00000161813 ENSG00000242498 ENSG00000023902 ENSG00000142599 ENSG00000251322 ENSG00000163171 ENSG00000010810 ENSG00000135298 ENSG00000176406,LARP4 ARPIN PLEKHO1 RERE SHANK3 CDC42EP3 FYN ADGRB3 RIMS2
GO:BP,GO:0048538,thymus development,0.24286042811618533,False,2,94,4,1708,ENSG00000157456 ENSG00000002822,CCNB2 MAD1L1
GO:BP,GO:0048583,regulation of response to stimulus,0.24286042811618533,False,28,94,360,1708,ENSG00000110497 ENSG00000149131 ENSG00000171310 ENSG00000182732 ENSG00000103811 ENSG00000073417 ENSG00000103056 ENSG00000204991 ENSG00000104885 ENSG00000196182 ENSG00000251322 ENSG00000158019 ENSG00000124356 ENSG00000115085 ENSG00000154822 ENSG00000163635 ENSG00000150630 ENSG00000151422 ENSG00000113070 ENSG00000155511 ENSG00000113448 ENSG00000010810 ENSG00000124557 ENSG00000213654 ENSG00000204231 ENSG00000002822 ENSG00000176406 ENSG00000147799,AMBRA1 SERPING1 CHST11 RGS6 CTSH PDE8A SMPD3 SPIRE2 DOT1L STK40 SHANK3 BABAM2 STAMBP ZAP70 PLCL2 ATXN7 VEGFC FER HBEGF GRIA1 PDE4D FYN BTN1A1 GPSM3 RXRB MAD1L1 RIMS2 ARHGAP39
GO:BP,GO:0048584,positive regulation of response to stimulus,0.24286042811618533,False,20,94,233,1708,ENSG00000110497 ENSG00000149131 ENSG00000103811 ENSG00000073417 ENSG00000204991 ENSG00000251322 ENSG00000158019 ENSG00000115085 ENSG00000154822 ENSG00000150630 ENSG00000151422 ENSG00000113070 ENSG00000155511 ENSG00000113448 ENSG00000010810 ENSG00000124557 ENSG00000213654 ENSG00000204231 ENSG00000002822 ENSG00000176406,AMBRA1 SERPING1 CTSH PDE8A SPIRE2 SHANK3 BABAM2 ZAP70 PLCL2 VEGFC FER HBEGF GRIA1 PDE4D FYN BTN1A1 GPSM3 RXRB MAD1L1 RIMS2
GO:BP,GO:0048312,intracellular distribution of mitochondria,0.24286042811618533,False,1,94,1,1708,ENSG00000104442,ARMC1
GO:BP,GO:0048340,paraxial mesoderm morphogenesis,0.24286042811618533,False,1,94,1,1708,ENSG00000131558,EXOC4
GO:BP,GO:0048341,paraxial mesoderm formation,0.24286042811618533,False,1,94,1,1708,ENSG00000131558,EXOC4
GO:BP,GO:0071242,cellular response to ammonium ion,0.24286042811618533,False,1,94,1,1708,ENSG00000155511,GRIA1
GO:BP,GO:0032634,interleukin-5 production,0.24286042811618533,False,1,94,1,1708,ENSG00000113448,PDE4D
GO:BP,GO:0031644,regulation of nervous system process,0.24286042811618533,False,3,94,8,1708,ENSG00000251322 ENSG00000155511 ENSG00000176406,SHANK3 GRIA1 RIMS2
GO:BP,GO:0031987,locomotion involved in locomotory behavior,0.24286042811618533,False,1,94,1,1708,ENSG00000155511,GRIA1
GO:BP,GO:0032026,response to magnesium ion,0.24286042811618533,False,1,94,1,1708,ENSG00000103056,SMPD3
GO:BP,GO:0032674,regulation of interleukin-5 production,0.24286042811618533,False,1,94,1,1708,ENSG00000113448,PDE4D
GO:BP,GO:0032754,positive regulation of interleukin-5 production,0.24286042811618533,False,1,94,1,1708,ENSG00000113448,PDE4D
GO:BP,GO:0060012,"synaptic transmission, glycinergic",0.24286042811618533,False,1,94,1,1708,ENSG00000196517,SLC6A9
GO:BP,GO:0007143,female meiotic nuclear division,0.24286042811618533,False,2,94,6,1708,ENSG00000157456 ENSG00000204991,CCNB2 SPIRE2
GO:BP,GO:0007154,cell communication,0.24286042811618533,False,40,94,523,1708,ENSG00000156395 ENSG00000120451 ENSG00000110497 ENSG00000171310 ENSG00000168778 ENSG00000072657 ENSG00000151778 ENSG00000182732 ENSG00000103811 ENSG00000073417 ENSG00000149927 ENSG00000103056 ENSG00000108309 ENSG00000166573 ENSG00000205517 ENSG00000104885 ENSG00000196182 ENSG00000196517 ENSG00000053438 ENSG00000251322 ENSG00000158019 ENSG00000163171 ENSG00000124356 ENSG00000115085 ENSG00000154822 ENSG00000007402 ENSG00000150630 ENSG00000151422 ENSG00000113070 ENSG00000155511 ENSG00000113448 ENSG00000010810 ENSG00000124557 ENSG00000204231 ENSG00000135298 ENSG00000131558 ENSG00000002822 ENSG00000176406 ENSG00000158106 ENSG00000147799,SORCS3 SNX19 AMBRA1 CHST11 TCTN2 TRHDE SERP2 RGS6 CTSH PDE8A DOC2A SMPD3 RUNDC3A GALR1 RGL3 DOT1L STK40 SLC6A9 NNAT SHANK3 BABAM2 CDC42EP3 STAMBP ZAP70 PLCL2 CACNA2D2 VEGFC FER HBEGF GRIA1 PDE4D FYN BTN1A1 RXRB ADGRB3 EXOC4 MAD1L1 RIMS2 RHPN1 ARHGAP39
GO:BP,GO:0007165,signal transduction,0.24286042811618533,False,34,94,481,1708,ENSG00000156395 ENSG00000110497 ENSG00000171310 ENSG00000168778 ENSG00000072657 ENSG00000151778 ENSG00000182732 ENSG00000103811 ENSG00000073417 ENSG00000103056 ENSG00000108309 ENSG00000166573 ENSG00000205517 ENSG00000104885 ENSG00000196182 ENSG00000251322 ENSG00000158019 ENSG00000163171 ENSG00000124356 ENSG00000115085 ENSG00000154822 ENSG00000150630 ENSG00000151422 ENSG00000113070 ENSG00000155511 ENSG00000113448 ENSG00000010810 ENSG00000124557 ENSG00000204231 ENSG00000135298 ENSG00000002822 ENSG00000176406 ENSG00000158106 ENSG00000147799,SORCS3 AMBRA1 CHST11 TCTN2 TRHDE SERP2 RGS6 CTSH PDE8A SMPD3 RUNDC3A GALR1 RGL3 DOT1L STK40 SHANK3 BABAM2 CDC42EP3 STAMBP ZAP70 PLCL2 VEGFC FER HBEGF GRIA1 PDE4D FYN BTN1A1 RXRB ADGRB3 MAD1L1 RIMS2 RHPN1 ARHGAP39
GO:BP,GO:0071230,cellular response to amino acid stimulus,0.24286042811618533,False,2,94,7,1708,ENSG00000155511 ENSG00000010810,GRIA1 FYN
GO:BP,GO:0043244,regulation of protein-containing complex disassembly,0.24286042811618533,False,2,94,7,1708,ENSG00000163635 ENSG00000079691,ATXN7 CARMIL1
GO:BP,GO:0071286,cellular response to magnesium ion,0.24286042811618533,False,1,94,1,1708,ENSG00000103056,SMPD3
GO:BP,GO:0052652,cyclic purine nucleotide metabolic process,0.24286042811618533,False,2,94,5,1708,ENSG00000073417 ENSG00000113448,PDE8A PDE4D
GO:BP,GO:0043243,positive regulation of protein-containing complex disassembly,0.24286042811618533,False,1,94,1,1708,ENSG00000079691,CARMIL1
GO:BP,GO:0032501,multicellular organismal process,0.24286042811618533,False,40,94,573,1708,ENSG00000156395 ENSG00000067082 ENSG00000120451 ENSG00000183715 ENSG00000110497 ENSG00000149131 ENSG00000171310 ENSG00000135454 ENSG00000157456 ENSG00000103811 ENSG00000149927 ENSG00000103056 ENSG00000181291 ENSG00000166573 ENSG00000159023 ENSG00000196182 ENSG00000196517 ENSG00000142599 ENSG00000053438 ENSG00000251322 ENSG00000115085 ENSG00000154822 ENSG00000007402 ENSG00000163635 ENSG00000150630 ENSG00000151422 ENSG00000113070 ENSG00000155511 ENSG00000113448 ENSG00000010810 ENSG00000124557 ENSG00000213654 ENSG00000204231 ENSG00000135298 ENSG00000005483 ENSG00000184903 ENSG00000131558 ENSG00000002822 ENSG00000176406 ENSG00000130635,SORCS3 KLF6 SNX19 OPCML AMBRA1 SERPING1 CHST11 B4GALNT1 CCNB2 CTSH DOC2A SMPD3 TMEM132E GALR1 EPB41 STK40 SLC6A9 RERE NNAT SHANK3 ZAP70 PLCL2 CACNA2D2 ATXN7 VEGFC FER HBEGF GRIA1 PDE4D FYN BTN1A1 GPSM3 RXRB ADGRB3 KMT2E IMMP2L EXOC4 MAD1L1 RIMS2 COL5A1
GO:BP,GO:0032273,positive regulation of protein polymerization,0.24286042811618533,False,4,94,14,1708,ENSG00000110497 ENSG00000163171 ENSG00000151422 ENSG00000079691,AMBRA1 CDC42EP3 FER CARMIL1
GO:BP,GO:0032271,regulation of protein polymerization,0.24286042811618533,False,4,94,23,1708,ENSG00000110497 ENSG00000163171 ENSG00000151422 ENSG00000079691,AMBRA1 CDC42EP3 FER CARMIL1
GO:BP,GO:0032232,negative regulation of actin filament bundle assembly,0.24286042811618533,False,2,94,3,1708,ENSG00000251322 ENSG00000158106,SHANK3 RHPN1
GO:BP,GO:0032231,regulation of actin filament bundle assembly,0.24286042811618533,False,3,94,7,1708,ENSG00000251322 ENSG00000079691 ENSG00000158106,SHANK3 CARMIL1 RHPN1
GO:BP,GO:0032879,regulation of localization,0.24956380134161762,False,13,94,148,1708,ENSG00000149927 ENSG00000103056 ENSG00000166573 ENSG00000159023 ENSG00000053438 ENSG00000251322 ENSG00000007402 ENSG00000150630 ENSG00000155511 ENSG00000113448 ENSG00000010810 ENSG00000002822 ENSG00000176406,DOC2A SMPD3 GALR1 EPB41 NNAT SHANK3 CACNA2D2 VEGFC GRIA1 PDE4D FYN MAD1L1 RIMS2
GO:BP,GO:0051129,negative regulation of cellular component organization,0.24956380134161762,False,8,94,77,1708,ENSG00000242498 ENSG00000070366 ENSG00000251322 ENSG00000163635 ENSG00000010810 ENSG00000079691 ENSG00000002822 ENSG00000158106,ARPIN SMG6 SHANK3 ATXN7 FYN CARMIL1 MAD1L1 RHPN1
GO:MF,GO:0140677,molecular function activator activity,0.2512158640511669,False,9,94,91,1708,ENSG00000110497 ENSG00000182732 ENSG00000103811 ENSG00000073417 ENSG00000150630 ENSG00000113070 ENSG00000010810 ENSG00000135298 ENSG00000147799,AMBRA1 RGS6 CTSH PDE8A VEGFC HBEGF FYN ADGRB3 ARHGAP39
GO:CC,GO:0071944,cell periphery,0.25317672435848054,False,38,94,481,1708,ENSG00000156395 ENSG00000183715 ENSG00000122986 ENSG00000168778 ENSG00000072657 ENSG00000184601 ENSG00000182732 ENSG00000103056 ENSG00000204991 ENSG00000070366 ENSG00000166573 ENSG00000205517 ENSG00000023902 ENSG00000162753 ENSG00000159023 ENSG00000196517 ENSG00000251322 ENSG00000163171 ENSG00000124356 ENSG00000115085 ENSG00000007402 ENSG00000055955 ENSG00000198948 ENSG00000151422 ENSG00000113070 ENSG00000155511 ENSG00000113448 ENSG00000010810 ENSG00000079691 ENSG00000124557 ENSG00000213654 ENSG00000135298 ENSG00000005483 ENSG00000131558 ENSG00000070882 ENSG00000176406 ENSG00000147535 ENSG00000130635,SORCS3 OPCML HVCN1 TCTN2 TRHDE C14orf180 RGS6 SMPD3 SPIRE2 SMG6 GALR1 RGL3 PLEKHO1 SLC9C2 EPB41 SLC6A9 SHANK3 CDC42EP3 STAMBP ZAP70 CACNA2D2 ITIH4 MFAP3L FER HBEGF GRIA1 PDE4D FYN CARMIL1 BTN1A1 GPSM3 ADGRB3 KMT2E EXOC4 OSBPL3 RIMS2 PLPP5 COL5A1
GO:CC,GO:0060076,excitatory synapse,0.25317672435848054,False,3,94,7,1708,ENSG00000196517 ENSG00000155511 ENSG00000135298,SLC6A9 GRIA1 ADGRB3
GO:CC,GO:0120025,plasma membrane bounded cell projection,0.25317672435848054,False,20,94,204,1708,ENSG00000110497 ENSG00000122986 ENSG00000168778 ENSG00000182732 ENSG00000242498 ENSG00000149927 ENSG00000103042 ENSG00000070366 ENSG00000178093 ENSG00000023902 ENSG00000116852 ENSG00000251322 ENSG00000198948 ENSG00000151422 ENSG00000155511 ENSG00000113448 ENSG00000010810 ENSG00000079691 ENSG00000131558 ENSG00000070882,AMBRA1 HVCN1 TCTN2 RGS6 ARPIN DOC2A SLC38A7 SMG6 TSSK6 PLEKHO1 KIF21B SHANK3 MFAP3L FER GRIA1 PDE4D FYN CARMIL1 EXOC4 OSBPL3
GO:CC,GO:0042734,presynaptic membrane,0.25317672435848054,False,4,94,13,1708,ENSG00000196517 ENSG00000007402 ENSG00000155511 ENSG00000176406,SLC6A9 CACNA2D2 GRIA1 RIMS2
GO:CC,GO:0005737,cytoplasm,0.25317672435848054,False,70,94,1055,1708,ENSG00000067082 ENSG00000120451 ENSG00000110497 ENSG00000149131 ENSG00000171310 ENSG00000122986 ENSG00000089053 ENSG00000168778 ENSG00000133687 ENSG00000161813 ENSG00000135454 ENSG00000111669 ENSG00000072657 ENSG00000151778 ENSG00000182732 ENSG00000157456 ENSG00000103811 ENSG00000073417 ENSG00000149927 ENSG00000153406 ENSG00000103042 ENSG00000103056 ENSG00000204991 ENSG00000070366 ENSG00000205517 ENSG00000178093 ENSG00000104885 ENSG00000023902 ENSG00000116852 ENSG00000159023 ENSG00000196182 ENSG00000196517 ENSG00000188641 ENSG00000053438 ENSG00000100354 ENSG00000082153 ENSG00000158019 ENSG00000163171 ENSG00000124356 ENSG00000115085 ENSG00000154822 ENSG00000055955 ENSG00000163635 ENSG00000198948 ENSG00000150630 ENSG00000151422 ENSG00000120725 ENSG00000113070 ENSG00000155511 ENSG00000113448 ENSG00000010810 ENSG00000079691 ENSG00000232040 ENSG00000137411 ENSG00000213654 ENSG00000204231 ENSG00000112659 ENSG00000005483 ENSG00000184903 ENSG00000131558 ENSG00000002822 ENSG00000070882 ENSG00000176406 ENSG00000158106 ENSG00000147799 ENSG00000168077 ENSG00000147535 ENSG00000104442 ENSG00000179058 ENSG00000130635,KLF6 SNX19 AMBRA1 SERPING1 CHST11 HVCN1 ANAPC5 TCTN2 TMTC1 LARP4 B4GALNT1 TPI1 TRHDE SERP2 RGS6 CCNB2 CTSH PDE8A DOC2A NMRAL1 SLC38A7 SMPD3 SPIRE2 SMG6 RGL3 TSSK6 DOT1L PLEKHO1 KIF21B EPB41 STK40 SLC6A9 DPYD NNAT TNRC6B BZW1 BABAM2 CDC42EP3 STAMBP ZAP70 PLCL2 ITIH4 ATXN7 MFAP3L VEGFC FER SIL1 HBEGF GRIA1 PDE4D FYN CARMIL1 SCAND3 VARS2 GPSM3 RXRB CUL9 KMT2E IMMP2L EXOC4 MAD1L1 OSBPL3 RIMS2 RHPN1 ARHGAP39 SCARA3 PLPP5 ARMC1 C9orf50 COL5A1
GO:CC,GO:0042995,cell projection,0.25317672435848054,False,21,94,208,1708,ENSG00000110497 ENSG00000122986 ENSG00000168778 ENSG00000182732 ENSG00000242498 ENSG00000149927 ENSG00000103042 ENSG00000070366 ENSG00000178093 ENSG00000023902 ENSG00000116852 ENSG00000251322 ENSG00000198948 ENSG00000151422 ENSG00000155511 ENSG00000113448 ENSG00000010810 ENSG00000079691 ENSG00000131558 ENSG00000070882 ENSG00000176406,AMBRA1 HVCN1 TCTN2 RGS6 ARPIN DOC2A SLC38A7 SMG6 TSSK6 PLEKHO1 KIF21B SHANK3 MFAP3L FER GRIA1 PDE4D FYN CARMIL1 EXOC4 OSBPL3 RIMS2
GO:CC,GO:0005886,plasma membrane,0.25317672435848054,False,37,94,445,1708,ENSG00000156395 ENSG00000183715 ENSG00000122986 ENSG00000168778 ENSG00000072657 ENSG00000184601 ENSG00000182732 ENSG00000103056 ENSG00000204991 ENSG00000070366 ENSG00000166573 ENSG00000205517 ENSG00000023902 ENSG00000162753 ENSG00000159023 ENSG00000196517 ENSG00000251322 ENSG00000163171 ENSG00000124356 ENSG00000115085 ENSG00000007402 ENSG00000055955 ENSG00000198948 ENSG00000151422 ENSG00000113070 ENSG00000155511 ENSG00000113448 ENSG00000010810 ENSG00000079691 ENSG00000124557 ENSG00000213654 ENSG00000135298 ENSG00000005483 ENSG00000131558 ENSG00000070882 ENSG00000176406 ENSG00000147535,SORCS3 OPCML HVCN1 TCTN2 TRHDE C14orf180 RGS6 SMPD3 SPIRE2 SMG6 GALR1 RGL3 PLEKHO1 SLC9C2 EPB41 SLC6A9 SHANK3 CDC42EP3 STAMBP ZAP70 CACNA2D2 ITIH4 MFAP3L FER HBEGF GRIA1 PDE4D FYN CARMIL1 BTN1A1 GPSM3 ADGRB3 KMT2E EXOC4 OSBPL3 RIMS2 PLPP5
GO:CC,GO:0048786,presynaptic active zone,0.25317672435848054,False,3,94,6,1708,ENSG00000007402 ENSG00000155511 ENSG00000176406,CACNA2D2 GRIA1 RIMS2
GO:BP,GO:0031344,regulation of cell projection organization,0.25406334803088976,False,7,94,64,1708,ENSG00000242498 ENSG00000251322 ENSG00000163171 ENSG00000151422 ENSG00000010810 ENSG00000079691 ENSG00000135298,ARPIN SHANK3 CDC42EP3 FER FYN CARMIL1 ADGRB3
GO:BP,GO:0002009,morphogenesis of an epithelium,0.2586367723393575,False,5,94,39,1708,ENSG00000103811 ENSG00000251322 ENSG00000150630 ENSG00000113070 ENSG00000130635,CTSH SHANK3 VEGFC HBEGF COL5A1
GO:BP,GO:1901137,carbohydrate derivative biosynthetic process,0.2586367723393575,False,5,94,39,1708,ENSG00000171310 ENSG00000133687 ENSG00000135454 ENSG00000111669 ENSG00000103056,CHST11 TMTC1 B4GALNT1 TPI1 SMPD3
GO:BP,GO:0051240,positive regulation of multicellular organismal process,0.2599802663218038,False,14,94,164,1708,ENSG00000110497 ENSG00000103811 ENSG00000166573 ENSG00000251322 ENSG00000115085 ENSG00000007402 ENSG00000150630 ENSG00000155511 ENSG00000113448 ENSG00000010810 ENSG00000213654 ENSG00000204231 ENSG00000135298 ENSG00000176406,AMBRA1 CTSH GALR1 SHANK3 ZAP70 CACNA2D2 VEGFC GRIA1 PDE4D FYN GPSM3 RXRB ADGRB3 RIMS2
GO:BP,GO:0044770,cell cycle phase transition,0.26627515860956336,False,7,94,65,1708,ENSG00000110497 ENSG00000089053 ENSG00000157456 ENSG00000104885 ENSG00000158019 ENSG00000005483 ENSG00000002822,AMBRA1 ANAPC5 CCNB2 DOT1L BABAM2 KMT2E MAD1L1
GO:BP,GO:0060322,head development,0.26627515860956336,False,6,94,52,1708,ENSG00000142599 ENSG00000053438 ENSG00000251322 ENSG00000155511 ENSG00000010810 ENSG00000184903,RERE NNAT SHANK3 GRIA1 FYN IMMP2L
GO:BP,GO:0034655,nucleobase-containing compound catabolic process,0.26627515860956336,False,6,94,52,1708,ENSG00000111669 ENSG00000073417 ENSG00000070366 ENSG00000188641 ENSG00000100354 ENSG00000113448,TPI1 PDE8A SMG6 DPYD TNRC6B PDE4D
GO:BP,GO:0071495,cellular response to endogenous stimulus,0.26627515860956336,False,9,94,92,1708,ENSG00000171310 ENSG00000103811 ENSG00000073417 ENSG00000103056 ENSG00000150630 ENSG00000151422 ENSG00000155511 ENSG00000010810 ENSG00000204231,CHST11 CTSH PDE8A SMPD3 VEGFC FER GRIA1 FYN RXRB
GO:BP,GO:0030323,respiratory tube development,0.26627515860956336,False,3,94,17,1708,ENSG00000103811 ENSG00000103056 ENSG00000196182,CTSH SMPD3 STK40
GO:BP,GO:0030324,lung development,0.26627515860956336,False,3,94,17,1708,ENSG00000103811 ENSG00000103056 ENSG00000196182,CTSH SMPD3 STK40
GO:BP,GO:0007416,synapse assembly,0.26627515860956336,False,3,94,17,1708,ENSG00000251322 ENSG00000155511 ENSG00000135298,SHANK3 GRIA1 ADGRB3
GO:BP,GO:0000302,response to reactive oxygen species,0.26627515860956336,False,3,94,17,1708,ENSG00000103056 ENSG00000151422 ENSG00000010810,SMPD3 FER FYN
GO:BP,GO:0060078,regulation of postsynaptic membrane potential,0.26627515860956336,False,3,94,17,1708,ENSG00000251322 ENSG00000155511 ENSG00000176406,SHANK3 GRIA1 RIMS2
GO:BP,GO:0045931,positive regulation of mitotic cell cycle,0.26627515860956336,False,3,94,17,1708,ENSG00000089053 ENSG00000005483 ENSG00000002822,ANAPC5 KMT2E MAD1L1
GO:BP,GO:0072593,reactive oxygen species metabolic process,0.26627515860956336,False,3,94,17,1708,ENSG00000122986 ENSG00000010810 ENSG00000184903,HVCN1 FYN IMMP2L
GO:BP,GO:0051640,organelle localization,0.26627515860956336,False,6,94,52,1708,ENSG00000103056 ENSG00000204991 ENSG00000131558 ENSG00000002822 ENSG00000176406 ENSG00000104442,SMPD3 SPIRE2 EXOC4 MAD1L1 RIMS2 ARMC1
GO:BP,GO:0003015,heart process,0.26627515860956336,False,3,94,17,1708,ENSG00000113070 ENSG00000113448 ENSG00000010810,HBEGF PDE4D FYN
GO:BP,GO:0035592,establishment of protein localization to extracellular region,0.2699295968749806,False,4,94,28,1708,ENSG00000120451 ENSG00000053438 ENSG00000150630 ENSG00000176406,SNX19 NNAT VEGFC RIMS2
GO:BP,GO:0009306,protein secretion,0.2699295968749806,False,4,94,28,1708,ENSG00000120451 ENSG00000053438 ENSG00000150630 ENSG00000176406,SNX19 NNAT VEGFC RIMS2
GO:BP,GO:0071692,protein localization to extracellular region,0.2699295968749806,False,4,94,28,1708,ENSG00000120451 ENSG00000053438 ENSG00000150630 ENSG00000176406,SNX19 NNAT VEGFC RIMS2
GO:CC,GO:0048787,presynaptic active zone membrane,0.27208502767601583,False,2,94,3,1708,ENSG00000007402 ENSG00000155511,CACNA2D2 GRIA1
GO:CC,GO:0098590,plasma membrane region,0.27208502767601583,False,13,94,114,1708,ENSG00000156395 ENSG00000122986 ENSG00000168778 ENSG00000204991 ENSG00000023902 ENSG00000159023 ENSG00000196517 ENSG00000124356 ENSG00000007402 ENSG00000155511 ENSG00000113448 ENSG00000135298 ENSG00000176406,SORCS3 HVCN1 TCTN2 SPIRE2 PLEKHO1 EPB41 SLC6A9 STAMBP CACNA2D2 GRIA1 PDE4D ADGRB3 RIMS2
GO:CC,GO:0000151,ubiquitin ligase complex,0.27208502767601583,False,5,94,24,1708,ENSG00000110497 ENSG00000089053 ENSG00000158019 ENSG00000185619 ENSG00000112659,AMBRA1 ANAPC5 BABAM2 PCGF3 CUL9
GO:CC,GO:0016020,membrane,0.27208502767601583,False,57,94,825,1708,ENSG00000156395 ENSG00000120451 ENSG00000183715 ENSG00000110497 ENSG00000171310 ENSG00000122986 ENSG00000168778 ENSG00000133687 ENSG00000161813 ENSG00000135454 ENSG00000072657 ENSG00000151778 ENSG00000184601 ENSG00000182732 ENSG00000157456 ENSG00000149927 ENSG00000103042 ENSG00000103056 ENSG00000204991 ENSG00000070366 ENSG00000181291 ENSG00000166573 ENSG00000205517 ENSG00000161652 ENSG00000023902 ENSG00000162753 ENSG00000159023 ENSG00000196517 ENSG00000053438 ENSG00000251322 ENSG00000082153 ENSG00000163171 ENSG00000124356 ENSG00000115085 ENSG00000007402 ENSG00000055955 ENSG00000198948 ENSG00000150630 ENSG00000185619 ENSG00000151422 ENSG00000078795 ENSG00000113070 ENSG00000155511 ENSG00000113448 ENSG00000010810 ENSG00000079691 ENSG00000124557 ENSG00000213654 ENSG00000135298 ENSG00000005483 ENSG00000184903 ENSG00000131558 ENSG00000070882 ENSG00000176406 ENSG00000168077 ENSG00000147535 ENSG00000104442,SORCS3 SNX19 OPCML AMBRA1 CHST11 HVCN1 TCTN2 TMTC1 LARP4 B4GALNT1 TRHDE SERP2 C14orf180 RGS6 CCNB2 DOC2A SLC38A7 SMPD3 SPIRE2 SMG6 TMEM132E GALR1 RGL3 IZUMO2 PLEKHO1 SLC9C2 EPB41 SLC6A9 NNAT SHANK3 BZW1 CDC42EP3 STAMBP ZAP70 CACNA2D2 ITIH4 MFAP3L VEGFC PCGF3 FER PKD2L2 HBEGF GRIA1 PDE4D FYN CARMIL1 BTN1A1 GPSM3 ADGRB3 KMT2E IMMP2L EXOC4 OSBPL3 RIMS2 SCARA3 PLPP5 ARMC1
GO:BP,GO:0030038,contractile actin filament bundle assembly,0.27858497727214593,False,2,94,8,1708,ENSG00000079691 ENSG00000158106,CARMIL1 RHPN1
GO:BP,GO:1905820,positive regulation of chromosome separation,0.27858497727214593,False,2,94,8,1708,ENSG00000089053 ENSG00000002822,ANAPC5 MAD1L1
GO:BP,GO:0030212,hyaluronan metabolic process,0.27858497727214593,False,2,94,8,1708,ENSG00000103056 ENSG00000055955,SMPD3 ITIH4
GO:BP,GO:0008283,cell population proliferation,0.27858497727214593,False,15,94,182,1708,ENSG00000110497 ENSG00000171310 ENSG00000103811 ENSG00000103056 ENSG00000142599 ENSG00000251322 ENSG00000124356 ENSG00000115085 ENSG00000154822 ENSG00000150630 ENSG00000151422 ENSG00000113070 ENSG00000010810 ENSG00000232040 ENSG00000002822,AMBRA1 CHST11 CTSH SMPD3 RERE SHANK3 STAMBP ZAP70 PLCL2 VEGFC FER HBEGF FYN SCAND3 MAD1L1
GO:BP,GO:0071363,cellular response to growth factor stimulus,0.27858497727214593,False,6,94,53,1708,ENSG00000171310 ENSG00000073417 ENSG00000103056 ENSG00000150630 ENSG00000155511 ENSG00000010810,CHST11 PDE8A SMPD3 VEGFC GRIA1 FYN
GO:BP,GO:0006865,amino acid transport,0.27858497727214593,False,2,94,8,1708,ENSG00000103042 ENSG00000196517,SLC38A7 SLC6A9
GO:BP,GO:0071229,cellular response to acid chemical,0.27858497727214593,False,2,94,8,1708,ENSG00000155511 ENSG00000010810,GRIA1 FYN
GO:BP,GO:0045471,response to ethanol,0.27858497727214593,False,2,94,8,1708,ENSG00000155511 ENSG00000010810,GRIA1 FYN
GO:BP,GO:0048534,hematopoietic or lymphoid organ development,0.27858497727214593,False,2,94,8,1708,ENSG00000157456 ENSG00000002822,CCNB2 MAD1L1
GO:BP,GO:0043149,stress fiber assembly,0.27858497727214593,False,2,94,8,1708,ENSG00000079691 ENSG00000158106,CARMIL1 RHPN1
GO:BP,GO:0043200,response to amino acid,0.27858497727214593,False,2,94,8,1708,ENSG00000155511 ENSG00000010810,GRIA1 FYN
GO:BP,GO:0048010,vascular endothelial growth factor receptor signaling pathway,0.27858497727214593,False,2,94,8,1708,ENSG00000150630 ENSG00000010810,VEGFC FYN
GO:BP,GO:0051898,negative regulation of phosphatidylinositol 3-kinase/protein kinase B signal transduction,0.27858497727214593,False,2,94,8,1708,ENSG00000103056 ENSG00000124356,SMPD3 STAMBP
GO:BP,GO:0055085,transmembrane transport,0.2862901822115887,False,11,94,123,1708,ENSG00000122986 ENSG00000103042 ENSG00000162753 ENSG00000196517 ENSG00000154822 ENSG00000007402 ENSG00000078795 ENSG00000155511 ENSG00000113448 ENSG00000010810 ENSG00000131558,HVCN1 SLC38A7 SLC9C2 SLC6A9 PLCL2 CACNA2D2 PKD2L2 GRIA1 PDE4D FYN EXOC4
GO:BP,GO:0050793,regulation of developmental process,0.28700083141911226,False,17,94,214,1708,ENSG00000110497 ENSG00000161813 ENSG00000103811 ENSG00000242498 ENSG00000103056 ENSG00000023902 ENSG00000143614 ENSG00000251322 ENSG00000163171 ENSG00000115085 ENSG00000007402 ENSG00000150630 ENSG00000010810 ENSG00000204231 ENSG00000135298 ENSG00000176406 ENSG00000130635,AMBRA1 LARP4 CTSH ARPIN SMPD3 PLEKHO1 GATAD2B SHANK3 CDC42EP3 ZAP70 CACNA2D2 VEGFC FYN RXRB ADGRB3 RIMS2 COL5A1
GO:BP,GO:0048731,system development,0.28750924948570267,False,24,94,326,1708,ENSG00000120451 ENSG00000183715 ENSG00000110497 ENSG00000171310 ENSG00000135454 ENSG00000157456 ENSG00000103811 ENSG00000149927 ENSG00000103056 ENSG00000181291 ENSG00000196182 ENSG00000142599 ENSG00000053438 ENSG00000251322 ENSG00000150630 ENSG00000151422 ENSG00000155511 ENSG00000010810 ENSG00000204231 ENSG00000135298 ENSG00000184903 ENSG00000002822 ENSG00000176406 ENSG00000130635,SNX19 OPCML AMBRA1 CHST11 B4GALNT1 CCNB2 CTSH DOC2A SMPD3 TMEM132E STK40 RERE NNAT SHANK3 VEGFC FER GRIA1 FYN RXRB ADGRB3 IMMP2L MAD1L1 RIMS2 COL5A1
GO:MF,GO:0022843,voltage-gated monoatomic cation channel activity,0.29043950621410414,False,2,94,8,1708,ENSG00000122986 ENSG00000007402,HVCN1 CACNA2D2
GO:BP,GO:0000910,cytokinesis,0.29090514375633253,False,3,94,18,1708,ENSG00000204991 ENSG00000124356 ENSG00000131558,SPIRE2 STAMBP EXOC4
GO:BP,GO:0006836,neurotransmitter transport,0.29090514375633253,False,3,94,18,1708,ENSG00000149927 ENSG00000196517 ENSG00000176406,DOC2A SLC6A9 RIMS2
GO:BP,GO:0001667,ameboidal-type cell migration,0.29090514375633253,False,3,94,18,1708,ENSG00000103811 ENSG00000151422 ENSG00000113070,CTSH FER HBEGF
GO:BP,GO:0006814,sodium ion transport,0.29090514375633253,False,3,94,18,1708,ENSG00000103042 ENSG00000162753 ENSG00000196517,SLC38A7 SLC9C2 SLC6A9
GO:BP,GO:0016051,carbohydrate biosynthetic process,0.29090514375633253,False,3,94,18,1708,ENSG00000171310 ENSG00000111669 ENSG00000103056,CHST11 TPI1 SMPD3
GO:BP,GO:0060541,respiratory system development,0.29090514375633253,False,3,94,18,1708,ENSG00000103811 ENSG00000103056 ENSG00000196182,CTSH SMPD3 STK40
GO:BP,GO:0071695,anatomical structure maturation,0.29090514375633253,False,3,94,18,1708,ENSG00000120451 ENSG00000142599 ENSG00000135298,SNX19 RERE ADGRB3
GO:BP,GO:0007613,memory,0.29090514375633253,False,3,94,18,1708,ENSG00000156395 ENSG00000251322 ENSG00000155511,SORCS3 SHANK3 GRIA1
GO:BP,GO:0048729,tissue morphogenesis,0.29090514375633253,False,6,94,54,1708,ENSG00000103811 ENSG00000251322 ENSG00000150630 ENSG00000113070 ENSG00000131558 ENSG00000130635,CTSH SHANK3 VEGFC HBEGF EXOC4 COL5A1
GO:BP,GO:0051495,positive regulation of cytoskeleton organization,0.29090514375633253,False,3,94,18,1708,ENSG00000163171 ENSG00000151422 ENSG00000079691,CDC42EP3 FER CARMIL1
GO:BP,GO:0007010,cytoskeleton organization,0.29589477210261494,False,12,94,139,1708,ENSG00000161813 ENSG00000157456 ENSG00000242498 ENSG00000204991 ENSG00000159023 ENSG00000251322 ENSG00000163171 ENSG00000163635 ENSG00000151422 ENSG00000079691 ENSG00000112659 ENSG00000158106,LARP4 CCNB2 ARPIN SPIRE2 EPB41 SHANK3 CDC42EP3 ATXN7 FER CARMIL1 CUL9 RHPN1
GO:MF,GO:0035256,G protein-coupled glutamate receptor binding,0.29850336358734764,False,1,94,2,1708,ENSG00000010810,FYN
GO:MF,GO:0034481,chondroitin sulfotransferase activity,0.29850336358734764,False,1,94,2,1708,ENSG00000171310,CHST11
GO:MF,GO:0030297,transmembrane receptor protein tyrosine kinase activator activity,0.29850336358734764,False,1,94,2,1708,ENSG00000113070,HBEGF
GO:MF,GO:0030551,cyclic nucleotide binding,0.29850336358734764,False,1,94,2,1708,ENSG00000113448,PDE4D
GO:MF,GO:0022858,alanine transmembrane transporter activity,0.29850336358734764,False,1,94,2,1708,ENSG00000103042,SLC38A7
GO:MF,GO:0031681,G-protein beta-subunit binding,0.29850336358734764,False,1,94,2,1708,ENSG00000155511,GRIA1
GO:MF,GO:0032266,phosphatidylinositol-3-phosphate binding,0.29850336358734764,False,1,94,2,1708,ENSG00000120451,SNX19
GO:MF,GO:0022849,glutamate-gated calcium ion channel activity,0.29850336358734764,False,1,94,2,1708,ENSG00000155511,GRIA1
GO:MF,GO:0022832,voltage-gated channel activity,0.29850336358734764,False,2,94,9,1708,ENSG00000122986 ENSG00000007402,HVCN1 CACNA2D2
GO:MF,GO:0019914,cyclin-dependent protein kinase regulator activity,0.29850336358734764,False,1,94,2,1708,ENSG00000157456,CCNB2
GO:MF,GO:0017046,peptide hormone binding,0.29850336358734764,False,1,94,2,1708,ENSG00000166573,GALR1
GO:MF,GO:0008289,lipid binding,0.29850336358734764,False,6,94,54,1708,ENSG00000120451 ENSG00000149927 ENSG00000103056 ENSG00000159023 ENSG00000151422 ENSG00000070882,SNX19 DOC2A SMPD3 EPB41 FER OSBPL3
GO:MF,GO:0015186,L-glutamine transmembrane transporter activity,0.29850336358734764,False,1,94,2,1708,ENSG00000103042,SLC38A7
GO:MF,GO:0015385,sodium:proton antiporter activity,0.29850336358734764,False,1,94,2,1708,ENSG00000162753,SLC9C2
GO:MF,GO:0015182,L-asparagine transmembrane transporter activity,0.29850336358734764,False,1,94,2,1708,ENSG00000103042,SLC38A7
GO:MF,GO:0016788,"hydrolase activity, acting on ester bonds",0.29850336358734764,False,6,94,55,1708,ENSG00000073417 ENSG00000103056 ENSG00000154822 ENSG00000113448 ENSG00000137411 ENSG00000147535,PDE8A SMPD3 PLCL2 PDE4D VARS2 PLPP5
GO:MF,GO:0003707,nuclear steroid receptor activity,0.29850336358734764,False,1,94,2,1708,ENSG00000204231,RXRB
GO:MF,GO:0099507,ligand-gated monoatomic ion channel activity involved in regulation of presynaptic membrane potential,0.29850336358734764,False,1,94,2,1708,ENSG00000155511,GRIA1
GO:MF,GO:0051427,hormone receptor binding,0.29850336358734764,False,1,94,2,1708,ENSG00000155511,GRIA1
GO:MF,GO:0044323,retinoic acid-responsive element binding,0.29850336358734764,False,1,94,2,1708,ENSG00000204231,RXRB
GO:MF,GO:0043028,cysteine-type endopeptidase regulator activity involved in apoptotic process,0.29850336358734764,False,1,94,2,1708,ENSG00000103811,CTSH
GO:MF,GO:0051219,phosphoprotein binding,0.29850336358734764,False,2,94,10,1708,ENSG00000159023 ENSG00000115085,EPB41 ZAP70
GO:MF,GO:0042923,neuropeptide binding,0.29850336358734764,False,1,94,2,1708,ENSG00000166573,GALR1
GO:MF,GO:0051428,peptide hormone receptor binding,0.29850336358734764,False,1,94,2,1708,ENSG00000155511,GRIA1
GO:MF,GO:0008195,phosphatidate phosphatase activity,0.29850336358734764,False,1,94,2,1708,ENSG00000147535,PLPP5
GO:MF,GO:0031489,myosin V binding,0.29850336358734764,False,1,94,2,1708,ENSG00000155511,GRIA1
GO:MF,GO:0032934,sterol binding,0.29850336358734764,False,1,94,2,1708,ENSG00000070882,OSBPL3
GO:MF,GO:0008066,glutamate receptor activity,0.29850336358734764,False,1,94,2,1708,ENSG00000155511,GRIA1
GO:MF,GO:0046875,ephrin receptor binding,0.29850336358734764,False,1,94,2,1708,ENSG00000010810,FYN
GO:MF,GO:0042056,chemoattractant activity,0.29850336358734764,False,1,94,2,1708,ENSG00000150630,VEGFC
GO:MF,GO:0047756,chondroitin 4-sulfotransferase activity,0.29850336358734764,False,1,94,2,1708,ENSG00000171310,CHST11
GO:MF,GO:0031267,small GTPase binding,0.29850336358734764,False,4,94,30,1708,ENSG00000205517 ENSG00000163171 ENSG00000155511 ENSG00000176406,RGL3 CDC42EP3 GRIA1 RIMS2
GO:MF,GO:0019902,phosphatase binding,0.29850336358734764,False,3,94,18,1708,ENSG00000110497 ENSG00000089053 ENSG00000151422,AMBRA1 ANAPC5 FER
GO:MF,GO:0019887,protein kinase regulator activity,0.29850336358734764,False,3,94,21,1708,ENSG00000157456 ENSG00000073417 ENSG00000113070,CCNB2 PDE8A HBEGF
GO:MF,GO:0019865,immunoglobulin binding,0.29850336358734764,False,1,94,2,1708,ENSG00000155511,GRIA1
GO:MF,GO:0009982,pseudouridine synthase activity,0.29850336358734764,False,1,94,2,1708,ENSG00000166133,RPUSD2
GO:MF,GO:0070679,"inositol 1,4,5 trisphosphate binding",0.29850336358734764,False,1,94,2,1708,ENSG00000154822,PLCL2
GO:MF,GO:0005543,phospholipid binding,0.29850336358734764,False,4,94,33,1708,ENSG00000120451 ENSG00000149927 ENSG00000103056 ENSG00000159023,SNX19 DOC2A SMPD3 EPB41
GO:MF,GO:0051139,metal cation:proton antiporter activity,0.29850336358734764,False,1,94,2,1708,ENSG00000162753,SLC9C2
GO:MF,GO:0141053,histone H2A ubiquitin ligase activity,0.29850336358734764,False,1,94,2,1708,ENSG00000185619,PCGF3
GO:MF,GO:0004867,serine-type endopeptidase inhibitor activity,0.29850336358734764,False,2,94,9,1708,ENSG00000149131 ENSG00000055955,SERPING1 ITIH4
GO:MF,GO:0005244,voltage-gated monoatomic ion channel activity,0.29850336358734764,False,2,94,9,1708,ENSG00000122986 ENSG00000007402,HVCN1 CACNA2D2
GO:MF,GO:0005216,monoatomic ion channel activity,0.29850336358734764,False,4,94,29,1708,ENSG00000122986 ENSG00000007402 ENSG00000078795 ENSG00000155511,HVCN1 CACNA2D2 PKD2L2 GRIA1
GO:MF,GO:0005102,signaling receptor binding,0.29850336358734764,False,11,94,128,1708,ENSG00000251322 ENSG00000158019 ENSG00000154822 ENSG00000150630 ENSG00000151422 ENSG00000113070 ENSG00000155511 ENSG00000113448 ENSG00000010810 ENSG00000124557 ENSG00000130635,SHANK3 BABAM2 PLCL2 VEGFC FER HBEGF GRIA1 PDE4D FYN BTN1A1 COL5A1
GO:MF,GO:0120534,dermatan sulfotransferase activity,0.29850336358734764,False,1,94,2,1708,ENSG00000171310,CHST11
GO:MF,GO:0005246,calcium channel regulator activity,0.29850336358734764,False,1,94,2,1708,ENSG00000113448,PDE4D
GO:MF,GO:0004970,glutamate-gated receptor activity,0.29850336358734764,False,1,94,2,1708,ENSG00000155511,GRIA1
GO:MF,GO:0004832,valine-tRNA ligase activity,0.29850336358734764,False,1,94,2,1708,ENSG00000137411,VARS2
GO:MF,GO:0016538,cyclin-dependent protein serine/threonine kinase regulator activity,0.29850336358734764,False,1,94,2,1708,ENSG00000157456,CCNB2
GO:MF,GO:0016758,hexosyltransferase activity,0.29850336358734764,False,2,94,9,1708,ENSG00000133687 ENSG00000135454,TMTC1 B4GALNT1
GO:MF,GO:0004521,RNA endonuclease activity,0.29850336358734764,False,1,94,2,1708,ENSG00000070366,SMG6
GO:MF,GO:0120015,sterol transfer activity,0.29850336358734764,False,1,94,2,1708,ENSG00000070882,OSBPL3
GO:MF,GO:0001537,dermatan 4-sulfotransferase activity,0.29850336358734764,False,1,94,2,1708,ENSG00000171310,CHST11
GO:MF,GO:0000268,peroxisome targeting sequence binding,0.29850336358734764,False,1,94,2,1708,ENSG00000158019,BABAM2
GO:MF,GO:0001786,phosphatidylserine binding,0.29850336358734764,False,1,94,2,1708,ENSG00000103056,SMPD3
GO:MF,GO:0000774,adenyl-nucleotide exchange factor activity,0.29850336358734764,False,1,94,2,1708,ENSG00000120725,SIL1
GO:MF,GO:0015485,cholesterol binding,0.29850336358734764,False,1,94,2,1708,ENSG00000070882,OSBPL3
GO:MF,GO:0016004,phospholipase activator activity,0.29850336358734764,False,1,94,2,1708,ENSG00000010810,FYN
GO:CC,GO:0097060,synaptic membrane,0.30715674615966165,False,6,94,36,1708,ENSG00000156395 ENSG00000196517 ENSG00000007402 ENSG00000155511 ENSG00000135298 ENSG00000176406,SORCS3 SLC6A9 CACNA2D2 GRIA1 ADGRB3 RIMS2
GO:CC,GO:0005938,cell cortex,0.30715674615966165,False,5,94,26,1708,ENSG00000204991 ENSG00000159023 ENSG00000151422 ENSG00000131558 ENSG00000176406,SPIRE2 EPB41 FER EXOC4 RIMS2
GO:BP,GO:0022402,cell cycle process,0.30850370574168007,False,12,94,140,1708,ENSG00000110497 ENSG00000089053 ENSG00000157456 ENSG00000103056 ENSG00000204991 ENSG00000104885 ENSG00000158019 ENSG00000124356 ENSG00000112659 ENSG00000005483 ENSG00000131558 ENSG00000002822,AMBRA1 ANAPC5 CCNB2 SMPD3 SPIRE2 DOT1L BABAM2 STAMBP CUL9 KMT2E EXOC4 MAD1L1
GO:BP,GO:2000392,regulation of lamellipodium morphogenesis,0.30941237901458124,False,1,94,2,1708,ENSG00000242498,ARPIN
GO:BP,GO:2000677,regulation of transcription regulatory region DNA binding,0.30941237901458124,False,1,94,2,1708,ENSG00000104885,DOT1L
GO:BP,GO:0038130,ERBB4 signaling pathway,0.30941237901458124,False,1,94,2,1708,ENSG00000113070,HBEGF
GO:BP,GO:0038026,reelin-mediated signaling pathway,0.30941237901458124,False,1,94,2,1708,ENSG00000010810,FYN
GO:BP,GO:0002685,regulation of leukocyte migration,0.30941237901458124,False,3,94,20,1708,ENSG00000103056 ENSG00000150630 ENSG00000213654,SMPD3 VEGFC GPSM3
GO:BP,GO:1904478,regulation of intestinal absorption,0.30941237901458124,False,1,94,2,1708,ENSG00000159023,EPB41
GO:BP,GO:0002683,negative regulation of immune system process,0.30941237901458124,False,5,94,44,1708,ENSG00000149131 ENSG00000154822 ENSG00000151422 ENSG00000010810 ENSG00000002822,SERPING1 PLCL2 FER FYN MAD1L1
GO:BP,GO:0035675,neuromast hair cell development,0.30941237901458124,False,1,94,2,1708,ENSG00000181291,TMEM132E
GO:BP,GO:0061577,calcium ion transmembrane transport via high voltage-gated calcium channel,0.30941237901458124,False,1,94,2,1708,ENSG00000113448,PDE4D
GO:BP,GO:1904951,positive regulation of establishment of protein localization,0.30941237901458124,False,3,94,19,1708,ENSG00000053438 ENSG00000150630 ENSG00000010810,NNAT VEGFC FYN
GO:BP,GO:0010226,response to lithium ion,0.30941237901458124,False,1,94,2,1708,ENSG00000155511,GRIA1
GO:BP,GO:0010591,regulation of lamellipodium assembly,0.30941237901458124,False,1,94,2,1708,ENSG00000151422,FER
GO:BP,GO:0010564,regulation of cell cycle process,0.30941237901458124,False,8,94,87,1708,ENSG00000110497 ENSG00000089053 ENSG00000103056 ENSG00000104885 ENSG00000158019 ENSG00000112659 ENSG00000005483 ENSG00000002822,AMBRA1 ANAPC5 SMPD3 DOT1L BABAM2 CUL9 KMT2E MAD1L1
GO:BP,GO:0045060,negative thymic T cell selection,0.30941237901458124,False,1,94,2,1708,ENSG00000115085,ZAP70
GO:BP,GO:0045765,regulation of angiogenesis,0.30941237901458124,False,4,94,32,1708,ENSG00000103811 ENSG00000150630 ENSG00000010810 ENSG00000135298,CTSH VEGFC FYN ADGRB3
GO:BP,GO:0045794,negative regulation of cell volume,0.30941237901458124,False,1,94,2,1708,ENSG00000251322,SHANK3
GO:BP,GO:0045956,positive regulation of calcium ion-dependent exocytosis,0.30941237901458124,False,1,94,2,1708,ENSG00000149927,DOC2A
GO:BP,GO:0008306,associative learning,0.30941237901458124,False,2,94,10,1708,ENSG00000251322 ENSG00000155511,SHANK3 GRIA1
GO:BP,GO:0008284,positive regulation of cell population proliferation,0.30941237901458124,False,8,94,84,1708,ENSG00000103811 ENSG00000103056 ENSG00000124356 ENSG00000115085 ENSG00000150630 ENSG00000151422 ENSG00000113070 ENSG00000232040,CTSH SMPD3 STAMBP ZAP70 VEGFC FER HBEGF SCAND3
GO:BP,GO:0007292,female gamete generation,0.30941237901458124,False,3,94,19,1708,ENSG00000157456 ENSG00000204991 ENSG00000184903,CCNB2 SPIRE2 IMMP2L
GO:BP,GO:0030203,glycosaminoglycan metabolic process,0.30941237901458124,False,2,94,9,1708,ENSG00000103056 ENSG00000055955,SMPD3 ITIH4
GO:BP,GO:0030213,hyaluronan biosynthetic process,0.30941237901458124,False,1,94,2,1708,ENSG00000103056,SMPD3
GO:BP,GO:0008340,determination of adult lifespan,0.30941237901458124,False,1,94,2,1708,ENSG00000135454,B4GALNT1
GO:BP,GO:0008315,G2/MI transition of meiotic cell cycle,0.30941237901458124,False,1,94,2,1708,ENSG00000157456,CCNB2
GO:BP,GO:0048884,neuromast development,0.30941237901458124,False,1,94,2,1708,ENSG00000181291,TMEM132E
GO:BP,GO:0048886,neuromast hair cell differentiation,0.30941237901458124,False,1,94,2,1708,ENSG00000181291,TMEM132E
GO:BP,GO:0008154,actin polymerization or depolymerization,0.30941237901458124,False,3,94,19,1708,ENSG00000163171 ENSG00000151422 ENSG00000079691,CDC42EP3 FER CARMIL1
GO:BP,GO:0051716,cellular response to stimulus,0.30941237901458124,False,40,94,605,1708,ENSG00000156395 ENSG00000110497 ENSG00000171310 ENSG00000122986 ENSG00000168778 ENSG00000072657 ENSG00000151778 ENSG00000182732 ENSG00000103811 ENSG00000073417 ENSG00000103056 ENSG00000204991 ENSG00000108309 ENSG00000166573 ENSG00000205517 ENSG00000104885 ENSG00000196182 ENSG00000251322 ENSG00000158019 ENSG00000163171 ENSG00000124356 ENSG00000115085 ENSG00000174579 ENSG00000154822 ENSG00000163635 ENSG00000150630 ENSG00000151422 ENSG00000113070 ENSG00000155511 ENSG00000113448 ENSG00000010810 ENSG00000124557 ENSG00000213654 ENSG00000204231 ENSG00000135298 ENSG00000184903 ENSG00000002822 ENSG00000176406 ENSG00000158106 ENSG00000147799,SORCS3 AMBRA1 CHST11 HVCN1 TCTN2 TRHDE SERP2 RGS6 CTSH PDE8A SMPD3 SPIRE2 RUNDC3A GALR1 RGL3 DOT1L STK40 SHANK3 BABAM2 CDC42EP3 STAMBP ZAP70 MSL2 PLCL2 ATXN7 VEGFC FER HBEGF GRIA1 PDE4D FYN BTN1A1 GPSM3 RXRB ADGRB3 IMMP2L MAD1L1 RIMS2 RHPN1 ARHGAP39
GO:BP,GO:0051775,response to redox state,0.30941237901458124,False,1,94,2,1708,ENSG00000103056,SMPD3
GO:BP,GO:0008038,neuron recognition,0.30941237901458124,False,1,94,2,1708,ENSG00000183715,OPCML
GO:BP,GO:0008150,biological_process,0.30941237901458124,False,87,94,1503,1708,ENSG00000156395 ENSG00000067082 ENSG00000120451 ENSG00000183715 ENSG00000110497 ENSG00000149131 ENSG00000171310 ENSG00000122986 ENSG00000089053 ENSG00000168778 ENSG00000133687 ENSG00000161813 ENSG00000135454 ENSG00000111669 ENSG00000072657 ENSG00000151778 ENSG00000182732 ENSG00000166133 ENSG00000157456 ENSG00000103811 ENSG00000073417 ENSG00000242498 ENSG00000149927 ENSG00000103042 ENSG00000103056 ENSG00000204991 ENSG00000070366 ENSG00000181291 ENSG00000108309 ENSG00000166573 ENSG00000205517 ENSG00000178093 ENSG00000104885 ENSG00000186020 ENSG00000023902 ENSG00000143614 ENSG00000162753 ENSG00000116852 ENSG00000159023 ENSG00000196182 ENSG00000196517 ENSG00000142599 ENSG00000188641 ENSG00000053438 ENSG00000100354 ENSG00000100403 ENSG00000251322 ENSG00000082153 ENSG00000158019 ENSG00000163171 ENSG00000124356 ENSG00000115085 ENSG00000174579 ENSG00000154822 ENSG00000007402 ENSG00000055955 ENSG00000163635 ENSG00000150630 ENSG00000185619 ENSG00000151422 ENSG00000078795 ENSG00000120725 ENSG00000113070 ENSG00000155511 ENSG00000113448 ENSG00000010810 ENSG00000079691 ENSG00000124557 ENSG00000096654 ENSG00000232040 ENSG00000137411 ENSG00000213654 ENSG00000204231 ENSG00000112659 ENSG00000135298 ENSG00000005483 ENSG00000184903 ENSG00000131558 ENSG00000002822 ENSG00000070882 ENSG00000176406 ENSG00000158106 ENSG00000147799 ENSG00000168077 ENSG00000147535 ENSG00000104442 ENSG00000130635,SORCS3 KLF6 SNX19 OPCML AMBRA1 SERPING1 CHST11 HVCN1 ANAPC5 TCTN2 TMTC1 LARP4 B4GALNT1 TPI1 TRHDE SERP2 RGS6 RPUSD2 CCNB2 CTSH PDE8A ARPIN DOC2A SLC38A7 SMPD3 SPIRE2 SMG6 TMEM132E RUNDC3A GALR1 RGL3 TSSK6 DOT1L ZNF529 PLEKHO1 GATAD2B SLC9C2 KIF21B EPB41 STK40 SLC6A9 RERE DPYD NNAT TNRC6B ZC3H7B SHANK3 BZW1 BABAM2 CDC42EP3 STAMBP ZAP70 MSL2 PLCL2 CACNA2D2 ITIH4 ATXN7 VEGFC PCGF3 FER PKD2L2 SIL1 HBEGF GRIA1 PDE4D FYN CARMIL1 BTN1A1 ZNF184 SCAND3 VARS2 GPSM3 RXRB CUL9 ADGRB3 KMT2E IMMP2L EXOC4 MAD1L1 OSBPL3 RIMS2 RHPN1 ARHGAP39 SCARA3 PLPP5 ARMC1 COL5A1
GO:BP,GO:0048882,lateral line development,0.30941237901458124,False,1,94,2,1708,ENSG00000181291,TMEM132E
GO:BP,GO:0050714,positive regulation of protein secretion,0.30941237901458124,False,2,94,9,1708,ENSG00000053438 ENSG00000150630,NNAT VEGFC
GO:BP,GO:0048925,lateral line system development,0.30941237901458124,False,1,94,2,1708,ENSG00000181291,TMEM132E
GO:BP,GO:0021930,cerebellar granule cell precursor proliferation,0.30941237901458124,False,1,94,2,1708,ENSG00000142599,RERE
GO:BP,GO:0031032,actomyosin structure organization,0.30941237901458124,False,3,94,19,1708,ENSG00000159023 ENSG00000079691 ENSG00000158106,EPB41 CARMIL1 RHPN1
GO:BP,GO:0030947,regulation of vascular endothelial growth factor receptor signaling pathway,0.30941237901458124,False,1,94,2,1708,ENSG00000150630,VEGFC
GO:BP,GO:0051693,actin filament capping,0.30941237901458124,False,1,94,2,1708,ENSG00000079691,CARMIL1
GO:BP,GO:0090068,positive regulation of cell cycle process,0.30941237901458124,False,4,94,30,1708,ENSG00000089053 ENSG00000103056 ENSG00000005483 ENSG00000002822,ANAPC5 SMPD3 KMT2E MAD1L1
GO:BP,GO:0086065,cell communication involved in cardiac conduction,0.30941237901458124,False,1,94,2,1708,ENSG00000113448,PDE4D
GO:BP,GO:0086004,regulation of cardiac muscle cell contraction,0.30941237901458124,False,1,94,2,1708,ENSG00000113448,PDE4D
GO:BP,GO:0090235,regulation of metaphase plate congression,0.30941237901458124,False,1,94,2,1708,ENSG00000002822,MAD1L1
GO:BP,GO:0090233,negative regulation of spindle checkpoint,0.30941237901458124,False,1,94,2,1708,ENSG00000002822,MAD1L1
GO:BP,GO:0090232,positive regulation of spindle checkpoint,0.30941237901458124,False,1,94,2,1708,ENSG00000002822,MAD1L1
GO:BP,GO:0009125,nucleoside monophosphate catabolic process,0.30941237901458124,False,1,94,2,1708,ENSG00000188641,DPYD
GO:BP,GO:0051547,regulation of keratinocyte migration,0.30941237901458124,False,1,94,2,1708,ENSG00000113070,HBEGF
GO:BP,GO:0051546,keratinocyte migration,0.30941237901458124,False,1,94,2,1708,ENSG00000113070,HBEGF
GO:BP,GO:0044087,regulation of cellular component biogenesis,0.30941237901458124,False,8,94,87,1708,ENSG00000110497 ENSG00000103056 ENSG00000251322 ENSG00000163171 ENSG00000151422 ENSG00000079691 ENSG00000135298 ENSG00000158106,AMBRA1 SMPD3 SHANK3 CDC42EP3 FER CARMIL1 ADGRB3 RHPN1
GO:BP,GO:0051646,mitochondrion localization,0.30941237901458124,False,1,94,2,1708,ENSG00000104442,ARMC1
GO:BP,GO:0007610,behavior,0.30941237901458124,False,6,94,55,1708,ENSG00000156395 ENSG00000135454 ENSG00000251322 ENSG00000155511 ENSG00000010810 ENSG00000135298,SORCS3 B4GALNT1 SHANK3 GRIA1 FYN ADGRB3
GO:BP,GO:0051897,positive regulation of phosphatidylinositol 3-kinase/protein kinase B signal transduction,0.30941237901458124,False,3,94,19,1708,ENSG00000110497 ENSG00000151422 ENSG00000113070,AMBRA1 FER HBEGF
GO:BP,GO:0021924,cell proliferation in external granule layer,0.30941237901458124,False,1,94,2,1708,ENSG00000142599,RERE
GO:BP,GO:0030030,cell projection organization,0.30941237901458124,False,11,94,128,1708,ENSG00000168778 ENSG00000242498 ENSG00000023902 ENSG00000142599 ENSG00000251322 ENSG00000163171 ENSG00000151422 ENSG00000010810 ENSG00000079691 ENSG00000135298 ENSG00000176406,TCTN2 ARPIN PLEKHO1 RERE SHANK3 CDC42EP3 FER FYN CARMIL1 ADGRB3 RIMS2
GO:BP,GO:0048812,neuron projection morphogenesis,0.30941237901458124,False,5,94,45,1708,ENSG00000142599 ENSG00000251322 ENSG00000010810 ENSG00000135298 ENSG00000176406,RERE SHANK3 FYN ADGRB3 RIMS2
GO:BP,GO:0048791,calcium ion-regulated exocytosis of neurotransmitter,0.30941237901458124,False,1,94,2,1708,ENSG00000176406,RIMS2
GO:BP,GO:0072529,pyrimidine-containing compound catabolic process,0.30941237901458124,False,1,94,2,1708,ENSG00000188641,DPYD
GO:BP,GO:0090314,positive regulation of protein targeting to membrane,0.30941237901458124,False,1,94,2,1708,ENSG00000010810,FYN
GO:BP,GO:0023056,positive regulation of signaling,0.30941237901458124,False,13,94,159,1708,ENSG00000110497 ENSG00000103811 ENSG00000073417 ENSG00000166573 ENSG00000053438 ENSG00000251322 ENSG00000115085 ENSG00000151422 ENSG00000113070 ENSG00000155511 ENSG00000204231 ENSG00000002822 ENSG00000176406,AMBRA1 CTSH PDE8A GALR1 NNAT SHANK3 ZAP70 FER HBEGF GRIA1 RXRB MAD1L1 RIMS2
GO:BP,GO:0090313,regulation of protein targeting to membrane,0.30941237901458124,False,1,94,2,1708,ENSG00000010810,FYN
GO:BP,GO:1902462,positive regulation of mesenchymal stem cell proliferation,0.30941237901458124,False,1,94,2,1708,ENSG00000150630,VEGFC
GO:BP,GO:1902514,regulation of calcium ion transmembrane transport via high voltage-gated calcium channel,0.30941237901458124,False,1,94,2,1708,ENSG00000113448,PDE4D
GO:BP,GO:0009159,deoxyribonucleoside monophosphate catabolic process,0.30941237901458124,False,1,94,2,1708,ENSG00000188641,DPYD
GO:BP,GO:0009164,nucleoside catabolic process,0.30941237901458124,False,1,94,2,1708,ENSG00000188641,DPYD
GO:BP,GO:0090279,regulation of calcium ion import,0.30941237901458124,False,1,94,2,1708,ENSG00000010810,FYN
GO:BP,GO:0031632,positive regulation of synaptic vesicle fusion to presynaptic active zone membrane,0.30941237901458124,False,1,94,2,1708,ENSG00000149927,DOC2A
GO:BP,GO:1903514,release of sequestered calcium ion into cytosol by endoplasmic reticulum,0.30941237901458124,False,1,94,2,1708,ENSG00000113448,PDE4D
GO:BP,GO:0097067,cellular response to thyroid hormone stimulus,0.30941237901458124,False,1,94,2,1708,ENSG00000103811,CTSH
GO:BP,GO:0050807,regulation of synapse organization,0.30941237901458124,False,3,94,21,1708,ENSG00000251322 ENSG00000010810 ENSG00000135298,SHANK3 FYN ADGRB3
GO:BP,GO:1901634,positive regulation of synaptic vesicle membrane organization,0.30941237901458124,False,1,94,2,1708,ENSG00000149927,DOC2A
GO:BP,GO:1902460,regulation of mesenchymal stem cell proliferation,0.30941237901458124,False,1,94,2,1708,ENSG00000150630,VEGFC
GO:BP,GO:1902426,deactivation of mitotic spindle assembly checkpoint,0.30941237901458124,False,1,94,2,1708,ENSG00000002822,MAD1L1
GO:BP,GO:1905430,cellular response to glycine,0.30941237901458124,False,1,94,2,1708,ENSG00000010810,FYN
GO:BP,GO:0007264,small GTPase-mediated signal transduction,0.30941237901458124,False,5,94,45,1708,ENSG00000108309 ENSG00000205517 ENSG00000163171 ENSG00000124356 ENSG00000147799,RUNDC3A RGL3 CDC42EP3 STAMBP ARHGAP39
GO:BP,GO:1905429,response to glycine,0.30941237901458124,False,1,94,2,1708,ENSG00000010810,FYN
GO:BP,GO:0046386,deoxyribose phosphate catabolic process,0.30941237901458124,False,1,94,2,1708,ENSG00000188641,DPYD
GO:BP,GO:0046166,glyceraldehyde-3-phosphate biosynthetic process,0.30941237901458124,False,1,94,2,1708,ENSG00000111669,TPI1
GO:BP,GO:0046164,alcohol catabolic process,0.30941237901458124,False,1,94,2,1708,ENSG00000111669,TPI1
GO:BP,GO:1903225,negative regulation of endodermal cell differentiation,0.30941237901458124,False,1,94,2,1708,ENSG00000130635,COL5A1
GO:BP,GO:1903224,regulation of endodermal cell differentiation,0.30941237901458124,False,1,94,2,1708,ENSG00000130635,COL5A1
GO:BP,GO:0031047,regulatory ncRNA-mediated gene silencing,0.30941237901458124,False,2,94,9,1708,ENSG00000100354 ENSG00000100403,TNRC6B ZC3H7B
GO:BP,GO:0048598,embryonic morphogenesis,0.30941237901458124,False,5,94,45,1708,ENSG00000171310 ENSG00000251322 ENSG00000150630 ENSG00000131558 ENSG00000130635,CHST11 SHANK3 VEGFC EXOC4 COL5A1
GO:BP,GO:0007218,neuropeptide signaling pathway,0.30941237901458124,False,2,94,9,1708,ENSG00000156395 ENSG00000166573,SORCS3 GALR1
GO:BP,GO:0007194,negative regulation of adenylate cyclase activity,0.30941237901458124,False,1,94,2,1708,ENSG00000166573,GALR1
GO:BP,GO:0007169,cell surface receptor protein tyrosine kinase signaling pathway,0.30941237901458124,False,5,94,46,1708,ENSG00000103056 ENSG00000150630 ENSG00000151422 ENSG00000113070 ENSG00000010810,SMPD3 VEGFC FER HBEGF FYN
GO:BP,GO:0060252,positive regulation of glial cell proliferation,0.30941237901458124,False,1,94,2,1708,ENSG00000150630,VEGFC
GO:BP,GO:0071461,cellular response to redox state,0.30941237901458124,False,1,94,2,1708,ENSG00000103056,SMPD3
GO:BP,GO:0060009,Sertoli cell development,0.30941237901458124,False,1,94,2,1708,ENSG00000151422,FER
GO:BP,GO:0048701,embryonic cranial skeleton morphogenesis,0.30941237901458124,False,1,94,2,1708,ENSG00000171310,CHST11
GO:BP,GO:0020027,hemoglobin metabolic process,0.30941237901458124,False,1,94,2,1708,ENSG00000196517,SLC6A9
GO:BP,GO:1901990,regulation of mitotic cell cycle phase transition,0.30941237901458124,False,5,94,43,1708,ENSG00000110497 ENSG00000089053 ENSG00000158019 ENSG00000005483 ENSG00000002822,AMBRA1 ANAPC5 BABAM2 KMT2E MAD1L1
GO:BP,GO:1901989,positive regulation of cell cycle phase transition,0.30941237901458124,False,3,94,19,1708,ENSG00000089053 ENSG00000005483 ENSG00000002822,ANAPC5 KMT2E MAD1L1
GO:BP,GO:1901978,positive regulation of cell cycle checkpoint,0.30941237901458124,False,1,94,2,1708,ENSG00000002822,MAD1L1
GO:BP,GO:0019682,glyceraldehyde-3-phosphate metabolic process,0.30941237901458124,False,1,94,2,1708,ENSG00000111669,TPI1
GO:BP,GO:0021534,cell proliferation in hindbrain,0.30941237901458124,False,1,94,2,1708,ENSG00000142599,RERE
GO:BP,GO:0097168,mesenchymal stem cell proliferation,0.30941237901458124,False,1,94,2,1708,ENSG00000150630,VEGFC
GO:BP,GO:0009120,deoxyribonucleoside metabolic process,0.30941237901458124,False,1,94,2,1708,ENSG00000188641,DPYD
GO:BP,GO:0048339,paraxial mesoderm development,0.30941237901458124,False,1,94,2,1708,ENSG00000131558,EXOC4
GO:BP,GO:0006793,phosphorus metabolic process,0.30941237901458124,False,13,94,163,1708,ENSG00000111669 ENSG00000073417 ENSG00000103056 ENSG00000070366 ENSG00000178093 ENSG00000196182 ENSG00000188641 ENSG00000115085 ENSG00000154822 ENSG00000151422 ENSG00000113448 ENSG00000010810 ENSG00000147535,TPI1 PDE8A SMPD3 SMG6 TSSK6 STK40 DPYD ZAP70 PLCL2 FER PDE4D FYN PLPP5
GO:BP,GO:0033007,negative regulation of mast cell activation involved in immune response,0.30941237901458124,False,1,94,2,1708,ENSG00000151422,FER
GO:BP,GO:0033004,negative regulation of mast cell activation,0.30941237901458124,False,1,94,2,1708,ENSG00000151422,FER
GO:BP,GO:0043129,surfactant homeostasis,0.30941237901458124,False,1,94,2,1708,ENSG00000103811,CTSH
GO:BP,GO:1901342,regulation of vasculature development,0.30941237901458124,False,4,94,33,1708,ENSG00000103811 ENSG00000150630 ENSG00000010810 ENSG00000135298,CTSH VEGFC FYN ADGRB3
GO:BP,GO:0019693,ribose phosphate metabolic process,0.30941237901458124,False,4,94,33,1708,ENSG00000111669 ENSG00000073417 ENSG00000188641 ENSG00000113448,TPI1 PDE8A DPYD PDE4D
GO:BP,GO:0016082,synaptic vesicle priming,0.30941237901458124,False,1,94,2,1708,ENSG00000176406,RIMS2
GO:BP,GO:0043269,regulation of monoatomic ion transport,0.30941237901458124,False,4,94,31,1708,ENSG00000159023 ENSG00000155511 ENSG00000113448 ENSG00000010810,EPB41 GRIA1 PDE4D FYN
GO:BP,GO:0032210,regulation of telomere maintenance via telomerase,0.30941237901458124,False,1,94,2,1708,ENSG00000070366,SMG6
GO:BP,GO:0060008,Sertoli cell differentiation,0.30941237901458124,False,1,94,2,1708,ENSG00000151422,FER
GO:BP,GO:0071294,cellular response to zinc ion,0.30941237901458124,False,1,94,2,1708,ENSG00000122986,HVCN1
GO:BP,GO:0007144,female meiosis I,0.30941237901458124,False,1,94,2,1708,ENSG00000157456,CCNB2
GO:BP,GO:0060046,regulation of acrosome reaction,0.30941237901458124,False,1,94,2,1708,ENSG00000122986,HVCN1
GO:BP,GO:0060024,rhythmic synaptic transmission,0.30941237901458124,False,1,94,2,1708,ENSG00000007402,CACNA2D2
GO:BP,GO:0031646,positive regulation of nervous system process,0.30941237901458124,False,1,94,2,1708,ENSG00000176406,RIMS2
GO:BP,GO:0001656,metanephros development,0.30941237901458124,False,1,94,2,1708,ENSG00000103811,CTSH
GO:BP,GO:0048468,cell development,0.30941237901458124,False,19,94,256,1708,ENSG00000067082 ENSG00000183715 ENSG00000110497 ENSG00000171310 ENSG00000103056 ENSG00000181291 ENSG00000178093 ENSG00000142599 ENSG00000251322 ENSG00000115085 ENSG00000154822 ENSG00000007402 ENSG00000150630 ENSG00000151422 ENSG00000113448 ENSG00000010810 ENSG00000135298 ENSG00000005483 ENSG00000176406,KLF6 OPCML AMBRA1 CHST11 SMPD3 TMEM132E TSSK6 RERE SHANK3 ZAP70 PLCL2 CACNA2D2 VEGFC FER PDE4D FYN ADGRB3 KMT2E RIMS2
GO:BP,GO:0043383,negative T cell selection,0.30941237901458124,False,1,94,2,1708,ENSG00000115085,ZAP70
GO:BP,GO:0043278,response to morphine,0.30941237901458124,False,1,94,2,1708,ENSG00000155511,GRIA1
GO:BP,GO:0051968,"positive regulation of synaptic transmission, glutamatergic",0.30941237901458124,False,1,94,2,1708,ENSG00000251322,SHANK3
GO:BP,GO:0043066,negative regulation of apoptotic process,0.30941237901458124,False,7,94,72,1708,ENSG00000110497 ENSG00000171310 ENSG00000103811 ENSG00000196182 ENSG00000158019 ENSG00000124356 ENSG00000010810,AMBRA1 CHST11 CTSH STK40 BABAM2 STAMBP FYN
GO:BP,GO:0006796,phosphate-containing compound metabolic process,0.30941237901458124,False,13,94,163,1708,ENSG00000111669 ENSG00000073417 ENSG00000103056 ENSG00000070366 ENSG00000178093 ENSG00000196182 ENSG00000188641 ENSG00000115085 ENSG00000154822 ENSG00000151422 ENSG00000113448 ENSG00000010810 ENSG00000147535,TPI1 PDE8A SMPD3 SMG6 TSSK6 STK40 DPYD ZAP70 PLCL2 FER PDE4D FYN PLPP5
GO:BP,GO:0060350,endochondral bone morphogenesis,0.30941237901458124,False,1,94,2,1708,ENSG00000103056,SMPD3
GO:BP,GO:0060351,cartilage development involved in endochondral bone morphogenesis,0.30941237901458124,False,1,94,2,1708,ENSG00000103056,SMPD3
GO:BP,GO:0060080,inhibitory postsynaptic potential,0.30941237901458124,False,1,94,2,1708,ENSG00000176406,RIMS2
GO:BP,GO:0060211,regulation of nuclear-transcribed mRNA poly(A) tail shortening,0.30941237901458124,False,1,94,2,1708,ENSG00000100354,TNRC6B
GO:BP,GO:0060213,positive regulation of nuclear-transcribed mRNA poly(A) tail shortening,0.30941237901458124,False,1,94,2,1708,ENSG00000100354,TNRC6B
GO:BP,GO:0060251,regulation of glial cell proliferation,0.30941237901458124,False,1,94,2,1708,ENSG00000150630,VEGFC
GO:BP,GO:0001101,response to acid chemical,0.30941237901458124,False,2,94,9,1708,ENSG00000155511 ENSG00000010810,GRIA1 FYN
GO:BP,GO:0001522,pseudouridine synthesis,0.30941237901458124,False,1,94,2,1708,ENSG00000166133,RPUSD2
GO:BP,GO:0001574,ganglioside biosynthetic process,0.30941237901458124,False,1,94,2,1708,ENSG00000135454,B4GALNT1
GO:BP,GO:0009887,animal organ morphogenesis,0.30941237901458124,False,8,94,88,1708,ENSG00000171310 ENSG00000103811 ENSG00000103056 ENSG00000196182 ENSG00000251322 ENSG00000150630 ENSG00000131558 ENSG00000130635,CHST11 CTSH SMPD3 STK40 SHANK3 VEGFC EXOC4 COL5A1
GO:BP,GO:0098828,modulation of inhibitory postsynaptic potential,0.30941237901458124,False,1,94,2,1708,ENSG00000176406,RIMS2
GO:BP,GO:1903859,regulation of dendrite extension,0.30941237901458124,False,1,94,2,1708,ENSG00000176406,RIMS2
GO:BP,GO:0061041,regulation of wound healing,0.30941237901458124,False,2,94,9,1708,ENSG00000149131 ENSG00000113070,SERPING1 HBEGF
GO:BP,GO:0002921,negative regulation of humoral immune response,0.30941237901458124,False,1,94,2,1708,ENSG00000149131,SERPING1
GO:BP,GO:0002920,regulation of humoral immune response,0.30941237901458124,False,1,94,2,1708,ENSG00000149131,SERPING1
GO:BP,GO:0034599,cellular response to oxidative stress,0.30941237901458124,False,3,94,21,1708,ENSG00000103056 ENSG00000151422 ENSG00000010810,SMPD3 FER FYN
GO:BP,GO:0034333,adherens junction assembly,0.30941237901458124,False,1,94,2,1708,ENSG00000151422,FER
GO:BP,GO:0034329,cell junction assembly,0.30941237901458124,False,4,94,31,1708,ENSG00000251322 ENSG00000151422 ENSG00000155511 ENSG00000135298,SHANK3 FER GRIA1 ADGRB3
GO:BP,GO:1903533,regulation of protein targeting,0.30941237901458124,False,1,94,2,1708,ENSG00000010810,FYN
GO:BP,GO:1900153,"positive regulation of nuclear-transcribed mRNA catabolic process, deadenylation-dependent decay",0.30941237901458124,False,1,94,2,1708,ENSG00000100354,TNRC6B
GO:BP,GO:1900126,negative regulation of hyaluronan biosynthetic process,0.30941237901458124,False,1,94,2,1708,ENSG00000103056,SMPD3
GO:BP,GO:1900125,regulation of hyaluronan biosynthetic process,0.30941237901458124,False,1,94,2,1708,ENSG00000103056,SMPD3
GO:BP,GO:0009653,anatomical structure morphogenesis,0.30941237901458124,False,17,94,223,1708,ENSG00000171310 ENSG00000161813 ENSG00000103811 ENSG00000242498 ENSG00000103056 ENSG00000023902 ENSG00000196182 ENSG00000142599 ENSG00000251322 ENSG00000163171 ENSG00000150630 ENSG00000113070 ENSG00000010810 ENSG00000135298 ENSG00000131558 ENSG00000176406 ENSG00000130635,CHST11 LARP4 CTSH ARPIN SMPD3 PLEKHO1 STK40 RERE SHANK3 CDC42EP3 VEGFC HBEGF FYN ADGRB3 EXOC4 RIMS2 COL5A1
GO:BP,GO:0051315,attachment of mitotic spindle microtubules to kinetochore,0.30941237901458124,False,1,94,2,1708,ENSG00000002822,MAD1L1
GO:BP,GO:0051306,mitotic sister chromatid separation,0.30941237901458124,False,2,94,10,1708,ENSG00000089053 ENSG00000002822,ANAPC5 MAD1L1
GO:BP,GO:0097553,calcium ion transmembrane import into cytosol,0.30941237901458124,False,3,94,19,1708,ENSG00000154822 ENSG00000113448 ENSG00000010810,PLCL2 PDE4D FYN
GO:BP,GO:0097484,dendrite extension,0.30941237901458124,False,1,94,2,1708,ENSG00000176406,RIMS2
GO:BP,GO:0050859,negative regulation of B cell receptor signaling pathway,0.30941237901458124,False,1,94,2,1708,ENSG00000154822,PLCL2
GO:BP,GO:1900017,positive regulation of cytokine production involved in inflammatory response,0.30941237901458124,False,1,94,2,1708,ENSG00000213654,GPSM3
GO:BP,GO:0016579,protein deubiquitination,0.30941237901458124,False,2,94,9,1708,ENSG00000158019 ENSG00000124356,BABAM2 STAMBP
GO:BP,GO:0016556,mRNA modification,0.30941237901458124,False,1,94,2,1708,ENSG00000166133,RPUSD2
GO:BP,GO:0016233,telomere capping,0.30941237901458124,False,1,94,2,1708,ENSG00000070366,SMG6
GO:BP,GO:0014902,myotube differentiation,0.30941237901458124,False,2,94,10,1708,ENSG00000023902 ENSG00000135298,PLEKHO1 ADGRB3
GO:BP,GO:0033003,regulation of mast cell activation,0.30941237901458124,False,1,94,2,1708,ENSG00000151422,FER
GO:BP,GO:0060326,cell chemotaxis,0.30941237901458124,False,3,94,21,1708,ENSG00000150630 ENSG00000113070 ENSG00000213654,VEGFC HBEGF GPSM3
GO:BP,GO:0001704,formation of primary germ layer,0.30941237901458124,False,2,94,10,1708,ENSG00000131558 ENSG00000130635,EXOC4 COL5A1
GO:BP,GO:0006868,glutamine transport,0.30941237901458124,False,1,94,2,1708,ENSG00000103042,SLC38A7
GO:BP,GO:0006867,asparagine transport,0.30941237901458124,False,1,94,2,1708,ENSG00000103042,SLC38A7
GO:BP,GO:0006438,valyl-tRNA aminoacylation,0.30941237901458124,False,1,94,2,1708,ENSG00000137411,VARS2
GO:BP,GO:0070301,cellular response to hydrogen peroxide,0.30941237901458124,False,2,94,9,1708,ENSG00000103056 ENSG00000010810,SMPD3 FYN
GO:BP,GO:0032943,mononuclear cell proliferation,0.30941237901458124,False,4,94,32,1708,ENSG00000115085 ENSG00000154822 ENSG00000010810 ENSG00000002822,ZAP70 PLCL2 FYN MAD1L1
GO:BP,GO:0001885,endothelial cell development,0.30941237901458124,False,1,94,2,1708,ENSG00000113448,PDE4D
GO:BP,GO:0006685,sphingomyelin catabolic process,0.30941237901458124,False,1,94,2,1708,ENSG00000103056,SMPD3
GO:BP,GO:0006684,sphingomyelin metabolic process,0.30941237901458124,False,1,94,2,1708,ENSG00000103056,SMPD3
GO:BP,GO:0006672,ceramide metabolic process,0.30941237901458124,False,2,94,10,1708,ENSG00000135454 ENSG00000103056,B4GALNT1 SMPD3
GO:BP,GO:0034765,regulation of monoatomic ion transmembrane transport,0.30941237901458124,False,3,94,21,1708,ENSG00000155511 ENSG00000113448 ENSG00000010810,GRIA1 PDE4D FYN
GO:BP,GO:0034656,nucleobase-containing small molecule catabolic process,0.30941237901458124,False,1,94,2,1708,ENSG00000188641,DPYD
GO:BP,GO:0048311,mitochondrion distribution,0.30941237901458124,False,1,94,2,1708,ENSG00000104442,ARMC1
GO:BP,GO:0014808,release of sequestered calcium ion into cytosol by sarcoplasmic reticulum,0.30941237901458124,False,1,94,2,1708,ENSG00000113448,PDE4D
GO:BP,GO:0014072,response to isoquinoline alkaloid,0.30941237901458124,False,1,94,2,1708,ENSG00000155511,GRIA1
GO:BP,GO:0140499,negative regulation of mitotic spindle assembly checkpoint signaling,0.30941237901458124,False,1,94,2,1708,ENSG00000002822,MAD1L1
GO:BP,GO:0140052,cellular response to oxidised low-density lipoprotein particle stimulus,0.30941237901458124,False,1,94,2,1708,ENSG00000103056,SMPD3
GO:BP,GO:0098719,sodium ion import across plasma membrane,0.30941237901458124,False,1,94,2,1708,ENSG00000162753,SLC9C2
GO:BP,GO:0009438,methylglyoxal metabolic process,0.30941237901458124,False,1,94,2,1708,ENSG00000111669,TPI1
GO:BP,GO:0009264,deoxyribonucleotide catabolic process,0.30941237901458124,False,1,94,2,1708,ENSG00000188641,DPYD
GO:BP,GO:0009259,ribonucleotide metabolic process,0.30941237901458124,False,4,94,32,1708,ENSG00000111669 ENSG00000073417 ENSG00000188641 ENSG00000113448,TPI1 PDE8A DPYD PDE4D
GO:BP,GO:0009223,pyrimidine deoxyribonucleotide catabolic process,0.30941237901458124,False,1,94,2,1708,ENSG00000188641,DPYD
GO:BP,GO:0009219,pyrimidine deoxyribonucleotide metabolic process,0.30941237901458124,False,1,94,2,1708,ENSG00000188641,DPYD
GO:BP,GO:0009218,pyrimidine ribonucleotide metabolic process,0.30941237901458124,False,1,94,2,1708,ENSG00000188641,DPYD
GO:BP,GO:0097396,response to interleukin-17,0.30941237901458124,False,1,94,2,1708,ENSG00000251322,SHANK3
GO:BP,GO:0120036,plasma membrane bounded cell projection organization,0.30941237901458124,False,11,94,126,1708,ENSG00000168778 ENSG00000242498 ENSG00000023902 ENSG00000142599 ENSG00000251322 ENSG00000163171 ENSG00000151422 ENSG00000010810 ENSG00000079691 ENSG00000135298 ENSG00000176406,TCTN2 ARPIN PLEKHO1 RERE SHANK3 CDC42EP3 FER FYN CARMIL1 ADGRB3 RIMS2
GO:BP,GO:0010647,positive regulation of cell communication,0.30941237901458124,False,13,94,159,1708,ENSG00000110497 ENSG00000103811 ENSG00000073417 ENSG00000166573 ENSG00000053438 ENSG00000251322 ENSG00000115085 ENSG00000151422 ENSG00000113070 ENSG00000155511 ENSG00000204231 ENSG00000002822 ENSG00000176406,AMBRA1 CTSH PDE8A GALR1 NNAT SHANK3 ZAP70 FER HBEGF GRIA1 RXRB MAD1L1 RIMS2
GO:BP,GO:0002052,positive regulation of neuroblast proliferation,0.30941237901458124,False,1,94,2,1708,ENSG00000150630,VEGFC
GO:BP,GO:0060291,long-term synaptic potentiation,0.30941237901458124,False,2,94,9,1708,ENSG00000251322 ENSG00000155511,SHANK3 GRIA1
GO:BP,GO:0006022,aminoglycan metabolic process,0.30941237901458124,False,2,94,10,1708,ENSG00000103056 ENSG00000055955,SMPD3 ITIH4
GO:BP,GO:0046984,regulation of hemoglobin biosynthetic process,0.30941237901458124,False,1,94,2,1708,ENSG00000196517,SLC6A9
GO:BP,GO:0006244,pyrimidine nucleotide catabolic process,0.30941237901458124,False,1,94,2,1708,ENSG00000188641,DPYD
GO:BP,GO:0046651,lymphocyte proliferation,0.30941237901458124,False,4,94,32,1708,ENSG00000115085 ENSG00000154822 ENSG00000010810 ENSG00000002822,ZAP70 PLCL2 FYN MAD1L1
GO:BP,GO:0048008,platelet-derived growth factor receptor signaling pathway,0.30941237901458124,False,2,94,10,1708,ENSG00000103056 ENSG00000151422,SMPD3 FER
GO:BP,GO:1904353,regulation of telomere capping,0.30941237901458124,False,1,94,2,1708,ENSG00000070366,SMG6
GO:BP,GO:0046985,positive regulation of hemoglobin biosynthetic process,0.30941237901458124,False,1,94,2,1708,ENSG00000196517,SLC6A9
GO:BP,GO:1903861,positive regulation of dendrite extension,0.30941237901458124,False,1,94,2,1708,ENSG00000176406,RIMS2
GO:BP,GO:1903909,regulation of receptor clustering,0.30941237901458124,False,1,94,2,1708,ENSG00000251322,SHANK3
GO:BP,GO:0051016,barbed-end actin filament capping,0.30941237901458124,False,1,94,2,1708,ENSG00000079691,CARMIL1
GO:BP,GO:0099502,calcium-dependent activation of synaptic vesicle fusion,0.30941237901458124,False,1,94,2,1708,ENSG00000149927,DOC2A
GO:BP,GO:0098780,response to mitochondrial depolarisation,0.30941237901458124,False,1,94,2,1708,ENSG00000110497,AMBRA1
GO:BP,GO:0048169,regulation of long-term neuronal synaptic plasticity,0.30941237901458124,False,1,94,2,1708,ENSG00000251322,SHANK3
GO:BP,GO:0010965,regulation of mitotic sister chromatid separation,0.30941237901458124,False,2,94,10,1708,ENSG00000089053 ENSG00000002822,ANAPC5 MAD1L1
GO:BP,GO:0010952,positive regulation of peptidase activity,0.30941237901458124,False,1,94,2,1708,ENSG00000103811,CTSH
GO:BP,GO:0010880,regulation of release of sequestered calcium ion into cytosol by sarcoplasmic reticulum,0.30941237901458124,False,1,94,2,1708,ENSG00000113448,PDE4D
GO:BP,GO:1990481,mRNA pseudouridine synthesis,0.30941237901458124,False,1,94,2,1708,ENSG00000166133,RPUSD2
GO:BP,GO:0099170,postsynaptic modulation of chemical synaptic transmission,0.30941237901458124,False,1,94,2,1708,ENSG00000156395,SORCS3
GO:BP,GO:1904888,cranial skeletal system development,0.30941237901458124,False,1,94,2,1708,ENSG00000171310,CHST11
GO:BP,GO:0042542,response to hydrogen peroxide,0.30941237901458124,False,2,94,10,1708,ENSG00000103056 ENSG00000010810,SMPD3 FYN
GO:BP,GO:0042541,hemoglobin biosynthetic process,0.30941237901458124,False,1,94,2,1708,ENSG00000196517,SLC6A9
GO:BP,GO:0042743,hydrogen peroxide metabolic process,0.30941237901458124,False,1,94,2,1708,ENSG00000010810,FYN
GO:BP,GO:0061351,neural precursor cell proliferation,0.30941237901458124,False,3,94,19,1708,ENSG00000142599 ENSG00000251322 ENSG00000150630,RERE SHANK3 VEGFC
GO:BP,GO:0006024,glycosaminoglycan biosynthetic process,0.30941237901458124,False,1,94,2,1708,ENSG00000103056,SMPD3
GO:BP,GO:0035295,tube development,0.30941237901458124,False,9,94,98,1708,ENSG00000110497 ENSG00000103811 ENSG00000103056 ENSG00000196182 ENSG00000251322 ENSG00000150630 ENSG00000151422 ENSG00000010810 ENSG00000135298,AMBRA1 CTSH SMPD3 STK40 SHANK3 VEGFC FER FYN ADGRB3
GO:BP,GO:0099022,vesicle tethering,0.30941237901458124,False,1,94,2,1708,ENSG00000131558,EXOC4
GO:BP,GO:0010324,membrane invagination,0.30941237901458124,False,1,94,2,1708,ENSG00000204991,SPIRE2
GO:BP,GO:0099173,postsynapse organization,0.30941237901458124,False,3,94,20,1708,ENSG00000251322 ENSG00000010810 ENSG00000147799,SHANK3 FYN ARHGAP39
GO:BP,GO:0044351,macropinocytosis,0.30941237901458124,False,1,94,2,1708,ENSG00000079691,CARMIL1
GO:BP,GO:0099024,plasma membrane invagination,0.30941237901458124,False,1,94,2,1708,ENSG00000204991,SPIRE2
GO:BP,GO:1901987,regulation of cell cycle phase transition,0.3110220605531344,False,6,94,60,1708,ENSG00000110497 ENSG00000089053 ENSG00000104885 ENSG00000158019 ENSG00000005483 ENSG00000002822,AMBRA1 ANAPC5 DOT1L BABAM2 KMT2E MAD1L1
GO:MF,GO:0005488,binding,0.3152104286450544,False,86,94,1485,1708,ENSG00000156395 ENSG00000067082 ENSG00000120451 ENSG00000183715 ENSG00000110497 ENSG00000149131 ENSG00000122986 ENSG00000089053 ENSG00000111011 ENSG00000133687 ENSG00000161813 ENSG00000111669 ENSG00000072657 ENSG00000151778 ENSG00000184601 ENSG00000182732 ENSG00000166133 ENSG00000157456 ENSG00000103811 ENSG00000073417 ENSG00000242498 ENSG00000149927 ENSG00000153406 ENSG00000103042 ENSG00000103056 ENSG00000204991 ENSG00000070366 ENSG00000108309 ENSG00000166573 ENSG00000205517 ENSG00000178093 ENSG00000104885 ENSG00000186020 ENSG00000023902 ENSG00000143614 ENSG00000116852 ENSG00000159023 ENSG00000196182 ENSG00000196517 ENSG00000142599 ENSG00000188641 ENSG00000100354 ENSG00000100403 ENSG00000251322 ENSG00000082153 ENSG00000158019 ENSG00000163171 ENSG00000124356 ENSG00000115085 ENSG00000174579 ENSG00000154822 ENSG00000168016 ENSG00000007402 ENSG00000055955 ENSG00000163635 ENSG00000198948 ENSG00000150630 ENSG00000185619 ENSG00000151422 ENSG00000078795 ENSG00000120725 ENSG00000113070 ENSG00000155511 ENSG00000113448 ENSG00000010810 ENSG00000079691 ENSG00000124557 ENSG00000096654 ENSG00000232040 ENSG00000137411 ENSG00000213654 ENSG00000204231 ENSG00000112659 ENSG00000135298 ENSG00000005483 ENSG00000184903 ENSG00000131558 ENSG00000002822 ENSG00000070882 ENSG00000176406 ENSG00000158106 ENSG00000147799 ENSG00000168077 ENSG00000147535 ENSG00000104442 ENSG00000130635,SORCS3 KLF6 SNX19 OPCML AMBRA1 SERPING1 HVCN1 ANAPC5 RSRC2 TMTC1 LARP4 TPI1 TRHDE SERP2 C14orf180 RGS6 RPUSD2 CCNB2 CTSH PDE8A ARPIN DOC2A NMRAL1 SLC38A7 SMPD3 SPIRE2 SMG6 RUNDC3A GALR1 RGL3 TSSK6 DOT1L ZNF529 PLEKHO1 GATAD2B KIF21B EPB41 STK40 SLC6A9 RERE DPYD TNRC6B ZC3H7B SHANK3 BZW1 BABAM2 CDC42EP3 STAMBP ZAP70 MSL2 PLCL2 TRANK1 CACNA2D2 ITIH4 ATXN7 MFAP3L VEGFC PCGF3 FER PKD2L2 SIL1 HBEGF GRIA1 PDE4D FYN CARMIL1 BTN1A1 ZNF184 SCAND3 VARS2 GPSM3 RXRB CUL9 ADGRB3 KMT2E IMMP2L EXOC4 MAD1L1 OSBPL3 RIMS2 RHPN1 ARHGAP39 SCARA3 PLPP5 ARMC1 COL5A1
GO:MF,GO:0001664,G protein-coupled receptor binding,0.31748003606881897,False,3,94,22,1708,ENSG00000155511 ENSG00000113448 ENSG00000010810,GRIA1 PDE4D FYN
GO:MF,GO:0015291,secondary active transmembrane transporter activity,0.31748003606881897,False,3,94,22,1708,ENSG00000103042 ENSG00000162753 ENSG00000196517,SLC38A7 SLC9C2 SLC6A9
GO:MF,GO:0022836,gated channel activity,0.31748003606881897,False,3,94,22,1708,ENSG00000122986 ENSG00000007402 ENSG00000155511,HVCN1 CACNA2D2 GRIA1
GO:MF,GO:0008238,exopeptidase activity,0.3208643052661792,False,2,94,11,1708,ENSG00000072657 ENSG00000103811,TRHDE CTSH
GO:MF,GO:0015370,solute:sodium symporter activity,0.3208643052661792,False,2,94,11,1708,ENSG00000103042 ENSG00000196517,SLC38A7 SLC6A9
GO:MF,GO:0004672,protein kinase activity,0.3208643052661792,False,5,94,48,1708,ENSG00000178093 ENSG00000196182 ENSG00000115085 ENSG00000151422 ENSG00000010810,TSSK6 STK40 ZAP70 FER FYN
GO:BP,GO:0002682,regulation of immune system process,0.32382003255053654,False,13,94,165,1708,ENSG00000110497 ENSG00000149131 ENSG00000103811 ENSG00000103056 ENSG00000115085 ENSG00000154822 ENSG00000150630 ENSG00000151422 ENSG00000113448 ENSG00000010810 ENSG00000124557 ENSG00000213654 ENSG00000002822,AMBRA1 SERPING1 CTSH SMPD3 ZAP70 PLCL2 VEGFC FER PDE4D FYN BTN1A1 GPSM3 MAD1L1
GO:BP,GO:0032535,regulation of cellular component size,0.32382003255053654,False,4,94,34,1708,ENSG00000251322 ENSG00000163171 ENSG00000151422 ENSG00000079691,SHANK3 CDC42EP3 FER CARMIL1
GO:BP,GO:0051094,positive regulation of developmental process,0.32382003255053654,False,9,94,104,1708,ENSG00000110497 ENSG00000103811 ENSG00000251322 ENSG00000115085 ENSG00000007402 ENSG00000150630 ENSG00000204231 ENSG00000135298 ENSG00000176406,AMBRA1 CTSH SHANK3 ZAP70 CACNA2D2 VEGFC RXRB ADGRB3 RIMS2
GO:BP,GO:0042330,taxis,0.32382003255053654,False,4,94,34,1708,ENSG00000150630 ENSG00000151422 ENSG00000113070 ENSG00000213654,VEGFC FER HBEGF GPSM3
GO:BP,GO:0006935,chemotaxis,0.32382003255053654,False,4,94,34,1708,ENSG00000150630 ENSG00000151422 ENSG00000113070 ENSG00000213654,VEGFC FER HBEGF GPSM3
GO:BP,GO:0000280,nuclear division,0.3277362197087962,False,6,94,61,1708,ENSG00000089053 ENSG00000157456 ENSG00000103056 ENSG00000204991 ENSG00000112659 ENSG00000002822,ANAPC5 CCNB2 SMPD3 SPIRE2 CUL9 MAD1L1
GO:BP,GO:0051216,cartilage development,0.33097934127795314,False,3,94,22,1708,ENSG00000120451 ENSG00000171310 ENSG00000103056,SNX19 CHST11 SMPD3
GO:BP,GO:0045927,positive regulation of growth,0.33097934127795314,False,3,94,22,1708,ENSG00000007402 ENSG00000113070 ENSG00000176406,CACNA2D2 HBEGF RIMS2
GO:BP,GO:0050777,negative regulation of immune response,0.33097934127795314,False,3,94,22,1708,ENSG00000149131 ENSG00000151422 ENSG00000010810,SERPING1 FER FYN
GO:BP,GO:0050803,regulation of synapse structure or activity,0.33097934127795314,False,3,94,22,1708,ENSG00000251322 ENSG00000010810 ENSG00000135298,SHANK3 FYN ADGRB3
GO:BP,GO:0021700,developmental maturation,0.33097934127795314,False,3,94,22,1708,ENSG00000120451 ENSG00000142599 ENSG00000135298,SNX19 RERE ADGRB3
GO:BP,GO:0051924,regulation of calcium ion transport,0.33097934127795314,False,3,94,22,1708,ENSG00000159023 ENSG00000113448 ENSG00000010810,EPB41 PDE4D FYN
GO:BP,GO:0051962,positive regulation of nervous system development,0.33097934127795314,False,3,94,22,1708,ENSG00000251322 ENSG00000150630 ENSG00000135298,SHANK3 VEGFC ADGRB3
GO:BP,GO:0002690,positive regulation of leukocyte chemotaxis,0.3342403285671485,False,2,94,11,1708,ENSG00000150630 ENSG00000213654,VEGFC GPSM3
GO:BP,GO:0046887,positive regulation of hormone secretion,0.3342403285671485,False,2,94,11,1708,ENSG00000166573 ENSG00000053438,GALR1 NNAT
GO:BP,GO:0033555,multicellular organismal response to stress,0.3342403285671485,False,2,94,11,1708,ENSG00000251322 ENSG00000155511,SHANK3 GRIA1
GO:BP,GO:1903305,regulation of regulated secretory pathway,0.3342403285671485,False,2,94,11,1708,ENSG00000149927 ENSG00000176406,DOC2A RIMS2
GO:BP,GO:0048660,regulation of smooth muscle cell proliferation,0.3342403285671485,False,2,94,11,1708,ENSG00000103056 ENSG00000113070,SMPD3 HBEGF
GO:BP,GO:0051345,positive regulation of hydrolase activity,0.3342403285671485,False,2,94,11,1708,ENSG00000182732 ENSG00000103811,RGS6 CTSH
GO:BP,GO:0030282,bone mineralization,0.3342403285671485,False,2,94,11,1708,ENSG00000103056 ENSG00000204231,SMPD3 RXRB
GO:BP,GO:0016079,synaptic vesicle exocytosis,0.3342403285671485,False,2,94,11,1708,ENSG00000149927 ENSG00000176406,DOC2A RIMS2
GO:BP,GO:0008277,regulation of G protein-coupled receptor signaling pathway,0.3342403285671485,False,2,94,11,1708,ENSG00000182732 ENSG00000113448,RGS6 PDE4D
GO:BP,GO:0051261,protein depolymerization,0.3342403285671485,False,2,94,11,1708,ENSG00000163635 ENSG00000079691,ATXN7 CARMIL1
GO:BP,GO:0043069,negative regulation of programmed cell death,0.33525230388835736,False,7,94,76,1708,ENSG00000110497 ENSG00000171310 ENSG00000103811 ENSG00000196182 ENSG00000158019 ENSG00000124356 ENSG00000010810,AMBRA1 CHST11 CTSH STK40 BABAM2 STAMBP FYN
GO:BP,GO:0005975,carbohydrate metabolic process,0.3352610638758932,False,5,94,48,1708,ENSG00000171310 ENSG00000135454 ENSG00000111669 ENSG00000103056 ENSG00000196182,CHST11 B4GALNT1 TPI1 SMPD3 STK40
GO:CC,GO:0005856,cytoskeleton,0.3387507066139058,False,19,94,232,1708,ENSG00000110497 ENSG00000089053 ENSG00000168778 ENSG00000157456 ENSG00000204991 ENSG00000070366 ENSG00000178093 ENSG00000116852 ENSG00000159023 ENSG00000163171 ENSG00000163635 ENSG00000151422 ENSG00000113448 ENSG00000010810 ENSG00000079691 ENSG00000005483 ENSG00000131558 ENSG00000002822 ENSG00000147799,AMBRA1 ANAPC5 TCTN2 CCNB2 SPIRE2 SMG6 TSSK6 KIF21B EPB41 CDC42EP3 ATXN7 FER PDE4D FYN CARMIL1 KMT2E EXOC4 MAD1L1 ARHGAP39
GO:CC,GO:0099501,exocytic vesicle membrane,0.3387507066139058,False,3,94,12,1708,ENSG00000149927 ENSG00000196517 ENSG00000155511,DOC2A SLC6A9 GRIA1
GO:CC,GO:0098984,neuron to neuron synapse,0.3387507066139058,False,6,94,45,1708,ENSG00000156395 ENSG00000196517 ENSG00000251322 ENSG00000155511 ENSG00000010810 ENSG00000135298,SORCS3 SLC6A9 SHANK3 GRIA1 FYN ADGRB3
GO:CC,GO:0098850,extrinsic component of synaptic vesicle membrane,0.3387507066139058,False,1,94,1,1708,ENSG00000149927,DOC2A
GO:CC,GO:0099738,cell cortex region,0.3387507066139058,False,1,94,1,1708,ENSG00000176406,RIMS2
GO:CC,GO:0097386,glial cell projection,0.3387507066139058,False,1,94,1,1708,ENSG00000010810,FYN
GO:CC,GO:0032584,growth cone membrane,0.3387507066139058,False,1,94,1,1708,ENSG00000131558,EXOC4
GO:CC,GO:0044615,nuclear pore nuclear basket,0.3387507066139058,False,1,94,1,1708,ENSG00000002822,MAD1L1
GO:CC,GO:0070210,Rpd3L-Expanded complex,0.3387507066139058,False,1,94,1,1708,ENSG00000005483,KMT2E
GO:CC,GO:0005697,telomerase holoenzyme complex,0.3387507066139058,False,1,94,1,1708,ENSG00000070366,SMG6
GO:CC,GO:0005829,cytosol,0.3387507066139058,False,36,94,508,1708,ENSG00000067082 ENSG00000110497 ENSG00000089053 ENSG00000161813 ENSG00000111669 ENSG00000182732 ENSG00000157456 ENSG00000103811 ENSG00000073417 ENSG00000153406 ENSG00000204991 ENSG00000070366 ENSG00000205517 ENSG00000159023 ENSG00000196182 ENSG00000188641 ENSG00000100354 ENSG00000158019 ENSG00000163171 ENSG00000124356 ENSG00000115085 ENSG00000163635 ENSG00000151422 ENSG00000155511 ENSG00000113448 ENSG00000010810 ENSG00000079691 ENSG00000137411 ENSG00000204231 ENSG00000112659 ENSG00000131558 ENSG00000002822 ENSG00000070882 ENSG00000158106 ENSG00000147799 ENSG00000104442,KLF6 AMBRA1 ANAPC5 LARP4 TPI1 RGS6 CCNB2 CTSH PDE8A NMRAL1 SPIRE2 SMG6 RGL3 EPB41 STK40 DPYD TNRC6B BABAM2 CDC42EP3 STAMBP ZAP70 ATXN7 FER GRIA1 PDE4D FYN CARMIL1 VARS2 RXRB CUL9 EXOC4 MAD1L1 OSBPL3 RHPN1 ARHGAP39 ARMC1
GO:CC,GO:0000118,histone deacetylase complex,0.3387507066139058,False,3,94,14,1708,ENSG00000143614 ENSG00000142599 ENSG00000005483,GATAD2B RERE KMT2E
GO:CC,GO:0034967,Set3 complex,0.3387507066139058,False,1,94,1,1708,ENSG00000005483,KMT2E
GO:CC,GO:0031461,cullin-RING ubiquitin ligase complex,0.3387507066139058,False,3,94,16,1708,ENSG00000110497 ENSG00000089053 ENSG00000112659,AMBRA1 ANAPC5 CUL9
GO:CC,GO:0014069,postsynaptic density,0.3387507066139058,False,6,94,41,1708,ENSG00000156395 ENSG00000196517 ENSG00000251322 ENSG00000155511 ENSG00000010810 ENSG00000135298,SORCS3 SLC6A9 SHANK3 GRIA1 FYN ADGRB3
GO:CC,GO:0005891,voltage-gated calcium channel complex,0.3387507066139058,False,2,94,7,1708,ENSG00000007402 ENSG00000113448,CACNA2D2 PDE4D
GO:CC,GO:0099568,cytoplasmic region,0.3387507066139058,False,1,94,1,1708,ENSG00000176406,RIMS2
GO:CC,GO:0014731,spectrin-associated cytoskeleton,0.3387507066139058,False,1,94,1,1708,ENSG00000159023,EPB41
GO:CC,GO:0099544,perisynaptic space,0.3387507066139058,False,1,94,1,1708,ENSG00000155511,GRIA1
GO:CC,GO:0099572,postsynaptic specialization,0.3387507066139058,False,6,94,43,1708,ENSG00000156395 ENSG00000196517 ENSG00000251322 ENSG00000155511 ENSG00000010810 ENSG00000135298,SORCS3 SLC6A9 SHANK3 GRIA1 FYN ADGRB3
GO:CC,GO:0044308,axonal spine,0.3387507066139058,False,1,94,1,1708,ENSG00000155511,GRIA1
GO:CC,GO:0032279,asymmetric synapse,0.3387507066139058,False,6,94,42,1708,ENSG00000156395 ENSG00000196517 ENSG00000251322 ENSG00000155511 ENSG00000010810 ENSG00000135298,SORCS3 SLC6A9 SHANK3 GRIA1 FYN ADGRB3
GO:CC,GO:0000152,nuclear ubiquitin ligase complex,0.3387507066139058,False,3,94,10,1708,ENSG00000089053 ENSG00000158019 ENSG00000185619,ANAPC5 BABAM2 PCGF3
GO:CC,GO:0000137,Golgi cis cisterna,0.3387507066139058,False,1,94,1,1708,ENSG00000103056,SMPD3
GO:CC,GO:0030672,synaptic vesicle membrane,0.3387507066139058,False,3,94,12,1708,ENSG00000149927 ENSG00000196517 ENSG00000155511,DOC2A SLC6A9 GRIA1
GO:CC,GO:1990635,proximal dendrite,0.3387507066139058,False,1,94,1,1708,ENSG00000155511,GRIA1
GO:CC,GO:0000145,exocyst,0.3387507066139058,False,1,94,1,1708,ENSG00000131558,EXOC4
GO:CC,GO:0005588,collagen type V trimer,0.3387507066139058,False,1,94,1,1708,ENSG00000130635,COL5A1
GO:CC,GO:1990728,mitotic spindle assembly checkpoint MAD1-MAD2 complex,0.3387507066139058,False,1,94,1,1708,ENSG00000002822,MAD1L1
GO:CC,GO:0031312,extrinsic component of organelle membrane,0.3387507066139058,False,1,94,1,1708,ENSG00000149927,DOC2A
GO:CC,GO:0031093,platelet alpha granule lumen,0.3387507066139058,False,2,94,6,1708,ENSG00000149131 ENSG00000150630,SERPING1 VEGFC
GO:CC,GO:0150053,cerebellar climbing fiber to Purkinje cell synapse,0.3387507066139058,False,1,94,1,1708,ENSG00000135298,ADGRB3
GO:CC,GO:1990234,transferase complex,0.3387507066139058,False,8,94,69,1708,ENSG00000110497 ENSG00000089053 ENSG00000157456 ENSG00000158019 ENSG00000174579 ENSG00000163635 ENSG00000185619 ENSG00000112659,AMBRA1 ANAPC5 CCNB2 BABAM2 MSL2 ATXN7 PCGF3 CUL9
GO:CC,GO:1990706,MAD1 complex,0.3387507066139058,False,1,94,1,1708,ENSG00000002822,MAD1L1
GO:CC,GO:0036194,muscle cell projection,0.3387507066139058,False,1,94,1,1708,ENSG00000023902,PLEKHO1
GO:CC,GO:0036195,muscle cell projection membrane,0.3387507066139058,False,1,94,1,1708,ENSG00000023902,PLEKHO1
GO:CC,GO:0098831,presynaptic active zone cytoplasmic component,0.3387507066139058,False,1,94,1,1708,ENSG00000176406,RIMS2
GO:CC,GO:0072487,MSL complex,0.3387507066139058,False,1,94,1,1708,ENSG00000174579,MSL2
GO:CC,GO:0042720,mitochondrial inner membrane peptidase complex,0.3387507066139058,False,1,94,1,1708,ENSG00000184903,IMMP2L
GO:CC,GO:0098839,postsynaptic density membrane,0.3387507066139058,False,3,94,16,1708,ENSG00000156395 ENSG00000155511 ENSG00000135298,SORCS3 GRIA1 ADGRB3
GO:CC,GO:0098688,parallel fiber to Purkinje cell synapse,0.3387507066139058,False,1,94,1,1708,ENSG00000196517,SLC6A9
GO:CC,GO:0097038,perinuclear endoplasmic reticulum,0.3387507066139058,False,2,94,4,1708,ENSG00000010810 ENSG00000070882,FYN OSBPL3
GO:CC,GO:0070531,BRCA1-A complex,0.3387507066139058,False,1,94,1,1708,ENSG00000158019,BABAM2
GO:CC,GO:0000805,X chromosome,0.3387507066139058,False,1,94,1,1708,ENSG00000185619,PCGF3
GO:BP,GO:0006810,transport,0.3398107367163912,False,25,94,363,1708,ENSG00000120451 ENSG00000122986 ENSG00000149927 ENSG00000103042 ENSG00000103056 ENSG00000204991 ENSG00000070366 ENSG00000166573 ENSG00000162753 ENSG00000159023 ENSG00000196517 ENSG00000053438 ENSG00000154822 ENSG00000007402 ENSG00000150630 ENSG00000078795 ENSG00000120725 ENSG00000155511 ENSG00000113448 ENSG00000010810 ENSG00000079691 ENSG00000131558 ENSG00000070882 ENSG00000176406 ENSG00000168077,SNX19 HVCN1 DOC2A SLC38A7 SMPD3 SPIRE2 SMG6 GALR1 SLC9C2 EPB41 SLC6A9 NNAT PLCL2 CACNA2D2 VEGFC PKD2L2 SIL1 GRIA1 PDE4D FYN CARMIL1 EXOC4 OSBPL3 RIMS2 SCARA3
GO:BP,GO:0007166,cell surface receptor signaling pathway,0.33981256380759084,False,17,94,231,1708,ENSG00000171310 ENSG00000168778 ENSG00000103056 ENSG00000104885 ENSG00000251322 ENSG00000124356 ENSG00000115085 ENSG00000154822 ENSG00000150630 ENSG00000151422 ENSG00000113070 ENSG00000155511 ENSG00000113448 ENSG00000010810 ENSG00000124557 ENSG00000135298 ENSG00000176406,CHST11 TCTN2 SMPD3 DOT1L SHANK3 STAMBP ZAP70 PLCL2 VEGFC FER HBEGF GRIA1 PDE4D FYN BTN1A1 ADGRB3 RIMS2
GO:BP,GO:0045321,leukocyte activation,0.3406692100589602,False,8,94,91,1708,ENSG00000067082 ENSG00000110497 ENSG00000115085 ENSG00000154822 ENSG00000151422 ENSG00000010810 ENSG00000005483 ENSG00000002822,KLF6 AMBRA1 ZAP70 PLCL2 FER FYN KMT2E MAD1L1
GO:BP,GO:0051049,regulation of transport,0.34080936104380366,False,10,94,121,1708,ENSG00000149927 ENSG00000103056 ENSG00000166573 ENSG00000159023 ENSG00000053438 ENSG00000150630 ENSG00000155511 ENSG00000113448 ENSG00000010810 ENSG00000176406,DOC2A SMPD3 GALR1 EPB41 NNAT VEGFC GRIA1 PDE4D FYN RIMS2
GO:BP,GO:0009719,response to endogenous stimulus,0.34138725339643994,False,9,94,106,1708,ENSG00000171310 ENSG00000103811 ENSG00000073417 ENSG00000103056 ENSG00000150630 ENSG00000151422 ENSG00000155511 ENSG00000010810 ENSG00000204231,CHST11 CTSH PDE8A SMPD3 VEGFC FER GRIA1 FYN RXRB
GO:BP,GO:0048646,anatomical structure formation involved in morphogenesis,0.34138725339643994,False,9,94,106,1708,ENSG00000103811 ENSG00000103056 ENSG00000023902 ENSG00000251322 ENSG00000150630 ENSG00000010810 ENSG00000135298 ENSG00000131558 ENSG00000130635,CTSH SMPD3 PLEKHO1 SHANK3 VEGFC FYN ADGRB3 EXOC4 COL5A1
GO:MF,GO:0019207,kinase regulator activity,0.34308939585862447,False,3,94,23,1708,ENSG00000157456 ENSG00000073417 ENSG00000113070,CCNB2 PDE8A HBEGF
GO:CC,GO:0034702,monoatomic ion channel complex,0.34529050512548554,False,4,94,27,1708,ENSG00000122986 ENSG00000007402 ENSG00000155511 ENSG00000113448,HVCN1 CACNA2D2 GRIA1 PDE4D
GO:MF,GO:0022803,passive transmembrane transporter activity,0.3454829144325069,False,4,94,36,1708,ENSG00000122986 ENSG00000007402 ENSG00000078795 ENSG00000155511,HVCN1 CACNA2D2 PKD2L2 GRIA1
GO:MF,GO:0015267,channel activity,0.3454829144325069,False,4,94,36,1708,ENSG00000122986 ENSG00000007402 ENSG00000078795 ENSG00000155511,HVCN1 CACNA2D2 PKD2L2 GRIA1
GO:MF,GO:0042277,peptide binding,0.3454829144325069,False,4,94,36,1708,ENSG00000072657 ENSG00000166573 ENSG00000158019 ENSG00000155511,TRHDE GALR1 BABAM2 GRIA1
GO:BP,GO:0071840,cellular component organization or biogenesis,0.34604229339289055,False,42,94,658,1708,ENSG00000120451 ENSG00000110497 ENSG00000089053 ENSG00000168778 ENSG00000161813 ENSG00000135454 ENSG00000166133 ENSG00000157456 ENSG00000242498 ENSG00000149927 ENSG00000103056 ENSG00000204991 ENSG00000070366 ENSG00000178093 ENSG00000104885 ENSG00000023902 ENSG00000143614 ENSG00000159023 ENSG00000196182 ENSG00000142599 ENSG00000251322 ENSG00000158019 ENSG00000163171 ENSG00000174579 ENSG00000007402 ENSG00000163635 ENSG00000185619 ENSG00000151422 ENSG00000113070 ENSG00000155511 ENSG00000010810 ENSG00000079691 ENSG00000112659 ENSG00000135298 ENSG00000005483 ENSG00000184903 ENSG00000131558 ENSG00000002822 ENSG00000176406 ENSG00000158106 ENSG00000147799 ENSG00000130635,SNX19 AMBRA1 ANAPC5 TCTN2 LARP4 B4GALNT1 RPUSD2 CCNB2 ARPIN DOC2A SMPD3 SPIRE2 SMG6 TSSK6 DOT1L PLEKHO1 GATAD2B EPB41 STK40 RERE SHANK3 BABAM2 CDC42EP3 MSL2 CACNA2D2 ATXN7 PCGF3 FER HBEGF GRIA1 FYN CARMIL1 CUL9 ADGRB3 KMT2E IMMP2L EXOC4 MAD1L1 RIMS2 RHPN1 ARHGAP39 COL5A1
GO:MF,GO:0016504,peptidase activator activity,0.3471844298982955,False,1,94,3,1708,ENSG00000103811,CTSH
GO:MF,GO:0016860,intramolecular oxidoreductase activity,0.3471844298982955,False,1,94,3,1708,ENSG00000111669,TPI1
GO:MF,GO:0030296,protein tyrosine kinase activator activity,0.3471844298982955,False,1,94,3,1708,ENSG00000113070,HBEGF
GO:MF,GO:0005544,calcium-dependent phospholipid binding,0.3471844298982955,False,1,94,3,1708,ENSG00000149927,DOC2A
GO:MF,GO:0098531,ligand-modulated transcription factor activity,0.3471844298982955,False,1,94,3,1708,ENSG00000204231,RXRB
GO:MF,GO:0004435,"phosphatidylinositol-4,5-bisphosphate phospholipase C activity",0.3471844298982955,False,1,94,3,1708,ENSG00000154822,PLCL2
GO:MF,GO:0002161,aminoacyl-tRNA deacylase activity,0.3471844298982955,False,1,94,3,1708,ENSG00000137411,VARS2
GO:MF,GO:0060229,lipase activator activity,0.3471844298982955,False,1,94,3,1708,ENSG00000010810,FYN
GO:MF,GO:0046872,metal ion binding,0.3471844298982955,False,27,94,405,1708,ENSG00000067082 ENSG00000072657 ENSG00000073417 ENSG00000149927 ENSG00000103056 ENSG00000070366 ENSG00000178093 ENSG00000186020 ENSG00000143614 ENSG00000196517 ENSG00000142599 ENSG00000188641 ENSG00000100403 ENSG00000124356 ENSG00000174579 ENSG00000007402 ENSG00000185619 ENSG00000078795 ENSG00000113448 ENSG00000010810 ENSG00000096654 ENSG00000204231 ENSG00000112659 ENSG00000005483 ENSG00000176406 ENSG00000104442 ENSG00000130635,KLF6 TRHDE PDE8A DOC2A SMPD3 SMG6 TSSK6 ZNF529 GATAD2B SLC6A9 RERE DPYD ZC3H7B STAMBP MSL2 CACNA2D2 PCGF3 PKD2L2 PDE4D FYN ZNF184 RXRB CUL9 KMT2E RIMS2 ARMC1 COL5A1
GO:MF,GO:0072542,protein phosphatase activator activity,0.3471844298982955,False,1,94,3,1708,ENSG00000110497,AMBRA1
GO:MF,GO:0098919,structural constituent of postsynaptic density,0.3471844298982955,False,1,94,3,1708,ENSG00000251322,SHANK3
GO:MF,GO:0098879,structural constituent of postsynaptic specialization,0.3471844298982955,False,1,94,3,1708,ENSG00000251322,SHANK3
GO:MF,GO:0051018,protein kinase A binding,0.3471844298982955,False,1,94,3,1708,ENSG00000155511,GRIA1
GO:MF,GO:0019899,enzyme binding,0.3471844298982955,False,14,94,187,1708,ENSG00000110497 ENSG00000089053 ENSG00000111669 ENSG00000073417 ENSG00000070366 ENSG00000205517 ENSG00000163171 ENSG00000151422 ENSG00000155511 ENSG00000113448 ENSG00000010810 ENSG00000112659 ENSG00000005483 ENSG00000176406,AMBRA1 ANAPC5 TPI1 PDE8A SMG6 RGL3 CDC42EP3 FER GRIA1 PDE4D FYN CUL9 KMT2E RIMS2
GO:MF,GO:0005496,steroid binding,0.3471844298982955,False,1,94,3,1708,ENSG00000070882,OSBPL3
GO:MF,GO:0050321,tau-protein kinase activity,0.3471844298982955,False,1,94,3,1708,ENSG00000010810,FYN
GO:MF,GO:0050698,proteoglycan sulfotransferase activity,0.3471844298982955,False,1,94,3,1708,ENSG00000171310,CHST11
GO:MF,GO:0008083,growth factor activity,0.3471844298982955,False,2,94,12,1708,ENSG00000150630 ENSG00000113070,VEGFC HBEGF
GO:MF,GO:0042577,lipid phosphatase activity,0.3471844298982955,False,1,94,3,1708,ENSG00000147535,PLPP5
GO:MF,GO:0004879,nuclear receptor activity,0.3471844298982955,False,1,94,3,1708,ENSG00000204231,RXRB
GO:MF,GO:0004866,endopeptidase inhibitor activity,0.3471844298982955,False,2,94,12,1708,ENSG00000149131 ENSG00000055955,SERPING1 ITIH4
GO:MF,GO:0070300,phosphatidic acid binding,0.3471844298982955,False,1,94,3,1708,ENSG00000103056,SMPD3
GO:MF,GO:0140096,"catalytic activity, acting on a protein",0.3471844298982955,False,14,94,188,1708,ENSG00000133687 ENSG00000072657 ENSG00000103811 ENSG00000178093 ENSG00000104885 ENSG00000196182 ENSG00000124356 ENSG00000115085 ENSG00000174579 ENSG00000185619 ENSG00000151422 ENSG00000010810 ENSG00000112659 ENSG00000184903,TMTC1 TRHDE CTSH TSSK6 DOT1L STK40 STAMBP ZAP70 MSL2 PCGF3 FER FYN CUL9 IMMP2L
GO:MF,GO:0140993,histone modifying activity,0.3471844298982955,False,5,94,50,1708,ENSG00000178093 ENSG00000104885 ENSG00000196182 ENSG00000174579 ENSG00000185619,TSSK6 DOT1L STK40 MSL2 PCGF3
GO:MF,GO:0140828,metal cation:monoatomic cation antiporter activity,0.3471844298982955,False,1,94,3,1708,ENSG00000162753,SLC9C2
GO:MF,GO:0120569,phospholipase activity,0.3471844298982955,False,2,94,13,1708,ENSG00000103056 ENSG00000154822,SMPD3 PLCL2
GO:MF,GO:0120013,lipid transfer activity,0.3471844298982955,False,1,94,3,1708,ENSG00000070882,OSBPL3
GO:MF,GO:0099186,structural constituent of postsynapse,0.3471844298982955,False,1,94,3,1708,ENSG00000251322,SHANK3
GO:MF,GO:0030414,peptidase inhibitor activity,0.3471844298982955,False,2,94,13,1708,ENSG00000149131 ENSG00000055955,SERPING1 ITIH4
GO:MF,GO:0060590,ATPase regulator activity,0.3471844298982955,False,1,94,3,1708,ENSG00000120725,SIL1
GO:MF,GO:0005048,signal sequence binding,0.3471844298982955,False,1,94,3,1708,ENSG00000158019,BABAM2
GO:MF,GO:0016866,intramolecular transferase activity,0.3471844298982955,False,1,94,3,1708,ENSG00000166133,RPUSD2
GO:MF,GO:0070006,metalloaminopeptidase activity,0.3471844298982955,False,1,94,3,1708,ENSG00000072657,TRHDE
GO:MF,GO:0005515,protein binding,0.35000415777878846,False,78,94,1338,1708,ENSG00000156395 ENSG00000067082 ENSG00000120451 ENSG00000183715 ENSG00000110497 ENSG00000149131 ENSG00000122986 ENSG00000089053 ENSG00000111011 ENSG00000133687 ENSG00000161813 ENSG00000111669 ENSG00000151778 ENSG00000184601 ENSG00000182732 ENSG00000157456 ENSG00000103811 ENSG00000073417 ENSG00000242498 ENSG00000149927 ENSG00000153406 ENSG00000103042 ENSG00000103056 ENSG00000204991 ENSG00000070366 ENSG00000108309 ENSG00000166573 ENSG00000205517 ENSG00000178093 ENSG00000104885 ENSG00000023902 ENSG00000143614 ENSG00000116852 ENSG00000159023 ENSG00000196182 ENSG00000142599 ENSG00000188641 ENSG00000100354 ENSG00000100403 ENSG00000251322 ENSG00000082153 ENSG00000158019 ENSG00000163171 ENSG00000124356 ENSG00000115085 ENSG00000174579 ENSG00000154822 ENSG00000168016 ENSG00000055955 ENSG00000163635 ENSG00000198948 ENSG00000150630 ENSG00000185619 ENSG00000151422 ENSG00000120725 ENSG00000113070 ENSG00000155511 ENSG00000113448 ENSG00000010810 ENSG00000079691 ENSG00000124557 ENSG00000137411 ENSG00000213654 ENSG00000204231 ENSG00000112659 ENSG00000135298 ENSG00000005483 ENSG00000184903 ENSG00000131558 ENSG00000002822 ENSG00000070882 ENSG00000176406 ENSG00000158106 ENSG00000147799 ENSG00000168077 ENSG00000147535 ENSG00000104442 ENSG00000130635,SORCS3 KLF6 SNX19 OPCML AMBRA1 SERPING1 HVCN1 ANAPC5 RSRC2 TMTC1 LARP4 TPI1 SERP2 C14orf180 RGS6 CCNB2 CTSH PDE8A ARPIN DOC2A NMRAL1 SLC38A7 SMPD3 SPIRE2 SMG6 RUNDC3A GALR1 RGL3 TSSK6 DOT1L PLEKHO1 GATAD2B KIF21B EPB41 STK40 RERE DPYD TNRC6B ZC3H7B SHANK3 BZW1 BABAM2 CDC42EP3 STAMBP ZAP70 MSL2 PLCL2 TRANK1 ITIH4 ATXN7 MFAP3L VEGFC PCGF3 FER SIL1 HBEGF GRIA1 PDE4D FYN CARMIL1 BTN1A1 VARS2 GPSM3 RXRB CUL9 ADGRB3 KMT2E IMMP2L EXOC4 MAD1L1 OSBPL3 RIMS2 RHPN1 ARHGAP39 SCARA3 PLPP5 ARMC1 COL5A1
GO:BP,GO:0032880,regulation of protein localization,0.3553160970198197,False,6,94,63,1708,ENSG00000159023 ENSG00000053438 ENSG00000251322 ENSG00000007402 ENSG00000150630 ENSG00000010810,EPB41 NNAT SHANK3 CACNA2D2 VEGFC FYN
GO:BP,GO:1901977,negative regulation of cell cycle checkpoint,0.35552606461424446,False,1,94,3,1708,ENSG00000002822,MAD1L1
GO:BP,GO:0062197,cellular response to chemical stress,0.35552606461424446,False,3,94,23,1708,ENSG00000103056 ENSG00000151422 ENSG00000010810,SMPD3 FER FYN
GO:BP,GO:0070102,interleukin-6-mediated signaling pathway,0.35552606461424446,False,1,94,3,1708,ENSG00000151422,FER
GO:BP,GO:0070169,positive regulation of biomineral tissue development,0.35552606461424446,False,1,94,3,1708,ENSG00000204231,RXRB
GO:BP,GO:0070296,sarcoplasmic reticulum calcium ion transport,0.35552606461424446,False,1,94,3,1708,ENSG00000113448,PDE4D
GO:BP,GO:0045576,mast cell activation,0.35552606461424446,False,1,94,3,1708,ENSG00000151422,FER
GO:BP,GO:2000377,regulation of reactive oxygen species metabolic process,0.35552606461424446,False,2,94,12,1708,ENSG00000122986 ENSG00000010810,HVCN1 FYN
GO:BP,GO:0045766,positive regulation of angiogenesis,0.35552606461424446,False,2,94,12,1708,ENSG00000103811 ENSG00000150630,CTSH VEGFC
GO:BP,GO:1902656,calcium ion import into cytosol,0.35552606461424446,False,1,94,3,1708,ENSG00000010810,FYN
GO:BP,GO:0021675,nerve development,0.35552606461424446,False,1,94,3,1708,ENSG00000135454,B4GALNT1
GO:BP,GO:0035265,organ growth,0.35552606461424446,False,2,94,13,1708,ENSG00000103056 ENSG00000007402,SMPD3 CACNA2D2
GO:BP,GO:0022411,cellular component disassembly,0.35552606461424446,False,4,94,37,1708,ENSG00000163635 ENSG00000151422 ENSG00000079691 ENSG00000135298,ATXN7 FER CARMIL1 ADGRB3
GO:BP,GO:0035278,miRNA-mediated gene silencing by inhibition of translation,0.35552606461424446,False,1,94,3,1708,ENSG00000100354,TNRC6B
GO:BP,GO:0035303,regulation of dephosphorylation,0.35552606461424446,False,1,94,3,1708,ENSG00000070366,SMG6
GO:BP,GO:0002064,epithelial cell development,0.35552606461424446,False,2,94,13,1708,ENSG00000151422 ENSG00000113448,FER PDE4D
GO:BP,GO:0045059,positive thymic T cell selection,0.35552606461424446,False,1,94,3,1708,ENSG00000115085,ZAP70
GO:BP,GO:0032963,collagen metabolic process,0.35552606461424446,False,2,94,13,1708,ENSG00000103056 ENSG00000130635,SMPD3 COL5A1
GO:BP,GO:0030501,positive regulation of bone mineralization,0.35552606461424446,False,1,94,3,1708,ENSG00000204231,RXRB
GO:BP,GO:0002223,stimulatory C-type lectin receptor signaling pathway,0.35552606461424446,False,1,94,3,1708,ENSG00000010810,FYN
GO:BP,GO:0002279,mast cell activation involved in immune response,0.35552606461424446,False,1,94,3,1708,ENSG00000151422,FER
GO:BP,GO:0002335,mature B cell differentiation,0.35552606461424446,False,1,94,3,1708,ENSG00000154822,PLCL2
GO:BP,GO:0007039,protein catabolic process in the vacuole,0.35552606461424446,False,1,94,3,1708,ENSG00000103811,CTSH
GO:BP,GO:0007049,cell cycle,0.35552606461424446,False,13,94,169,1708,ENSG00000110497 ENSG00000089053 ENSG00000157456 ENSG00000103056 ENSG00000204991 ENSG00000104885 ENSG00000158019 ENSG00000124356 ENSG00000232040 ENSG00000112659 ENSG00000005483 ENSG00000131558 ENSG00000002822,AMBRA1 ANAPC5 CCNB2 SMPD3 SPIRE2 DOT1L BABAM2 STAMBP SCAND3 CUL9 KMT2E EXOC4 MAD1L1
GO:BP,GO:0007056,spindle assembly involved in female meiosis,0.35552606461424446,False,1,94,3,1708,ENSG00000157456,CCNB2
GO:BP,GO:0031340,positive regulation of vesicle fusion,0.35552606461424446,False,1,94,3,1708,ENSG00000149927,DOC2A
GO:BP,GO:0009650,UV protection,0.35552606461424446,False,1,94,3,1708,ENSG00000168077,SCARA3
GO:BP,GO:0030834,regulation of actin filament depolymerization,0.35552606461424446,False,1,94,3,1708,ENSG00000079691,CARMIL1
GO:BP,GO:0035987,endodermal cell differentiation,0.35552606461424446,False,1,94,3,1708,ENSG00000130635,COL5A1
GO:BP,GO:0035725,sodium ion transmembrane transport,0.35552606461424446,False,2,94,12,1708,ENSG00000162753 ENSG00000196517,SLC9C2 SLC6A9
GO:BP,GO:1903504,regulation of mitotic spindle checkpoint,0.35552606461424446,False,1,94,3,1708,ENSG00000002822,MAD1L1
GO:BP,GO:1903427,negative regulation of reactive oxygen species biosynthetic process,0.35552606461424446,False,1,94,3,1708,ENSG00000010810,FYN
GO:BP,GO:0033014,tetrapyrrole biosynthetic process,0.35552606461424446,False,1,94,3,1708,ENSG00000196517,SLC6A9
GO:BP,GO:0140014,mitotic nuclear division,0.35552606461424446,False,4,94,38,1708,ENSG00000089053 ENSG00000103056 ENSG00000112659 ENSG00000002822,ANAPC5 SMPD3 CUL9 MAD1L1
GO:BP,GO:0014075,response to amine,0.35552606461424446,False,1,94,3,1708,ENSG00000155511,GRIA1
GO:BP,GO:0030149,sphingolipid catabolic process,0.35552606461424446,False,1,94,3,1708,ENSG00000103056,SMPD3
GO:BP,GO:1902745,positive regulation of lamellipodium organization,0.35552606461424446,False,1,94,3,1708,ENSG00000079691,CARMIL1
GO:BP,GO:0006996,organelle organization,0.35552606461424446,False,24,94,354,1708,ENSG00000120451 ENSG00000110497 ENSG00000089053 ENSG00000168778 ENSG00000161813 ENSG00000135454 ENSG00000157456 ENSG00000242498 ENSG00000149927 ENSG00000103056 ENSG00000204991 ENSG00000070366 ENSG00000178093 ENSG00000104885 ENSG00000159023 ENSG00000251322 ENSG00000163171 ENSG00000163635 ENSG00000151422 ENSG00000079691 ENSG00000112659 ENSG00000184903 ENSG00000002822 ENSG00000158106,SNX19 AMBRA1 ANAPC5 TCTN2 LARP4 B4GALNT1 CCNB2 ARPIN DOC2A SMPD3 SPIRE2 SMG6 TSSK6 DOT1L EPB41 SHANK3 CDC42EP3 ATXN7 FER CARMIL1 CUL9 IMMP2L MAD1L1 RHPN1
GO:BP,GO:0036005,response to macrophage colony-stimulating factor,0.35552606461424446,False,1,94,3,1708,ENSG00000151422,FER
GO:BP,GO:0036006,cellular response to macrophage colony-stimulating factor stimulus,0.35552606461424446,False,1,94,3,1708,ENSG00000151422,FER
GO:BP,GO:0010959,regulation of metal ion transport,0.35552606461424446,False,3,94,24,1708,ENSG00000159023 ENSG00000113448 ENSG00000010810,EPB41 PDE4D FYN
GO:BP,GO:0071320,cellular response to cAMP,0.35552606461424446,False,1,94,3,1708,ENSG00000113448,PDE4D
GO:BP,GO:0042730,fibrinolysis,0.35552606461424446,False,1,94,3,1708,ENSG00000149131,SERPING1
GO:BP,GO:0030835,negative regulation of actin filament depolymerization,0.35552606461424446,False,1,94,3,1708,ENSG00000079691,CARMIL1
GO:BP,GO:0099562,maintenance of postsynaptic density structure,0.35552606461424446,False,1,94,3,1708,ENSG00000251322,SHANK3
GO:BP,GO:0006979,response to oxidative stress,0.35552606461424446,False,4,94,36,1708,ENSG00000103056 ENSG00000151422 ENSG00000010810 ENSG00000168077,SMPD3 FER FYN SCARA3
GO:BP,GO:0006907,pinocytosis,0.35552606461424446,False,1,94,3,1708,ENSG00000079691,CARMIL1
GO:BP,GO:0055119,relaxation of cardiac muscle,0.35552606461424446,False,1,94,3,1708,ENSG00000113448,PDE4D
GO:BP,GO:0000075,cell cycle checkpoint signaling,0.35552606461424446,False,3,94,23,1708,ENSG00000104885 ENSG00000158019 ENSG00000002822,DOT1L BABAM2 MAD1L1
GO:BP,GO:0106070,regulation of adenylate cyclase-activating G protein-coupled receptor signaling pathway,0.35552606461424446,False,1,94,3,1708,ENSG00000113448,PDE4D
GO:BP,GO:0106072,negative regulation of adenylate cyclase-activating G protein-coupled receptor signaling pathway,0.35552606461424446,False,1,94,3,1708,ENSG00000113448,PDE4D
GO:BP,GO:0106074,aminoacyl-tRNA metabolism involved in translational fidelity,0.35552606461424446,False,1,94,3,1708,ENSG00000137411,VARS2
GO:BP,GO:1902692,regulation of neuroblast proliferation,0.35552606461424446,False,1,94,3,1708,ENSG00000150630,VEGFC
GO:BP,GO:0000082,G1/S transition of mitotic cell cycle,0.35552606461424446,False,3,94,23,1708,ENSG00000110497 ENSG00000157456 ENSG00000005483,AMBRA1 CCNB2 KMT2E
GO:BP,GO:0032881,regulation of polysaccharide metabolic process,0.35552606461424446,False,1,94,3,1708,ENSG00000103056,SMPD3
GO:BP,GO:1900026,positive regulation of substrate adhesion-dependent cell spreading,0.35552606461424446,False,1,94,3,1708,ENSG00000079691,CARMIL1
GO:BP,GO:1990858,cellular response to lectin,0.35552606461424446,False,1,94,3,1708,ENSG00000010810,FYN
GO:BP,GO:1990840,response to lectin,0.35552606461424446,False,1,94,3,1708,ENSG00000010810,FYN
GO:BP,GO:0045822,negative regulation of heart contraction,0.35552606461424446,False,1,94,3,1708,ENSG00000113448,PDE4D
GO:BP,GO:0000212,meiotic spindle organization,0.35552606461424446,False,1,94,3,1708,ENSG00000157456,CCNB2
GO:BP,GO:0023057,negative regulation of signaling,0.35552606461424446,False,11,94,140,1708,ENSG00000156395 ENSG00000171310 ENSG00000182732 ENSG00000103056 ENSG00000251322 ENSG00000124356 ENSG00000154822 ENSG00000155511 ENSG00000113448 ENSG00000010810 ENSG00000002822,SORCS3 CHST11 RGS6 SMPD3 SHANK3 STAMBP PLCL2 GRIA1 PDE4D FYN MAD1L1
GO:BP,GO:0050679,positive regulation of epithelial cell proliferation,0.35552606461424446,False,2,94,12,1708,ENSG00000150630 ENSG00000232040,VEGFC SCAND3
GO:BP,GO:0032885,regulation of polysaccharide biosynthetic process,0.35552606461424446,False,1,94,3,1708,ENSG00000103056,SMPD3
GO:BP,GO:0007216,G protein-coupled glutamate receptor signaling pathway,0.35552606461424446,False,1,94,3,1708,ENSG00000010810,FYN
GO:BP,GO:0007186,G protein-coupled receptor signaling pathway,0.35552606461424446,False,7,94,78,1708,ENSG00000156395 ENSG00000182732 ENSG00000166573 ENSG00000113448 ENSG00000010810 ENSG00000135298 ENSG00000176406,SORCS3 RGS6 GALR1 PDE4D FYN ADGRB3 RIMS2
GO:BP,GO:0001706,endoderm formation,0.35552606461424446,False,1,94,3,1708,ENSG00000130635,COL5A1
GO:BP,GO:0032233,positive regulation of actin filament bundle assembly,0.35552606461424446,False,1,94,3,1708,ENSG00000079691,CARMIL1
GO:BP,GO:0007289,spermatid nucleus differentiation,0.35552606461424446,False,1,94,3,1708,ENSG00000178093,TSSK6
GO:BP,GO:0097066,response to thyroid hormone,0.35552606461424446,False,1,94,3,1708,ENSG00000103811,CTSH
GO:BP,GO:0048736,appendage development,0.35552606461424446,False,2,94,13,1708,ENSG00000171310 ENSG00000135454,CHST11 B4GALNT1
GO:BP,GO:0048639,positive regulation of developmental growth,0.35552606461424446,False,2,94,12,1708,ENSG00000007402 ENSG00000176406,CACNA2D2 RIMS2
GO:BP,GO:0016331,morphogenesis of embryonic epithelium,0.35552606461424446,False,2,94,12,1708,ENSG00000251322 ENSG00000150630,SHANK3 VEGFC
GO:BP,GO:0141198,protein branched polyubiquitination,0.35552606461424446,False,1,94,3,1708,ENSG00000089053,ANAPC5
GO:BP,GO:0170043,non-proteinogenic amino acid biosynthetic process,0.35552606461424446,False,1,94,3,1708,ENSG00000188641,DPYD
GO:BP,GO:0048285,organelle fission,0.35552606461424446,False,6,94,65,1708,ENSG00000089053 ENSG00000157456 ENSG00000103056 ENSG00000204991 ENSG00000112659 ENSG00000002822,ANAPC5 CCNB2 SMPD3 SPIRE2 CUL9 MAD1L1
GO:BP,GO:0048384,retinoic acid receptor signaling pathway,0.35552606461424446,False,1,94,3,1708,ENSG00000204231,RXRB
GO:BP,GO:0000281,mitotic cytokinesis,0.35552606461424446,False,2,94,12,1708,ENSG00000124356 ENSG00000131558,STAMBP EXOC4
GO:BP,GO:0006893,Golgi to plasma membrane transport,0.35552606461424446,False,1,94,3,1708,ENSG00000131558,EXOC4
GO:BP,GO:0032743,positive regulation of interleukin-2 production,0.35552606461424446,False,1,94,3,1708,ENSG00000113448,PDE4D
GO:BP,GO:0048520,positive regulation of behavior,0.35552606461424446,False,1,94,3,1708,ENSG00000155511,GRIA1
GO:BP,GO:0043687,post-translational protein modification,0.35552606461424446,False,7,94,81,1708,ENSG00000110497 ENSG00000089053 ENSG00000158019 ENSG00000124356 ENSG00000174579 ENSG00000010810 ENSG00000112659,AMBRA1 ANAPC5 BABAM2 STAMBP MSL2 FYN CUL9
GO:BP,GO:0050930,induction of positive chemotaxis,0.35552606461424446,False,1,94,3,1708,ENSG00000150630,VEGFC
GO:BP,GO:0010648,negative regulation of cell communication,0.35552606461424446,False,11,94,139,1708,ENSG00000156395 ENSG00000171310 ENSG00000182732 ENSG00000103056 ENSG00000251322 ENSG00000124356 ENSG00000154822 ENSG00000155511 ENSG00000113448 ENSG00000010810 ENSG00000002822,SORCS3 CHST11 RGS6 SMPD3 SHANK3 STAMBP PLCL2 GRIA1 PDE4D FYN MAD1L1
GO:BP,GO:0050927,positive regulation of positive chemotaxis,0.35552606461424446,False,1,94,3,1708,ENSG00000150630,VEGFC
GO:BP,GO:0044060,regulation of endocrine process,0.35552606461424446,False,1,94,3,1708,ENSG00000166573,GALR1
GO:BP,GO:0007265,Ras protein signal transduction,0.35552606461424446,False,2,94,13,1708,ENSG00000205517 ENSG00000124356,RGL3 STAMBP
GO:BP,GO:0007369,gastrulation,0.35552606461424446,False,2,94,13,1708,ENSG00000131558 ENSG00000130635,EXOC4 COL5A1
GO:BP,GO:0007399,nervous system development,0.35552606461424446,False,15,94,205,1708,ENSG00000183715 ENSG00000110497 ENSG00000135454 ENSG00000149927 ENSG00000181291 ENSG00000142599 ENSG00000053438 ENSG00000251322 ENSG00000150630 ENSG00000155511 ENSG00000010810 ENSG00000204231 ENSG00000135298 ENSG00000184903 ENSG00000176406,OPCML AMBRA1 B4GALNT1 DOC2A TMEM132E RERE NNAT SHANK3 VEGFC GRIA1 FYN RXRB ADGRB3 IMMP2L RIMS2
GO:BP,GO:0071897,DNA biosynthetic process,0.35552606461424446,False,2,94,12,1708,ENSG00000103056 ENSG00000070366,SMPD3 SMG6
GO:BP,GO:0099505,regulation of presynaptic membrane potential,0.35552606461424446,False,1,94,3,1708,ENSG00000155511,GRIA1
GO:BP,GO:0050926,regulation of positive chemotaxis,0.35552606461424446,False,1,94,3,1708,ENSG00000150630,VEGFC
GO:BP,GO:0070646,protein modification by small protein removal,0.35552606461424446,False,2,94,12,1708,ENSG00000158019 ENSG00000124356,BABAM2 STAMBP
GO:BP,GO:0006783,heme biosynthetic process,0.35552606461424446,False,1,94,3,1708,ENSG00000196517,SLC6A9
GO:BP,GO:0001573,ganglioside metabolic process,0.35552606461424446,False,1,94,3,1708,ENSG00000135454,B4GALNT1
GO:BP,GO:0001503,ossification,0.35552606461424446,False,3,94,25,1708,ENSG00000103056 ENSG00000150630 ENSG00000204231,SMPD3 VEGFC RXRB
GO:BP,GO:0060173,limb development,0.35552606461424446,False,2,94,13,1708,ENSG00000171310 ENSG00000135454,CHST11 B4GALNT1
GO:BP,GO:0060074,synapse maturation,0.35552606461424446,False,1,94,3,1708,ENSG00000135298,ADGRB3
GO:BP,GO:0006779,porphyrin-containing compound biosynthetic process,0.35552606461424446,False,1,94,3,1708,ENSG00000196517,SLC6A9
GO:BP,GO:0070661,leukocyte proliferation,0.35552606461424446,False,4,94,38,1708,ENSG00000115085 ENSG00000154822 ENSG00000010810 ENSG00000002822,ZAP70 PLCL2 FYN MAD1L1
GO:BP,GO:1900024,regulation of substrate adhesion-dependent cell spreading,0.35552606461424446,False,1,94,3,1708,ENSG00000079691,CARMIL1
GO:BP,GO:0070647,protein modification by small protein conjugation or removal,0.35552606461424446,False,7,94,79,1708,ENSG00000110497 ENSG00000089053 ENSG00000158019 ENSG00000124356 ENSG00000174579 ENSG00000010810 ENSG00000112659,AMBRA1 ANAPC5 BABAM2 STAMBP MSL2 FYN CUL9
GO:BP,GO:0090075,relaxation of muscle,0.35552606461424446,False,1,94,3,1708,ENSG00000113448,PDE4D
GO:BP,GO:0032228,"regulation of synaptic transmission, GABAergic",0.35552606461424446,False,1,94,3,1708,ENSG00000154822,PLCL2
GO:BP,GO:0007275,multicellular organism development,0.35552606461424446,False,26,94,385,1708,ENSG00000120451 ENSG00000183715 ENSG00000110497 ENSG00000171310 ENSG00000135454 ENSG00000157456 ENSG00000103811 ENSG00000149927 ENSG00000103056 ENSG00000181291 ENSG00000196182 ENSG00000142599 ENSG00000053438 ENSG00000251322 ENSG00000115085 ENSG00000150630 ENSG00000151422 ENSG00000155511 ENSG00000010810 ENSG00000204231 ENSG00000135298 ENSG00000184903 ENSG00000131558 ENSG00000002822 ENSG00000176406 ENSG00000130635,SNX19 OPCML AMBRA1 CHST11 B4GALNT1 CCNB2 CTSH DOC2A SMPD3 TMEM132E STK40 RERE NNAT SHANK3 ZAP70 VEGFC FER GRIA1 FYN RXRB ADGRB3 IMMP2L EXOC4 MAD1L1 RIMS2 COL5A1
GO:BP,GO:0071625,vocalization behavior,0.35552606461424446,False,1,94,3,1708,ENSG00000251322,SHANK3
GO:BP,GO:0051656,establishment of organelle localization,0.35552606461424446,False,3,94,25,1708,ENSG00000103056 ENSG00000204991 ENSG00000131558,SMPD3 SPIRE2 EXOC4
GO:BP,GO:0016043,cellular component organization,0.35552606461424446,False,41,94,647,1708,ENSG00000120451 ENSG00000110497 ENSG00000089053 ENSG00000168778 ENSG00000161813 ENSG00000135454 ENSG00000157456 ENSG00000242498 ENSG00000149927 ENSG00000103056 ENSG00000204991 ENSG00000070366 ENSG00000178093 ENSG00000104885 ENSG00000023902 ENSG00000143614 ENSG00000159023 ENSG00000196182 ENSG00000142599 ENSG00000251322 ENSG00000158019 ENSG00000163171 ENSG00000174579 ENSG00000007402 ENSG00000163635 ENSG00000185619 ENSG00000151422 ENSG00000113070 ENSG00000155511 ENSG00000010810 ENSG00000079691 ENSG00000112659 ENSG00000135298 ENSG00000005483 ENSG00000184903 ENSG00000131558 ENSG00000002822 ENSG00000176406 ENSG00000158106 ENSG00000147799 ENSG00000130635,SNX19 AMBRA1 ANAPC5 TCTN2 LARP4 B4GALNT1 CCNB2 ARPIN DOC2A SMPD3 SPIRE2 SMG6 TSSK6 DOT1L PLEKHO1 GATAD2B EPB41 STK40 RERE SHANK3 BABAM2 CDC42EP3 MSL2 CACNA2D2 ATXN7 PCGF3 FER HBEGF GRIA1 FYN CARMIL1 CUL9 ADGRB3 KMT2E IMMP2L EXOC4 MAD1L1 RIMS2 RHPN1 ARHGAP39 COL5A1
GO:BP,GO:0050885,neuromuscular process controlling balance,0.35552606461424446,False,1,94,3,1708,ENSG00000251322,SHANK3
GO:BP,GO:0072520,seminiferous tubule development,0.35552606461424446,False,1,94,3,1708,ENSG00000151422,FER
GO:BP,GO:0072527,pyrimidine-containing compound metabolic process,0.35552606461424446,False,1,94,3,1708,ENSG00000188641,DPYD
GO:BP,GO:0009262,deoxyribonucleotide metabolic process,0.35552606461424446,False,1,94,3,1708,ENSG00000188641,DPYD
GO:BP,GO:0038109,Kit signaling pathway,0.35552606461424446,False,1,94,3,1708,ENSG00000151422,FER
GO:BP,GO:0009101,glycoprotein biosynthetic process,0.35552606461424446,False,2,94,13,1708,ENSG00000171310 ENSG00000133687,CHST11 TMTC1
GO:BP,GO:0038096,Fc-gamma receptor signaling pathway involved in phagocytosis,0.35552606461424446,False,1,94,3,1708,ENSG00000010810,FYN
GO:BP,GO:0036342,post-anal tail morphogenesis,0.35552606461424446,False,1,94,3,1708,ENSG00000171310,CHST11
GO:BP,GO:0036215,response to stem cell factor,0.35552606461424446,False,1,94,3,1708,ENSG00000151422,FER
GO:BP,GO:0036216,cellular response to stem cell factor stimulus,0.35552606461424446,False,1,94,3,1708,ENSG00000151422,FER
GO:BP,GO:0086003,cardiac muscle cell contraction,0.35552606461424446,False,1,94,3,1708,ENSG00000113448,PDE4D
GO:BP,GO:0090266,regulation of mitotic cell cycle spindle assembly checkpoint,0.35552606461424446,False,1,94,3,1708,ENSG00000002822,MAD1L1
GO:BP,GO:0090231,regulation of spindle checkpoint,0.35552606461424446,False,1,94,3,1708,ENSG00000002822,MAD1L1
GO:BP,GO:0042113,B cell activation,0.35552606461424446,False,3,94,25,1708,ENSG00000067082 ENSG00000115085 ENSG00000154822,KLF6 ZAP70 PLCL2
GO:BP,GO:0035092,sperm DNA condensation,0.35552606461424446,False,1,94,3,1708,ENSG00000178093,TSSK6
GO:BP,GO:0034315,regulation of Arp2/3 complex-mediated actin nucleation,0.35552606461424446,False,1,94,3,1708,ENSG00000079691,CARMIL1
GO:BP,GO:1903829,positive regulation of protein localization,0.35552606461424446,False,4,94,38,1708,ENSG00000159023 ENSG00000053438 ENSG00000150630 ENSG00000010810,EPB41 NNAT VEGFC FYN
GO:BP,GO:1903599,positive regulation of autophagy of mitochondrion,0.35552606461424446,False,1,94,3,1708,ENSG00000110497,AMBRA1
GO:BP,GO:0006450,regulation of translational fidelity,0.35552606461424446,False,1,94,3,1708,ENSG00000137411,VARS2
GO:BP,GO:0001941,postsynaptic membrane organization,0.35552606461424446,False,1,94,3,1708,ENSG00000251322,SHANK3
GO:BP,GO:0001919,regulation of receptor recycling,0.35552606461424446,False,1,94,3,1708,ENSG00000155511,GRIA1
GO:BP,GO:0001867,"complement activation, lectin pathway",0.35552606461424446,False,1,94,3,1708,ENSG00000149131,SERPING1
GO:BP,GO:0002688,regulation of leukocyte chemotaxis,0.35552606461424446,False,2,94,12,1708,ENSG00000150630 ENSG00000213654,VEGFC GPSM3
GO:BP,GO:0006007,glucose catabolic process,0.35552606461424446,False,1,94,3,1708,ENSG00000111669,TPI1
GO:BP,GO:1904356,regulation of telomere maintenance via telomere lengthening,0.35552606461424446,False,1,94,3,1708,ENSG00000070366,SMG6
GO:BP,GO:0003016,respiratory system process,0.35552606461424446,False,1,94,3,1708,ENSG00000196182,STK40
GO:BP,GO:2000278,regulation of DNA biosynthetic process,0.35552606461424446,False,1,94,3,1708,ENSG00000070366,SMG6
GO:BP,GO:0031214,biomineral tissue development,0.35552606461424446,False,2,94,13,1708,ENSG00000103056 ENSG00000204231,SMPD3 RXRB
GO:BP,GO:1903115,regulation of actin filament-based movement,0.35552606461424446,False,1,94,3,1708,ENSG00000113448,PDE4D
GO:BP,GO:1904018,positive regulation of vasculature development,0.35552606461424446,False,2,94,12,1708,ENSG00000103811 ENSG00000150630,CTSH VEGFC
GO:BP,GO:1905146,lysosomal protein catabolic process,0.35552606461424446,False,1,94,3,1708,ENSG00000103811,CTSH
GO:BP,GO:0031630,regulation of synaptic vesicle fusion to presynaptic active zone membrane,0.35552606461424446,False,1,94,3,1708,ENSG00000149927,DOC2A
GO:BP,GO:0090306,meiotic spindle assembly,0.35552606461424446,False,1,94,3,1708,ENSG00000157456,CCNB2
GO:BP,GO:0046415,urate metabolic process,0.35552606461424446,False,1,94,3,1708,ENSG00000079691,CARMIL1
GO:BP,GO:0019751,polyol metabolic process,0.35552606461424446,False,1,94,3,1708,ENSG00000111669,TPI1
GO:BP,GO:0042551,neuron maturation,0.35552606461424446,False,1,94,3,1708,ENSG00000135298,ADGRB3
GO:BP,GO:0006220,pyrimidine nucleotide metabolic process,0.35552606461424446,False,1,94,3,1708,ENSG00000188641,DPYD
GO:BP,GO:0002431,Fc receptor mediated stimulatory signaling pathway,0.35552606461424446,False,1,94,3,1708,ENSG00000010810,FYN
GO:BP,GO:0031274,positive regulation of pseudopodium assembly,0.35552606461424446,False,1,94,3,1708,ENSG00000163171,CDC42EP3
GO:BP,GO:0035196,miRNA processing,0.35552606461424446,False,1,94,3,1708,ENSG00000100403,ZC3H7B
GO:BP,GO:0031269,pseudopodium assembly,0.35552606461424446,False,1,94,3,1708,ENSG00000163171,CDC42EP3
GO:BP,GO:0009394,2'-deoxyribonucleotide metabolic process,0.35552606461424446,False,1,94,3,1708,ENSG00000188641,DPYD
GO:BP,GO:0051101,regulation of DNA binding,0.35552606461424446,False,1,94,3,1708,ENSG00000104885,DOT1L
GO:BP,GO:0009987,cellular process,0.35552606461424446,False,85,94,1473,1708,ENSG00000156395 ENSG00000067082 ENSG00000120451 ENSG00000183715 ENSG00000110497 ENSG00000171310 ENSG00000122986 ENSG00000089053 ENSG00000168778 ENSG00000133687 ENSG00000161813 ENSG00000135454 ENSG00000111669 ENSG00000072657 ENSG00000151778 ENSG00000182732 ENSG00000166133 ENSG00000157456 ENSG00000103811 ENSG00000073417 ENSG00000242498 ENSG00000149927 ENSG00000103042 ENSG00000103056 ENSG00000204991 ENSG00000070366 ENSG00000181291 ENSG00000108309 ENSG00000166573 ENSG00000205517 ENSG00000178093 ENSG00000104885 ENSG00000186020 ENSG00000023902 ENSG00000143614 ENSG00000162753 ENSG00000116852 ENSG00000159023 ENSG00000196182 ENSG00000196517 ENSG00000142599 ENSG00000188641 ENSG00000053438 ENSG00000100354 ENSG00000100403 ENSG00000251322 ENSG00000082153 ENSG00000158019 ENSG00000163171 ENSG00000124356 ENSG00000115085 ENSG00000174579 ENSG00000154822 ENSG00000007402 ENSG00000055955 ENSG00000163635 ENSG00000150630 ENSG00000185619 ENSG00000151422 ENSG00000078795 ENSG00000120725 ENSG00000113070 ENSG00000155511 ENSG00000113448 ENSG00000010810 ENSG00000079691 ENSG00000124557 ENSG00000096654 ENSG00000232040 ENSG00000137411 ENSG00000213654 ENSG00000204231 ENSG00000112659 ENSG00000135298 ENSG00000005483 ENSG00000184903 ENSG00000131558 ENSG00000002822 ENSG00000070882 ENSG00000176406 ENSG00000158106 ENSG00000147799 ENSG00000168077 ENSG00000147535 ENSG00000130635,SORCS3 KLF6 SNX19 OPCML AMBRA1 CHST11 HVCN1 ANAPC5 TCTN2 TMTC1 LARP4 B4GALNT1 TPI1 TRHDE SERP2 RGS6 RPUSD2 CCNB2 CTSH PDE8A ARPIN DOC2A SLC38A7 SMPD3 SPIRE2 SMG6 TMEM132E RUNDC3A GALR1 RGL3 TSSK6 DOT1L ZNF529 PLEKHO1 GATAD2B SLC9C2 KIF21B EPB41 STK40 SLC6A9 RERE DPYD NNAT TNRC6B ZC3H7B SHANK3 BZW1 BABAM2 CDC42EP3 STAMBP ZAP70 MSL2 PLCL2 CACNA2D2 ITIH4 ATXN7 VEGFC PCGF3 FER PKD2L2 SIL1 HBEGF GRIA1 PDE4D FYN CARMIL1 BTN1A1 ZNF184 SCAND3 VARS2 GPSM3 RXRB CUL9 ADGRB3 KMT2E IMMP2L EXOC4 MAD1L1 OSBPL3 RIMS2 RHPN1 ARHGAP39 SCARA3 PLPP5 COL5A1
GO:BP,GO:0010038,response to metal ion,0.35552606461424446,False,3,94,25,1708,ENSG00000122986 ENSG00000103056 ENSG00000155511,HVCN1 SMPD3 GRIA1
GO:BP,GO:0010043,response to zinc ion,0.35552606461424446,False,1,94,3,1708,ENSG00000122986,HVCN1
GO:BP,GO:1901632,regulation of synaptic vesicle membrane organization,0.35552606461424446,False,1,94,3,1708,ENSG00000149927,DOC2A
GO:BP,GO:0098703,calcium ion import across plasma membrane,0.35552606461424446,False,1,94,3,1708,ENSG00000010810,FYN
GO:BP,GO:0098868,bone growth,0.35552606461424446,False,1,94,3,1708,ENSG00000103056,SMPD3
GO:BP,GO:0051496,positive regulation of stress fiber assembly,0.35552606461424446,False,1,94,3,1708,ENSG00000079691,CARMIL1
GO:BP,GO:0070314,G1 to G0 transition,0.35552606461424446,False,1,94,3,1708,ENSG00000103056,SMPD3
GO:BP,GO:1900087,positive regulation of G1/S transition of mitotic cell cycle,0.35552606461424446,False,1,94,3,1708,ENSG00000005483,KMT2E
GO:BP,GO:0050855,regulation of B cell receptor signaling pathway,0.35552606461424446,False,1,94,3,1708,ENSG00000154822,PLCL2
GO:BP,GO:0050806,positive regulation of synaptic transmission,0.35552606461424446,False,2,94,13,1708,ENSG00000251322 ENSG00000155511,SHANK3 GRIA1
GO:BP,GO:0048659,smooth muscle cell proliferation,0.35552606461424446,False,2,94,12,1708,ENSG00000103056 ENSG00000113070,SMPD3 HBEGF
GO:BP,GO:0031268,pseudopodium organization,0.35552606461424446,False,1,94,3,1708,ENSG00000163171,CDC42EP3
GO:BP,GO:0006023,aminoglycan biosynthetic process,0.35552606461424446,False,1,94,3,1708,ENSG00000103056,SMPD3
GO:BP,GO:1900151,"regulation of nuclear-transcribed mRNA catabolic process, deadenylation-dependent decay",0.35552606461424446,False,1,94,3,1708,ENSG00000100354,TNRC6B
GO:BP,GO:1900271,regulation of long-term synaptic potentiation,0.35552606461424446,False,1,94,3,1708,ENSG00000251322,SHANK3
GO:BP,GO:0070564,positive regulation of vitamin D receptor signaling pathway,0.35552606461424446,False,1,94,3,1708,ENSG00000204231,RXRB
GO:BP,GO:0090303,positive regulation of wound healing,0.35552606461424446,False,1,94,3,1708,ENSG00000113070,HBEGF
GO:BP,GO:0051453,regulation of intracellular pH,0.35552606461424446,False,2,94,12,1708,ENSG00000122986 ENSG00000162753,HVCN1 SLC9C2
GO:BP,GO:1901658,glycosyl compound catabolic process,0.35552606461424446,False,1,94,3,1708,ENSG00000188641,DPYD
GO:BP,GO:0051179,localization,0.35552606461424446,False,30,94,453,1708,ENSG00000120451 ENSG00000171310 ENSG00000122986 ENSG00000168778 ENSG00000149927 ENSG00000103042 ENSG00000103056 ENSG00000204991 ENSG00000070366 ENSG00000166573 ENSG00000162753 ENSG00000159023 ENSG00000196517 ENSG00000053438 ENSG00000251322 ENSG00000154822 ENSG00000007402 ENSG00000150630 ENSG00000078795 ENSG00000120725 ENSG00000155511 ENSG00000113448 ENSG00000010810 ENSG00000079691 ENSG00000131558 ENSG00000002822 ENSG00000070882 ENSG00000176406 ENSG00000168077 ENSG00000104442,SNX19 CHST11 HVCN1 TCTN2 DOC2A SLC38A7 SMPD3 SPIRE2 SMG6 GALR1 SLC9C2 EPB41 SLC6A9 NNAT SHANK3 PLCL2 CACNA2D2 VEGFC PKD2L2 SIL1 GRIA1 PDE4D FYN CARMIL1 EXOC4 MAD1L1 OSBPL3 RIMS2 SCARA3 ARMC1
GO:BP,GO:0031272,regulation of pseudopodium assembly,0.35552606461424446,False,1,94,3,1708,ENSG00000163171,CDC42EP3
GO:BP,GO:0030900,forebrain development,0.35552606461424446,False,3,94,25,1708,ENSG00000251322 ENSG00000155511 ENSG00000010810,SHANK3 GRIA1 FYN
GO:BP,GO:1904646,cellular response to amyloid-beta,0.35552606461424446,False,1,94,3,1708,ENSG00000010810,FYN
GO:BP,GO:1904645,response to amyloid-beta,0.35552606461424446,False,1,94,3,1708,ENSG00000010810,FYN
GO:BP,GO:1904491,protein localization to ciliary transition zone,0.35552606461424446,False,1,94,3,1708,ENSG00000168778,TCTN2
GO:BP,GO:0038128,ERBB2 signaling pathway,0.35552606461424446,False,1,94,3,1708,ENSG00000113070,HBEGF
GO:BP,GO:0061620,glycolytic process through glucose-6-phosphate,0.35552606461424446,False,1,94,3,1708,ENSG00000111669,TPI1
GO:BP,GO:0061621,canonical glycolysis,0.35552606461424446,False,1,94,3,1708,ENSG00000111669,TPI1
GO:BP,GO:0061718,glucose catabolic process to pyruvate,0.35552606461424446,False,1,94,3,1708,ENSG00000111669,TPI1
GO:BP,GO:0062033,positive regulation of mitotic sister chromatid segregation,0.35552606461424446,False,1,94,3,1708,ENSG00000002822,MAD1L1
GO:BP,GO:2001251,negative regulation of chromosome organization,0.35552606461424446,False,2,94,12,1708,ENSG00000070366 ENSG00000002822,SMG6 MAD1L1
GO:BP,GO:0009628,response to abiotic stimulus,0.36053955307171975,False,7,94,82,1708,ENSG00000122986 ENSG00000158019 ENSG00000150630 ENSG00000078795 ENSG00000155511 ENSG00000010810 ENSG00000168077,HVCN1 BABAM2 VEGFC PKD2L2 GRIA1 FYN SCARA3
GO:BP,GO:1902531,regulation of intracellular signal transduction,0.36464303660929026,False,13,94,176,1708,ENSG00000110497 ENSG00000073417 ENSG00000103056 ENSG00000196182 ENSG00000158019 ENSG00000124356 ENSG00000115085 ENSG00000151422 ENSG00000113070 ENSG00000010810 ENSG00000204231 ENSG00000002822 ENSG00000147799,AMBRA1 PDE8A SMPD3 STK40 BABAM2 STAMBP ZAP70 FER HBEGF FYN RXRB MAD1L1 ARHGAP39
GO:BP,GO:0048589,developmental growth,0.36560388645563646,False,5,94,53,1708,ENSG00000171310 ENSG00000103056 ENSG00000196182 ENSG00000007402 ENSG00000176406,CHST11 SMPD3 STK40 CACNA2D2 RIMS2
GO:BP,GO:0072521,purine-containing compound metabolic process,0.36560388645563646,False,5,94,53,1708,ENSG00000111669 ENSG00000073417 ENSG00000188641 ENSG00000113448 ENSG00000079691,TPI1 PDE8A DPYD PDE4D CARMIL1
GO:BP,GO:0010720,positive regulation of cell development,0.36573952882340693,False,4,94,39,1708,ENSG00000110497 ENSG00000251322 ENSG00000115085 ENSG00000150630,AMBRA1 SHANK3 ZAP70 VEGFC
GO:BP,GO:0120031,plasma membrane bounded cell projection assembly,0.36573952882340693,False,4,94,39,1708,ENSG00000168778 ENSG00000163171 ENSG00000151422 ENSG00000079691,TCTN2 CDC42EP3 FER CARMIL1
GO:BP,GO:0051726,regulation of cell cycle,0.36573952882340693,False,9,94,113,1708,ENSG00000110497 ENSG00000089053 ENSG00000103056 ENSG00000104885 ENSG00000158019 ENSG00000232040 ENSG00000112659 ENSG00000005483 ENSG00000002822,AMBRA1 ANAPC5 SMPD3 DOT1L BABAM2 SCAND3 CUL9 KMT2E MAD1L1
GO:BP,GO:0051234,establishment of localization,0.3675498386244486,False,25,94,376,1708,ENSG00000120451 ENSG00000122986 ENSG00000149927 ENSG00000103042 ENSG00000103056 ENSG00000204991 ENSG00000070366 ENSG00000166573 ENSG00000162753 ENSG00000159023 ENSG00000196517 ENSG00000053438 ENSG00000154822 ENSG00000007402 ENSG00000150630 ENSG00000078795 ENSG00000120725 ENSG00000155511 ENSG00000113448 ENSG00000010810 ENSG00000079691 ENSG00000131558 ENSG00000070882 ENSG00000176406 ENSG00000168077,SNX19 HVCN1 DOC2A SLC38A7 SMPD3 SPIRE2 SMG6 GALR1 SLC9C2 EPB41 SLC6A9 NNAT PLCL2 CACNA2D2 VEGFC PKD2L2 SIL1 GRIA1 PDE4D FYN CARMIL1 EXOC4 OSBPL3 RIMS2 SCARA3
GO:MF,GO:0005096,GTPase activator activity,0.36787637824415953,False,3,94,26,1708,ENSG00000182732 ENSG00000135298 ENSG00000147799,RGS6 ADGRB3 ARHGAP39
GO:MF,GO:0043169,cation binding,0.3705810228205287,False,27,94,412,1708,ENSG00000067082 ENSG00000072657 ENSG00000073417 ENSG00000149927 ENSG00000103056 ENSG00000070366 ENSG00000178093 ENSG00000186020 ENSG00000143614 ENSG00000196517 ENSG00000142599 ENSG00000188641 ENSG00000100403 ENSG00000124356 ENSG00000174579 ENSG00000007402 ENSG00000185619 ENSG00000078795 ENSG00000113448 ENSG00000010810 ENSG00000096654 ENSG00000204231 ENSG00000112659 ENSG00000005483 ENSG00000176406 ENSG00000104442 ENSG00000130635,KLF6 TRHDE PDE8A DOC2A SMPD3 SMG6 TSSK6 ZNF529 GATAD2B SLC6A9 RERE DPYD ZC3H7B STAMBP MSL2 CACNA2D2 PCGF3 PKD2L2 PDE4D FYN ZNF184 RXRB CUL9 KMT2E RIMS2 ARMC1 COL5A1
GO:CC,GO:0099634,postsynaptic specialization membrane,0.3727005750910695,False,3,94,17,1708,ENSG00000156395 ENSG00000155511 ENSG00000135298,SORCS3 GRIA1 ADGRB3
GO:MF,GO:0030295,protein kinase activator activity,0.3750466133387679,False,2,94,14,1708,ENSG00000073417 ENSG00000113070,PDE8A HBEGF
GO:MF,GO:0016298,lipase activity,0.3750466133387679,False,2,94,14,1708,ENSG00000103056 ENSG00000154822,SMPD3 PLCL2
GO:MF,GO:0019209,kinase activator activity,0.3750466133387679,False,2,94,14,1708,ENSG00000073417 ENSG00000113070,PDE8A HBEGF
GO:MF,GO:0005126,cytokine receptor binding,0.3750466133387679,False,2,94,14,1708,ENSG00000158019 ENSG00000150630,BABAM2 VEGFC
GO:MF,GO:0015294,solute:monoatomic cation symporter activity,0.3750466133387679,False,2,94,14,1708,ENSG00000103042 ENSG00000196517,SLC38A7 SLC6A9
GO:MF,GO:0061135,endopeptidase regulator activity,0.3750466133387679,False,2,94,14,1708,ENSG00000149131 ENSG00000055955,SERPING1 ITIH4
GO:BP,GO:0042692,muscle cell differentiation,0.3764668045737146,False,3,94,26,1708,ENSG00000023902 ENSG00000007402 ENSG00000135298,PLEKHO1 CACNA2D2 ADGRB3
GO:BP,GO:0034762,regulation of transmembrane transport,0.3764668045737146,False,3,94,26,1708,ENSG00000155511 ENSG00000113448 ENSG00000010810,GRIA1 PDE4D FYN
GO:MF,GO:0005215,transporter activity,0.3774408730150888,False,8,94,100,1708,ENSG00000122986 ENSG00000103042 ENSG00000162753 ENSG00000196517 ENSG00000007402 ENSG00000078795 ENSG00000155511 ENSG00000070882,HVCN1 SLC38A7 SLC9C2 SLC6A9 CACNA2D2 PKD2L2 GRIA1 OSBPL3
GO:CC,GO:0031252,cell leading edge,0.379328149428835,False,5,94,40,1708,ENSG00000242498 ENSG00000023902 ENSG00000151422 ENSG00000155511 ENSG00000079691,ARPIN PLEKHO1 FER GRIA1 CARMIL1
GO:MF,GO:0016773,"phosphotransferase activity, alcohol group as acceptor",0.37968111190001347,False,5,94,55,1708,ENSG00000178093 ENSG00000196182 ENSG00000115085 ENSG00000151422 ENSG00000010810,TSSK6 STK40 ZAP70 FER FYN
GO:MF,GO:0031625,ubiquitin protein ligase binding,0.3802870058222662,False,3,94,27,1708,ENSG00000110497 ENSG00000111669 ENSG00000112659,AMBRA1 TPI1 CUL9
GO:BP,GO:0009967,positive regulation of signal transduction,0.3848793645198179,False,11,94,146,1708,ENSG00000110497 ENSG00000103811 ENSG00000073417 ENSG00000251322 ENSG00000115085 ENSG00000151422 ENSG00000113070 ENSG00000155511 ENSG00000204231 ENSG00000002822 ENSG00000176406,AMBRA1 CTSH PDE8A SHANK3 ZAP70 FER HBEGF GRIA1 RXRB MAD1L1 RIMS2
GO:MF,GO:0097718,disordered domain specific binding,0.3854653141289662,False,1,94,4,1708,ENSG00000010810,FYN
GO:MF,GO:0043274,phospholipase binding,0.3854653141289662,False,1,94,4,1708,ENSG00000010810,FYN
GO:MF,GO:0044389,ubiquitin-like protein ligase binding,0.3854653141289662,False,3,94,28,1708,ENSG00000110497 ENSG00000111669 ENSG00000112659,AMBRA1 TPI1 CUL9
GO:MF,GO:0043394,proteoglycan binding,0.3854653141289662,False,1,94,4,1708,ENSG00000130635,COL5A1
GO:MF,GO:0005044,scavenger receptor activity,0.3854653141289662,False,1,94,4,1708,ENSG00000168077,SCARA3
GO:MF,GO:0042162,telomeric DNA binding,0.3854653141289662,False,1,94,4,1708,ENSG00000070366,SMG6
GO:MF,GO:0005245,voltage-gated calcium channel activity,0.3854653141289662,False,1,94,4,1708,ENSG00000007402,CACNA2D2
GO:MF,GO:0016628,"oxidoreductase activity, acting on the CH-CH group of donors, NAD or NADP as acceptor",0.3854653141289662,False,1,94,4,1708,ENSG00000188641,DPYD
GO:MF,GO:0035255,ionotropic glutamate receptor binding,0.3854653141289662,False,1,94,4,1708,ENSG00000251322,SHANK3
GO:MF,GO:0030507,spectrin binding,0.3854653141289662,False,1,94,4,1708,ENSG00000159023,EPB41
GO:MF,GO:0070182,DNA polymerase binding,0.3854653141289662,False,1,94,4,1708,ENSG00000070366,SMG6
GO:MF,GO:0015293,symporter activity,0.3854653141289662,False,2,94,15,1708,ENSG00000103042 ENSG00000196517,SLC38A7 SLC6A9
GO:MF,GO:0099604,ligand-gated calcium channel activity,0.3854653141289662,False,1,94,4,1708,ENSG00000155511,GRIA1
GO:MF,GO:0099106,ion channel regulator activity,0.3854653141289662,False,1,94,4,1708,ENSG00000113448,PDE4D
GO:MF,GO:0005164,tumor necrosis factor receptor binding,0.3854653141289662,False,1,94,4,1708,ENSG00000158019,BABAM2
GO:MF,GO:0019211,phosphatase activator activity,0.3854653141289662,False,1,94,4,1708,ENSG00000110497,AMBRA1
GO:MF,GO:0004629,C-type glycerophospholipase activity,0.3854653141289662,False,1,94,4,1708,ENSG00000154822,PLCL2
GO:MF,GO:0004540,RNA nuclease activity,0.3854653141289662,False,1,94,4,1708,ENSG00000070366,SMG6
GO:MF,GO:0003727,single-stranded RNA binding,0.3854653141289662,False,1,94,4,1708,ENSG00000161813,LARP4
GO:MF,GO:0017022,myosin binding,0.3854653141289662,False,1,94,4,1708,ENSG00000155511,GRIA1
GO:MF,GO:0030020,extracellular matrix structural constituent conferring tensile strength,0.3854653141289662,False,1,94,4,1708,ENSG00000130635,COL5A1
GO:BP,GO:0099175,regulation of postsynapse organization,0.38750726663945073,False,2,94,14,1708,ENSG00000251322 ENSG00000010810,SHANK3 FYN
GO:BP,GO:0048519,negative regulation of biological process,0.38750726663945073,False,31,94,483,1708,ENSG00000156395 ENSG00000110497 ENSG00000149131 ENSG00000171310 ENSG00000182732 ENSG00000103811 ENSG00000242498 ENSG00000103056 ENSG00000070366 ENSG00000104885 ENSG00000143614 ENSG00000196182 ENSG00000142599 ENSG00000100354 ENSG00000100403 ENSG00000251322 ENSG00000158019 ENSG00000124356 ENSG00000154822 ENSG00000163635 ENSG00000150630 ENSG00000185619 ENSG00000151422 ENSG00000155511 ENSG00000113448 ENSG00000010810 ENSG00000079691 ENSG00000135298 ENSG00000002822 ENSG00000158106 ENSG00000130635,SORCS3 AMBRA1 SERPING1 CHST11 RGS6 CTSH ARPIN SMPD3 SMG6 DOT1L GATAD2B STK40 RERE TNRC6B ZC3H7B SHANK3 BABAM2 STAMBP PLCL2 ATXN7 VEGFC PCGF3 FER GRIA1 PDE4D FYN CARMIL1 ADGRB3 MAD1L1 RHPN1 COL5A1
GO:BP,GO:0097305,response to alcohol,0.38750726663945073,False,2,94,14,1708,ENSG00000155511 ENSG00000010810,GRIA1 FYN
GO:BP,GO:0031570,DNA integrity checkpoint signaling,0.38750726663945073,False,2,94,14,1708,ENSG00000104885 ENSG00000158019,DOT1L BABAM2
GO:BP,GO:0099643,signal release from synapse,0.38750726663945073,False,2,94,14,1708,ENSG00000149927 ENSG00000176406,DOC2A RIMS2
GO:BP,GO:0008016,regulation of heart contraction,0.38750726663945073,False,2,94,14,1708,ENSG00000113070 ENSG00000113448,HBEGF PDE4D
GO:BP,GO:0007269,neurotransmitter secretion,0.38750726663945073,False,2,94,14,1708,ENSG00000149927 ENSG00000176406,DOC2A RIMS2
GO:BP,GO:0008406,gonad development,0.38750726663945073,False,2,94,14,1708,ENSG00000151422 ENSG00000184903,FER IMMP2L
GO:BP,GO:1905818,regulation of chromosome separation,0.38750726663945073,False,2,94,14,1708,ENSG00000089053 ENSG00000002822,ANAPC5 MAD1L1
GO:BP,GO:0051304,chromosome separation,0.38750726663945073,False,2,94,14,1708,ENSG00000089053 ENSG00000002822,ANAPC5 MAD1L1
GO:BP,GO:0048667,cell morphogenesis involved in neuron differentiation,0.38750726663945073,False,4,94,40,1708,ENSG00000142599 ENSG00000251322 ENSG00000010810 ENSG00000135298,RERE SHANK3 FYN ADGRB3
GO:BP,GO:1904375,regulation of protein localization to cell periphery,0.38750726663945073,False,2,94,14,1708,ENSG00000159023 ENSG00000007402,EPB41 CACNA2D2
GO:BP,GO:0000956,nuclear-transcribed mRNA catabolic process,0.38750726663945073,False,2,94,14,1708,ENSG00000070366 ENSG00000100354,SMG6 TNRC6B
GO:BP,GO:1903034,regulation of response to wounding,0.38750726663945073,False,2,94,14,1708,ENSG00000149131 ENSG00000113070,SERPING1 HBEGF
GO:BP,GO:0050708,regulation of protein secretion,0.38750726663945073,False,2,94,14,1708,ENSG00000053438 ENSG00000150630,NNAT VEGFC
GO:BP,GO:0000077,DNA damage checkpoint signaling,0.38750726663945073,False,2,94,14,1708,ENSG00000104885 ENSG00000158019,DOT1L BABAM2
GO:BP,GO:0030641,regulation of cellular pH,0.38750726663945073,False,2,94,14,1708,ENSG00000122986 ENSG00000162753,HVCN1 SLC9C2
GO:BP,GO:0051209,release of sequestered calcium ion into cytosol,0.38750726663945073,False,2,94,14,1708,ENSG00000154822 ENSG00000113448,PLCL2 PDE4D
GO:BP,GO:0006605,protein targeting,0.38750726663945073,False,2,94,14,1708,ENSG00000120725 ENSG00000010810,SIL1 FYN
GO:BP,GO:1903169,regulation of calcium ion transmembrane transport,0.38750726663945073,False,2,94,14,1708,ENSG00000113448 ENSG00000010810,PDE4D FYN
GO:BP,GO:0045137,development of primary sexual characteristics,0.38750726663945073,False,2,94,14,1708,ENSG00000151422 ENSG00000184903,FER IMMP2L
GO:BP,GO:0002253,activation of immune response,0.38750726663945073,False,6,94,69,1708,ENSG00000149131 ENSG00000115085 ENSG00000154822 ENSG00000113448 ENSG00000010810 ENSG00000124557,SERPING1 ZAP70 PLCL2 PDE4D FYN BTN1A1
GO:BP,GO:0045776,negative regulation of blood pressure,0.3913582640214533,False,1,94,4,1708,ENSG00000150630,VEGFC
GO:BP,GO:0045778,positive regulation of ossification,0.3913582640214533,False,1,94,4,1708,ENSG00000204231,RXRB
GO:BP,GO:0002757,immune response-activating signaling pathway,0.3913582640214533,False,5,94,57,1708,ENSG00000115085 ENSG00000154822 ENSG00000113448 ENSG00000010810 ENSG00000124557,ZAP70 PLCL2 PDE4D FYN BTN1A1
GO:BP,GO:0061337,cardiac conduction,0.3913582640214533,False,1,94,4,1708,ENSG00000113448,PDE4D
GO:BP,GO:0061615,glycolytic process through fructose-6-phosphate,0.3913582640214533,False,1,94,4,1708,ENSG00000111669,TPI1
GO:BP,GO:0002862,negative regulation of inflammatory response to antigenic stimulus,0.3913582640214533,False,1,94,4,1708,ENSG00000010810,FYN
GO:BP,GO:0002694,regulation of leukocyte activation,0.3913582640214533,False,5,94,55,1708,ENSG00000110497 ENSG00000115085 ENSG00000151422 ENSG00000010810 ENSG00000002822,AMBRA1 ZAP70 FER FYN MAD1L1
GO:BP,GO:0048015,phosphatidylinositol-mediated signaling,0.3913582640214533,False,1,94,4,1708,ENSG00000154822,PLCL2
GO:BP,GO:2000378,negative regulation of reactive oxygen species metabolic process,0.3913582640214533,False,1,94,4,1708,ENSG00000010810,FYN
GO:BP,GO:0048168,regulation of neuronal synaptic plasticity,0.3913582640214533,False,1,94,4,1708,ENSG00000251322,SHANK3
GO:BP,GO:0002446,neutrophil mediated immunity,0.3913582640214533,False,1,94,4,1708,ENSG00000005483,KMT2E
GO:BP,GO:0002520,immune system development,0.3913582640214533,False,2,94,15,1708,ENSG00000157456 ENSG00000002822,CCNB2 MAD1L1
GO:BP,GO:0098880,maintenance of postsynaptic specialization structure,0.3913582640214533,False,1,94,4,1708,ENSG00000251322,SHANK3
GO:BP,GO:0045446,endothelial cell differentiation,0.3913582640214533,False,1,94,4,1708,ENSG00000113448,PDE4D
GO:BP,GO:0031145,anaphase-promoting complex-dependent catabolic process,0.3913582640214533,False,1,94,4,1708,ENSG00000089053,ANAPC5
GO:BP,GO:0031114,regulation of microtubule depolymerization,0.3913582640214533,False,1,94,4,1708,ENSG00000163635,ATXN7
GO:BP,GO:0046184,aldehyde biosynthetic process,0.3913582640214533,False,1,94,4,1708,ENSG00000111669,TPI1
GO:BP,GO:0031529,ruffle organization,0.3913582640214533,False,1,94,4,1708,ENSG00000079691,CARMIL1
GO:BP,GO:1903307,positive regulation of regulated secretory pathway,0.3913582640214533,False,1,94,4,1708,ENSG00000149927,DOC2A
GO:BP,GO:0030595,leukocyte chemotaxis,0.3913582640214533,False,2,94,15,1708,ENSG00000150630 ENSG00000213654,VEGFC GPSM3
GO:BP,GO:0038094,Fc-gamma receptor signaling pathway,0.3913582640214533,False,1,94,4,1708,ENSG00000010810,FYN
GO:BP,GO:0009612,response to mechanical stimulus,0.3913582640214533,False,2,94,15,1708,ENSG00000078795 ENSG00000010810,PKD2L2 FYN
GO:BP,GO:0009790,embryo development,0.3913582640214533,False,7,94,87,1708,ENSG00000110497 ENSG00000171310 ENSG00000157456 ENSG00000251322 ENSG00000150630 ENSG00000131558 ENSG00000130635,AMBRA1 CHST11 CCNB2 SHANK3 VEGFC EXOC4 COL5A1
GO:BP,GO:0085029,extracellular matrix assembly,0.3913582640214533,False,1,94,4,1708,ENSG00000103056,SMPD3
GO:BP,GO:0046633,alpha-beta T cell proliferation,0.3913582640214533,False,1,94,4,1708,ENSG00000115085,ZAP70
GO:BP,GO:0051126,negative regulation of actin nucleation,0.3913582640214533,False,1,94,4,1708,ENSG00000242498,ARPIN
GO:BP,GO:0098696,regulation of neurotransmitter receptor localization to postsynaptic specialization membrane,0.3913582640214533,False,1,94,4,1708,ENSG00000007402,CACNA2D2
GO:BP,GO:1990089,response to nerve growth factor,0.3913582640214533,False,1,94,4,1708,ENSG00000155511,GRIA1
GO:BP,GO:0032205,negative regulation of telomere maintenance,0.3913582640214533,False,1,94,4,1708,ENSG00000070366,SMG6
GO:BP,GO:0032107,regulation of response to nutrient levels,0.3913582640214533,False,1,94,4,1708,ENSG00000204231,RXRB
GO:BP,GO:0032024,positive regulation of insulin secretion,0.3913582640214533,False,1,94,4,1708,ENSG00000053438,NNAT
GO:BP,GO:0031629,synaptic vesicle fusion to presynaptic active zone membrane,0.3913582640214533,False,1,94,4,1708,ENSG00000149927,DOC2A
GO:BP,GO:0090066,regulation of anatomical structure size,0.3913582640214533,False,4,94,41,1708,ENSG00000251322 ENSG00000163171 ENSG00000151422 ENSG00000079691,SHANK3 CDC42EP3 FER CARMIL1
GO:BP,GO:0089718,amino acid import across plasma membrane,0.3913582640214533,False,1,94,4,1708,ENSG00000196517,SLC6A9
GO:BP,GO:0048706,embryonic skeletal system development,0.3913582640214533,False,1,94,4,1708,ENSG00000171310,CHST11
GO:BP,GO:0048704,embryonic skeletal system morphogenesis,0.3913582640214533,False,1,94,4,1708,ENSG00000171310,CHST11
GO:BP,GO:0008206,bile acid metabolic process,0.3913582640214533,False,1,94,4,1708,ENSG00000070882,OSBPL3
GO:BP,GO:0009056,catabolic process,0.3913582640214533,False,15,94,216,1708,ENSG00000110497 ENSG00000089053 ENSG00000111669 ENSG00000072657 ENSG00000103811 ENSG00000073417 ENSG00000103056 ENSG00000070366 ENSG00000188641 ENSG00000100354 ENSG00000154822 ENSG00000113448 ENSG00000010810 ENSG00000112659 ENSG00000131558,AMBRA1 ANAPC5 TPI1 TRHDE CTSH PDE8A SMPD3 SMG6 DPYD TNRC6B PLCL2 PDE4D FYN CUL9 EXOC4
GO:BP,GO:0048854,brain morphogenesis,0.3913582640214533,False,1,94,4,1708,ENSG00000251322,SHANK3
GO:BP,GO:0030307,positive regulation of cell growth,0.3913582640214533,False,2,94,15,1708,ENSG00000113070 ENSG00000176406,HBEGF RIMS2
GO:BP,GO:0090148,membrane fission,0.3913582640214533,False,1,94,4,1708,ENSG00000131558,EXOC4
GO:BP,GO:1990090,cellular response to nerve growth factor stimulus,0.3913582640214533,False,1,94,4,1708,ENSG00000155511,GRIA1
GO:BP,GO:0051602,response to electrical stimulus,0.3913582640214533,False,1,94,4,1708,ENSG00000155511,GRIA1
GO:BP,GO:0099645,neurotransmitter receptor localization to postsynaptic specialization membrane,0.3913582640214533,False,1,94,4,1708,ENSG00000007402,CACNA2D2
GO:BP,GO:0071467,cellular response to pH,0.3913582640214533,False,1,94,4,1708,ENSG00000122986,HVCN1
GO:BP,GO:0033013,tetrapyrrole metabolic process,0.3913582640214533,False,1,94,4,1708,ENSG00000196517,SLC6A9
GO:BP,GO:0007173,epidermal growth factor receptor signaling pathway,0.3913582640214533,False,2,94,15,1708,ENSG00000151422 ENSG00000113070,FER HBEGF
GO:BP,GO:0042789,mRNA transcription by RNA polymerase II,0.3913582640214533,False,1,94,4,1708,ENSG00000204231,RXRB
GO:BP,GO:0051966,"regulation of synaptic transmission, glutamatergic",0.3913582640214533,False,1,94,4,1708,ENSG00000251322,SHANK3
GO:BP,GO:0071402,cellular response to lipoprotein particle stimulus,0.3913582640214533,False,1,94,4,1708,ENSG00000103056,SMPD3
GO:BP,GO:0071404,cellular response to low-density lipoprotein particle stimulus,0.3913582640214533,False,1,94,4,1708,ENSG00000103056,SMPD3
GO:BP,GO:0044058,regulation of digestive system process,0.3913582640214533,False,1,94,4,1708,ENSG00000159023,EPB41
GO:BP,GO:0043524,negative regulation of neuron apoptotic process,0.3913582640214533,False,2,94,15,1708,ENSG00000110497 ENSG00000124356,AMBRA1 STAMBP
GO:BP,GO:0046580,negative regulation of Ras protein signal transduction,0.3913582640214533,False,1,94,4,1708,ENSG00000124356,STAMBP
GO:BP,GO:0050921,positive regulation of chemotaxis,0.3913582640214533,False,2,94,15,1708,ENSG00000150630 ENSG00000213654,VEGFC GPSM3
GO:BP,GO:1903523,negative regulation of blood circulation,0.3913582640214533,False,1,94,4,1708,ENSG00000113448,PDE4D
GO:BP,GO:0099500,vesicle fusion to plasma membrane,0.3913582640214533,False,1,94,4,1708,ENSG00000149927,DOC2A
GO:BP,GO:0030042,actin filament depolymerization,0.3913582640214533,False,1,94,4,1708,ENSG00000079691,CARMIL1
GO:BP,GO:0007417,central nervous system development,0.3913582640214533,False,6,94,70,1708,ENSG00000142599 ENSG00000053438 ENSG00000251322 ENSG00000155511 ENSG00000010810 ENSG00000184903,RERE NNAT SHANK3 GRIA1 FYN IMMP2L
GO:BP,GO:0007492,endoderm development,0.3913582640214533,False,1,94,4,1708,ENSG00000130635,COL5A1
GO:BP,GO:0007340,acrosome reaction,0.3913582640214533,False,1,94,4,1708,ENSG00000122986,HVCN1
GO:BP,GO:0007276,gamete generation,0.3913582640214533,False,6,94,70,1708,ENSG00000135454 ENSG00000157456 ENSG00000204991 ENSG00000178093 ENSG00000151422 ENSG00000184903,B4GALNT1 CCNB2 SPIRE2 TSSK6 FER IMMP2L
GO:BP,GO:0007626,locomotory behavior,0.3913582640214533,False,2,94,15,1708,ENSG00000251322 ENSG00000155511,SHANK3 GRIA1
GO:BP,GO:0051703,biological process involved in intraspecies interaction between organisms,0.3913582640214533,False,1,94,4,1708,ENSG00000251322,SHANK3
GO:BP,GO:0000184,"nuclear-transcribed mRNA catabolic process, nonsense-mediated decay",0.3913582640214533,False,1,94,4,1708,ENSG00000070366,SMG6
GO:BP,GO:0000271,polysaccharide biosynthetic process,0.3913582640214533,False,1,94,4,1708,ENSG00000103056,SMPD3
GO:BP,GO:0030031,cell projection assembly,0.3913582640214533,False,4,94,41,1708,ENSG00000168778 ENSG00000163171 ENSG00000151422 ENSG00000079691,TCTN2 CDC42EP3 FER CARMIL1
GO:BP,GO:2000001,regulation of DNA damage checkpoint,0.3913582640214533,False,1,94,4,1708,ENSG00000158019,BABAM2
GO:BP,GO:0033280,response to vitamin D,0.3913582640214533,False,1,94,4,1708,ENSG00000204231,RXRB
GO:BP,GO:0033273,response to vitamin,0.3913582640214533,False,1,94,4,1708,ENSG00000204231,RXRB
GO:BP,GO:0071305,cellular response to vitamin D,0.3913582640214533,False,1,94,4,1708,ENSG00000204231,RXRB
GO:BP,GO:0071354,cellular response to interleukin-6,0.3913582640214533,False,1,94,4,1708,ENSG00000151422,FER
GO:BP,GO:0007026,negative regulation of microtubule depolymerization,0.3913582640214533,False,1,94,4,1708,ENSG00000163635,ATXN7
GO:BP,GO:0055094,response to lipoprotein particle,0.3913582640214533,False,1,94,4,1708,ENSG00000103056,SMPD3
GO:BP,GO:0007004,telomere maintenance via telomerase,0.3913582640214533,False,1,94,4,1708,ENSG00000070366,SMG6
GO:BP,GO:0030154,cell differentiation,0.3913582640214533,False,24,94,368,1708,ENSG00000067082 ENSG00000120451 ENSG00000183715 ENSG00000110497 ENSG00000171310 ENSG00000103056 ENSG00000181291 ENSG00000178093 ENSG00000023902 ENSG00000143614 ENSG00000142599 ENSG00000251322 ENSG00000115085 ENSG00000154822 ENSG00000007402 ENSG00000150630 ENSG00000151422 ENSG00000113448 ENSG00000010810 ENSG00000204231 ENSG00000135298 ENSG00000005483 ENSG00000176406 ENSG00000130635,KLF6 SNX19 OPCML AMBRA1 CHST11 SMPD3 TMEM132E TSSK6 PLEKHO1 GATAD2B RERE SHANK3 ZAP70 PLCL2 CACNA2D2 VEGFC FER PDE4D FYN RXRB ADGRB3 KMT2E RIMS2 COL5A1
GO:BP,GO:0140719,constitutive heterochromatin formation,0.3913582640214533,False,1,94,4,1708,ENSG00000104885,DOT1L
GO:BP,GO:0007095,mitotic G2 DNA damage checkpoint signaling,0.3913582640214533,False,1,94,4,1708,ENSG00000158019,BABAM2
GO:BP,GO:0099633,protein localization to postsynaptic specialization membrane,0.3913582640214533,False,1,94,4,1708,ENSG00000007402,CACNA2D2
GO:BP,GO:0010762,regulation of fibroblast migration,0.3913582640214533,False,1,94,4,1708,ENSG00000151422,FER
GO:BP,GO:0046839,phospholipid dephosphorylation,0.3913582640214533,False,1,94,4,1708,ENSG00000147535,PLPP5
GO:BP,GO:0046677,response to antibiotic,0.3913582640214533,False,1,94,4,1708,ENSG00000155511,GRIA1
GO:BP,GO:0071248,cellular response to metal ion,0.3913582640214533,False,2,94,15,1708,ENSG00000122986 ENSG00000103056,HVCN1 SMPD3
GO:BP,GO:0071295,cellular response to vitamin,0.3913582640214533,False,1,94,4,1708,ENSG00000204231,RXRB
GO:BP,GO:0070979,protein K11-linked ubiquitination,0.3913582640214533,False,1,94,4,1708,ENSG00000089053,ANAPC5
GO:BP,GO:0048869,cellular developmental process,0.3913582640214533,False,24,94,368,1708,ENSG00000067082 ENSG00000120451 ENSG00000183715 ENSG00000110497 ENSG00000171310 ENSG00000103056 ENSG00000181291 ENSG00000178093 ENSG00000023902 ENSG00000143614 ENSG00000142599 ENSG00000251322 ENSG00000115085 ENSG00000154822 ENSG00000007402 ENSG00000150630 ENSG00000151422 ENSG00000113448 ENSG00000010810 ENSG00000204231 ENSG00000135298 ENSG00000005483 ENSG00000176406 ENSG00000130635,KLF6 SNX19 OPCML AMBRA1 CHST11 SMPD3 TMEM132E TSSK6 PLEKHO1 GATAD2B RERE SHANK3 ZAP70 PLCL2 CACNA2D2 VEGFC FER PDE4D FYN RXRB ADGRB3 KMT2E RIMS2 COL5A1
GO:BP,GO:0030183,B cell differentiation,0.3913582640214533,False,2,94,15,1708,ENSG00000067082 ENSG00000154822,KLF6 PLCL2
GO:BP,GO:0007167,enzyme-linked receptor protein signaling pathway,0.3913582640214533,False,6,94,70,1708,ENSG00000171310 ENSG00000103056 ENSG00000150630 ENSG00000151422 ENSG00000113070 ENSG00000010810,CHST11 SMPD3 VEGFC FER HBEGF FYN
GO:BP,GO:0061744,motor behavior,0.3913582640214533,False,1,94,4,1708,ENSG00000135454,B4GALNT1
GO:BP,GO:0061001,regulation of dendritic spine morphogenesis,0.3913582640214533,False,1,94,4,1708,ENSG00000251322,SHANK3
GO:BP,GO:0021680,cerebellar Purkinje cell layer development,0.3913582640214533,False,1,94,4,1708,ENSG00000142599,RERE
GO:BP,GO:0019953,sexual reproduction,0.3913582640214533,False,8,94,103,1708,ENSG00000122986 ENSG00000089053 ENSG00000135454 ENSG00000157456 ENSG00000204991 ENSG00000178093 ENSG00000151422 ENSG00000184903,HVCN1 ANAPC5 B4GALNT1 CCNB2 SPIRE2 TSSK6 FER IMMP2L
GO:BP,GO:1902600,proton transmembrane transport,0.3913582640214533,False,2,94,15,1708,ENSG00000122986 ENSG00000162753,HVCN1 SLC9C2
GO:BP,GO:0045744,negative regulation of G protein-coupled receptor signaling pathway,0.3913582640214533,False,1,94,4,1708,ENSG00000113448,PDE4D
GO:BP,GO:0048013,ephrin receptor signaling pathway,0.3913582640214533,False,1,94,4,1708,ENSG00000010810,FYN
GO:BP,GO:2000648,positive regulation of stem cell proliferation,0.3913582640214533,False,1,94,4,1708,ENSG00000150630,VEGFC
GO:BP,GO:0035176,social behavior,0.3913582640214533,False,1,94,4,1708,ENSG00000251322,SHANK3
GO:BP,GO:0046640,regulation of alpha-beta T cell proliferation,0.3913582640214533,False,1,94,4,1708,ENSG00000115085,ZAP70
GO:BP,GO:0046641,positive regulation of alpha-beta T cell proliferation,0.3913582640214533,False,1,94,4,1708,ENSG00000115085,ZAP70
GO:BP,GO:1901739,regulation of myoblast fusion,0.3913582640214533,False,1,94,4,1708,ENSG00000023902,PLEKHO1
GO:BP,GO:0019637,organophosphate metabolic process,0.3913582640214533,False,7,94,85,1708,ENSG00000111669 ENSG00000073417 ENSG00000103056 ENSG00000188641 ENSG00000154822 ENSG00000113448 ENSG00000147535,TPI1 PDE8A SMPD3 DPYD PLCL2 PDE4D PLPP5
GO:BP,GO:0019228,neuronal action potential,0.3913582640214533,False,1,94,4,1708,ENSG00000155511,GRIA1
GO:BP,GO:1902176,negative regulation of oxidative stress-induced intrinsic apoptotic signaling pathway,0.3913582640214533,False,1,94,4,1708,ENSG00000010810,FYN
GO:BP,GO:0042098,T cell proliferation,0.3913582640214533,False,3,94,27,1708,ENSG00000115085 ENSG00000010810 ENSG00000002822,ZAP70 FYN MAD1L1
GO:BP,GO:0060441,epithelial tube branching involved in lung morphogenesis,0.3913582640214533,False,1,94,4,1708,ENSG00000103811,CTSH
GO:BP,GO:0006278,RNA-templated DNA biosynthetic process,0.3913582640214533,False,1,94,4,1708,ENSG00000070366,SMG6
GO:BP,GO:0035235,ionotropic glutamate receptor signaling pathway,0.3913582640214533,False,1,94,4,1708,ENSG00000155511,GRIA1
GO:BP,GO:0045061,thymic T cell selection,0.3913582640214533,False,1,94,4,1708,ENSG00000115085,ZAP70
GO:BP,GO:0006406,mRNA export from nucleus,0.3913582640214533,False,1,94,4,1708,ENSG00000070366,SMG6
GO:BP,GO:0042220,response to cocaine,0.3913582640214533,False,1,94,4,1708,ENSG00000155511,GRIA1
GO:BP,GO:0070562,regulation of vitamin D receptor signaling pathway,0.3913582640214533,False,1,94,4,1708,ENSG00000204231,RXRB
GO:BP,GO:0050853,B cell receptor signaling pathway,0.3913582640214533,False,1,94,4,1708,ENSG00000154822,PLCL2
GO:BP,GO:0006513,protein monoubiquitination,0.3913582640214533,False,1,94,4,1708,ENSG00000174579,MSL2
GO:BP,GO:0070561,vitamin D receptor signaling pathway,0.3913582640214533,False,1,94,4,1708,ENSG00000204231,RXRB
GO:BP,GO:0006778,porphyrin-containing compound metabolic process,0.3913582640214533,False,1,94,4,1708,ENSG00000196517,SLC6A9
GO:BP,GO:0006699,bile acid biosynthetic process,0.3913582640214533,False,1,94,4,1708,ENSG00000070882,OSBPL3
GO:BP,GO:0060349,bone morphogenesis,0.3913582640214533,False,1,94,4,1708,ENSG00000103056,SMPD3
GO:BP,GO:0001775,cell activation,0.3913582640214533,False,8,94,103,1708,ENSG00000067082 ENSG00000110497 ENSG00000115085 ENSG00000154822 ENSG00000151422 ENSG00000010810 ENSG00000005483 ENSG00000002822,KLF6 AMBRA1 ZAP70 PLCL2 FER FYN KMT2E MAD1L1
GO:BP,GO:0006688,glycosphingolipid biosynthetic process,0.3913582640214533,False,1,94,4,1708,ENSG00000135454,B4GALNT1
GO:BP,GO:0006665,sphingolipid metabolic process,0.3913582640214533,False,2,94,15,1708,ENSG00000135454 ENSG00000103056,B4GALNT1 SMPD3
GO:BP,GO:0070887,cellular response to chemical stimulus,0.3913582640214533,False,11,94,150,1708,ENSG00000122986 ENSG00000103811 ENSG00000103056 ENSG00000150630 ENSG00000151422 ENSG00000113070 ENSG00000155511 ENSG00000113448 ENSG00000010810 ENSG00000213654 ENSG00000204231,HVCN1 CTSH SMPD3 VEGFC FER HBEGF GRIA1 PDE4D FYN GPSM3 RXRB
GO:BP,GO:0070918,regulatory ncRNA processing,0.3913582640214533,False,1,94,4,1708,ENSG00000100403,ZC3H7B
GO:BP,GO:0050896,response to stimulus,0.3913582640214533,False,45,94,732,1708,ENSG00000156395 ENSG00000110497 ENSG00000149131 ENSG00000171310 ENSG00000122986 ENSG00000168778 ENSG00000072657 ENSG00000151778 ENSG00000182732 ENSG00000103811 ENSG00000073417 ENSG00000103056 ENSG00000204991 ENSG00000108309 ENSG00000166573 ENSG00000205517 ENSG00000104885 ENSG00000196182 ENSG00000251322 ENSG00000158019 ENSG00000163171 ENSG00000124356 ENSG00000115085 ENSG00000174579 ENSG00000154822 ENSG00000055955 ENSG00000163635 ENSG00000150630 ENSG00000151422 ENSG00000078795 ENSG00000113070 ENSG00000155511 ENSG00000113448 ENSG00000010810 ENSG00000124557 ENSG00000213654 ENSG00000204231 ENSG00000135298 ENSG00000184903 ENSG00000002822 ENSG00000176406 ENSG00000158106 ENSG00000147799 ENSG00000168077 ENSG00000130635,SORCS3 AMBRA1 SERPING1 CHST11 HVCN1 TCTN2 TRHDE SERP2 RGS6 CTSH PDE8A SMPD3 SPIRE2 RUNDC3A GALR1 RGL3 DOT1L STK40 SHANK3 BABAM2 CDC42EP3 STAMBP ZAP70 MSL2 PLCL2 ITIH4 ATXN7 VEGFC FER PKD2L2 HBEGF GRIA1 PDE4D FYN BTN1A1 GPSM3 RXRB ADGRB3 IMMP2L MAD1L1 RIMS2 RHPN1 ARHGAP39 SCARA3 COL5A1
GO:BP,GO:0070741,response to interleukin-6,0.3913582640214533,False,1,94,4,1708,ENSG00000151422,FER
GO:BP,GO:0040007,growth,0.3913582640214533,False,7,94,85,1708,ENSG00000171310 ENSG00000157456 ENSG00000103056 ENSG00000196182 ENSG00000007402 ENSG00000113070 ENSG00000176406,CHST11 CCNB2 SMPD3 STK40 CACNA2D2 HBEGF RIMS2
GO:BP,GO:0006884,cell volume homeostasis,0.3913582640214533,False,1,94,4,1708,ENSG00000251322,SHANK3
GO:BP,GO:0060142,regulation of syncytium formation by plasma membrane fusion,0.3913582640214533,False,1,94,4,1708,ENSG00000023902,PLEKHO1
GO:BP,GO:0000289,nuclear-transcribed mRNA poly(A) tail shortening,0.3913582640214533,False,1,94,4,1708,ENSG00000100354,TNRC6B
GO:BP,GO:0045761,regulation of adenylate cyclase activity,0.3913582640214533,False,1,94,4,1708,ENSG00000166573,GALR1
GO:BP,GO:0002275,myeloid cell activation involved in immune response,0.3913582640214533,False,1,94,4,1708,ENSG00000151422,FER
GO:BP,GO:0042168,heme metabolic process,0.3913582640214533,False,1,94,4,1708,ENSG00000196517,SLC6A9
GO:BP,GO:0007017,microtubule-based process,0.3969304099618847,False,7,94,88,1708,ENSG00000157456 ENSG00000204991 ENSG00000178093 ENSG00000116852 ENSG00000163635 ENSG00000151422 ENSG00000112659,CCNB2 SPIRE2 TSSK6 KIF21B ATXN7 FER CUL9
GO:MF,GO:0038023,signaling receptor activity,0.4034128233987055,False,7,94,94,1708,ENSG00000156395 ENSG00000103811 ENSG00000166573 ENSG00000155511 ENSG00000124557 ENSG00000204231 ENSG00000135298,SORCS3 CTSH GALR1 GRIA1 BTN1A1 RXRB ADGRB3
GO:MF,GO:0035979,histone H2AXS139 kinase activity,0.4034128233987055,False,2,94,18,1708,ENSG00000178093 ENSG00000196182,TSSK6 STK40
GO:MF,GO:0035402,histone H3T11 kinase activity,0.4034128233987055,False,2,94,18,1708,ENSG00000178093 ENSG00000196182,TSSK6 STK40
GO:MF,GO:0140995,histone H2A kinase activity,0.4034128233987055,False,2,94,18,1708,ENSG00000178093 ENSG00000196182,TSSK6 STK40
GO:MF,GO:0008236,serine-type peptidase activity,0.4034128233987055,False,2,94,17,1708,ENSG00000103811 ENSG00000184903,CTSH IMMP2L
GO:MF,GO:0072354,histone H3T3 kinase activity,0.4034128233987055,False,2,94,18,1708,ENSG00000178093 ENSG00000196182,TSSK6 STK40
GO:MF,GO:0030554,adenyl nucleotide binding,0.4034128233987055,False,10,94,143,1708,ENSG00000178093 ENSG00000116852 ENSG00000196182 ENSG00000188641 ENSG00000115085 ENSG00000151422 ENSG00000113448 ENSG00000010810 ENSG00000137411 ENSG00000112659,TSSK6 KIF21B STK40 DPYD ZAP70 FER PDE4D FYN VARS2 CUL9
GO:MF,GO:0035175,histone H3S10 kinase activity,0.4034128233987055,False,2,94,18,1708,ENSG00000178093 ENSG00000196182,TSSK6 STK40
GO:MF,GO:0043014,alpha-tubulin binding,0.4034128233987055,False,1,94,5,1708,ENSG00000010810,FYN
GO:MF,GO:0140823,histone H2BS36 kinase activity,0.4034128233987055,False,2,94,18,1708,ENSG00000178093 ENSG00000196182,TSSK6 STK40
GO:MF,GO:0140855,histone H3S57 kinase activity,0.4034128233987055,False,2,94,18,1708,ENSG00000178093 ENSG00000196182,TSSK6 STK40
GO:MF,GO:0140857,histone H3T45 kinase activity,0.4034128233987055,False,2,94,18,1708,ENSG00000178093 ENSG00000196182,TSSK6 STK40
GO:MF,GO:0048156,tau protein binding,0.4034128233987055,False,1,94,5,1708,ENSG00000010810,FYN
GO:MF,GO:0016782,"transferase activity, transferring sulphur-containing groups",0.4034128233987055,False,1,94,5,1708,ENSG00000171310,CHST11
GO:MF,GO:0008234,cysteine-type peptidase activity,0.4034128233987055,False,2,94,16,1708,ENSG00000072657 ENSG00000103811,TRHDE CTSH
GO:MF,GO:0060089,molecular transducer activity,0.4034128233987055,False,7,94,94,1708,ENSG00000156395 ENSG00000103811 ENSG00000166573 ENSG00000155511 ENSG00000124557 ENSG00000204231 ENSG00000135298,SORCS3 CTSH GALR1 GRIA1 BTN1A1 RXRB ADGRB3
GO:MF,GO:0008146,sulfotransferase activity,0.4034128233987055,False,1,94,5,1708,ENSG00000171310,CHST11
GO:MF,GO:0015078,proton transmembrane transporter activity,0.4034128233987055,False,2,94,16,1708,ENSG00000122986 ENSG00000162753,HVCN1 SLC9C2
GO:MF,GO:0072518,Rho-dependent protein serine/threonine kinase activity,0.4034128233987055,False,2,94,18,1708,ENSG00000178093 ENSG00000196182,TSSK6 STK40
GO:MF,GO:0072371,histone H2AS121 kinase activity,0.4034128233987055,False,2,94,18,1708,ENSG00000178093 ENSG00000196182,TSSK6 STK40
GO:MF,GO:0044023,histone H4S1 kinase activity,0.4034128233987055,False,2,94,18,1708,ENSG00000178093 ENSG00000196182,TSSK6 STK40
GO:MF,GO:0044024,histone H2AS1 kinase activity,0.4034128233987055,False,2,94,18,1708,ENSG00000178093 ENSG00000196182,TSSK6 STK40
GO:MF,GO:0008237,metallopeptidase activity,0.4034128233987055,False,2,94,17,1708,ENSG00000072657 ENSG00000124356,TRHDE STAMBP
GO:MF,GO:0044022,histone H3S28 kinase activity,0.4034128233987055,False,2,94,18,1708,ENSG00000178093 ENSG00000196182,TSSK6 STK40
GO:MF,GO:0044025,histone H2BS14 kinase activity,0.4034128233987055,False,2,94,18,1708,ENSG00000178093 ENSG00000196182,TSSK6 STK40
GO:MF,GO:0045309,protein phosphorylated amino acid binding,0.4034128233987055,False,1,94,5,1708,ENSG00000115085,ZAP70
GO:MF,GO:0016757,glycosyltransferase activity,0.4034128233987055,False,2,94,16,1708,ENSG00000133687 ENSG00000135454,TMTC1 B4GALNT1
GO:MF,GO:0015179,L-amino acid transmembrane transporter activity,0.4034128233987055,False,1,94,5,1708,ENSG00000103042,SLC38A7
GO:MF,GO:0022857,transmembrane transporter activity,0.4034128233987055,False,7,94,90,1708,ENSG00000122986 ENSG00000103042 ENSG00000162753 ENSG00000196517 ENSG00000007402 ENSG00000078795 ENSG00000155511,HVCN1 SLC38A7 SLC9C2 SLC6A9 CACNA2D2 PKD2L2 GRIA1
GO:MF,GO:1990244,histone H2AT120 kinase activity,0.4034128233987055,False,2,94,18,1708,ENSG00000178093 ENSG00000196182,TSSK6 STK40
GO:MF,GO:0072341,modified amino acid binding,0.4034128233987055,False,1,94,5,1708,ENSG00000103056,SMPD3
GO:MF,GO:0004252,serine-type endopeptidase activity,0.4034128233987055,False,2,94,16,1708,ENSG00000103811 ENSG00000184903,CTSH IMMP2L
GO:MF,GO:0061630,ubiquitin protein ligase activity,0.4034128233987055,False,3,94,30,1708,ENSG00000174579 ENSG00000185619 ENSG00000112659,MSL2 PCGF3 CUL9
GO:MF,GO:0061659,ubiquitin-like protein ligase activity,0.4034128233987055,False,3,94,30,1708,ENSG00000174579 ENSG00000185619 ENSG00000112659,MSL2 PCGF3 CUL9
GO:MF,GO:0008157,protein phosphatase 1 binding,0.4034128233987055,False,1,94,5,1708,ENSG00000151422,FER
GO:MF,GO:0035403,histone H3T6 kinase activity,0.4034128233987055,False,2,94,18,1708,ENSG00000178093 ENSG00000196182,TSSK6 STK40
GO:MF,GO:0015252,proton channel activity,0.4034128233987055,False,1,94,5,1708,ENSG00000122986,HVCN1
GO:MF,GO:0032813,tumor necrosis factor receptor superfamily binding,0.4034128233987055,False,1,94,5,1708,ENSG00000158019,BABAM2
GO:MF,GO:0035173,histone kinase activity,0.4034128233987055,False,2,94,18,1708,ENSG00000178093 ENSG00000196182,TSSK6 STK40
GO:MF,GO:0140998,histone H2B kinase activity,0.4034128233987055,False,2,94,18,1708,ENSG00000178093 ENSG00000196182,TSSK6 STK40
GO:MF,GO:0031593,polyubiquitin modification-dependent protein binding,0.4034128233987055,False,1,94,5,1708,ENSG00000158019,BABAM2
GO:MF,GO:0141003,histone H2AX kinase activity,0.4034128233987055,False,2,94,18,1708,ENSG00000178093 ENSG00000196182,TSSK6 STK40
GO:MF,GO:0140997,histone H4 kinase activity,0.4034128233987055,False,2,94,18,1708,ENSG00000178093 ENSG00000196182,TSSK6 STK40
GO:MF,GO:0140996,histone H3 kinase activity,0.4034128233987055,False,2,94,18,1708,ENSG00000178093 ENSG00000196182,TSSK6 STK40
GO:MF,GO:0003713,transcription coactivator activity,0.4034128233987055,False,3,94,32,1708,ENSG00000104885 ENSG00000142599 ENSG00000005483,DOT1L RERE KMT2E
GO:MF,GO:0003674,molecular_function,0.4034128233987055,False,89,94,1577,1708,ENSG00000156395 ENSG00000067082 ENSG00000120451 ENSG00000183715 ENSG00000110497 ENSG00000149131 ENSG00000171310 ENSG00000122986 ENSG00000089053 ENSG00000111011 ENSG00000133687 ENSG00000161813 ENSG00000135454 ENSG00000111669 ENSG00000072657 ENSG00000151778 ENSG00000184601 ENSG00000182732 ENSG00000166133 ENSG00000157456 ENSG00000103811 ENSG00000073417 ENSG00000242498 ENSG00000149927 ENSG00000153406 ENSG00000103042 ENSG00000103056 ENSG00000204991 ENSG00000070366 ENSG00000108309 ENSG00000166573 ENSG00000205517 ENSG00000178093 ENSG00000104885 ENSG00000186020 ENSG00000023902 ENSG00000143614 ENSG00000162753 ENSG00000116852 ENSG00000159023 ENSG00000196182 ENSG00000196517 ENSG00000142599 ENSG00000188641 ENSG00000100354 ENSG00000100403 ENSG00000251322 ENSG00000082153 ENSG00000158019 ENSG00000163171 ENSG00000124356 ENSG00000115085 ENSG00000174579 ENSG00000154822 ENSG00000168016 ENSG00000007402 ENSG00000055955 ENSG00000163635 ENSG00000198948 ENSG00000150630 ENSG00000185619 ENSG00000151422 ENSG00000078795 ENSG00000120725 ENSG00000113070 ENSG00000155511 ENSG00000113448 ENSG00000010810 ENSG00000079691 ENSG00000124557 ENSG00000096654 ENSG00000232040 ENSG00000137411 ENSG00000213654 ENSG00000204231 ENSG00000112659 ENSG00000135298 ENSG00000005483 ENSG00000184903 ENSG00000131558 ENSG00000002822 ENSG00000070882 ENSG00000176406 ENSG00000158106 ENSG00000147799 ENSG00000168077 ENSG00000147535 ENSG00000104442 ENSG00000130635,SORCS3 KLF6 SNX19 OPCML AMBRA1 SERPING1 CHST11 HVCN1 ANAPC5 RSRC2 TMTC1 LARP4 B4GALNT1 TPI1 TRHDE SERP2 C14orf180 RGS6 RPUSD2 CCNB2 CTSH PDE8A ARPIN DOC2A NMRAL1 SLC38A7 SMPD3 SPIRE2 SMG6 RUNDC3A GALR1 RGL3 TSSK6 DOT1L ZNF529 PLEKHO1 GATAD2B SLC9C2 KIF21B EPB41 STK40 SLC6A9 RERE DPYD TNRC6B ZC3H7B SHANK3 BZW1 BABAM2 CDC42EP3 STAMBP ZAP70 MSL2 PLCL2 TRANK1 CACNA2D2 ITIH4 ATXN7 MFAP3L VEGFC PCGF3 FER PKD2L2 SIL1 HBEGF GRIA1 PDE4D FYN CARMIL1 BTN1A1 ZNF184 SCAND3 VARS2 GPSM3 RXRB CUL9 ADGRB3 KMT2E IMMP2L EXOC4 MAD1L1 OSBPL3 RIMS2 RHPN1 ARHGAP39 SCARA3 PLPP5 ARMC1 COL5A1
GO:MF,GO:0004694,eukaryotic translation initiation factor 2alpha kinase activity,0.4034128233987055,False,2,94,18,1708,ENSG00000178093 ENSG00000196182,TSSK6 STK40
GO:MF,GO:0004711,ribosomal protein S6 kinase activity,0.4034128233987055,False,2,94,18,1708,ENSG00000178093 ENSG00000196182,TSSK6 STK40
GO:MF,GO:0004676,3-phosphoinositide-dependent protein kinase activity,0.4034128233987055,False,2,94,18,1708,ENSG00000178093 ENSG00000196182,TSSK6 STK40
GO:MF,GO:0016301,kinase activity,0.4034128233987055,False,5,94,59,1708,ENSG00000178093 ENSG00000196182 ENSG00000115085 ENSG00000151422 ENSG00000010810,TSSK6 STK40 ZAP70 FER FYN
GO:MF,GO:0141108,transporter regulator activity,0.4034128233987055,False,1,94,5,1708,ENSG00000113448,PDE4D
GO:MF,GO:0004679,AMP-activated protein kinase activity,0.4034128233987055,False,2,94,18,1708,ENSG00000178093 ENSG00000196182,TSSK6 STK40
GO:MF,GO:0001784,phosphotyrosine residue binding,0.4034128233987055,False,1,94,5,1708,ENSG00000115085,ZAP70
GO:MF,GO:0016247,channel regulator activity,0.4034128233987055,False,1,94,5,1708,ENSG00000113448,PDE4D
GO:MF,GO:0017171,serine hydrolase activity,0.4034128233987055,False,2,94,17,1708,ENSG00000103811 ENSG00000184903,CTSH IMMP2L
GO:BP,GO:0050865,regulation of cell activation,0.4066240902379364,False,5,94,58,1708,ENSG00000110497 ENSG00000115085 ENSG00000151422 ENSG00000010810 ENSG00000002822,AMBRA1 ZAP70 FER FYN MAD1L1
GO:BP,GO:0044843,cell cycle G1/S phase transition,0.40672394982105103,False,3,94,29,1708,ENSG00000110497 ENSG00000157456 ENSG00000005483,AMBRA1 CCNB2 KMT2E
GO:BP,GO:0070201,regulation of establishment of protein localization,0.40672394982105103,False,3,94,29,1708,ENSG00000053438 ENSG00000150630 ENSG00000010810,NNAT VEGFC FYN
GO:CC,GO:0045211,postsynaptic membrane,0.4092579855419017,False,4,94,29,1708,ENSG00000156395 ENSG00000196517 ENSG00000155511 ENSG00000135298,SORCS3 SLC6A9 GRIA1 ADGRB3
GO:BP,GO:0042127,regulation of cell population proliferation,0.4117095947775455,False,11,94,153,1708,ENSG00000110497 ENSG00000171310 ENSG00000103811 ENSG00000103056 ENSG00000124356 ENSG00000115085 ENSG00000150630 ENSG00000151422 ENSG00000113070 ENSG00000232040 ENSG00000002822,AMBRA1 CHST11 CTSH SMPD3 STAMBP ZAP70 VEGFC FER HBEGF SCAND3 MAD1L1
GO:CC,GO:0005581,collagen trimer,0.4134934367220968,False,2,94,9,1708,ENSG00000168077 ENSG00000130635,SCARA3 COL5A1
GO:CC,GO:0005583,fibrillar collagen trimer,0.4134934367220968,False,1,94,2,1708,ENSG00000130635,COL5A1
GO:CC,GO:0098644,complex of collagen trimers,0.4134934367220968,False,1,94,2,1708,ENSG00000130635,COL5A1
GO:CC,GO:0098643,fibrillar collagen complex,0.4134934367220968,False,1,94,2,1708,ENSG00000130635,COL5A1
GO:CC,GO:0140535,intracellular protein-containing complex,0.4134934367220968,False,7,94,69,1708,ENSG00000110497 ENSG00000089053 ENSG00000158019 ENSG00000174579 ENSG00000163635 ENSG00000185619 ENSG00000112659,AMBRA1 ANAPC5 BABAM2 MSL2 ATXN7 PCGF3 CUL9
GO:CC,GO:1902494,catalytic complex,0.4134934367220968,False,13,94,157,1708,ENSG00000110497 ENSG00000089053 ENSG00000157456 ENSG00000070366 ENSG00000143614 ENSG00000142599 ENSG00000158019 ENSG00000174579 ENSG00000163635 ENSG00000185619 ENSG00000112659 ENSG00000005483 ENSG00000184903,AMBRA1 ANAPC5 CCNB2 SMG6 GATAD2B RERE BABAM2 MSL2 ATXN7 PCGF3 CUL9 KMT2E IMMP2L
GO:CC,GO:0140152,collagenous component of interstitial matrix,0.4134934367220968,False,1,94,2,1708,ENSG00000130635,COL5A1
GO:CC,GO:0098985,"asymmetric, glutamatergic, excitatory synapse",0.4134934367220968,False,1,94,2,1708,ENSG00000135298,ADGRB3
GO:CC,GO:0060205,cytoplasmic vesicle lumen,0.4134934367220968,False,4,94,32,1708,ENSG00000149131 ENSG00000103811 ENSG00000055955 ENSG00000150630,SERPING1 CTSH ITIH4 VEGFC
GO:CC,GO:0070552,BRISC complex,0.4134934367220968,False,1,94,2,1708,ENSG00000158019,BABAM2
GO:CC,GO:0035145,exon-exon junction complex,0.4134934367220968,False,1,94,2,1708,ENSG00000070366,SMG6
GO:CC,GO:0045202,synapse,0.4134934367220968,False,11,94,133,1708,ENSG00000156395 ENSG00000149927 ENSG00000196517 ENSG00000251322 ENSG00000007402 ENSG00000155511 ENSG00000010810 ENSG00000135298 ENSG00000131558 ENSG00000176406 ENSG00000147799,SORCS3 DOC2A SLC6A9 SHANK3 CACNA2D2 GRIA1 FYN ADGRB3 EXOC4 RIMS2 ARHGAP39
GO:CC,GO:0097208,alveolar lamellar body,0.4134934367220968,False,1,94,2,1708,ENSG00000103811,CTSH
GO:CC,GO:0097486,multivesicular body lumen,0.4134934367220968,False,1,94,2,1708,ENSG00000103811,CTSH
GO:CC,GO:0044354,macropinosome,0.4134934367220968,False,1,94,2,1708,ENSG00000079691,CARMIL1
GO:CC,GO:0098978,glutamatergic synapse,0.4134934367220968,False,6,94,57,1708,ENSG00000156395 ENSG00000149927 ENSG00000251322 ENSG00000155511 ENSG00000135298 ENSG00000147799,SORCS3 DOC2A SHANK3 GRIA1 ADGRB3 ARHGAP39
GO:CC,GO:0042599,lamellar body,0.4134934367220968,False,1,94,2,1708,ENSG00000103811,CTSH
GO:CC,GO:0043083,synaptic cleft,0.4134934367220968,False,1,94,2,1708,ENSG00000135298,ADGRB3
GO:CC,GO:0044298,cell body membrane,0.4134934367220968,False,1,94,2,1708,ENSG00000155511,GRIA1
GO:CC,GO:0035748,myelin sheath abaxonal region,0.4134934367220968,False,1,94,2,1708,ENSG00000131558,EXOC4
GO:CC,GO:0034704,calcium channel complex,0.4134934367220968,False,2,94,9,1708,ENSG00000007402 ENSG00000113448,CACNA2D2 PDE4D
GO:CC,GO:0031091,platelet alpha granule,0.4134934367220968,False,2,94,9,1708,ENSG00000149131 ENSG00000150630,SERPING1 VEGFC
GO:CC,GO:0030027,lamellipodium,0.4134934367220968,False,3,94,20,1708,ENSG00000242498 ENSG00000151422 ENSG00000079691,ARPIN FER CARMIL1
GO:CC,GO:0030054,cell junction,0.4134934367220968,False,16,94,204,1708,ENSG00000156395 ENSG00000110497 ENSG00000149927 ENSG00000159023 ENSG00000196517 ENSG00000251322 ENSG00000115085 ENSG00000007402 ENSG00000198948 ENSG00000151422 ENSG00000155511 ENSG00000010810 ENSG00000135298 ENSG00000131558 ENSG00000176406 ENSG00000147799,SORCS3 AMBRA1 DOC2A EPB41 SLC6A9 SHANK3 ZAP70 CACNA2D2 MFAP3L FER GRIA1 FYN ADGRB3 EXOC4 RIMS2 ARHGAP39
GO:CC,GO:0031906,late endosome lumen,0.4134934367220968,False,1,94,2,1708,ENSG00000103811,CTSH
GO:CC,GO:0031983,vesicle lumen,0.4134934367220968,False,4,94,32,1708,ENSG00000149131 ENSG00000103811 ENSG00000055955 ENSG00000150630,SERPING1 CTSH ITIH4 VEGFC
GO:CC,GO:0032809,neuronal cell body membrane,0.4134934367220968,False,1,94,2,1708,ENSG00000155511,GRIA1
GO:CC,GO:0035102,PRC1 complex,0.4134934367220968,False,1,94,2,1708,ENSG00000185619,PCGF3
GO:CC,GO:0008021,synaptic vesicle,0.4134934367220968,False,3,94,21,1708,ENSG00000149927 ENSG00000196517 ENSG00000155511,DOC2A SLC6A9 GRIA1
GO:CC,GO:0034774,secretory granule lumen,0.4134934367220968,False,4,94,32,1708,ENSG00000149131 ENSG00000103811 ENSG00000055955 ENSG00000150630,SERPING1 CTSH ITIH4 VEGFC
GO:CC,GO:0044352,pinosome,0.4134934367220968,False,1,94,2,1708,ENSG00000079691,CARMIL1
GO:BP,GO:0016192,vesicle-mediated transport,0.4141245849379662,False,10,94,137,1708,ENSG00000120451 ENSG00000149927 ENSG00000103056 ENSG00000204991 ENSG00000155511 ENSG00000010810 ENSG00000079691 ENSG00000131558 ENSG00000176406 ENSG00000168077,SNX19 DOC2A SMPD3 SPIRE2 GRIA1 FYN CARMIL1 EXOC4 RIMS2 SCARA3
GO:BP,GO:0046883,regulation of hormone secretion,0.41522836637391886,False,2,94,16,1708,ENSG00000166573 ENSG00000053438,GALR1 NNAT
GO:BP,GO:0033002,muscle cell proliferation,0.41522836637391886,False,2,94,16,1708,ENSG00000103056 ENSG00000113070,SMPD3 HBEGF
GO:BP,GO:0060047,heart contraction,0.41522836637391886,False,2,94,16,1708,ENSG00000113070 ENSG00000113448,HBEGF PDE4D
GO:BP,GO:0044839,cell cycle G2/M phase transition,0.41522836637391886,False,2,94,16,1708,ENSG00000157456 ENSG00000158019,CCNB2 BABAM2
GO:BP,GO:1903522,regulation of blood circulation,0.41522836637391886,False,2,94,16,1708,ENSG00000113070 ENSG00000113448,HBEGF PDE4D
GO:BP,GO:0002698,negative regulation of immune effector process,0.41522836637391886,False,2,94,16,1708,ENSG00000149131 ENSG00000151422,SERPING1 FER
GO:BP,GO:0007091,metaphase/anaphase transition of mitotic cell cycle,0.41522836637391886,False,2,94,16,1708,ENSG00000089053 ENSG00000002822,ANAPC5 MAD1L1
GO:BP,GO:0007548,sex differentiation,0.41522836637391886,False,2,94,16,1708,ENSG00000151422 ENSG00000184903,FER IMMP2L
GO:BP,GO:0050769,positive regulation of neurogenesis,0.41522836637391886,False,2,94,16,1708,ENSG00000251322 ENSG00000150630,SHANK3 VEGFC
GO:BP,GO:0016311,dephosphorylation,0.41522836637391886,False,2,94,16,1708,ENSG00000070366 ENSG00000147535,SMG6 PLPP5
GO:BP,GO:0048705,skeletal system morphogenesis,0.41522836637391886,False,2,94,16,1708,ENSG00000171310 ENSG00000103056,CHST11 SMPD3
GO:BP,GO:0030071,regulation of mitotic metaphase/anaphase transition,0.41522836637391886,False,2,94,16,1708,ENSG00000089053 ENSG00000002822,ANAPC5 MAD1L1
GO:BP,GO:0038127,ERBB signaling pathway,0.41522836637391886,False,2,94,16,1708,ENSG00000151422 ENSG00000113070,FER HBEGF
GO:BP,GO:0051668,localization within membrane,0.4195972310296075,False,5,94,59,1708,ENSG00000251322 ENSG00000007402 ENSG00000120725 ENSG00000010810 ENSG00000131558,SHANK3 CACNA2D2 SIL1 FYN EXOC4
GO:BP,GO:0019538,protein metabolic process,0.4269744945796488,False,23,94,357,1708,ENSG00000110497 ENSG00000171310 ENSG00000089053 ENSG00000133687 ENSG00000161813 ENSG00000072657 ENSG00000103811 ENSG00000178093 ENSG00000196182 ENSG00000196517 ENSG00000053438 ENSG00000100354 ENSG00000082153 ENSG00000158019 ENSG00000124356 ENSG00000115085 ENSG00000174579 ENSG00000151422 ENSG00000120725 ENSG00000010810 ENSG00000137411 ENSG00000112659 ENSG00000184903,AMBRA1 CHST11 ANAPC5 TMTC1 LARP4 TRHDE CTSH TSSK6 STK40 SLC6A9 NNAT TNRC6B BZW1 BABAM2 STAMBP ZAP70 MSL2 FER SIL1 FYN VARS2 CUL9 IMMP2L
GO:BP,GO:0006282,regulation of DNA repair,0.42799951592408536,False,3,94,30,1708,ENSG00000204991 ENSG00000158019 ENSG00000163635,SPIRE2 BABAM2 ATXN7
GO:BP,GO:1901988,negative regulation of cell cycle phase transition,0.42799951592408536,False,3,94,30,1708,ENSG00000104885 ENSG00000158019 ENSG00000002822,DOT1L BABAM2 MAD1L1
GO:CC,GO:0043005,neuron projection,0.42801354414714854,False,9,94,104,1708,ENSG00000182732 ENSG00000149927 ENSG00000103042 ENSG00000116852 ENSG00000251322 ENSG00000198948 ENSG00000155511 ENSG00000010810 ENSG00000131558,RGS6 DOC2A SLC38A7 KIF21B SHANK3 MFAP3L GRIA1 FYN EXOC4
GO:BP,GO:0002376,immune system process,0.4291485692546227,False,17,94,255,1708,ENSG00000067082 ENSG00000110497 ENSG00000149131 ENSG00000122986 ENSG00000157456 ENSG00000103811 ENSG00000103056 ENSG00000115085 ENSG00000154822 ENSG00000150630 ENSG00000151422 ENSG00000113448 ENSG00000010810 ENSG00000124557 ENSG00000213654 ENSG00000005483 ENSG00000002822,KLF6 AMBRA1 SERPING1 HVCN1 CCNB2 CTSH SMPD3 ZAP70 PLCL2 VEGFC FER PDE4D FYN BTN1A1 GPSM3 KMT2E MAD1L1
GO:BP,GO:2000300,regulation of synaptic vesicle exocytosis,0.4292089631079239,False,1,94,5,1708,ENSG00000176406,RIMS2
GO:BP,GO:0002687,positive regulation of leukocyte migration,0.4292089631079239,False,2,94,17,1708,ENSG00000150630 ENSG00000213654,VEGFC GPSM3
GO:BP,GO:0002684,positive regulation of immune system process,0.4292089631079239,False,9,94,123,1708,ENSG00000110497 ENSG00000149131 ENSG00000115085 ENSG00000154822 ENSG00000150630 ENSG00000113448 ENSG00000010810 ENSG00000124557 ENSG00000213654,AMBRA1 SERPING1 ZAP70 PLCL2 VEGFC PDE4D FYN BTN1A1 GPSM3
GO:BP,GO:0002534,cytokine production involved in inflammatory response,0.4292089631079239,False,1,94,5,1708,ENSG00000213654,GPSM3
GO:BP,GO:0005977,glycogen metabolic process,0.4292089631079239,False,1,94,5,1708,ENSG00000196182,STK40
GO:BP,GO:0045667,regulation of osteoblast differentiation,0.4292089631079239,False,1,94,5,1708,ENSG00000150630,VEGFC
GO:BP,GO:0120163,negative regulation of cold-induced thermogenesis,0.4292089631079239,False,1,94,5,1708,ENSG00000154822,PLCL2
GO:BP,GO:0120032,regulation of plasma membrane bounded cell projection assembly,0.4292089631079239,False,2,94,17,1708,ENSG00000163171 ENSG00000151422,CDC42EP3 FER
GO:BP,GO:0034314,Arp2/3 complex-mediated actin nucleation,0.4292089631079239,False,1,94,5,1708,ENSG00000079691,CARMIL1
GO:BP,GO:0006885,regulation of pH,0.4292089631079239,False,2,94,17,1708,ENSG00000122986 ENSG00000162753,HVCN1 SLC9C2
GO:BP,GO:0060986,endocrine hormone secretion,0.4292089631079239,False,1,94,5,1708,ENSG00000166573,GALR1
GO:BP,GO:0044784,metaphase/anaphase transition of cell cycle,0.4292089631079239,False,2,94,17,1708,ENSG00000089053 ENSG00000002822,ANAPC5 MAD1L1
GO:BP,GO:0006417,regulation of translation,0.4292089631079239,False,3,94,31,1708,ENSG00000161813 ENSG00000100354 ENSG00000082153,LARP4 TNRC6B BZW1
GO:BP,GO:0001944,vasculature development,0.4292089631079239,False,6,94,76,1708,ENSG00000103811 ENSG00000150630 ENSG00000010810 ENSG00000135298 ENSG00000184903 ENSG00000130635,CTSH VEGFC FYN ADGRB3 IMMP2L COL5A1
GO:BP,GO:0030166,proteoglycan biosynthetic process,0.4292089631079239,False,1,94,5,1708,ENSG00000171310,CHST11
GO:BP,GO:0006493,protein O-linked glycosylation,0.4292089631079239,False,1,94,5,1708,ENSG00000133687,TMTC1
GO:BP,GO:0052547,regulation of peptidase activity,0.4292089631079239,False,1,94,5,1708,ENSG00000103811,CTSH
GO:BP,GO:0055117,regulation of cardiac muscle contraction,0.4292089631079239,False,1,94,5,1708,ENSG00000113448,PDE4D
GO:BP,GO:0001662,behavioral fear response,0.4292089631079239,False,1,94,5,1708,ENSG00000251322,SHANK3
GO:BP,GO:1902683,regulation of receptor localization to synapse,0.4292089631079239,False,1,94,5,1708,ENSG00000007402,CACNA2D2
GO:BP,GO:0030098,lymphocyte differentiation,0.4292089631079239,False,4,94,46,1708,ENSG00000067082 ENSG00000110497 ENSG00000115085 ENSG00000154822,KLF6 AMBRA1 ZAP70 PLCL2
GO:BP,GO:0010664,negative regulation of striated muscle cell apoptotic process,0.4292089631079239,False,1,94,5,1708,ENSG00000110497,AMBRA1
GO:BP,GO:0050863,regulation of T cell activation,0.4292089631079239,False,4,94,45,1708,ENSG00000110497 ENSG00000115085 ENSG00000010810 ENSG00000002822,AMBRA1 ZAP70 FYN MAD1L1
GO:BP,GO:0050892,intestinal absorption,0.4292089631079239,False,1,94,5,1708,ENSG00000159023,EPB41
GO:BP,GO:0042596,fear response,0.4292089631079239,False,1,94,5,1708,ENSG00000251322,SHANK3
GO:BP,GO:0071359,cellular response to dsRNA,0.4292089631079239,False,1,94,5,1708,ENSG00000155511,GRIA1
GO:BP,GO:0044771,meiotic cell cycle phase transition,0.4292089631079239,False,1,94,5,1708,ENSG00000157456,CCNB2
GO:BP,GO:0042659,regulation of cell fate specification,0.4292089631079239,False,1,94,5,1708,ENSG00000143614,GATAD2B
GO:BP,GO:1990830,cellular response to leukemia inhibitory factor,0.4292089631079239,False,1,94,5,1708,ENSG00000150630,VEGFC
GO:BP,GO:0010761,fibroblast migration,0.4292089631079239,False,1,94,5,1708,ENSG00000151422,FER
GO:BP,GO:0042733,embryonic digit morphogenesis,0.4292089631079239,False,1,94,5,1708,ENSG00000171310,CHST11
GO:BP,GO:0048266,behavioral response to pain,0.4292089631079239,False,1,94,5,1708,ENSG00000155511,GRIA1
GO:BP,GO:0051984,positive regulation of chromosome segregation,0.4292089631079239,False,1,94,5,1708,ENSG00000002822,MAD1L1
GO:BP,GO:0036120,cellular response to platelet-derived growth factor stimulus,0.4292089631079239,False,1,94,5,1708,ENSG00000010810,FYN
GO:BP,GO:0043536,positive regulation of blood vessel endothelial cell migration,0.4292089631079239,False,1,94,5,1708,ENSG00000150630,VEGFC
GO:BP,GO:0071806,protein transmembrane transport,0.4292089631079239,False,1,94,5,1708,ENSG00000131558,EXOC4
GO:BP,GO:0007214,gamma-aminobutyric acid signaling pathway,0.4292089631079239,False,1,94,5,1708,ENSG00000154822,PLCL2
GO:BP,GO:0010460,positive regulation of heart rate,0.4292089631079239,False,1,94,5,1708,ENSG00000113448,PDE4D
GO:BP,GO:0006997,nucleus organization,0.4292089631079239,False,2,94,17,1708,ENSG00000178093 ENSG00000163635,TSSK6 ATXN7
GO:BP,GO:0033036,macromolecule localization,0.4292089631079239,False,17,94,256,1708,ENSG00000120451 ENSG00000171310 ENSG00000168778 ENSG00000103056 ENSG00000204991 ENSG00000070366 ENSG00000166573 ENSG00000159023 ENSG00000053438 ENSG00000251322 ENSG00000007402 ENSG00000150630 ENSG00000120725 ENSG00000010810 ENSG00000131558 ENSG00000070882 ENSG00000176406,SNX19 CHST11 TCTN2 SMPD3 SPIRE2 SMG6 GALR1 EPB41 NNAT SHANK3 CACNA2D2 VEGFC SIL1 FYN EXOC4 OSBPL3 RIMS2
GO:BP,GO:0045823,positive regulation of heart contraction,0.4292089631079239,False,1,94,5,1708,ENSG00000113448,PDE4D
GO:BP,GO:0010232,vascular transport,0.4292089631079239,False,1,94,5,1708,ENSG00000196517,SLC6A9
GO:BP,GO:0046622,positive regulation of organ growth,0.4292089631079239,False,1,94,5,1708,ENSG00000007402,CACNA2D2
GO:BP,GO:0098698,postsynaptic specialization assembly,0.4292089631079239,False,1,94,5,1708,ENSG00000251322,SHANK3
GO:BP,GO:0010667,negative regulation of cardiac muscle cell apoptotic process,0.4292089631079239,False,1,94,5,1708,ENSG00000110497,AMBRA1
GO:BP,GO:0006953,acute-phase response,0.4292089631079239,False,1,94,5,1708,ENSG00000055955,ITIH4
GO:BP,GO:0016525,negative regulation of angiogenesis,0.4292089631079239,False,2,94,17,1708,ENSG00000010810 ENSG00000135298,FYN ADGRB3
GO:BP,GO:0040014,regulation of multicellular organism growth,0.4292089631079239,False,1,94,5,1708,ENSG00000007402,CACNA2D2
GO:BP,GO:0051650,establishment of vesicle localization,0.4292089631079239,False,2,94,17,1708,ENSG00000103056 ENSG00000131558,SMPD3 EXOC4
GO:BP,GO:0072132,mesenchyme morphogenesis,0.4292089631079239,False,1,94,5,1708,ENSG00000131558,EXOC4
GO:BP,GO:0044042,glucan metabolic process,0.4292089631079239,False,1,94,5,1708,ENSG00000196182,STK40
GO:BP,GO:0048523,negative regulation of cellular process,0.4292089631079239,False,29,94,465,1708,ENSG00000156395 ENSG00000110497 ENSG00000171310 ENSG00000182732 ENSG00000103811 ENSG00000242498 ENSG00000103056 ENSG00000070366 ENSG00000104885 ENSG00000143614 ENSG00000196182 ENSG00000142599 ENSG00000100354 ENSG00000100403 ENSG00000251322 ENSG00000158019 ENSG00000124356 ENSG00000154822 ENSG00000163635 ENSG00000150630 ENSG00000185619 ENSG00000151422 ENSG00000155511 ENSG00000113448 ENSG00000010810 ENSG00000079691 ENSG00000002822 ENSG00000158106 ENSG00000130635,SORCS3 AMBRA1 CHST11 RGS6 CTSH ARPIN SMPD3 SMG6 DOT1L GATAD2B STK40 RERE TNRC6B ZC3H7B SHANK3 BABAM2 STAMBP PLCL2 ATXN7 VEGFC PCGF3 FER GRIA1 PDE4D FYN CARMIL1 MAD1L1 RHPN1 COL5A1
GO:BP,GO:1900015,regulation of cytokine production involved in inflammatory response,0.4292089631079239,False,1,94,5,1708,ENSG00000213654,GPSM3
GO:BP,GO:0051653,spindle localization,0.4292089631079239,False,1,94,5,1708,ENSG00000204991,SPIRE2
GO:BP,GO:0051222,positive regulation of protein transport,0.4292089631079239,False,2,94,17,1708,ENSG00000053438 ENSG00000150630,NNAT VEGFC
GO:BP,GO:0030837,negative regulation of actin filament polymerization,0.4292089631079239,False,1,94,5,1708,ENSG00000079691,CARMIL1
GO:BP,GO:1903037,regulation of leukocyte cell-cell adhesion,0.4292089631079239,False,4,94,45,1708,ENSG00000110497 ENSG00000115085 ENSG00000010810 ENSG00000002822,AMBRA1 ZAP70 FYN MAD1L1
GO:BP,GO:1903036,positive regulation of response to wounding,0.4292089631079239,False,1,94,5,1708,ENSG00000113070,HBEGF
GO:BP,GO:0031111,negative regulation of microtubule polymerization or depolymerization,0.4292089631079239,False,1,94,5,1708,ENSG00000163635,ATXN7
GO:BP,GO:0030866,cortical actin cytoskeleton organization,0.4292089631079239,False,1,94,5,1708,ENSG00000159023,EPB41
GO:BP,GO:0051098,regulation of binding,0.4292089631079239,False,2,94,17,1708,ENSG00000104885 ENSG00000159023,DOT1L EPB41
GO:BP,GO:0051293,establishment of spindle localization,0.4292089631079239,False,1,94,5,1708,ENSG00000204991,SPIRE2
GO:BP,GO:0071559,response to transforming growth factor beta,0.4292089631079239,False,2,94,17,1708,ENSG00000171310 ENSG00000010810,CHST11 FYN
GO:BP,GO:0071560,cellular response to transforming growth factor beta stimulus,0.4292089631079239,False,2,94,17,1708,ENSG00000171310 ENSG00000010810,CHST11 FYN
GO:BP,GO:0060997,dendritic spine morphogenesis,0.4292089631079239,False,1,94,5,1708,ENSG00000251322,SHANK3
GO:BP,GO:0045582,positive regulation of T cell differentiation,0.4292089631079239,False,2,94,17,1708,ENSG00000110497 ENSG00000115085,AMBRA1 ZAP70
GO:BP,GO:0019320,hexose catabolic process,0.4292089631079239,False,1,94,5,1708,ENSG00000111669,TPI1
GO:BP,GO:0045912,negative regulation of carbohydrate metabolic process,0.4292089631079239,False,1,94,5,1708,ENSG00000103056,SMPD3
GO:BP,GO:0046148,pigment biosynthetic process,0.4292089631079239,False,1,94,5,1708,ENSG00000196517,SLC6A9
GO:BP,GO:0031638,zymogen activation,0.4292089631079239,False,1,94,5,1708,ENSG00000103811,CTSH
GO:BP,GO:0031648,protein destabilization,0.4292089631079239,False,1,94,5,1708,ENSG00000103811,CTSH
GO:BP,GO:0032092,positive regulation of protein binding,0.4292089631079239,False,1,94,5,1708,ENSG00000159023,EPB41
GO:BP,GO:0021879,forebrain neuron differentiation,0.4292089631079239,False,1,94,5,1708,ENSG00000251322,SHANK3
GO:BP,GO:1901343,negative regulation of vasculature development,0.4292089631079239,False,2,94,17,1708,ENSG00000010810 ENSG00000135298,FYN ADGRB3
GO:BP,GO:0046620,regulation of organ growth,0.4292089631079239,False,1,94,5,1708,ENSG00000007402,CACNA2D2
GO:BP,GO:0050858,negative regulation of antigen receptor-mediated signaling pathway,0.4292089631079239,False,1,94,5,1708,ENSG00000154822,PLCL2
GO:BP,GO:0051591,response to cAMP,0.4292089631079239,False,1,94,5,1708,ENSG00000113448,PDE4D
GO:BP,GO:0031346,positive regulation of cell projection organization,0.4292089631079239,False,3,94,31,1708,ENSG00000163171 ENSG00000010810 ENSG00000079691,CDC42EP3 FYN CARMIL1
GO:BP,GO:0009247,glycolipid biosynthetic process,0.4292089631079239,False,1,94,5,1708,ENSG00000135454,B4GALNT1
GO:BP,GO:0009299,mRNA transcription,0.4292089631079239,False,1,94,5,1708,ENSG00000204231,RXRB
GO:BP,GO:0009117,nucleotide metabolic process,0.4292089631079239,False,4,94,45,1708,ENSG00000111669 ENSG00000073417 ENSG00000188641 ENSG00000113448,TPI1 PDE8A DPYD PDE4D
GO:BP,GO:0009123,nucleoside monophosphate metabolic process,0.4292089631079239,False,1,94,5,1708,ENSG00000188641,DPYD
GO:BP,GO:0170062,nutrient storage,0.4292089631079239,False,1,94,5,1708,ENSG00000135454,B4GALNT1
GO:BP,GO:0150104,transport across blood-brain barrier,0.4292089631079239,False,1,94,5,1708,ENSG00000196517,SLC6A9
GO:BP,GO:1903524,positive regulation of blood circulation,0.4292089631079239,False,1,94,5,1708,ENSG00000113448,PDE4D
GO:BP,GO:0017158,regulation of calcium ion-dependent exocytosis,0.4292089631079239,False,1,94,5,1708,ENSG00000149927,DOC2A
GO:BP,GO:0097107,postsynaptic density assembly,0.4292089631079239,False,1,94,5,1708,ENSG00000251322,SHANK3
GO:BP,GO:1902175,regulation of oxidative stress-induced intrinsic apoptotic signaling pathway,0.4292089631079239,False,1,94,5,1708,ENSG00000010810,FYN
GO:BP,GO:0031338,regulation of vesicle fusion,0.4292089631079239,False,1,94,5,1708,ENSG00000149927,DOC2A
GO:BP,GO:0090287,regulation of cellular response to growth factor stimulus,0.4292089631079239,False,2,94,17,1708,ENSG00000171310 ENSG00000150630,CHST11 VEGFC
GO:BP,GO:0009150,purine ribonucleotide metabolic process,0.4292089631079239,False,3,94,31,1708,ENSG00000111669 ENSG00000073417 ENSG00000113448,TPI1 PDE8A PDE4D
GO:BP,GO:0050776,regulation of immune response,0.4292089631079239,False,8,94,107,1708,ENSG00000149131 ENSG00000103811 ENSG00000115085 ENSG00000154822 ENSG00000151422 ENSG00000113448 ENSG00000010810 ENSG00000124557,SERPING1 CTSH ZAP70 PLCL2 FER PDE4D FYN BTN1A1
GO:BP,GO:0046649,lymphocyte activation,0.4292089631079239,False,6,94,76,1708,ENSG00000067082 ENSG00000110497 ENSG00000115085 ENSG00000154822 ENSG00000010810 ENSG00000002822,KLF6 AMBRA1 ZAP70 PLCL2 FYN MAD1L1
GO:BP,GO:0021510,spinal cord development,0.4292089631079239,False,1,94,5,1708,ENSG00000155511,GRIA1
GO:BP,GO:0060998,regulation of dendritic spine development,0.4292089631079239,False,1,94,5,1708,ENSG00000251322,SHANK3
GO:BP,GO:0060999,positive regulation of dendritic spine development,0.4292089631079239,False,1,94,5,1708,ENSG00000251322,SHANK3
GO:BP,GO:0042181,ketone biosynthetic process,0.4292089631079239,False,1,94,5,1708,ENSG00000111669,TPI1
GO:BP,GO:1902473,regulation of protein localization to synapse,0.4292089631079239,False,1,94,5,1708,ENSG00000007402,CACNA2D2
GO:BP,GO:0019915,lipid storage,0.4292089631079239,False,1,94,5,1708,ENSG00000135454,B4GALNT1
GO:BP,GO:2000181,negative regulation of blood vessel morphogenesis,0.4292089631079239,False,2,94,17,1708,ENSG00000010810 ENSG00000135298,FYN ADGRB3
GO:BP,GO:1902099,regulation of metaphase/anaphase transition of cell cycle,0.4292089631079239,False,2,94,17,1708,ENSG00000089053 ENSG00000002822,ANAPC5 MAD1L1
GO:MF,GO:0016627,"oxidoreductase activity, acting on the CH-CH group of donors",0.42924693175476747,False,1,94,6,1708,ENSG00000188641,DPYD
GO:MF,GO:0038024,cargo receptor activity,0.42924693175476747,False,1,94,6,1708,ENSG00000168077,SCARA3
GO:MF,GO:0004677,DNA-dependent protein kinase activity,0.42924693175476747,False,2,94,19,1708,ENSG00000178093 ENSG00000196182,TSSK6 STK40
GO:MF,GO:1990756,ubiquitin-like ligase-substrate adaptor activity,0.42924693175476747,False,1,94,6,1708,ENSG00000110497,AMBRA1
GO:MF,GO:0050661,NADP binding,0.42924693175476747,False,1,94,6,1708,ENSG00000188641,DPYD
GO:MF,GO:1904315,transmitter-gated monoatomic ion channel activity involved in regulation of postsynaptic membrane potential,0.42924693175476747,False,1,94,6,1708,ENSG00000155511,GRIA1
GO:MF,GO:0022835,transmitter-gated channel activity,0.42924693175476747,False,1,94,6,1708,ENSG00000155511,GRIA1
GO:MF,GO:0022824,transmitter-gated monoatomic ion channel activity,0.42924693175476747,False,1,94,6,1708,ENSG00000155511,GRIA1
GO:MF,GO:0035198,miRNA binding,0.42924693175476747,False,1,94,6,1708,ENSG00000100403,ZC3H7B
GO:MF,GO:0022804,active transmembrane transporter activity,0.42924693175476747,False,3,94,34,1708,ENSG00000103042 ENSG00000162753 ENSG00000196517,SLC38A7 SLC9C2 SLC6A9
GO:MF,GO:0061980,regulatory RNA binding,0.42924693175476747,False,1,94,6,1708,ENSG00000100403,ZC3H7B
GO:MF,GO:0160215,deacylase activity,0.42924693175476747,False,1,94,6,1708,ENSG00000137411,VARS2
GO:CC,GO:0044309,neuron spine,0.4302264455481198,False,2,94,11,1708,ENSG00000251322 ENSG00000155511,SHANK3 GRIA1
GO:CC,GO:1902493,acetyltransferase complex,0.4302264455481198,False,2,94,11,1708,ENSG00000174579 ENSG00000163635,MSL2 ATXN7
GO:CC,GO:0070382,exocytic vesicle,0.4302264455481198,False,3,94,22,1708,ENSG00000149927 ENSG00000196517 ENSG00000155511,DOC2A SLC6A9 GRIA1
GO:CC,GO:0031248,protein acetyltransferase complex,0.4302264455481198,False,2,94,11,1708,ENSG00000174579 ENSG00000163635,MSL2 ATXN7
GO:CC,GO:0000123,histone acetyltransferase complex,0.4302264455481198,False,2,94,11,1708,ENSG00000174579 ENSG00000163635,MSL2 ATXN7
GO:BP,GO:0042060,wound healing,0.44441193332599405,False,3,94,32,1708,ENSG00000149131 ENSG00000113070 ENSG00000130635,SERPING1 HBEGF COL5A1
GO:BP,GO:0042391,regulation of membrane potential,0.44441193332599405,False,3,94,32,1708,ENSG00000251322 ENSG00000155511 ENSG00000176406,SHANK3 GRIA1 RIMS2
GO:BP,GO:0051241,negative regulation of multicellular organismal process,0.44441193332599405,False,7,94,94,1708,ENSG00000149131 ENSG00000154822 ENSG00000151422 ENSG00000113448 ENSG00000010810 ENSG00000135298 ENSG00000002822,SERPING1 PLCL2 FER PDE4D FYN ADGRB3 MAD1L1
GO:BP,GO:0033044,regulation of chromosome organization,0.44441193332599405,False,3,94,32,1708,ENSG00000089053 ENSG00000070366 ENSG00000002822,ANAPC5 SMG6 MAD1L1
GO:BP,GO:0007159,leukocyte cell-cell adhesion,0.4448654944495931,False,4,94,47,1708,ENSG00000110497 ENSG00000115085 ENSG00000010810 ENSG00000002822,AMBRA1 ZAP70 FYN MAD1L1
GO:BP,GO:0043254,regulation of protein-containing complex assembly,0.4448654944495931,False,4,94,47,1708,ENSG00000110497 ENSG00000163171 ENSG00000151422 ENSG00000079691,AMBRA1 CDC42EP3 FER CARMIL1
GO:BP,GO:0009893,positive regulation of metabolic process,0.4450315094026017,False,19,94,295,1708,ENSG00000067082 ENSG00000110497 ENSG00000161813 ENSG00000103811 ENSG00000204991 ENSG00000166573 ENSG00000104885 ENSG00000143614 ENSG00000196517 ENSG00000142599 ENSG00000100354 ENSG00000158019 ENSG00000174579 ENSG00000163635 ENSG00000155511 ENSG00000113448 ENSG00000213654 ENSG00000204231 ENSG00000005483,KLF6 AMBRA1 LARP4 CTSH SPIRE2 GALR1 DOT1L GATAD2B SLC6A9 RERE TNRC6B BABAM2 MSL2 ATXN7 GRIA1 PDE4D GPSM3 RXRB KMT2E
GO:BP,GO:0045621,positive regulation of lymphocyte differentiation,0.4470323732180233,False,2,94,18,1708,ENSG00000110497 ENSG00000115085,AMBRA1 ZAP70
GO:BP,GO:0050920,regulation of chemotaxis,0.4470323732180233,False,2,94,18,1708,ENSG00000150630 ENSG00000213654,VEGFC GPSM3
GO:BP,GO:0042063,gliogenesis,0.4470323732180233,False,2,94,18,1708,ENSG00000251322 ENSG00000150630,SHANK3 VEGFC
GO:BP,GO:0033045,regulation of sister chromatid segregation,0.4470323732180233,False,2,94,18,1708,ENSG00000089053 ENSG00000002822,ANAPC5 MAD1L1
GO:BP,GO:0001763,morphogenesis of a branching structure,0.4470323732180233,False,2,94,18,1708,ENSG00000103811 ENSG00000142599,CTSH RERE
GO:BP,GO:0060491,regulation of cell projection assembly,0.4470323732180233,False,2,94,18,1708,ENSG00000163171 ENSG00000151422,CDC42EP3 FER
GO:BP,GO:0021537,telencephalon development,0.4470323732180233,False,2,94,18,1708,ENSG00000251322 ENSG00000155511,SHANK3 GRIA1
GO:BP,GO:2000241,regulation of reproductive process,0.4470323732180233,False,2,94,18,1708,ENSG00000122986 ENSG00000089053,HVCN1 ANAPC5
GO:BP,GO:0031669,cellular response to nutrient levels,0.4470323732180233,False,2,94,18,1708,ENSG00000110497 ENSG00000204231,AMBRA1 RXRB
GO:BP,GO:0051146,striated muscle cell differentiation,0.4470323732180233,False,2,94,18,1708,ENSG00000023902 ENSG00000135298,PLEKHO1 ADGRB3
GO:BP,GO:0010604,positive regulation of macromolecule metabolic process,0.4508221307728149,False,18,94,279,1708,ENSG00000067082 ENSG00000161813 ENSG00000103811 ENSG00000204991 ENSG00000166573 ENSG00000104885 ENSG00000143614 ENSG00000196517 ENSG00000142599 ENSG00000100354 ENSG00000158019 ENSG00000174579 ENSG00000163635 ENSG00000155511 ENSG00000113448 ENSG00000213654 ENSG00000204231 ENSG00000005483,KLF6 LARP4 CTSH SPIRE2 GALR1 DOT1L GATAD2B SLC6A9 RERE TNRC6B BABAM2 MSL2 ATXN7 GRIA1 PDE4D GPSM3 RXRB KMT2E
GO:BP,GO:0000226,microtubule cytoskeleton organization,0.4508221307728149,False,5,94,63,1708,ENSG00000157456 ENSG00000204991 ENSG00000163635 ENSG00000151422 ENSG00000112659,CCNB2 SPIRE2 ATXN7 FER CUL9
GO:BP,GO:0016567,protein ubiquitination,0.4508221307728149,False,5,94,63,1708,ENSG00000110497 ENSG00000089053 ENSG00000174579 ENSG00000010810 ENSG00000112659,AMBRA1 ANAPC5 MSL2 FYN CUL9
GO:BP,GO:0010557,positive regulation of macromolecule biosynthetic process,0.45218723091173574,False,15,94,228,1708,ENSG00000067082 ENSG00000161813 ENSG00000103811 ENSG00000166573 ENSG00000104885 ENSG00000143614 ENSG00000196517 ENSG00000142599 ENSG00000174579 ENSG00000163635 ENSG00000155511 ENSG00000113448 ENSG00000213654 ENSG00000204231 ENSG00000005483,KLF6 LARP4 CTSH GALR1 DOT1L GATAD2B SLC6A9 RERE MSL2 ATXN7 GRIA1 PDE4D GPSM3 RXRB KMT2E
GO:BP,GO:0048609,multicellular organismal reproductive process,0.4533864728107729,False,6,94,79,1708,ENSG00000135454 ENSG00000157456 ENSG00000204991 ENSG00000178093 ENSG00000151422 ENSG00000184903,B4GALNT1 CCNB2 SPIRE2 TSSK6 FER IMMP2L
GO:MF,GO:0032559,adenyl ribonucleotide binding,0.45475968623692514,False,9,94,133,1708,ENSG00000178093 ENSG00000116852 ENSG00000196182 ENSG00000115085 ENSG00000151422 ENSG00000113448 ENSG00000010810 ENSG00000137411 ENSG00000112659,TSSK6 KIF21B STK40 ZAP70 FER PDE4D FYN VARS2 CUL9
GO:BP,GO:0019722,calcium-mediated signaling,0.46109585868888786,False,2,94,19,1708,ENSG00000115085 ENSG00000155511,ZAP70 GRIA1
GO:BP,GO:0050798,activated T cell proliferation,0.46109585868888786,False,1,94,6,1708,ENSG00000010810,FYN
GO:BP,GO:0019233,sensory perception of pain,0.46109585868888786,False,1,94,6,1708,ENSG00000010810,FYN
GO:BP,GO:0019226,transmission of nerve impulse,0.46109585868888786,False,1,94,6,1708,ENSG00000155511,GRIA1
GO:BP,GO:0061024,membrane organization,0.46109585868888786,False,5,94,65,1708,ENSG00000149927 ENSG00000204991 ENSG00000251322 ENSG00000131558 ENSG00000130635,DOC2A SPIRE2 SHANK3 EXOC4 COL5A1
GO:BP,GO:0048265,response to pain,0.46109585868888786,False,1,94,6,1708,ENSG00000155511,GRIA1
GO:BP,GO:2000045,regulation of G1/S transition of mitotic cell cycle,0.46109585868888786,False,2,94,19,1708,ENSG00000110497 ENSG00000005483,AMBRA1 KMT2E
GO:BP,GO:0006112,energy reserve metabolic process,0.46109585868888786,False,1,94,6,1708,ENSG00000196182,STK40
GO:BP,GO:0002695,negative regulation of leukocyte activation,0.46109585868888786,False,2,94,19,1708,ENSG00000151422 ENSG00000002822,FER MAD1L1
GO:BP,GO:0070252,actin-mediated cell contraction,0.46109585868888786,False,1,94,6,1708,ENSG00000113448,PDE4D
GO:BP,GO:0062237,protein localization to postsynapse,0.46109585868888786,False,1,94,6,1708,ENSG00000007402,CACNA2D2
GO:BP,GO:0048608,reproductive structure development,0.46109585868888786,False,2,94,19,1708,ENSG00000151422 ENSG00000184903,FER IMMP2L
GO:BP,GO:0031670,cellular response to nutrient,0.46109585868888786,False,1,94,6,1708,ENSG00000204231,RXRB
GO:BP,GO:0031667,response to nutrient levels,0.46109585868888786,False,3,94,33,1708,ENSG00000110497 ENSG00000155511 ENSG00000204231,AMBRA1 GRIA1 RXRB
GO:BP,GO:1905039,carboxylic acid transmembrane transport,0.46109585868888786,False,1,94,6,1708,ENSG00000196517,SLC6A9
GO:BP,GO:0046365,monosaccharide catabolic process,0.46109585868888786,False,1,94,6,1708,ENSG00000111669,TPI1
GO:BP,GO:1901524,regulation of mitophagy,0.46109585868888786,False,1,94,6,1708,ENSG00000110497,AMBRA1
GO:BP,GO:0050819,negative regulation of coagulation,0.46109585868888786,False,1,94,6,1708,ENSG00000149131,SERPING1
GO:BP,GO:0009116,nucleoside metabolic process,0.46109585868888786,False,1,94,6,1708,ENSG00000188641,DPYD
GO:BP,GO:0021872,forebrain generation of neurons,0.46109585868888786,False,1,94,6,1708,ENSG00000251322,SHANK3
GO:BP,GO:1901184,regulation of ERBB signaling pathway,0.46109585868888786,False,1,94,6,1708,ENSG00000151422,FER
GO:BP,GO:0042058,regulation of epidermal growth factor receptor signaling pathway,0.46109585868888786,False,1,94,6,1708,ENSG00000151422,FER
GO:BP,GO:0007528,neuromuscular junction development,0.46109585868888786,False,1,94,6,1708,ENSG00000007402,CACNA2D2
GO:BP,GO:1903539,protein localization to postsynaptic membrane,0.46109585868888786,False,1,94,6,1708,ENSG00000007402,CACNA2D2
GO:BP,GO:0016239,positive regulation of macroautophagy,0.46109585868888786,False,1,94,6,1708,ENSG00000110497,AMBRA1
GO:BP,GO:0040029,epigenetic regulation of gene expression,0.46109585868888786,False,4,94,49,1708,ENSG00000104885 ENSG00000174579 ENSG00000185619 ENSG00000005483,DOT1L MSL2 PCGF3 KMT2E
GO:BP,GO:1900047,negative regulation of hemostasis,0.46109585868888786,False,1,94,6,1708,ENSG00000149131,SERPING1
GO:BP,GO:0009268,response to pH,0.46109585868888786,False,1,94,6,1708,ENSG00000122986,HVCN1
GO:BP,GO:0042100,B cell proliferation,0.46109585868888786,False,1,94,6,1708,ENSG00000154822,PLCL2
GO:BP,GO:0031295,T cell costimulation,0.46109585868888786,False,1,94,6,1708,ENSG00000010810,FYN
GO:BP,GO:0031294,lymphocyte costimulation,0.46109585868888786,False,1,94,6,1708,ENSG00000010810,FYN
GO:BP,GO:0090277,positive regulation of peptide hormone secretion,0.46109585868888786,False,1,94,6,1708,ENSG00000053438,NNAT
GO:BP,GO:0030512,negative regulation of transforming growth factor beta receptor signaling pathway,0.46109585868888786,False,1,94,6,1708,ENSG00000171310,CHST11
GO:BP,GO:0043255,regulation of carbohydrate biosynthetic process,0.46109585868888786,False,1,94,6,1708,ENSG00000103056,SMPD3
GO:BP,GO:0007093,mitotic cell cycle checkpoint signaling,0.46109585868888786,False,2,94,19,1708,ENSG00000158019 ENSG00000002822,BABAM2 MAD1L1
GO:BP,GO:0043547,positive regulation of GTPase activity,0.46109585868888786,False,1,94,6,1708,ENSG00000182732,RGS6
GO:BP,GO:0007631,feeding behavior,0.46109585868888786,False,1,94,6,1708,ENSG00000010810,FYN
GO:BP,GO:0007616,long-term memory,0.46109585868888786,False,1,94,6,1708,ENSG00000155511,GRIA1
GO:BP,GO:0051781,positive regulation of cell division,0.46109585868888786,False,1,94,6,1708,ENSG00000150630,VEGFC
GO:BP,GO:0051648,vesicle localization,0.46109585868888786,False,2,94,19,1708,ENSG00000103056 ENSG00000131558,SMPD3 EXOC4
GO:BP,GO:0032355,response to estradiol,0.46109585868888786,False,1,94,6,1708,ENSG00000155511,GRIA1
GO:BP,GO:0009100,glycoprotein metabolic process,0.46109585868888786,False,2,94,19,1708,ENSG00000171310 ENSG00000133687,CHST11 TMTC1
GO:BP,GO:0032272,negative regulation of protein polymerization,0.46109585868888786,False,1,94,6,1708,ENSG00000079691,CARMIL1
GO:BP,GO:0090150,establishment of protein localization to membrane,0.46109585868888786,False,2,94,19,1708,ENSG00000120725 ENSG00000010810,SIL1 FYN
GO:BP,GO:0071364,cellular response to epidermal growth factor stimulus,0.46109585868888786,False,1,94,6,1708,ENSG00000073417,PDE8A
GO:BP,GO:1904861,excitatory synapse assembly,0.46109585868888786,False,1,94,6,1708,ENSG00000251322,SHANK3
GO:BP,GO:0035194,regulatory ncRNA-mediated post-transcriptional gene silencing,0.46109585868888786,False,1,94,6,1708,ENSG00000100354,TNRC6B
GO:BP,GO:1990823,response to leukemia inhibitory factor,0.46109585868888786,False,1,94,6,1708,ENSG00000150630,VEGFC
GO:BP,GO:0046578,regulation of Ras protein signal transduction,0.46109585868888786,False,1,94,6,1708,ENSG00000124356,STAMBP
GO:BP,GO:0048814,regulation of dendrite morphogenesis,0.46109585868888786,False,1,94,6,1708,ENSG00000135298,ADGRB3
GO:BP,GO:0010948,negative regulation of cell cycle process,0.46109585868888786,False,3,94,33,1708,ENSG00000104885 ENSG00000158019 ENSG00000002822,DOT1L BABAM2 MAD1L1
GO:BP,GO:0010833,telomere maintenance via telomere lengthening,0.46109585868888786,False,1,94,6,1708,ENSG00000070366,SMG6
GO:BP,GO:0030195,negative regulation of blood coagulation,0.46109585868888786,False,1,94,6,1708,ENSG00000149131,SERPING1
GO:BP,GO:0001541,ovarian follicle development,0.46109585868888786,False,1,94,6,1708,ENSG00000184903,IMMP2L
GO:BP,GO:0007019,microtubule depolymerization,0.46109585868888786,False,1,94,6,1708,ENSG00000163635,ATXN7
GO:BP,GO:0043113,receptor clustering,0.46109585868888786,False,1,94,6,1708,ENSG00000251322,SHANK3
GO:BP,GO:0051932,"synaptic transmission, GABAergic",0.46109585868888786,False,1,94,6,1708,ENSG00000154822,PLCL2
GO:BP,GO:0000154,rRNA modification,0.46109585868888786,False,1,94,6,1708,ENSG00000166133,RPUSD2
GO:BP,GO:0043029,T cell homeostasis,0.46109585868888786,False,1,94,6,1708,ENSG00000157456,CCNB2
GO:BP,GO:0050918,positive chemotaxis,0.46109585868888786,False,1,94,6,1708,ENSG00000150630,VEGFC
GO:BP,GO:0099504,synaptic vesicle cycle,0.46109585868888786,False,2,94,19,1708,ENSG00000149927 ENSG00000176406,DOC2A RIMS2
GO:BP,GO:0006903,vesicle targeting,0.46109585868888786,False,1,94,6,1708,ENSG00000131558,EXOC4
GO:BP,GO:0048499,synaptic vesicle membrane organization,0.46109585868888786,False,1,94,6,1708,ENSG00000149927,DOC2A
GO:BP,GO:0010665,regulation of cardiac muscle cell apoptotic process,0.46109585868888786,False,1,94,6,1708,ENSG00000110497,AMBRA1
GO:BP,GO:0061458,reproductive system development,0.46109585868888786,False,2,94,19,1708,ENSG00000151422 ENSG00000184903,FER IMMP2L
GO:BP,GO:0002793,positive regulation of peptide secretion,0.46109585868888786,False,1,94,6,1708,ENSG00000053438,NNAT
GO:BP,GO:0046685,response to arsenic-containing substance,0.46109585868888786,False,1,94,6,1708,ENSG00000155511,GRIA1
GO:BP,GO:0060996,dendritic spine development,0.46109585868888786,False,1,94,6,1708,ENSG00000251322,SHANK3
GO:BP,GO:0002209,behavioral defense response,0.46109585868888786,False,1,94,6,1708,ENSG00000251322,SHANK3
GO:BP,GO:0002312,B cell activation involved in immune response,0.46109585868888786,False,1,94,6,1708,ENSG00000154822,PLCL2
GO:BP,GO:0002274,myeloid leukocyte activation,0.46109585868888786,False,2,94,19,1708,ENSG00000151422 ENSG00000005483,FER KMT2E
GO:BP,GO:0044818,mitotic G2/M transition checkpoint,0.46109585868888786,False,1,94,6,1708,ENSG00000158019,BABAM2
GO:BP,GO:0014812,muscle cell migration,0.46109585868888786,False,1,94,6,1708,ENSG00000023902,PLEKHO1
GO:BP,GO:0006687,glycosphingolipid metabolic process,0.46109585868888786,False,1,94,6,1708,ENSG00000135454,B4GALNT1
GO:BP,GO:0014015,positive regulation of gliogenesis,0.46109585868888786,False,1,94,6,1708,ENSG00000150630,VEGFC
GO:BP,GO:0030101,natural killer cell activation,0.46109585868888786,False,1,94,6,1708,ENSG00000010810,FYN
GO:BP,GO:0140353,lipid export from cell,0.46109585868888786,False,1,94,6,1708,ENSG00000166573,GALR1
GO:BP,GO:0010662,regulation of striated muscle cell apoptotic process,0.46109585868888786,False,1,94,6,1708,ENSG00000110497,AMBRA1
GO:BP,GO:0010659,cardiac muscle cell apoptotic process,0.46109585868888786,False,1,94,6,1708,ENSG00000110497,AMBRA1
GO:BP,GO:0010658,striated muscle cell apoptotic process,0.46109585868888786,False,1,94,6,1708,ENSG00000110497,AMBRA1
GO:BP,GO:0034332,adherens junction organization,0.46109585868888786,False,1,94,6,1708,ENSG00000151422,FER
GO:BP,GO:0006644,phospholipid metabolic process,0.46109585868888786,False,3,94,33,1708,ENSG00000103056 ENSG00000154822 ENSG00000147535,SMPD3 PLCL2 PLPP5
GO:BP,GO:0045055,regulated exocytosis,0.46109585868888786,False,2,94,19,1708,ENSG00000149927 ENSG00000176406,DOC2A RIMS2
GO:BP,GO:0035195,miRNA-mediated post-transcriptional gene silencing,0.46109585868888786,False,1,94,6,1708,ENSG00000100354,TNRC6B
GO:BP,GO:0070509,calcium ion import,0.46109585868888786,False,1,94,6,1708,ENSG00000010810,FYN
GO:BP,GO:1990806,ligand-gated ion channel signaling pathway,0.46109585868888786,False,1,94,6,1708,ENSG00000155511,GRIA1
GO:BP,GO:0002532,production of molecular mediator involved in inflammatory response,0.46109585868888786,False,1,94,6,1708,ENSG00000213654,GPSM3
GO:BP,GO:0061512,protein localization to cilium,0.46109585868888786,False,1,94,6,1708,ENSG00000168778,TCTN2
GO:BP,GO:0003158,endothelium development,0.46109585868888786,False,1,94,6,1708,ENSG00000113448,PDE4D
GO:MF,GO:0030594,neurotransmitter receptor activity,0.46517673738023335,False,1,94,7,1708,ENSG00000155511,GRIA1
GO:MF,GO:0008201,heparin binding,0.46517673738023335,False,2,94,21,1708,ENSG00000113070 ENSG00000130635,HBEGF COL5A1
GO:MF,GO:0008194,UDP-glycosyltransferase activity,0.46517673738023335,False,1,94,7,1708,ENSG00000135454,B4GALNT1
GO:MF,GO:0101005,deubiquitinase activity,0.46517673738023335,False,1,94,7,1708,ENSG00000124356,STAMBP
GO:MF,GO:0036094,small molecule binding,0.46517673738023335,False,34,94,572,1708,ENSG00000067082 ENSG00000072657 ENSG00000073417 ENSG00000149927 ENSG00000103056 ENSG00000070366 ENSG00000178093 ENSG00000186020 ENSG00000143614 ENSG00000116852 ENSG00000196182 ENSG00000196517 ENSG00000142599 ENSG00000188641 ENSG00000100403 ENSG00000124356 ENSG00000115085 ENSG00000174579 ENSG00000154822 ENSG00000007402 ENSG00000185619 ENSG00000151422 ENSG00000078795 ENSG00000113448 ENSG00000010810 ENSG00000096654 ENSG00000137411 ENSG00000204231 ENSG00000112659 ENSG00000005483 ENSG00000070882 ENSG00000176406 ENSG00000104442 ENSG00000130635,KLF6 TRHDE PDE8A DOC2A SMPD3 SMG6 TSSK6 ZNF529 GATAD2B KIF21B STK40 SLC6A9 RERE DPYD ZC3H7B STAMBP ZAP70 MSL2 PLCL2 CACNA2D2 PCGF3 FER PKD2L2 PDE4D FYN ZNF184 VARS2 RXRB CUL9 KMT2E OSBPL3 RIMS2 ARMC1 COL5A1
GO:MF,GO:0051117,ATPase binding,0.46517673738023335,False,1,94,7,1708,ENSG00000113448,PDE4D
GO:MF,GO:0050660,flavin adenine dinucleotide binding,0.46517673738023335,False,1,94,7,1708,ENSG00000188641,DPYD
GO:MF,GO:0016875,"ligase activity, forming carbon-oxygen bonds",0.46517673738023335,False,1,94,7,1708,ENSG00000137411,VARS2
GO:MF,GO:0019904,protein domain specific binding,0.46517673738023335,False,4,94,52,1708,ENSG00000124356 ENSG00000155511 ENSG00000010810 ENSG00000131558,STAMBP GRIA1 FYN EXOC4
GO:MF,GO:0031490,chromatin DNA binding,0.46517673738023335,False,2,94,21,1708,ENSG00000143614 ENSG00000174579,GATAD2B MSL2
GO:MF,GO:0004842,ubiquitin-protein transferase activity,0.46517673738023335,False,3,94,36,1708,ENSG00000174579 ENSG00000185619 ENSG00000112659,MSL2 PCGF3 CUL9
GO:MF,GO:0004519,endonuclease activity,0.46517673738023335,False,1,94,7,1708,ENSG00000070366,SMG6
GO:MF,GO:0008235,metalloexopeptidase activity,0.46517673738023335,False,1,94,7,1708,ENSG00000072657,TRHDE
GO:MF,GO:0004812,aminoacyl-tRNA ligase activity,0.46517673738023335,False,1,94,7,1708,ENSG00000137411,VARS2
GO:MF,GO:0019787,ubiquitin-like protein transferase activity,0.4688506504465907,False,3,94,37,1708,ENSG00000174579 ENSG00000185619 ENSG00000112659,MSL2 PCGF3 CUL9
GO:MF,GO:0008233,peptidase activity,0.4688506504465907,False,4,94,53,1708,ENSG00000072657 ENSG00000103811 ENSG00000124356 ENSG00000184903,TRHDE CTSH STAMBP IMMP2L
GO:MF,GO:0015631,tubulin binding,0.4688506504465907,False,3,94,37,1708,ENSG00000204991 ENSG00000116852 ENSG00000010810,SPIRE2 KIF21B FYN
GO:MF,GO:0003824,catalytic activity,0.46900838591569255,False,28,94,468,1708,ENSG00000171310 ENSG00000133687 ENSG00000135454 ENSG00000111669 ENSG00000072657 ENSG00000182732 ENSG00000166133 ENSG00000103811 ENSG00000073417 ENSG00000103056 ENSG00000070366 ENSG00000178093 ENSG00000104885 ENSG00000116852 ENSG00000196182 ENSG00000188641 ENSG00000124356 ENSG00000115085 ENSG00000174579 ENSG00000154822 ENSG00000185619 ENSG00000151422 ENSG00000113448 ENSG00000010810 ENSG00000137411 ENSG00000112659 ENSG00000184903 ENSG00000147535,CHST11 TMTC1 B4GALNT1 TPI1 TRHDE RGS6 RPUSD2 CTSH PDE8A SMPD3 SMG6 TSSK6 DOT1L KIF21B STK40 DPYD STAMBP ZAP70 MSL2 PLCL2 PCGF3 FER PDE4D FYN VARS2 CUL9 IMMP2L PLPP5
GO:BP,GO:0043170,macromolecule metabolic process,0.47041223336101173,False,48,94,817,1708,ENSG00000067082 ENSG00000110497 ENSG00000171310 ENSG00000089053 ENSG00000133687 ENSG00000161813 ENSG00000072657 ENSG00000166133 ENSG00000103811 ENSG00000073417 ENSG00000103056 ENSG00000204991 ENSG00000070366 ENSG00000166573 ENSG00000178093 ENSG00000104885 ENSG00000186020 ENSG00000143614 ENSG00000196182 ENSG00000196517 ENSG00000142599 ENSG00000053438 ENSG00000100354 ENSG00000100403 ENSG00000251322 ENSG00000082153 ENSG00000158019 ENSG00000124356 ENSG00000115085 ENSG00000174579 ENSG00000055955 ENSG00000163635 ENSG00000185619 ENSG00000151422 ENSG00000120725 ENSG00000155511 ENSG00000113448 ENSG00000010810 ENSG00000124557 ENSG00000096654 ENSG00000232040 ENSG00000137411 ENSG00000213654 ENSG00000204231 ENSG00000112659 ENSG00000005483 ENSG00000184903 ENSG00000130635,KLF6 AMBRA1 CHST11 ANAPC5 TMTC1 LARP4 TRHDE RPUSD2 CTSH PDE8A SMPD3 SPIRE2 SMG6 GALR1 TSSK6 DOT1L ZNF529 GATAD2B STK40 SLC6A9 RERE NNAT TNRC6B ZC3H7B SHANK3 BZW1 BABAM2 STAMBP ZAP70 MSL2 ITIH4 ATXN7 PCGF3 FER SIL1 GRIA1 PDE4D FYN BTN1A1 ZNF184 SCAND3 VARS2 GPSM3 RXRB CUL9 KMT2E IMMP2L COL5A1
GO:BP,GO:0051249,regulation of lymphocyte activation,0.47041223336101173,False,4,94,50,1708,ENSG00000110497 ENSG00000115085 ENSG00000010810 ENSG00000002822,AMBRA1 ZAP70 FYN MAD1L1
GO:BP,GO:0010608,post-transcriptional regulation of gene expression,0.47041223336101173,False,4,94,50,1708,ENSG00000161813 ENSG00000100354 ENSG00000100403 ENSG00000082153,LARP4 TNRC6B ZC3H7B BZW1
GO:BP,GO:0002252,immune effector process,0.4716178371069362,False,5,94,66,1708,ENSG00000149131 ENSG00000103811 ENSG00000154822 ENSG00000151422 ENSG00000005483,SERPING1 CTSH PLCL2 FER KMT2E
GO:BP,GO:0051050,positive regulation of transport,0.4716178371069362,False,5,94,66,1708,ENSG00000149927 ENSG00000103056 ENSG00000166573 ENSG00000053438 ENSG00000150630,DOC2A SMPD3 GALR1 NNAT VEGFC
GO:MF,GO:0043167,ion binding,0.47432865220645554,False,33,94,558,1708,ENSG00000067082 ENSG00000072657 ENSG00000073417 ENSG00000149927 ENSG00000103056 ENSG00000070366 ENSG00000178093 ENSG00000186020 ENSG00000143614 ENSG00000116852 ENSG00000196182 ENSG00000196517 ENSG00000142599 ENSG00000188641 ENSG00000100403 ENSG00000124356 ENSG00000115085 ENSG00000174579 ENSG00000154822 ENSG00000007402 ENSG00000185619 ENSG00000151422 ENSG00000078795 ENSG00000113448 ENSG00000010810 ENSG00000096654 ENSG00000137411 ENSG00000204231 ENSG00000112659 ENSG00000005483 ENSG00000176406 ENSG00000104442 ENSG00000130635,KLF6 TRHDE PDE8A DOC2A SMPD3 SMG6 TSSK6 ZNF529 GATAD2B KIF21B STK40 SLC6A9 RERE DPYD ZC3H7B STAMBP ZAP70 MSL2 PLCL2 CACNA2D2 PCGF3 FER PKD2L2 PDE4D FYN ZNF184 VARS2 RXRB CUL9 KMT2E RIMS2 ARMC1 COL5A1
GO:BP,GO:0048666,neuron development,0.4782638832052731,False,7,94,99,1708,ENSG00000183715 ENSG00000181291 ENSG00000142599 ENSG00000251322 ENSG00000010810 ENSG00000135298 ENSG00000176406,OPCML TMEM132E RERE SHANK3 FYN ADGRB3 RIMS2
GO:BP,GO:0051960,regulation of nervous system development,0.47826503543387155,False,3,94,35,1708,ENSG00000251322 ENSG00000150630 ENSG00000135298,SHANK3 VEGFC ADGRB3
GO:BP,GO:0050678,regulation of epithelial cell proliferation,0.47826503543387155,False,2,94,20,1708,ENSG00000150630 ENSG00000232040,VEGFC SCAND3
GO:BP,GO:0015980,energy derivation by oxidation of organic compounds,0.47826503543387155,False,3,94,35,1708,ENSG00000111669 ENSG00000196182 ENSG00000184903,TPI1 STK40 IMMP2L
GO:BP,GO:0045739,positive regulation of DNA repair,0.47826503543387155,False,2,94,20,1708,ENSG00000204991 ENSG00000158019,SPIRE2 BABAM2
GO:BP,GO:0099003,vesicle-mediated transport in synapse,0.47826503543387155,False,2,94,20,1708,ENSG00000149927 ENSG00000176406,DOC2A RIMS2
GO:BP,GO:1904062,regulation of monoatomic cation transmembrane transport,0.47826503543387155,False,2,94,20,1708,ENSG00000113448 ENSG00000010810,PDE4D FYN
GO:BP,GO:0043412,macromolecule modification,0.47826503543387155,False,13,94,200,1708,ENSG00000110497 ENSG00000089053 ENSG00000166133 ENSG00000178093 ENSG00000196182 ENSG00000053438 ENSG00000158019 ENSG00000124356 ENSG00000115085 ENSG00000174579 ENSG00000151422 ENSG00000010810 ENSG00000112659,AMBRA1 ANAPC5 RPUSD2 TSSK6 STK40 NNAT BABAM2 STAMBP ZAP70 MSL2 FER FYN CUL9
GO:BP,GO:0016241,regulation of macroautophagy,0.47826503543387155,False,2,94,20,1708,ENSG00000110497 ENSG00000131558,AMBRA1 EXOC4
GO:BP,GO:1901991,negative regulation of mitotic cell cycle phase transition,0.47826503543387155,False,2,94,20,1708,ENSG00000158019 ENSG00000002822,BABAM2 MAD1L1
GO:MF,GO:0035091,phosphatidylinositol binding,0.4791486103035927,False,2,94,22,1708,ENSG00000120451 ENSG00000159023,SNX19 EPB41
GO:BP,GO:0008152,metabolic process,0.4813781934553366,False,57,94,983,1708,ENSG00000067082 ENSG00000110497 ENSG00000171310 ENSG00000122986 ENSG00000089053 ENSG00000133687 ENSG00000161813 ENSG00000135454 ENSG00000111669 ENSG00000072657 ENSG00000166133 ENSG00000103811 ENSG00000073417 ENSG00000103056 ENSG00000204991 ENSG00000070366 ENSG00000166573 ENSG00000178093 ENSG00000104885 ENSG00000186020 ENSG00000143614 ENSG00000196182 ENSG00000196517 ENSG00000142599 ENSG00000188641 ENSG00000053438 ENSG00000100354 ENSG00000100403 ENSG00000251322 ENSG00000082153 ENSG00000158019 ENSG00000124356 ENSG00000115085 ENSG00000174579 ENSG00000154822 ENSG00000055955 ENSG00000163635 ENSG00000185619 ENSG00000151422 ENSG00000120725 ENSG00000155511 ENSG00000113448 ENSG00000010810 ENSG00000079691 ENSG00000124557 ENSG00000096654 ENSG00000232040 ENSG00000137411 ENSG00000213654 ENSG00000204231 ENSG00000112659 ENSG00000005483 ENSG00000184903 ENSG00000131558 ENSG00000070882 ENSG00000147535 ENSG00000130635,KLF6 AMBRA1 CHST11 HVCN1 ANAPC5 TMTC1 LARP4 B4GALNT1 TPI1 TRHDE RPUSD2 CTSH PDE8A SMPD3 SPIRE2 SMG6 GALR1 TSSK6 DOT1L ZNF529 GATAD2B STK40 SLC6A9 RERE DPYD NNAT TNRC6B ZC3H7B SHANK3 BZW1 BABAM2 STAMBP ZAP70 MSL2 PLCL2 ITIH4 ATXN7 PCGF3 FER SIL1 GRIA1 PDE4D FYN CARMIL1 BTN1A1 ZNF184 SCAND3 VARS2 GPSM3 RXRB CUL9 KMT2E IMMP2L EXOC4 OSBPL3 PLPP5 COL5A1
GO:BP,GO:0009891,positive regulation of biosynthetic process,0.48308995116502546,False,15,94,235,1708,ENSG00000067082 ENSG00000161813 ENSG00000103811 ENSG00000166573 ENSG00000104885 ENSG00000143614 ENSG00000196517 ENSG00000142599 ENSG00000174579 ENSG00000163635 ENSG00000155511 ENSG00000113448 ENSG00000213654 ENSG00000204231 ENSG00000005483,KLF6 LARP4 CTSH GALR1 DOT1L GATAD2B SLC6A9 RERE MSL2 ATXN7 GRIA1 PDE4D GPSM3 RXRB KMT2E
GO:MF,GO:0016755,aminoacyltransferase activity,0.4832381447190217,False,3,94,38,1708,ENSG00000174579 ENSG00000185619 ENSG00000112659,MSL2 PCGF3 CUL9
GO:MF,GO:0004674,protein serine/threonine kinase activity,0.4832381447190217,False,3,94,38,1708,ENSG00000178093 ENSG00000196182 ENSG00000010810,TSSK6 STK40 FYN
GO:BP,GO:0006753,nucleoside phosphate metabolic process,0.48417705256060384,False,4,94,51,1708,ENSG00000111669 ENSG00000073417 ENSG00000188641 ENSG00000113448,TPI1 PDE8A DPYD PDE4D
GO:BP,GO:0001525,angiogenesis,0.48417705256060384,False,4,94,51,1708,ENSG00000103811 ENSG00000150630 ENSG00000010810 ENSG00000135298,CTSH VEGFC FYN ADGRB3
GO:BP,GO:0045785,positive regulation of cell adhesion,0.48417705256060384,False,4,94,51,1708,ENSG00000110497 ENSG00000115085 ENSG00000010810 ENSG00000079691,AMBRA1 ZAP70 FYN CARMIL1
GO:BP,GO:0032870,cellular response to hormone stimulus,0.48417705256060384,False,4,94,51,1708,ENSG00000103811 ENSG00000151422 ENSG00000155511 ENSG00000204231,CTSH FER GRIA1 RXRB
GO:BP,GO:0035315,hair cell differentiation,0.4860679722340371,False,1,94,7,1708,ENSG00000181291,TMEM132E
GO:BP,GO:0033619,membrane protein proteolysis,0.4860679722340371,False,1,94,7,1708,ENSG00000103811,CTSH
GO:BP,GO:0033048,negative regulation of mitotic sister chromatid segregation,0.4860679722340371,False,1,94,7,1708,ENSG00000002822,MAD1L1
GO:BP,GO:0033046,negative regulation of sister chromatid segregation,0.4860679722340371,False,1,94,7,1708,ENSG00000002822,MAD1L1
GO:BP,GO:0033077,T cell differentiation in thymus,0.4860679722340371,False,1,94,7,1708,ENSG00000115085,ZAP70
GO:BP,GO:0032506,cytokinetic process,0.4860679722340371,False,1,94,7,1708,ENSG00000204991,SPIRE2
GO:BP,GO:1904892,regulation of receptor signaling pathway via STAT,0.4860679722340371,False,1,94,7,1708,ENSG00000104885,DOT1L
GO:BP,GO:0036211,protein modification process,0.4860679722340371,False,12,94,185,1708,ENSG00000110497 ENSG00000089053 ENSG00000178093 ENSG00000196182 ENSG00000053438 ENSG00000158019 ENSG00000124356 ENSG00000115085 ENSG00000174579 ENSG00000151422 ENSG00000010810 ENSG00000112659,AMBRA1 ANAPC5 TSSK6 STK40 NNAT BABAM2 STAMBP ZAP70 MSL2 FER FYN CUL9
GO:BP,GO:0048699,generation of neurons,0.4860679722340371,False,8,94,117,1708,ENSG00000183715 ENSG00000181291 ENSG00000142599 ENSG00000251322 ENSG00000150630 ENSG00000010810 ENSG00000135298 ENSG00000176406,OPCML TMEM132E RERE SHANK3 VEGFC FYN ADGRB3 RIMS2
GO:BP,GO:0032663,regulation of interleukin-2 production,0.4860679722340371,False,1,94,7,1708,ENSG00000113448,PDE4D
GO:BP,GO:0048638,regulation of developmental growth,0.4860679722340371,False,2,94,21,1708,ENSG00000007402 ENSG00000176406,CACNA2D2 RIMS2
GO:BP,GO:0032623,interleukin-2 production,0.4860679722340371,False,1,94,7,1708,ENSG00000113448,PDE4D
GO:BP,GO:0042119,neutrophil activation,0.4860679722340371,False,1,94,7,1708,ENSG00000005483,KMT2E
GO:BP,GO:0031397,negative regulation of protein ubiquitination,0.4860679722340371,False,1,94,7,1708,ENSG00000010810,FYN
GO:BP,GO:0031589,cell-substrate adhesion,0.4860679722340371,False,2,94,21,1708,ENSG00000151422 ENSG00000079691,FER CARMIL1
GO:BP,GO:0031577,spindle checkpoint signaling,0.4860679722340371,False,1,94,7,1708,ENSG00000002822,MAD1L1
GO:BP,GO:0030048,actin filament-based movement,0.4860679722340371,False,1,94,7,1708,ENSG00000113448,PDE4D
GO:BP,GO:0030193,regulation of blood coagulation,0.4860679722340371,False,1,94,7,1708,ENSG00000149131,SERPING1
GO:BP,GO:0030865,cortical cytoskeleton organization,0.4860679722340371,False,1,94,7,1708,ENSG00000159023,EPB41
GO:BP,GO:0036230,granulocyte activation,0.4860679722340371,False,1,94,7,1708,ENSG00000005483,KMT2E
GO:BP,GO:1902808,positive regulation of cell cycle G1/S phase transition,0.4860679722340371,False,1,94,7,1708,ENSG00000005483,KMT2E
GO:BP,GO:0021695,cerebellar cortex development,0.4860679722340371,False,1,94,7,1708,ENSG00000142599,RERE
GO:BP,GO:0050796,regulation of insulin secretion,0.4860679722340371,False,1,94,7,1708,ENSG00000053438,NNAT
GO:BP,GO:1902533,positive regulation of intracellular signal transduction,0.4860679722340371,False,7,94,102,1708,ENSG00000110497 ENSG00000073417 ENSG00000115085 ENSG00000151422 ENSG00000113070 ENSG00000204231 ENSG00000002822,AMBRA1 PDE8A ZAP70 FER HBEGF RXRB MAD1L1
GO:BP,GO:0050818,regulation of coagulation,0.4860679722340371,False,1,94,7,1708,ENSG00000149131,SERPING1
GO:BP,GO:0050850,positive regulation of calcium-mediated signaling,0.4860679722340371,False,1,94,7,1708,ENSG00000115085,ZAP70
GO:BP,GO:0170041,non-proteinogenic amino acid metabolic process,0.4860679722340371,False,1,94,7,1708,ENSG00000188641,DPYD
GO:BP,GO:0016441,post-transcriptional gene silencing,0.4860679722340371,False,1,94,7,1708,ENSG00000100354,TNRC6B
GO:BP,GO:0046638,positive regulation of alpha-beta T cell differentiation,0.4860679722340371,False,1,94,7,1708,ENSG00000115085,ZAP70
GO:BP,GO:0042475,odontogenesis of dentin-containing tooth,0.4860679722340371,False,1,94,7,1708,ENSG00000103056,SMPD3
GO:BP,GO:0042440,pigment metabolic process,0.4860679722340371,False,1,94,7,1708,ENSG00000196517,SLC6A9
GO:BP,GO:1902100,negative regulation of metaphase/anaphase transition of cell cycle,0.4860679722340371,False,1,94,7,1708,ENSG00000002822,MAD1L1
GO:BP,GO:0050877,nervous system process,0.4860679722340371,False,7,94,100,1708,ENSG00000156395 ENSG00000251322 ENSG00000163635 ENSG00000155511 ENSG00000010810 ENSG00000135298 ENSG00000176406,SORCS3 SHANK3 ATXN7 GRIA1 FYN ADGRB3 RIMS2
GO:BP,GO:1900046,regulation of hemostasis,0.4860679722340371,False,1,94,7,1708,ENSG00000149131,SERPING1
GO:BP,GO:0141091,transforming growth factor beta receptor superfamily signaling pathway,0.4860679722340371,False,2,94,21,1708,ENSG00000171310 ENSG00000103056,CHST11 SMPD3
GO:BP,GO:0042770,signal transduction in response to DNA damage,0.4860679722340371,False,2,94,21,1708,ENSG00000104885 ENSG00000158019,DOT1L BABAM2
GO:BP,GO:0043039,tRNA aminoacylation,0.4860679722340371,False,1,94,7,1708,ENSG00000137411,VARS2
GO:BP,GO:0043038,amino acid activation,0.4860679722340371,False,1,94,7,1708,ENSG00000137411,VARS2
GO:BP,GO:0043279,response to alkaloid,0.4860679722340371,False,1,94,7,1708,ENSG00000155511,GRIA1
GO:BP,GO:0010453,regulation of cell fate commitment,0.4860679722340371,False,1,94,7,1708,ENSG00000143614,GATAD2B
GO:BP,GO:0009791,post-embryonic development,0.4860679722340371,False,1,94,7,1708,ENSG00000171310,CHST11
GO:BP,GO:0051279,regulation of release of sequestered calcium ion into cytosol,0.4860679722340371,False,1,94,7,1708,ENSG00000113448,PDE4D
GO:BP,GO:0046513,ceramide biosynthetic process,0.4860679722340371,False,1,94,7,1708,ENSG00000135454,B4GALNT1
GO:BP,GO:0051099,positive regulation of binding,0.4860679722340371,False,1,94,7,1708,ENSG00000159023,EPB41
GO:BP,GO:0051058,negative regulation of small GTPase mediated signal transduction,0.4860679722340371,False,1,94,7,1708,ENSG00000124356,STAMBP
GO:BP,GO:0043331,response to dsRNA,0.4860679722340371,False,1,94,7,1708,ENSG00000155511,GRIA1
GO:BP,GO:0010811,positive regulation of cell-substrate adhesion,0.4860679722340371,False,1,94,7,1708,ENSG00000079691,CARMIL1
GO:BP,GO:0099068,postsynapse assembly,0.4860679722340371,False,1,94,7,1708,ENSG00000251322,SHANK3
GO:BP,GO:0015850,organic hydroxy compound transport,0.4860679722340371,False,2,94,21,1708,ENSG00000166573 ENSG00000070882,GALR1 OSBPL3
GO:BP,GO:0010656,negative regulation of muscle cell apoptotic process,0.4860679722340371,False,1,94,7,1708,ENSG00000110497,AMBRA1
GO:BP,GO:0010972,negative regulation of G2/M transition of mitotic cell cycle,0.4860679722340371,False,1,94,7,1708,ENSG00000158019,BABAM2
GO:BP,GO:0050866,negative regulation of cell activation,0.4860679722340371,False,2,94,21,1708,ENSG00000151422 ENSG00000002822,FER MAD1L1
GO:BP,GO:0007405,neuroblast proliferation,0.4860679722340371,False,1,94,7,1708,ENSG00000150630,VEGFC
GO:BP,GO:0051784,negative regulation of nuclear division,0.4860679722340371,False,1,94,7,1708,ENSG00000002822,MAD1L1
GO:BP,GO:0007033,vacuole organization,0.4860679722340371,False,2,94,21,1708,ENSG00000110497 ENSG00000135454,AMBRA1 B4GALNT1
GO:BP,GO:0071479,cellular response to ionizing radiation,0.4860679722340371,False,1,94,7,1708,ENSG00000158019,BABAM2
GO:BP,GO:0071174,mitotic spindle checkpoint signaling,0.4860679722340371,False,1,94,7,1708,ENSG00000002822,MAD1L1
GO:BP,GO:0071173,spindle assembly checkpoint signaling,0.4860679722340371,False,1,94,7,1708,ENSG00000002822,MAD1L1
GO:BP,GO:0007094,mitotic spindle assembly checkpoint signaling,0.4860679722340371,False,1,94,7,1708,ENSG00000002822,MAD1L1
GO:BP,GO:0000045,autophagosome assembly,0.4860679722340371,False,1,94,7,1708,ENSG00000110497,AMBRA1
GO:BP,GO:0051965,positive regulation of synapse assembly,0.4860679722340371,False,1,94,7,1708,ENSG00000135298,ADGRB3
GO:BP,GO:0008608,attachment of spindle microtubules to kinetochore,0.4860679722340371,False,1,94,7,1708,ENSG00000002822,MAD1L1
GO:BP,GO:0046425,regulation of receptor signaling pathway via JAK-STAT,0.4860679722340371,False,1,94,7,1708,ENSG00000104885,DOT1L
GO:BP,GO:1905819,negative regulation of chromosome separation,0.4860679722340371,False,1,94,7,1708,ENSG00000002822,MAD1L1
GO:BP,GO:0045862,positive regulation of proteolysis,0.4860679722340371,False,1,94,7,1708,ENSG00000103811,CTSH
GO:BP,GO:0045841,negative regulation of mitotic metaphase/anaphase transition,0.4860679722340371,False,1,94,7,1708,ENSG00000002822,MAD1L1
GO:BP,GO:0045580,regulation of T cell differentiation,0.4860679722340371,False,2,94,21,1708,ENSG00000110497 ENSG00000115085,AMBRA1 ZAP70
GO:BP,GO:0045454,cell redox homeostasis,0.4860679722340371,False,1,94,7,1708,ENSG00000122986,HVCN1
GO:BP,GO:0045591,positive regulation of regulatory T cell differentiation,0.4860679722340371,False,1,94,7,1708,ENSG00000110497,AMBRA1
GO:BP,GO:0045839,negative regulation of mitotic nuclear division,0.4860679722340371,False,1,94,7,1708,ENSG00000002822,MAD1L1
GO:BP,GO:0006801,superoxide metabolic process,0.4860679722340371,False,1,94,7,1708,ENSG00000184903,IMMP2L
GO:BP,GO:0070849,response to epidermal growth factor,0.4860679722340371,False,1,94,7,1708,ENSG00000073417,PDE8A
GO:BP,GO:0061035,regulation of cartilage development,0.4860679722340371,False,1,94,7,1708,ENSG00000103056,SMPD3
GO:BP,GO:0061045,negative regulation of wound healing,0.4860679722340371,False,1,94,7,1708,ENSG00000149131,SERPING1
GO:BP,GO:0006081,aldehyde metabolic process,0.4860679722340371,False,1,94,7,1708,ENSG00000111669,TPI1
GO:BP,GO:0045123,cellular extravasation,0.4860679722340371,False,1,94,7,1708,ENSG00000151422,FER
GO:BP,GO:0006405,RNA export from nucleus,0.4860679722340371,False,1,94,7,1708,ENSG00000070366,SMG6
GO:BP,GO:0006418,tRNA aminoacylation for protein translation,0.4860679722340371,False,1,94,7,1708,ENSG00000137411,VARS2
GO:BP,GO:0002027,regulation of heart rate,0.4860679722340371,False,1,94,7,1708,ENSG00000113448,PDE4D
GO:BP,GO:0001881,receptor recycling,0.4860679722340371,False,1,94,7,1708,ENSG00000155511,GRIA1
GO:BP,GO:0051985,negative regulation of chromosome segregation,0.4860679722340371,False,1,94,7,1708,ENSG00000002822,MAD1L1
GO:BP,GO:0071805,potassium ion transmembrane transport,0.4860679722340371,False,1,94,7,1708,ENSG00000162753,SLC9C2
GO:BP,GO:0071875,adrenergic receptor signaling pathway,0.4860679722340371,False,1,94,7,1708,ENSG00000113448,PDE4D
GO:BP,GO:0043535,regulation of blood vessel endothelial cell migration,0.4860679722340371,False,1,94,7,1708,ENSG00000150630,VEGFC
GO:BP,GO:2000179,positive regulation of neural precursor cell proliferation,0.4860679722340371,False,1,94,7,1708,ENSG00000150630,VEGFC
GO:BP,GO:2000816,negative regulation of mitotic sister chromatid separation,0.4860679722340371,False,1,94,7,1708,ENSG00000002822,MAD1L1
GO:BP,GO:0002861,regulation of inflammatory response to antigenic stimulus,0.4860679722340371,False,1,94,7,1708,ENSG00000010810,FYN
GO:BP,GO:0006468,protein phosphorylation,0.48807593258438325,False,5,94,69,1708,ENSG00000178093 ENSG00000196182 ENSG00000115085 ENSG00000151422 ENSG00000010810,TSSK6 STK40 ZAP70 FER FYN
GO:BP,GO:0007155,cell adhesion,0.48815040123344194,False,8,94,119,1708,ENSG00000183715 ENSG00000110497 ENSG00000115085 ENSG00000151422 ENSG00000010810 ENSG00000079691 ENSG00000002822 ENSG00000130635,OPCML AMBRA1 ZAP70 FER FYN CARMIL1 MAD1L1 COL5A1
GO:BP,GO:2000026,regulation of multicellular organismal development,0.4886140694925497,False,9,94,136,1708,ENSG00000110497 ENSG00000103811 ENSG00000103056 ENSG00000251322 ENSG00000115085 ENSG00000150630 ENSG00000010810 ENSG00000204231 ENSG00000135298,AMBRA1 CTSH SMPD3 SHANK3 ZAP70 VEGFC FYN RXRB ADGRB3
GO:BP,GO:0051254,positive regulation of RNA metabolic process,0.4886140694925497,False,10,94,153,1708,ENSG00000067082 ENSG00000166573 ENSG00000104885 ENSG00000143614 ENSG00000142599 ENSG00000100354 ENSG00000174579 ENSG00000163635 ENSG00000204231 ENSG00000005483,KLF6 GALR1 DOT1L GATAD2B RERE TNRC6B MSL2 ATXN7 RXRB KMT2E
GO:BP,GO:0055086,nucleobase-containing small molecule metabolic process,0.4915110926302488,False,4,94,53,1708,ENSG00000111669 ENSG00000073417 ENSG00000188641 ENSG00000113448,TPI1 PDE8A DPYD PDE4D
GO:BP,GO:0018193,peptidyl-amino acid modification,0.4915110926302488,False,4,94,53,1708,ENSG00000053438 ENSG00000115085 ENSG00000151422 ENSG00000010810,NNAT ZAP70 FER FYN
GO:BP,GO:1903131,mononuclear cell differentiation,0.4915110926302488,False,4,94,53,1708,ENSG00000067082 ENSG00000110497 ENSG00000115085 ENSG00000154822,KLF6 AMBRA1 ZAP70 PLCL2
GO:BP,GO:0050870,positive regulation of T cell activation,0.49156612926507676,False,3,94,37,1708,ENSG00000110497 ENSG00000115085 ENSG00000010810,AMBRA1 ZAP70 FYN
GO:MF,GO:0016740,transferase activity,0.492900143089876,False,12,94,191,1708,ENSG00000171310 ENSG00000133687 ENSG00000135454 ENSG00000178093 ENSG00000104885 ENSG00000196182 ENSG00000115085 ENSG00000174579 ENSG00000185619 ENSG00000151422 ENSG00000010810 ENSG00000112659,CHST11 TMTC1 B4GALNT1 TSSK6 DOT1L STK40 ZAP70 MSL2 PCGF3 FER FYN CUL9
GO:CC,GO:0032154,cleavage furrow,0.4934608854533575,False,2,94,12,1708,ENSG00000204991 ENSG00000124356,SPIRE2 STAMBP
GO:CC,GO:0032281,AMPA glutamate receptor complex,0.493708522339118,False,1,94,3,1708,ENSG00000155511,GRIA1
GO:CC,GO:0032433,filopodium tip,0.493708522339118,False,1,94,3,1708,ENSG00000070882,OSBPL3
GO:CC,GO:0031904,endosome lumen,0.493708522339118,False,1,94,3,1708,ENSG00000103811,CTSH
GO:CC,GO:0036038,MKS complex,0.493708522339118,False,1,94,3,1708,ENSG00000168778,TCTN2
GO:CC,GO:0032591,dendritic spine membrane,0.493708522339118,False,1,94,3,1708,ENSG00000155511,GRIA1
GO:CC,GO:0042101,T cell receptor complex,0.493708522339118,False,1,94,3,1708,ENSG00000115085,ZAP70
GO:CC,GO:0043198,dendritic shaft,0.493708522339118,False,1,94,3,1708,ENSG00000155511,GRIA1
GO:CC,GO:0160110,axonemal microtubule doublet inner sheath,0.493708522339118,False,1,94,3,1708,ENSG00000178093,TSSK6
GO:CC,GO:0097545,axonemal doublet microtubule,0.493708522339118,False,1,94,3,1708,ENSG00000178093,TSSK6
GO:CC,GO:0031941,filamentous actin,0.493708522339118,False,1,94,3,1708,ENSG00000079691,CARMIL1
GO:CC,GO:0033276,transcription factor TFTC complex,0.493708522339118,False,1,94,3,1708,ENSG00000163635,ATXN7
GO:CC,GO:0036464,cytoplasmic ribonucleoprotein granule,0.493708522339118,False,3,94,25,1708,ENSG00000161813 ENSG00000103811 ENSG00000100354,LARP4 CTSH TNRC6B
GO:CC,GO:0043209,myelin sheath,0.493708522339118,False,1,94,3,1708,ENSG00000131558,EXOC4
GO:CC,GO:0005884,actin filament,0.4939830638444227,False,2,94,13,1708,ENSG00000010810 ENSG00000079691,FYN CARMIL1
GO:MF,GO:0140938,histone H3 methyltransferase activity,0.4950109886745285,False,1,94,8,1708,ENSG00000104885,DOT1L
GO:MF,GO:0003730,mRNA 3'-UTR binding,0.4950109886745285,False,1,94,8,1708,ENSG00000161813,LARP4
GO:MF,GO:0019783,ubiquitin-like protein peptidase activity,0.4950109886745285,False,1,94,8,1708,ENSG00000124356,STAMBP
GO:MF,GO:0051539,"4 iron, 4 sulfur cluster binding",0.4950109886745285,False,1,94,8,1708,ENSG00000188641,DPYD
GO:MF,GO:0140767,enzyme-substrate adaptor activity,0.4950109886745285,False,1,94,8,1708,ENSG00000110497,AMBRA1
GO:MF,GO:0015079,potassium ion transmembrane transporter activity,0.4950109886745285,False,1,94,8,1708,ENSG00000162753,SLC9C2
GO:BP,GO:0009058,biosynthetic process,0.4977556779664392,False,41,94,701,1708,ENSG00000067082 ENSG00000110497 ENSG00000171310 ENSG00000122986 ENSG00000133687 ENSG00000161813 ENSG00000135454 ENSG00000111669 ENSG00000166133 ENSG00000103811 ENSG00000073417 ENSG00000103056 ENSG00000070366 ENSG00000166573 ENSG00000104885 ENSG00000186020 ENSG00000143614 ENSG00000196182 ENSG00000196517 ENSG00000142599 ENSG00000188641 ENSG00000053438 ENSG00000100354 ENSG00000100403 ENSG00000251322 ENSG00000082153 ENSG00000174579 ENSG00000163635 ENSG00000185619 ENSG00000120725 ENSG00000155511 ENSG00000113448 ENSG00000010810 ENSG00000124557 ENSG00000096654 ENSG00000137411 ENSG00000213654 ENSG00000204231 ENSG00000005483 ENSG00000070882 ENSG00000130635,KLF6 AMBRA1 CHST11 HVCN1 TMTC1 LARP4 B4GALNT1 TPI1 RPUSD2 CTSH PDE8A SMPD3 SMG6 GALR1 DOT1L ZNF529 GATAD2B STK40 SLC6A9 RERE DPYD NNAT TNRC6B ZC3H7B SHANK3 BZW1 MSL2 ATXN7 PCGF3 SIL1 GRIA1 PDE4D FYN BTN1A1 ZNF184 VARS2 GPSM3 RXRB KMT2E OSBPL3 COL5A1
GO:BP,GO:0032446,protein modification by small protein conjugation,0.5016754084923705,False,5,94,70,1708,ENSG00000110497 ENSG00000089053 ENSG00000174579 ENSG00000010810 ENSG00000112659,AMBRA1 ANAPC5 MSL2 FYN CUL9
GO:BP,GO:0070371,ERK1 and ERK2 cascade,0.5042698044248887,False,2,94,22,1708,ENSG00000103811 ENSG00000073417,CTSH PDE8A
GO:BP,GO:1903708,positive regulation of hemopoiesis,0.5042698044248887,False,2,94,22,1708,ENSG00000110497 ENSG00000115085,AMBRA1 ZAP70
GO:BP,GO:0046942,carboxylic acid transport,0.5042698044248887,False,2,94,22,1708,ENSG00000103042 ENSG00000196517,SLC38A7 SLC6A9
GO:BP,GO:1902107,positive regulation of leukocyte differentiation,0.5042698044248887,False,2,94,22,1708,ENSG00000110497 ENSG00000115085,AMBRA1 ZAP70
GO:BP,GO:0015849,organic acid transport,0.5042698044248887,False,2,94,22,1708,ENSG00000103042 ENSG00000196517,SLC38A7 SLC6A9
GO:BP,GO:0002366,leukocyte activation involved in immune response,0.5042698044248887,False,2,94,22,1708,ENSG00000154822 ENSG00000151422,PLCL2 FER
GO:BP,GO:0009889,regulation of biosynthetic process,0.5060736835688413,False,29,94,488,1708,ENSG00000067082 ENSG00000110497 ENSG00000122986 ENSG00000161813 ENSG00000103811 ENSG00000073417 ENSG00000103056 ENSG00000070366 ENSG00000166573 ENSG00000104885 ENSG00000186020 ENSG00000143614 ENSG00000196182 ENSG00000196517 ENSG00000142599 ENSG00000100354 ENSG00000100403 ENSG00000082153 ENSG00000174579 ENSG00000163635 ENSG00000185619 ENSG00000155511 ENSG00000113448 ENSG00000010810 ENSG00000124557 ENSG00000096654 ENSG00000213654 ENSG00000204231 ENSG00000005483,KLF6 AMBRA1 HVCN1 LARP4 CTSH PDE8A SMPD3 SMG6 GALR1 DOT1L ZNF529 GATAD2B STK40 SLC6A9 RERE TNRC6B ZC3H7B BZW1 MSL2 ATXN7 PCGF3 GRIA1 PDE4D FYN BTN1A1 ZNF184 GPSM3 RXRB KMT2E
GO:BP,GO:0009059,macromolecule biosynthetic process,0.5060830949441192,False,36,94,613,1708,ENSG00000067082 ENSG00000110497 ENSG00000171310 ENSG00000133687 ENSG00000161813 ENSG00000166133 ENSG00000103811 ENSG00000073417 ENSG00000103056 ENSG00000070366 ENSG00000166573 ENSG00000104885 ENSG00000186020 ENSG00000143614 ENSG00000196182 ENSG00000196517 ENSG00000142599 ENSG00000053438 ENSG00000100354 ENSG00000100403 ENSG00000251322 ENSG00000082153 ENSG00000174579 ENSG00000163635 ENSG00000185619 ENSG00000120725 ENSG00000155511 ENSG00000113448 ENSG00000010810 ENSG00000124557 ENSG00000096654 ENSG00000137411 ENSG00000213654 ENSG00000204231 ENSG00000005483 ENSG00000130635,KLF6 AMBRA1 CHST11 TMTC1 LARP4 RPUSD2 CTSH PDE8A SMPD3 SMG6 GALR1 DOT1L ZNF529 GATAD2B STK40 SLC6A9 RERE NNAT TNRC6B ZC3H7B SHANK3 BZW1 MSL2 ATXN7 PCGF3 SIL1 GRIA1 PDE4D FYN BTN1A1 ZNF184 VARS2 GPSM3 RXRB KMT2E COL5A1
GO:MF,GO:0016772,"transferase activity, transferring phosphorus-containing groups",0.506604144273002,False,5,94,73,1708,ENSG00000178093 ENSG00000196182 ENSG00000115085 ENSG00000151422 ENSG00000010810,TSSK6 STK40 ZAP70 FER FYN
GO:BP,GO:0022414,reproductive process,0.5078378103864835,False,8,94,121,1708,ENSG00000122986 ENSG00000089053 ENSG00000135454 ENSG00000157456 ENSG00000204991 ENSG00000178093 ENSG00000151422 ENSG00000184903,HVCN1 ANAPC5 B4GALNT1 CCNB2 SPIRE2 TSSK6 FER IMMP2L
GO:BP,GO:0051321,meiotic cell cycle,0.5099572882829074,False,3,94,38,1708,ENSG00000089053 ENSG00000157456 ENSG00000204991,ANAPC5 CCNB2 SPIRE2
GO:BP,GO:1903039,positive regulation of leukocyte cell-cell adhesion,0.5099572882829074,False,3,94,38,1708,ENSG00000110497 ENSG00000115085 ENSG00000010810,AMBRA1 ZAP70 FYN
GO:BP,GO:0006091,generation of precursor metabolites and energy,0.5103513794870237,False,3,94,39,1708,ENSG00000111669 ENSG00000196182 ENSG00000184903,TPI1 STK40 IMMP2L
GO:BP,GO:0045893,positive regulation of DNA-templated transcription,0.5103513794870237,False,9,94,139,1708,ENSG00000067082 ENSG00000166573 ENSG00000104885 ENSG00000143614 ENSG00000142599 ENSG00000174579 ENSG00000163635 ENSG00000204231 ENSG00000005483,KLF6 GALR1 DOT1L GATAD2B RERE MSL2 ATXN7 RXRB KMT2E
GO:BP,GO:0043112,receptor metabolic process,0.5103513794870237,False,1,94,8,1708,ENSG00000155511,GRIA1
GO:BP,GO:0051028,mRNA transport,0.5103513794870237,False,1,94,8,1708,ENSG00000070366,SMG6
GO:BP,GO:0043368,positive T cell selection,0.5103513794870237,False,1,94,8,1708,ENSG00000115085,ZAP70
GO:BP,GO:0042129,regulation of T cell proliferation,0.5103513794870237,False,2,94,23,1708,ENSG00000115085 ENSG00000002822,ZAP70 MAD1L1
GO:BP,GO:1901701,cellular response to oxygen-containing compound,0.5103513794870237,False,6,94,88,1708,ENSG00000103056 ENSG00000151422 ENSG00000155511 ENSG00000113448 ENSG00000010810 ENSG00000204231,SMPD3 FER GRIA1 PDE4D FYN RXRB
GO:BP,GO:0002263,cell activation involved in immune response,0.5103513794870237,False,2,94,23,1708,ENSG00000154822 ENSG00000151422,PLCL2 FER
GO:BP,GO:0046637,regulation of alpha-beta T cell differentiation,0.5103513794870237,False,1,94,8,1708,ENSG00000115085,ZAP70
GO:BP,GO:0046545,development of primary female sexual characteristics,0.5103513794870237,False,1,94,8,1708,ENSG00000184903,IMMP2L
GO:BP,GO:0010660,regulation of muscle cell apoptotic process,0.5103513794870237,False,1,94,8,1708,ENSG00000110497,AMBRA1
GO:BP,GO:0099084,postsynaptic specialization organization,0.5103513794870237,False,1,94,8,1708,ENSG00000251322,SHANK3
GO:BP,GO:1901890,positive regulation of cell junction assembly,0.5103513794870237,False,1,94,8,1708,ENSG00000135298,ADGRB3
GO:BP,GO:1901874,negative regulation of post-translational protein modification,0.5103513794870237,False,1,94,8,1708,ENSG00000010810,FYN
GO:BP,GO:1903321,negative regulation of protein modification by small protein conjugation or removal,0.5103513794870237,False,1,94,8,1708,ENSG00000010810,FYN
GO:BP,GO:0032984,protein-containing complex disassembly,0.5103513794870237,False,2,94,23,1708,ENSG00000163635 ENSG00000079691,ATXN7 CARMIL1
GO:BP,GO:0030509,BMP signaling pathway,0.5103513794870237,False,1,94,8,1708,ENSG00000103056,SMPD3
GO:BP,GO:0038084,vascular endothelial growth factor signaling pathway,0.5103513794870237,False,1,94,8,1708,ENSG00000150630,VEGFC
GO:BP,GO:0030500,regulation of bone mineralization,0.5103513794870237,False,1,94,8,1708,ENSG00000204231,RXRB
GO:BP,GO:0030326,embryonic limb morphogenesis,0.5103513794870237,False,1,94,8,1708,ENSG00000171310,CHST11
GO:BP,GO:0030968,endoplasmic reticulum unfolded protein response,0.5103513794870237,False,1,94,8,1708,ENSG00000151778,SERP2
GO:BP,GO:0040008,regulation of growth,0.5103513794870237,False,4,94,55,1708,ENSG00000157456 ENSG00000007402 ENSG00000113070 ENSG00000176406,CCNB2 CACNA2D2 HBEGF RIMS2
GO:BP,GO:1904377,positive regulation of protein localization to cell periphery,0.5103513794870237,False,1,94,8,1708,ENSG00000159023,EPB41
GO:BP,GO:1902750,negative regulation of cell cycle G2/M phase transition,0.5103513794870237,False,1,94,8,1708,ENSG00000158019,BABAM2
GO:BP,GO:0022904,respiratory electron transport chain,0.5103513794870237,False,1,94,8,1708,ENSG00000184903,IMMP2L
GO:BP,GO:0050773,regulation of dendrite development,0.5103513794870237,False,1,94,8,1708,ENSG00000135298,ADGRB3
GO:BP,GO:1902680,positive regulation of RNA biosynthetic process,0.5103513794870237,False,9,94,139,1708,ENSG00000067082 ENSG00000166573 ENSG00000104885 ENSG00000143614 ENSG00000142599 ENSG00000174579 ENSG00000163635 ENSG00000204231 ENSG00000005483,KLF6 GALR1 DOT1L GATAD2B RERE MSL2 ATXN7 RXRB KMT2E
GO:BP,GO:0021549,cerebellum development,0.5103513794870237,False,1,94,8,1708,ENSG00000142599,RERE
GO:BP,GO:0050953,sensory perception of light stimulus,0.5103513794870237,False,1,94,8,1708,ENSG00000163635,ATXN7
GO:BP,GO:0048585,negative regulation of response to stimulus,0.5103513794870237,False,10,94,156,1708,ENSG00000149131 ENSG00000171310 ENSG00000182732 ENSG00000103056 ENSG00000124356 ENSG00000154822 ENSG00000151422 ENSG00000113448 ENSG00000010810 ENSG00000002822,SERPING1 CHST11 RGS6 SMPD3 STAMBP PLCL2 FER PDE4D FYN MAD1L1
GO:BP,GO:0035113,embryonic appendage morphogenesis,0.5103513794870237,False,1,94,8,1708,ENSG00000171310,CHST11
GO:BP,GO:0048193,Golgi vesicle transport,0.5103513794870237,False,2,94,23,1708,ENSG00000204991 ENSG00000131558,SPIRE2 EXOC4
GO:BP,GO:0046928,regulation of neurotransmitter secretion,0.5103513794870237,False,1,94,8,1708,ENSG00000176406,RIMS2
GO:BP,GO:1903509,liposaccharide metabolic process,0.5103513794870237,False,1,94,8,1708,ENSG00000135454,B4GALNT1
GO:BP,GO:1905037,autophagosome organization,0.5103513794870237,False,1,94,8,1708,ENSG00000110497,AMBRA1
GO:BP,GO:0033363,secretory granule organization,0.5103513794870237,False,1,94,8,1708,ENSG00000120451,SNX19
GO:BP,GO:0032964,collagen biosynthetic process,0.5103513794870237,False,1,94,8,1708,ENSG00000130635,COL5A1
GO:BP,GO:0033047,regulation of mitotic sister chromatid segregation,0.5103513794870237,False,1,94,8,1708,ENSG00000002822,MAD1L1
GO:BP,GO:0048332,mesoderm morphogenesis,0.5103513794870237,False,1,94,8,1708,ENSG00000131558,EXOC4
GO:BP,GO:0015695,organic cation transport,0.5103513794870237,False,1,94,8,1708,ENSG00000196517,SLC6A9
GO:BP,GO:0014013,regulation of gliogenesis,0.5103513794870237,False,1,94,8,1708,ENSG00000150630,VEGFC
GO:BP,GO:0010657,muscle cell apoptotic process,0.5103513794870237,False,1,94,8,1708,ENSG00000110497,AMBRA1
GO:BP,GO:0071375,cellular response to peptide hormone stimulus,0.5103513794870237,False,2,94,23,1708,ENSG00000151422 ENSG00000155511,FER GRIA1
GO:BP,GO:0097106,postsynaptic density organization,0.5103513794870237,False,1,94,8,1708,ENSG00000251322,SHANK3
GO:BP,GO:0043523,regulation of neuron apoptotic process,0.5103513794870237,False,2,94,23,1708,ENSG00000110497 ENSG00000124356,AMBRA1 STAMBP
GO:BP,GO:0001707,mesoderm formation,0.5103513794870237,False,1,94,8,1708,ENSG00000131558,EXOC4
GO:BP,GO:0006813,potassium ion transport,0.5103513794870237,False,1,94,8,1708,ENSG00000162753,SLC9C2
GO:BP,GO:0001568,blood vessel development,0.5103513794870237,False,5,94,72,1708,ENSG00000103811 ENSG00000150630 ENSG00000010810 ENSG00000135298 ENSG00000130635,CTSH VEGFC FYN ADGRB3 COL5A1
GO:BP,GO:0001649,osteoblast differentiation,0.5103513794870237,False,1,94,8,1708,ENSG00000150630,VEGFC
GO:BP,GO:0001508,action potential,0.5103513794870237,False,1,94,8,1708,ENSG00000155511,GRIA1
GO:BP,GO:0001501,skeletal system development,0.5103513794870237,False,3,94,39,1708,ENSG00000120451 ENSG00000171310 ENSG00000103056,SNX19 CHST11 SMPD3
GO:BP,GO:0044331,cell-cell adhesion mediated by cadherin,0.5103513794870237,False,1,94,8,1708,ENSG00000151422,FER
GO:BP,GO:0000288,"nuclear-transcribed mRNA catabolic process, deadenylation-dependent decay",0.5103513794870237,False,1,94,8,1708,ENSG00000100354,TNRC6B
GO:BP,GO:0090101,negative regulation of transmembrane receptor protein serine/threonine kinase signaling pathway,0.5103513794870237,False,1,94,8,1708,ENSG00000171310,CHST11
GO:BP,GO:0051336,regulation of hydrolase activity,0.5103513794870237,False,2,94,23,1708,ENSG00000182732 ENSG00000103811,RGS6 CTSH
GO:BP,GO:0007601,visual perception,0.5103513794870237,False,1,94,8,1708,ENSG00000163635,ATXN7
GO:BP,GO:0072678,T cell migration,0.5103513794870237,False,1,94,8,1708,ENSG00000115085,ZAP70
GO:BP,GO:0008585,female gonad development,0.5103513794870237,False,1,94,8,1708,ENSG00000184903,IMMP2L
GO:BP,GO:0008643,carbohydrate transport,0.5103513794870237,False,1,94,8,1708,ENSG00000103056,SMPD3
GO:BP,GO:0072091,regulation of stem cell proliferation,0.5103513794870237,False,1,94,8,1708,ENSG00000150630,VEGFC
GO:BP,GO:0097120,receptor localization to synapse,0.5103513794870237,False,1,94,8,1708,ENSG00000007402,CACNA2D2
GO:BP,GO:0070167,regulation of biomineral tissue development,0.5103513794870237,False,1,94,8,1708,ENSG00000204231,RXRB
GO:BP,GO:0002437,inflammatory response to antigenic stimulus,0.5103513794870237,False,1,94,8,1708,ENSG00000010810,FYN
GO:BP,GO:0006958,"complement activation, classical pathway",0.5103513794870237,False,1,94,8,1708,ENSG00000149131,SERPING1
GO:BP,GO:0002260,lymphocyte homeostasis,0.5103513794870237,False,1,94,8,1708,ENSG00000157456,CCNB2
GO:BP,GO:0006664,glycolipid metabolic process,0.5103513794870237,False,1,94,8,1708,ENSG00000135454,B4GALNT1
GO:BP,GO:0051983,regulation of chromosome segregation,0.5103513794870237,False,2,94,23,1708,ENSG00000089053 ENSG00000002822,ANAPC5 MAD1L1
GO:BP,GO:0006942,regulation of striated muscle contraction,0.5103513794870237,False,1,94,8,1708,ENSG00000113448,PDE4D
GO:BP,GO:0010556,regulation of macromolecule biosynthetic process,0.5154134187600122,False,28,94,475,1708,ENSG00000067082 ENSG00000110497 ENSG00000161813 ENSG00000103811 ENSG00000073417 ENSG00000103056 ENSG00000070366 ENSG00000166573 ENSG00000104885 ENSG00000186020 ENSG00000143614 ENSG00000196182 ENSG00000196517 ENSG00000142599 ENSG00000100354 ENSG00000100403 ENSG00000082153 ENSG00000174579 ENSG00000163635 ENSG00000185619 ENSG00000155511 ENSG00000113448 ENSG00000010810 ENSG00000124557 ENSG00000096654 ENSG00000213654 ENSG00000204231 ENSG00000005483,KLF6 AMBRA1 LARP4 CTSH PDE8A SMPD3 SMG6 GALR1 DOT1L ZNF529 GATAD2B STK40 SLC6A9 RERE TNRC6B ZC3H7B BZW1 MSL2 ATXN7 PCGF3 GRIA1 PDE4D FYN BTN1A1 ZNF184 GPSM3 RXRB KMT2E
GO:BP,GO:0061061,muscle structure development,0.5189844866753303,False,4,94,56,1708,ENSG00000023902 ENSG00000007402 ENSG00000113070 ENSG00000135298,PLEKHO1 CACNA2D2 HBEGF ADGRB3
GO:BP,GO:0019725,cellular homeostasis,0.5189844866753303,False,4,94,56,1708,ENSG00000110497 ENSG00000122986 ENSG00000162753 ENSG00000251322,AMBRA1 HVCN1 SLC9C2 SHANK3
GO:MF,GO:0008092,cytoskeletal protein binding,0.5196212204028773,False,6,94,91,1708,ENSG00000204991 ENSG00000116852 ENSG00000159023 ENSG00000163171 ENSG00000155511 ENSG00000010810,SPIRE2 KIF21B EPB41 CDC42EP3 GRIA1 FYN
GO:CC,GO:0099092,"postsynaptic density, intracellular component",0.5208303151213309,False,1,94,4,1708,ENSG00000155511,GRIA1
GO:CC,GO:0099503,secretory vesicle,0.5208303151213309,False,8,94,101,1708,ENSG00000149131 ENSG00000122986 ENSG00000103811 ENSG00000149927 ENSG00000196517 ENSG00000055955 ENSG00000150630 ENSG00000155511,SERPING1 HVCN1 CTSH DOC2A SLC6A9 ITIH4 VEGFC GRIA1
GO:CC,GO:0016581,NuRD complex,0.5208303151213309,False,1,94,4,1708,ENSG00000143614,GATAD2B
GO:CC,GO:0022627,cytosolic small ribosomal subunit,0.5208303151213309,False,1,94,4,1708,ENSG00000161813,LARP4
GO:CC,GO:0098793,presynapse,0.5208303151213309,False,5,94,54,1708,ENSG00000149927 ENSG00000196517 ENSG00000007402 ENSG00000155511 ENSG00000176406,DOC2A SLC6A9 CACNA2D2 GRIA1 RIMS2
GO:CC,GO:1902495,transmembrane transporter complex,0.5208303151213309,False,4,94,40,1708,ENSG00000122986 ENSG00000007402 ENSG00000155511 ENSG00000113448,HVCN1 CACNA2D2 GRIA1 PDE4D
GO:CC,GO:0098794,postsynapse,0.5208303151213309,False,6,94,69,1708,ENSG00000156395 ENSG00000196517 ENSG00000251322 ENSG00000155511 ENSG00000010810 ENSG00000135298,SORCS3 SLC6A9 SHANK3 GRIA1 FYN ADGRB3
GO:CC,GO:0005930,axoneme,0.5208303151213309,False,2,94,14,1708,ENSG00000110497 ENSG00000178093,AMBRA1 TSSK6
GO:CC,GO:0030139,endocytic vesicle,0.5208303151213309,False,4,94,42,1708,ENSG00000110497 ENSG00000122986 ENSG00000113070 ENSG00000155511,AMBRA1 HVCN1 HBEGF GRIA1
GO:CC,GO:0090545,CHD-type complex,0.5208303151213309,False,1,94,4,1708,ENSG00000143614,GATAD2B
GO:CC,GO:0031253,cell projection membrane,0.5208303151213309,False,3,94,26,1708,ENSG00000168778 ENSG00000023902 ENSG00000155511,TCTN2 PLEKHO1 GRIA1
GO:CC,GO:0031256,leading edge membrane,0.5208303151213309,False,2,94,14,1708,ENSG00000023902 ENSG00000155511,PLEKHO1 GRIA1
GO:CC,GO:0031045,dense core granule,0.5208303151213309,False,1,94,4,1708,ENSG00000196517,SLC6A9
GO:CC,GO:0005788,endoplasmic reticulum lumen,0.5208303151213309,False,3,94,28,1708,ENSG00000149131 ENSG00000120725 ENSG00000130635,SERPING1 SIL1 COL5A1
GO:CC,GO:0080008,Cul4-RING E3 ubiquitin ligase complex,0.5208303151213309,False,1,94,4,1708,ENSG00000110497,AMBRA1
GO:CC,GO:0070461,SAGA-type complex,0.5208303151213309,False,1,94,4,1708,ENSG00000163635,ATXN7
GO:CC,GO:0097014,ciliary plasm,0.5208303151213309,False,2,94,15,1708,ENSG00000110497 ENSG00000178093,AMBRA1 TSSK6
GO:CC,GO:0031089,platelet dense granule lumen,0.5208303151213309,False,1,94,4,1708,ENSG00000055955,ITIH4
GO:CC,GO:1990351,transporter complex,0.5208303151213309,False,4,94,42,1708,ENSG00000122986 ENSG00000007402 ENSG00000155511 ENSG00000113448,HVCN1 CACNA2D2 GRIA1 PDE4D
GO:CC,GO:0042827,platelet dense granule,0.5208303151213309,False,1,94,4,1708,ENSG00000055955,ITIH4
GO:CC,GO:0032153,cell division site,0.5208303151213309,False,2,94,14,1708,ENSG00000204991 ENSG00000124356,SPIRE2 STAMBP
GO:CC,GO:0000124,SAGA complex,0.5208303151213309,False,1,94,4,1708,ENSG00000163635,ATXN7
GO:CC,GO:0060170,ciliary membrane,0.5208303151213309,False,1,94,4,1708,ENSG00000168778,TCTN2
GO:CC,GO:0000803,sex chromosome,0.5208303151213309,False,1,94,4,1708,ENSG00000185619,PCGF3
GO:CC,GO:0098588,bounding membrane of organelle,0.5208303151213309,False,14,94,197,1708,ENSG00000120451 ENSG00000110497 ENSG00000171310 ENSG00000122986 ENSG00000168778 ENSG00000135454 ENSG00000149927 ENSG00000103042 ENSG00000103056 ENSG00000196517 ENSG00000113070 ENSG00000155511 ENSG00000168077 ENSG00000104442,SNX19 AMBRA1 CHST11 HVCN1 TCTN2 B4GALNT1 DOC2A SLC38A7 SMPD3 SLC6A9 HBEGF GRIA1 SCARA3 ARMC1
GO:MF,GO:0140030,modification-dependent protein binding,0.5286355858824001,False,1,94,9,1708,ENSG00000158019,BABAM2
GO:MF,GO:0005200,structural constituent of cytoskeleton,0.5286355858824001,False,1,94,9,1708,ENSG00000159023,EPB41
GO:MF,GO:0005230,extracellular ligand-gated monoatomic ion channel activity,0.5286355858824001,False,1,94,9,1708,ENSG00000155511,GRIA1
GO:MF,GO:0016853,isomerase activity,0.5286355858824001,False,3,94,41,1708,ENSG00000111669 ENSG00000166133 ENSG00000116852,TPI1 RPUSD2 KIF21B
GO:MF,GO:0015297,antiporter activity,0.5286355858824001,False,1,94,9,1708,ENSG00000162753,SLC9C2
GO:MF,GO:0001540,amyloid-beta binding,0.5286355858824001,False,1,94,9,1708,ENSG00000155511,GRIA1
GO:MF,GO:0005319,lipid transporter activity,0.5286355858824001,False,1,94,9,1708,ENSG00000070882,OSBPL3
GO:BP,GO:0045786,negative regulation of cell cycle,0.5290636165411805,False,3,94,40,1708,ENSG00000104885 ENSG00000158019 ENSG00000002822,DOT1L BABAM2 MAD1L1
GO:BP,GO:0072657,protein localization to membrane,0.5290636165411805,False,3,94,40,1708,ENSG00000251322 ENSG00000007402 ENSG00000010810,SHANK3 CACNA2D2 FYN
GO:BP,GO:0051251,positive regulation of lymphocyte activation,0.5290636165411805,False,3,94,40,1708,ENSG00000110497 ENSG00000115085 ENSG00000010810,AMBRA1 ZAP70 FYN
GO:BP,GO:0060255,regulation of macromolecule metabolic process,0.5299634481324853,False,31,94,531,1708,ENSG00000067082 ENSG00000110497 ENSG00000161813 ENSG00000103811 ENSG00000073417 ENSG00000103056 ENSG00000204991 ENSG00000070366 ENSG00000166573 ENSG00000104885 ENSG00000186020 ENSG00000143614 ENSG00000196182 ENSG00000196517 ENSG00000142599 ENSG00000100354 ENSG00000100403 ENSG00000082153 ENSG00000158019 ENSG00000174579 ENSG00000163635 ENSG00000185619 ENSG00000151422 ENSG00000155511 ENSG00000113448 ENSG00000010810 ENSG00000124557 ENSG00000096654 ENSG00000213654 ENSG00000204231 ENSG00000005483,KLF6 AMBRA1 LARP4 CTSH PDE8A SMPD3 SPIRE2 SMG6 GALR1 DOT1L ZNF529 GATAD2B STK40 SLC6A9 RERE TNRC6B ZC3H7B BZW1 BABAM2 MSL2 ATXN7 PCGF3 FER GRIA1 PDE4D FYN BTN1A1 ZNF184 GPSM3 RXRB KMT2E
GO:BP,GO:0050670,regulation of lymphocyte proliferation,0.5329091927346745,False,2,94,24,1708,ENSG00000115085 ENSG00000002822,ZAP70 MAD1L1
GO:BP,GO:1902806,regulation of cell cycle G1/S phase transition,0.5329091927346745,False,2,94,24,1708,ENSG00000110497 ENSG00000005483,AMBRA1 KMT2E
GO:BP,GO:0045619,regulation of lymphocyte differentiation,0.5329091927346745,False,2,94,24,1708,ENSG00000110497 ENSG00000115085,AMBRA1 ZAP70
GO:BP,GO:0022407,regulation of cell-cell adhesion,0.5329091927346745,False,4,94,57,1708,ENSG00000110497 ENSG00000115085 ENSG00000010810 ENSG00000002822,AMBRA1 ZAP70 FYN MAD1L1
GO:BP,GO:0032944,regulation of mononuclear cell proliferation,0.5329091927346745,False,2,94,24,1708,ENSG00000115085 ENSG00000002822,ZAP70 MAD1L1
GO:BP,GO:0031348,negative regulation of defense response,0.5329091927346745,False,2,94,24,1708,ENSG00000149131 ENSG00000010810,SERPING1 FYN
GO:BP,GO:0140013,meiotic nuclear division,0.5329091927346745,False,2,94,24,1708,ENSG00000157456 ENSG00000204991,CCNB2 SPIRE2
GO:BP,GO:0007178,cell surface receptor protein serine/threonine kinase signaling pathway,0.5329091927346745,False,2,94,24,1708,ENSG00000171310 ENSG00000103056,CHST11 SMPD3
GO:BP,GO:0034097,response to cytokine,0.5342267047195381,False,5,94,74,1708,ENSG00000103056 ENSG00000251322 ENSG00000055955 ENSG00000150630 ENSG00000151422,SMPD3 SHANK3 ITIH4 VEGFC FER
GO:BP,GO:0140962,multicellular organismal-level chemical homeostasis,0.5382844356853137,False,1,94,9,1708,ENSG00000103811,CTSH
GO:BP,GO:0060341,regulation of cellular localization,0.5382844356853137,False,3,94,41,1708,ENSG00000251322 ENSG00000007402 ENSG00000010810,SHANK3 CACNA2D2 FYN
GO:BP,GO:0042490,mechanoreceptor differentiation,0.5382844356853137,False,1,94,9,1708,ENSG00000181291,TMEM132E
GO:BP,GO:1905477,positive regulation of protein localization to membrane,0.5382844356853137,False,1,94,9,1708,ENSG00000010810,FYN
GO:BP,GO:0045058,T cell selection,0.5382844356853137,False,1,94,9,1708,ENSG00000115085,ZAP70
GO:BP,GO:0046635,positive regulation of alpha-beta T cell activation,0.5382844356853137,False,1,94,9,1708,ENSG00000115085,ZAP70
GO:BP,GO:0046683,response to organophosphorus,0.5382844356853137,False,1,94,9,1708,ENSG00000113448,PDE4D
GO:BP,GO:0031503,protein-containing complex localization,0.5382844356853137,False,1,94,9,1708,ENSG00000007402,CACNA2D2
GO:BP,GO:0031623,receptor internalization,0.5382844356853137,False,1,94,9,1708,ENSG00000155511,GRIA1
GO:BP,GO:0006446,regulation of translational initiation,0.5382844356853137,False,1,94,9,1708,ENSG00000082153,BZW1
GO:BP,GO:0090087,regulation of peptide transport,0.5382844356853137,False,1,94,9,1708,ENSG00000053438,NNAT
GO:BP,GO:0042177,negative regulation of protein catabolic process,0.5382844356853137,False,1,94,9,1708,ENSG00000010810,FYN
GO:BP,GO:0051445,regulation of meiotic cell cycle,0.5382844356853137,False,1,94,9,1708,ENSG00000089053,ANAPC5
GO:BP,GO:0035418,protein localization to synapse,0.5382844356853137,False,1,94,9,1708,ENSG00000007402,CACNA2D2
GO:BP,GO:0035924,cellular response to vascular endothelial growth factor stimulus,0.5382844356853137,False,1,94,9,1708,ENSG00000150630,VEGFC
GO:BP,GO:0009395,phospholipid catabolic process,0.5382844356853137,False,1,94,9,1708,ENSG00000103056,SMPD3
GO:BP,GO:1901699,cellular response to nitrogen compound,0.5382844356853137,False,4,94,58,1708,ENSG00000151422 ENSG00000155511 ENSG00000113448 ENSG00000010810,FER GRIA1 PDE4D FYN
GO:BP,GO:1901652,response to peptide,0.5382844356853137,False,5,94,75,1708,ENSG00000103056 ENSG00000251322 ENSG00000055955 ENSG00000150630 ENSG00000151422,SMPD3 SHANK3 ITIH4 VEGFC FER
GO:BP,GO:0000423,mitophagy,0.5382844356853137,False,1,94,9,1708,ENSG00000110497,AMBRA1
GO:BP,GO:0030855,epithelial cell differentiation,0.5382844356853137,False,3,94,41,1708,ENSG00000181291 ENSG00000151422 ENSG00000113448,TMEM132E FER PDE4D
GO:BP,GO:0006094,gluconeogenesis,0.5382844356853137,False,1,94,9,1708,ENSG00000111669,TPI1
GO:BP,GO:0090276,regulation of peptide hormone secretion,0.5382844356853137,False,1,94,9,1708,ENSG00000053438,NNAT
GO:BP,GO:0050854,regulation of antigen receptor-mediated signaling pathway,0.5382844356853137,False,1,94,9,1708,ENSG00000154822,PLCL2
GO:BP,GO:0002696,positive regulation of leukocyte activation,0.5382844356853137,False,3,94,41,1708,ENSG00000110497 ENSG00000115085 ENSG00000010810,AMBRA1 ZAP70 FYN
GO:BP,GO:0050848,regulation of calcium-mediated signaling,0.5382844356853137,False,1,94,9,1708,ENSG00000115085,ZAP70
GO:BP,GO:0017015,regulation of transforming growth factor beta receptor signaling pathway,0.5382844356853137,False,1,94,9,1708,ENSG00000171310,CHST11
GO:BP,GO:0050886,endocrine process,0.5382844356853137,False,1,94,9,1708,ENSG00000166573,GALR1
GO:BP,GO:0002455,humoral immune response mediated by circulating immunoglobulin,0.5382844356853137,False,1,94,9,1708,ENSG00000149131,SERPING1
GO:BP,GO:0002444,myeloid leukocyte mediated immunity,0.5382844356853137,False,1,94,9,1708,ENSG00000005483,KMT2E
GO:BP,GO:0050778,positive regulation of immune response,0.5382844356853137,False,6,94,92,1708,ENSG00000149131 ENSG00000115085 ENSG00000154822 ENSG00000113448 ENSG00000010810 ENSG00000124557,SERPING1 ZAP70 PLCL2 PDE4D FYN BTN1A1
GO:BP,GO:0019319,hexose biosynthetic process,0.5382844356853137,False,1,94,9,1708,ENSG00000111669,TPI1
GO:BP,GO:0050867,positive regulation of cell activation,0.5382844356853137,False,3,94,41,1708,ENSG00000110497 ENSG00000115085 ENSG00000010810,AMBRA1 ZAP70 FYN
GO:BP,GO:0021987,cerebral cortex development,0.5382844356853137,False,1,94,9,1708,ENSG00000155511,GRIA1
GO:BP,GO:0022037,metencephalon development,0.5382844356853137,False,1,94,9,1708,ENSG00000142599,RERE
GO:BP,GO:0002791,regulation of peptide secretion,0.5382844356853137,False,1,94,9,1708,ENSG00000053438,NNAT
GO:BP,GO:1903146,regulation of autophagy of mitochondrion,0.5382844356853137,False,1,94,9,1708,ENSG00000110497,AMBRA1
GO:BP,GO:0030199,collagen fibril organization,0.5382844356853137,False,1,94,9,1708,ENSG00000130635,COL5A1
GO:BP,GO:0022900,electron transport chain,0.5382844356853137,False,1,94,9,1708,ENSG00000184903,IMMP2L
GO:BP,GO:0006029,proteoglycan metabolic process,0.5382844356853137,False,1,94,9,1708,ENSG00000171310,CHST11
GO:BP,GO:0008584,male gonad development,0.5382844356853137,False,1,94,9,1708,ENSG00000151422,FER
GO:BP,GO:0008631,intrinsic apoptotic signaling pathway in response to oxidative stress,0.5382844356853137,False,1,94,9,1708,ENSG00000010810,FYN
GO:BP,GO:0046661,male sex differentiation,0.5382844356853137,False,1,94,9,1708,ENSG00000151422,FER
GO:BP,GO:0008652,amino acid biosynthetic process,0.5382844356853137,False,1,94,9,1708,ENSG00000188641,DPYD
GO:BP,GO:0046546,development of primary male sexual characteristics,0.5382844356853137,False,1,94,9,1708,ENSG00000151422,FER
GO:BP,GO:2000736,regulation of stem cell differentiation,0.5382844356853137,False,1,94,9,1708,ENSG00000143614,GATAD2B
GO:BP,GO:0046364,monosaccharide biosynthetic process,0.5382844356853137,False,1,94,9,1708,ENSG00000111669,TPI1
GO:MF,GO:0030545,signaling receptor regulator activity,0.5390826638553226,False,3,94,42,1708,ENSG00000150630 ENSG00000113070 ENSG00000113448,VEGFC HBEGF PDE4D
GO:MF,GO:0004930,G protein-coupled receptor activity,0.5390826638553226,False,3,94,42,1708,ENSG00000156395 ENSG00000166573 ENSG00000135298,SORCS3 GALR1 ADGRB3
GO:BP,GO:0000209,protein polyubiquitination,0.5425596398038689,False,2,94,25,1708,ENSG00000110497 ENSG00000089053,AMBRA1 ANAPC5
GO:BP,GO:0031345,negative regulation of cell projection organization,0.5425596398038689,False,2,94,25,1708,ENSG00000242498 ENSG00000010810,ARPIN FYN
GO:BP,GO:0070828,heterochromatin organization,0.5425596398038689,False,2,94,25,1708,ENSG00000104885 ENSG00000185619,DOT1L PCGF3
GO:BP,GO:0031507,heterochromatin formation,0.5425596398038689,False,2,94,25,1708,ENSG00000104885 ENSG00000185619,DOT1L PCGF3
GO:BP,GO:0009410,response to xenobiotic stimulus,0.5425596398038689,False,2,94,25,1708,ENSG00000150630 ENSG00000155511,VEGFC GRIA1
GO:BP,GO:0044238,primary metabolic process,0.5460524733085574,False,48,94,843,1708,ENSG00000067082 ENSG00000110497 ENSG00000171310 ENSG00000089053 ENSG00000133687 ENSG00000161813 ENSG00000135454 ENSG00000111669 ENSG00000072657 ENSG00000166133 ENSG00000103811 ENSG00000073417 ENSG00000103056 ENSG00000204991 ENSG00000070366 ENSG00000166573 ENSG00000178093 ENSG00000104885 ENSG00000186020 ENSG00000143614 ENSG00000196182 ENSG00000196517 ENSG00000142599 ENSG00000188641 ENSG00000053438 ENSG00000100354 ENSG00000100403 ENSG00000082153 ENSG00000158019 ENSG00000124356 ENSG00000115085 ENSG00000174579 ENSG00000154822 ENSG00000163635 ENSG00000185619 ENSG00000151422 ENSG00000120725 ENSG00000113448 ENSG00000010810 ENSG00000096654 ENSG00000232040 ENSG00000137411 ENSG00000204231 ENSG00000112659 ENSG00000005483 ENSG00000184903 ENSG00000070882 ENSG00000147535,KLF6 AMBRA1 CHST11 ANAPC5 TMTC1 LARP4 B4GALNT1 TPI1 TRHDE RPUSD2 CTSH PDE8A SMPD3 SPIRE2 SMG6 GALR1 TSSK6 DOT1L ZNF529 GATAD2B STK40 SLC6A9 RERE DPYD NNAT TNRC6B ZC3H7B BZW1 BABAM2 STAMBP ZAP70 MSL2 PLCL2 ATXN7 PCGF3 FER SIL1 PDE4D FYN ZNF184 SCAND3 VARS2 RXRB CUL9 KMT2E IMMP2L OSBPL3 PLPP5
GO:CC,GO:1905368,peptidase complex,0.546084522915491,False,2,94,16,1708,ENSG00000163635 ENSG00000184903,ATXN7 IMMP2L
GO:CC,GO:0005929,cilium,0.546084522915491,False,6,94,74,1708,ENSG00000110497 ENSG00000122986 ENSG00000168778 ENSG00000070366 ENSG00000178093 ENSG00000113448,AMBRA1 HVCN1 TCTN2 SMG6 TSSK6 PDE4D
GO:CC,GO:0030426,growth cone,0.546084522915491,False,2,94,16,1708,ENSG00000116852 ENSG00000131558,KIF21B EXOC4
GO:CC,GO:0030427,site of polarized growth,0.546084522915491,False,2,94,16,1708,ENSG00000116852 ENSG00000131558,KIF21B EXOC4
GO:BP,GO:0009968,negative regulation of signal transduction,0.5467260087395791,False,8,94,128,1708,ENSG00000171310 ENSG00000182732 ENSG00000103056 ENSG00000124356 ENSG00000154822 ENSG00000113448 ENSG00000010810 ENSG00000002822,CHST11 RGS6 SMPD3 STAMBP PLCL2 PDE4D FYN MAD1L1
GO:BP,GO:0016310,phosphorylation,0.5469260152148903,False,5,94,76,1708,ENSG00000178093 ENSG00000196182 ENSG00000115085 ENSG00000151422 ENSG00000010810,TSSK6 STK40 ZAP70 FER FYN
GO:BP,GO:0019222,regulation of metabolic process,0.5484543254699984,False,33,94,573,1708,ENSG00000067082 ENSG00000110497 ENSG00000122986 ENSG00000161813 ENSG00000103811 ENSG00000073417 ENSG00000103056 ENSG00000204991 ENSG00000070366 ENSG00000166573 ENSG00000104885 ENSG00000186020 ENSG00000143614 ENSG00000196182 ENSG00000196517 ENSG00000142599 ENSG00000100354 ENSG00000100403 ENSG00000082153 ENSG00000158019 ENSG00000174579 ENSG00000163635 ENSG00000185619 ENSG00000151422 ENSG00000155511 ENSG00000113448 ENSG00000010810 ENSG00000124557 ENSG00000096654 ENSG00000213654 ENSG00000204231 ENSG00000005483 ENSG00000131558,KLF6 AMBRA1 HVCN1 LARP4 CTSH PDE8A SMPD3 SPIRE2 SMG6 GALR1 DOT1L ZNF529 GATAD2B STK40 SLC6A9 RERE TNRC6B ZC3H7B BZW1 BABAM2 MSL2 ATXN7 PCGF3 FER GRIA1 PDE4D FYN BTN1A1 ZNF184 GPSM3 RXRB KMT2E EXOC4
GO:BP,GO:0022409,positive regulation of cell-cell adhesion,0.5484543254699984,False,3,94,42,1708,ENSG00000110497 ENSG00000115085 ENSG00000010810,AMBRA1 ZAP70 FYN
GO:BP,GO:0002521,leukocyte differentiation,0.5484543254699984,False,4,94,59,1708,ENSG00000067082 ENSG00000110497 ENSG00000115085 ENSG00000154822,KLF6 AMBRA1 ZAP70 PLCL2
GO:CC,GO:0035770,ribonucleoprotein granule,0.5564722596215733,False,6,94,75,1708,ENSG00000161813 ENSG00000103811 ENSG00000143614 ENSG00000100354 ENSG00000079691 ENSG00000005483,LARP4 CTSH GATAD2B TNRC6B CARMIL1 KMT2E
GO:CC,GO:0015630,microtubule cytoskeleton,0.5564722596215733,False,11,94,155,1708,ENSG00000089053 ENSG00000157456 ENSG00000070366 ENSG00000116852 ENSG00000159023 ENSG00000163635 ENSG00000151422 ENSG00000113448 ENSG00000005483 ENSG00000131558 ENSG00000002822,ANAPC5 CCNB2 SMG6 KIF21B EPB41 ATXN7 FER PDE4D KMT2E EXOC4 MAD1L1
GO:CC,GO:0030666,endocytic vesicle membrane,0.5564722596215733,False,3,94,30,1708,ENSG00000122986 ENSG00000113070 ENSG00000155511,HVCN1 HBEGF GRIA1
GO:MF,GO:0005524,ATP binding,0.557596927660608,False,8,94,130,1708,ENSG00000178093 ENSG00000116852 ENSG00000196182 ENSG00000115085 ENSG00000151422 ENSG00000010810 ENSG00000137411 ENSG00000112659,TSSK6 KIF21B STK40 ZAP70 FER FYN VARS2 CUL9
GO:CC,GO:0097708,intracellular vesicle,0.5585999101781234,False,16,94,239,1708,ENSG00000120451 ENSG00000110497 ENSG00000149131 ENSG00000122986 ENSG00000103811 ENSG00000149927 ENSG00000204991 ENSG00000116852 ENSG00000196517 ENSG00000124356 ENSG00000055955 ENSG00000150630 ENSG00000113070 ENSG00000155511 ENSG00000010810 ENSG00000079691,SNX19 AMBRA1 SERPING1 HVCN1 CTSH DOC2A SPIRE2 KIF21B SLC6A9 STAMBP ITIH4 VEGFC HBEGF GRIA1 FYN CARMIL1
GO:CC,GO:0031410,cytoplasmic vesicle,0.5585999101781234,False,16,94,239,1708,ENSG00000120451 ENSG00000110497 ENSG00000149131 ENSG00000122986 ENSG00000103811 ENSG00000149927 ENSG00000204991 ENSG00000116852 ENSG00000196517 ENSG00000124356 ENSG00000055955 ENSG00000150630 ENSG00000113070 ENSG00000155511 ENSG00000010810 ENSG00000079691,SNX19 AMBRA1 SERPING1 HVCN1 CTSH DOC2A SPIRE2 KIF21B SLC6A9 STAMBP ITIH4 VEGFC HBEGF GRIA1 FYN CARMIL1
GO:BP,GO:0030155,regulation of cell adhesion,0.5603056860323867,False,5,94,77,1708,ENSG00000110497 ENSG00000115085 ENSG00000010810 ENSG00000079691 ENSG00000002822,AMBRA1 ZAP70 FYN CARMIL1 MAD1L1
GO:BP,GO:0098657,import into cell,0.5603056860323867,False,5,94,77,1708,ENSG00000162753 ENSG00000196517 ENSG00000155511 ENSG00000010810 ENSG00000079691,SLC9C2 SLC6A9 GRIA1 FYN CARMIL1
GO:MF,GO:0019838,growth factor binding,0.5612317438406287,False,1,94,10,1708,ENSG00000130635,COL5A1
GO:MF,GO:0016835,carbon-oxygen lyase activity,0.5612317438406287,False,1,94,10,1708,ENSG00000111669,TPI1
GO:MF,GO:1901981,phosphatidylinositol phosphate binding,0.5612317438406287,False,1,94,10,1708,ENSG00000120451,SNX19
GO:MF,GO:0004197,cysteine-type endopeptidase activity,0.5612317438406287,False,1,94,10,1708,ENSG00000103811,CTSH
GO:BP,GO:0048880,sensory system development,0.5630705699548486,False,2,94,26,1708,ENSG00000181291 ENSG00000130635,TMEM132E COL5A1
GO:BP,GO:0030198,extracellular matrix organization,0.5630705699548486,False,2,94,26,1708,ENSG00000103056 ENSG00000130635,SMPD3 COL5A1
GO:BP,GO:0042110,T cell activation,0.5630705699548486,False,4,94,60,1708,ENSG00000110497 ENSG00000115085 ENSG00000010810 ENSG00000002822,AMBRA1 ZAP70 FYN MAD1L1
GO:BP,GO:0051606,detection of stimulus,0.5630705699548486,False,2,94,26,1708,ENSG00000078795 ENSG00000010810,PKD2L2 FYN
GO:BP,GO:0045229,external encapsulating structure organization,0.5630705699548486,False,2,94,26,1708,ENSG00000103056 ENSG00000130635,SMPD3 COL5A1
GO:BP,GO:0046394,carboxylic acid biosynthetic process,0.5630705699548486,False,2,94,26,1708,ENSG00000188641 ENSG00000070882,DPYD OSBPL3
GO:BP,GO:0043062,extracellular structure organization,0.5630705699548486,False,2,94,26,1708,ENSG00000103056 ENSG00000130635,SMPD3 COL5A1
GO:BP,GO:0016053,organic acid biosynthetic process,0.5630705699548486,False,2,94,26,1708,ENSG00000188641 ENSG00000070882,DPYD OSBPL3
GO:BP,GO:0044282,small molecule catabolic process,0.5630705699548486,False,2,94,26,1708,ENSG00000111669 ENSG00000188641,TPI1 DPYD
GO:BP,GO:0080134,regulation of response to stress,0.5643894454986108,False,8,94,130,1708,ENSG00000149131 ENSG00000204991 ENSG00000251322 ENSG00000158019 ENSG00000163635 ENSG00000113070 ENSG00000010810 ENSG00000213654,SERPING1 SPIRE2 SHANK3 BABAM2 ATXN7 HBEGF FYN GPSM3
GO:BP,GO:0006163,purine nucleotide metabolic process,0.5643894454986108,False,3,94,43,1708,ENSG00000111669 ENSG00000073417 ENSG00000113448,TPI1 PDE8A PDE4D
GO:CC,GO:0098686,hippocampal mossy fiber to CA3 synapse,0.5647143080421746,False,1,94,5,1708,ENSG00000196517,SLC6A9
GO:CC,GO:0032590,dendrite membrane,0.5647143080421746,False,1,94,5,1708,ENSG00000155511,GRIA1
GO:CC,GO:1905370,serine-type endopeptidase complex,0.5647143080421746,False,1,94,5,1708,ENSG00000184903,IMMP2L
GO:CC,GO:1902562,H4 histone acetyltransferase complex,0.5647143080421746,False,1,94,5,1708,ENSG00000174579,MSL2
GO:CC,GO:1905286,serine-type peptidase complex,0.5647143080421746,False,1,94,5,1708,ENSG00000184903,IMMP2L
GO:CC,GO:0016328,lateral plasma membrane,0.5647143080421746,False,1,94,5,1708,ENSG00000196517,SLC6A9
GO:CC,GO:0008328,ionotropic glutamate receptor complex,0.5647143080421746,False,1,94,5,1708,ENSG00000155511,GRIA1
GO:CC,GO:0099091,"postsynaptic specialization, intracellular component",0.5647143080421746,False,1,94,5,1708,ENSG00000155511,GRIA1
GO:CC,GO:0110165,cellular anatomical structure,0.5647181356638513,False,91,94,1617,1708,ENSG00000156395 ENSG00000067082 ENSG00000120451 ENSG00000183715 ENSG00000110497 ENSG00000149131 ENSG00000171310 ENSG00000122986 ENSG00000089053 ENSG00000168778 ENSG00000133687 ENSG00000161813 ENSG00000135454 ENSG00000111669 ENSG00000072657 ENSG00000151778 ENSG00000184601 ENSG00000182732 ENSG00000157456 ENSG00000103811 ENSG00000073417 ENSG00000242498 ENSG00000149927 ENSG00000153406 ENSG00000103042 ENSG00000103056 ENSG00000204991 ENSG00000070366 ENSG00000181291 ENSG00000108309 ENSG00000166573 ENSG00000205517 ENSG00000178093 ENSG00000104885 ENSG00000186020 ENSG00000161652 ENSG00000023902 ENSG00000143614 ENSG00000162753 ENSG00000116852 ENSG00000159023 ENSG00000196182 ENSG00000196517 ENSG00000142599 ENSG00000188641 ENSG00000053438 ENSG00000100354 ENSG00000100403 ENSG00000251322 ENSG00000082153 ENSG00000158019 ENSG00000163171 ENSG00000124356 ENSG00000115085 ENSG00000174579 ENSG00000154822 ENSG00000007402 ENSG00000055955 ENSG00000163635 ENSG00000198948 ENSG00000150630 ENSG00000185619 ENSG00000151422 ENSG00000078795 ENSG00000120725 ENSG00000113070 ENSG00000155511 ENSG00000113448 ENSG00000010810 ENSG00000079691 ENSG00000124557 ENSG00000096654 ENSG00000232040 ENSG00000137411 ENSG00000213654 ENSG00000204231 ENSG00000112659 ENSG00000135298 ENSG00000005483 ENSG00000184903 ENSG00000131558 ENSG00000002822 ENSG00000070882 ENSG00000176406 ENSG00000158106 ENSG00000147799 ENSG00000168077 ENSG00000147535 ENSG00000104442 ENSG00000179058 ENSG00000130635,SORCS3 KLF6 SNX19 OPCML AMBRA1 SERPING1 CHST11 HVCN1 ANAPC5 TCTN2 TMTC1 LARP4 B4GALNT1 TPI1 TRHDE SERP2 C14orf180 RGS6 CCNB2 CTSH PDE8A ARPIN DOC2A NMRAL1 SLC38A7 SMPD3 SPIRE2 SMG6 TMEM132E RUNDC3A GALR1 RGL3 TSSK6 DOT1L ZNF529 IZUMO2 PLEKHO1 GATAD2B SLC9C2 KIF21B EPB41 STK40 SLC6A9 RERE DPYD NNAT TNRC6B ZC3H7B SHANK3 BZW1 BABAM2 CDC42EP3 STAMBP ZAP70 MSL2 PLCL2 CACNA2D2 ITIH4 ATXN7 MFAP3L VEGFC PCGF3 FER PKD2L2 SIL1 HBEGF GRIA1 PDE4D FYN CARMIL1 BTN1A1 ZNF184 SCAND3 VARS2 GPSM3 RXRB CUL9 ADGRB3 KMT2E IMMP2L EXOC4 MAD1L1 OSBPL3 RIMS2 RHPN1 ARHGAP39 SCARA3 PLPP5 ARMC1 C9orf50 COL5A1
GO:BP,GO:0071773,cellular response to BMP stimulus,0.56501193395536,False,1,94,10,1708,ENSG00000103056,SMPD3
GO:BP,GO:2000177,regulation of neural precursor cell proliferation,0.56501193395536,False,1,94,10,1708,ENSG00000150630,VEGFC
GO:BP,GO:0071772,response to BMP,0.56501193395536,False,1,94,10,1708,ENSG00000103056,SMPD3
GO:BP,GO:0007043,cell-cell junction assembly,0.56501193395536,False,1,94,10,1708,ENSG00000151422,FER
GO:BP,GO:0120034,positive regulation of plasma membrane bounded cell projection assembly,0.56501193395536,False,1,94,10,1708,ENSG00000163171,CDC42EP3
GO:BP,GO:0046660,female sex differentiation,0.56501193395536,False,1,94,10,1708,ENSG00000184903,IMMP2L
GO:BP,GO:0120161,regulation of cold-induced thermogenesis,0.56501193395536,False,1,94,10,1708,ENSG00000154822,PLCL2
GO:BP,GO:0007080,mitotic metaphase chromosome alignment,0.56501193395536,False,1,94,10,1708,ENSG00000002822,MAD1L1
GO:BP,GO:0060048,cardiac muscle contraction,0.56501193395536,False,1,94,10,1708,ENSG00000113448,PDE4D
GO:BP,GO:2001235,positive regulation of apoptotic signaling pathway,0.56501193395536,False,1,94,10,1708,ENSG00000103811,CTSH
GO:BP,GO:0044774,mitotic DNA integrity checkpoint signaling,0.56501193395536,False,1,94,10,1708,ENSG00000158019,BABAM2
GO:BP,GO:0002526,acute inflammatory response,0.56501193395536,False,1,94,10,1708,ENSG00000055955,ITIH4
GO:BP,GO:0032526,response to retinoic acid,0.56501193395536,False,1,94,10,1708,ENSG00000103811,CTSH
GO:BP,GO:0032729,positive regulation of type II interferon production,0.56501193395536,False,1,94,10,1708,ENSG00000113448,PDE4D
GO:BP,GO:0051588,regulation of neurotransmitter transport,0.56501193395536,False,1,94,10,1708,ENSG00000176406,RIMS2
GO:BP,GO:1903844,regulation of cellular response to transforming growth factor beta stimulus,0.56501193395536,False,1,94,10,1708,ENSG00000171310,CHST11
GO:BP,GO:0034620,cellular response to unfolded protein,0.56501193395536,False,1,94,10,1708,ENSG00000151778,SERP2
GO:BP,GO:0048592,eye morphogenesis,0.56501193395536,False,1,94,10,1708,ENSG00000130635,COL5A1
GO:BP,GO:0032370,positive regulation of lipid transport,0.56501193395536,False,1,94,10,1708,ENSG00000166573,GALR1
GO:BP,GO:0001764,neuron migration,0.56501193395536,False,1,94,10,1708,ENSG00000010810,FYN
GO:BP,GO:0014074,response to purine-containing compound,0.56501193395536,False,1,94,10,1708,ENSG00000113448,PDE4D
GO:BP,GO:0098876,vesicle-mediated transport to the plasma membrane,0.56501193395536,False,1,94,10,1708,ENSG00000131558,EXOC4
GO:BP,GO:0097722,sperm motility,0.56501193395536,False,1,94,10,1708,ENSG00000178093,TSSK6
GO:BP,GO:1903035,negative regulation of response to wounding,0.56501193395536,False,1,94,10,1708,ENSG00000149131,SERPING1
GO:BP,GO:0030317,flagellated sperm motility,0.56501193395536,False,1,94,10,1708,ENSG00000178093,TSSK6
GO:BP,GO:0045727,positive regulation of translation,0.56501193395536,False,1,94,10,1708,ENSG00000161813,LARP4
GO:BP,GO:0044773,mitotic DNA damage checkpoint signaling,0.56501193395536,False,1,94,10,1708,ENSG00000158019,BABAM2
GO:BP,GO:0072089,stem cell proliferation,0.56501193395536,False,1,94,10,1708,ENSG00000150630,VEGFC
GO:BP,GO:0051641,cellular localization,0.5653171475508417,False,11,94,184,1708,ENSG00000120451 ENSG00000149927 ENSG00000103056 ENSG00000204991 ENSG00000070366 ENSG00000251322 ENSG00000007402 ENSG00000120725 ENSG00000010810 ENSG00000131558 ENSG00000176406,SNX19 DOC2A SMPD3 SPIRE2 SMG6 SHANK3 CACNA2D2 SIL1 FYN EXOC4 RIMS2
GO:BP,GO:0051052,regulation of DNA metabolic process,0.5670055639094611,False,4,94,61,1708,ENSG00000204991 ENSG00000070366 ENSG00000158019 ENSG00000163635,SPIRE2 SMG6 BABAM2 ATXN7
GO:BP,GO:0033993,response to lipid,0.5670055639094611,False,4,94,61,1708,ENSG00000103811 ENSG00000151422 ENSG00000155511 ENSG00000204231,CTSH FER GRIA1 RXRB
GO:BP,GO:0002250,adaptive immune response,0.5670055639094611,False,4,94,61,1708,ENSG00000149131 ENSG00000103811 ENSG00000115085 ENSG00000010810,SERPING1 CTSH ZAP70 FYN
GO:MF,GO:0008017,microtubule binding,0.5695596498734374,False,2,94,27,1708,ENSG00000204991 ENSG00000116852,SPIRE2 KIF21B
GO:MF,GO:0005539,glycosaminoglycan binding,0.5695596498734374,False,2,94,27,1708,ENSG00000113070 ENSG00000130635,HBEGF COL5A1
GO:MF,GO:0004888,transmembrane signaling receptor activity,0.5695596498734374,False,5,94,79,1708,ENSG00000156395 ENSG00000103811 ENSG00000166573 ENSG00000155511 ENSG00000135298,SORCS3 CTSH GALR1 GRIA1 ADGRB3
GO:BP,GO:0002443,leukocyte mediated immunity,0.572309130244163,False,3,94,44,1708,ENSG00000149131 ENSG00000103811 ENSG00000005483,SERPING1 CTSH KMT2E
GO:BP,GO:0009057,macromolecule catabolic process,0.572309130244163,False,7,94,114,1708,ENSG00000110497 ENSG00000089053 ENSG00000103811 ENSG00000070366 ENSG00000100354 ENSG00000010810 ENSG00000112659,AMBRA1 ANAPC5 CTSH SMG6 TNRC6B FYN CUL9
GO:BP,GO:0051223,regulation of protein transport,0.5755139778374035,False,2,94,27,1708,ENSG00000053438 ENSG00000150630,NNAT VEGFC
GO:BP,GO:0043434,response to peptide hormone,0.5755139778374035,False,2,94,27,1708,ENSG00000151422 ENSG00000155511,FER GRIA1
GO:MF,GO:0043168,anion binding,0.576367465381631,False,12,94,204,1708,ENSG00000103056 ENSG00000178093 ENSG00000116852 ENSG00000196182 ENSG00000188641 ENSG00000115085 ENSG00000154822 ENSG00000151422 ENSG00000113448 ENSG00000010810 ENSG00000137411 ENSG00000112659,SMPD3 TSSK6 KIF21B STK40 DPYD ZAP70 PLCL2 FER PDE4D FYN VARS2 CUL9
GO:BP,GO:0160307,protein biosynthetic process,0.5803521736281334,False,4,94,62,1708,ENSG00000161813 ENSG00000100354 ENSG00000082153 ENSG00000137411,LARP4 TNRC6B BZW1 VARS2
GO:BP,GO:0009725,response to hormone,0.5803521736281334,False,4,94,62,1708,ENSG00000103811 ENSG00000151422 ENSG00000155511 ENSG00000204231,CTSH FER GRIA1 RXRB
GO:BP,GO:0000165,MAPK cascade,0.5803521736281334,False,4,94,62,1708,ENSG00000103811 ENSG00000073417 ENSG00000196182 ENSG00000251322,CTSH PDE8A STK40 SHANK3
GO:BP,GO:0048514,blood vessel morphogenesis,0.5803521736281334,False,4,94,62,1708,ENSG00000103811 ENSG00000150630 ENSG00000010810 ENSG00000135298,CTSH VEGFC FYN ADGRB3
GO:BP,GO:0006412,translation,0.5803521736281334,False,4,94,62,1708,ENSG00000161813 ENSG00000100354 ENSG00000082153 ENSG00000137411,LARP4 TNRC6B BZW1 VARS2
GO:CC,GO:0015629,actin cytoskeleton,0.5806436050412687,False,4,94,47,1708,ENSG00000163171 ENSG00000151422 ENSG00000010810 ENSG00000079691,CDC42EP3 FER FYN CARMIL1
GO:BP,GO:0030182,neuron differentiation,0.5810717087834427,False,7,94,115,1708,ENSG00000183715 ENSG00000181291 ENSG00000142599 ENSG00000251322 ENSG00000010810 ENSG00000135298 ENSG00000176406,OPCML TMEM132E RERE SHANK3 FYN ADGRB3 RIMS2
GO:BP,GO:0042981,regulation of apoptotic process,0.5810717087834427,False,7,94,115,1708,ENSG00000110497 ENSG00000171310 ENSG00000103811 ENSG00000196182 ENSG00000158019 ENSG00000124356 ENSG00000010810,AMBRA1 CHST11 CTSH STK40 BABAM2 STAMBP FYN
GO:CC,GO:0045335,phagocytic vesicle,0.5811611175562683,False,2,94,18,1708,ENSG00000110497 ENSG00000122986,AMBRA1 HVCN1
GO:CC,GO:0098858,actin-based cell projection,0.5811611175562683,False,2,94,18,1708,ENSG00000131558 ENSG00000070882,EXOC4 OSBPL3
GO:MF,GO:0003712,transcription coregulator activity,0.5815439318425433,False,3,94,45,1708,ENSG00000104885 ENSG00000142599 ENSG00000005483,DOT1L RERE KMT2E
GO:CC,GO:0016591,"RNA polymerase II, holoenzyme",0.5815710732334028,False,1,94,6,1708,ENSG00000163635,ATXN7
GO:CC,GO:0035869,ciliary transition zone,0.5815710732334028,False,1,94,6,1708,ENSG00000168778,TCTN2
GO:CC,GO:0000307,cyclin-dependent protein kinase holoenzyme complex,0.5815710732334028,False,1,94,6,1708,ENSG00000157456,CCNB2
GO:CC,GO:0032589,neuron projection membrane,0.5815710732334028,False,1,94,6,1708,ENSG00000155511,GRIA1
GO:CC,GO:0031901,early endosome membrane,0.5815710732334028,False,2,94,19,1708,ENSG00000120451 ENSG00000155511,SNX19 GRIA1
GO:CC,GO:0098802,plasma membrane signaling receptor complex,0.5815710732334028,False,2,94,19,1708,ENSG00000115085 ENSG00000155511,ZAP70 GRIA1
GO:CC,GO:0005771,multivesicular body,0.5815710732334028,False,1,94,6,1708,ENSG00000103811,CTSH
GO:CC,GO:0030658,transport vesicle membrane,0.5815710732334028,False,3,94,33,1708,ENSG00000149927 ENSG00000196517 ENSG00000155511,DOC2A SLC6A9 GRIA1
GO:CC,GO:0010494,cytoplasmic stress granule,0.5815710732334028,False,1,94,6,1708,ENSG00000161813,LARP4
GO:CC,GO:0140151,solid phase of interstitial matrix,0.5815710732334028,False,1,94,6,1708,ENSG00000130635,COL5A1
GO:CC,GO:0001772,immunological synapse,0.5815710732334028,False,1,94,6,1708,ENSG00000115085,ZAP70
GO:CC,GO:0005680,anaphase-promoting complex,0.5815710732334028,False,1,94,6,1708,ENSG00000089053,ANAPC5
GO:CC,GO:0044297,cell body,0.5815710732334028,False,4,94,48,1708,ENSG00000103042 ENSG00000181291 ENSG00000155511 ENSG00000010810,SLC38A7 TMEM132E GRIA1 FYN
GO:CC,GO:0036126,sperm flagellum,0.5815710732334028,False,2,94,19,1708,ENSG00000122986 ENSG00000178093,HVCN1 TSSK6
GO:CC,GO:0034703,cation channel complex,0.5815710732334028,False,2,94,19,1708,ENSG00000007402 ENSG00000113448,CACNA2D2 PDE4D
GO:CC,GO:0035579,specific granule membrane,0.5815710732334028,False,1,94,6,1708,ENSG00000122986,HVCN1
GO:CC,GO:0000781,"chromosome, telomeric region",0.5815710732334028,False,3,94,34,1708,ENSG00000070366 ENSG00000104885 ENSG00000143614,SMG6 DOT1L GATAD2B
GO:CC,GO:0005575,cellular_component,0.5816492730381284,False,91,94,1622,1708,ENSG00000156395 ENSG00000067082 ENSG00000120451 ENSG00000183715 ENSG00000110497 ENSG00000149131 ENSG00000171310 ENSG00000122986 ENSG00000089053 ENSG00000168778 ENSG00000133687 ENSG00000161813 ENSG00000135454 ENSG00000111669 ENSG00000072657 ENSG00000151778 ENSG00000184601 ENSG00000182732 ENSG00000157456 ENSG00000103811 ENSG00000073417 ENSG00000242498 ENSG00000149927 ENSG00000153406 ENSG00000103042 ENSG00000103056 ENSG00000204991 ENSG00000070366 ENSG00000181291 ENSG00000108309 ENSG00000166573 ENSG00000205517 ENSG00000178093 ENSG00000104885 ENSG00000186020 ENSG00000161652 ENSG00000023902 ENSG00000143614 ENSG00000162753 ENSG00000116852 ENSG00000159023 ENSG00000196182 ENSG00000196517 ENSG00000142599 ENSG00000188641 ENSG00000053438 ENSG00000100354 ENSG00000100403 ENSG00000251322 ENSG00000082153 ENSG00000158019 ENSG00000163171 ENSG00000124356 ENSG00000115085 ENSG00000174579 ENSG00000154822 ENSG00000007402 ENSG00000055955 ENSG00000163635 ENSG00000198948 ENSG00000150630 ENSG00000185619 ENSG00000151422 ENSG00000078795 ENSG00000120725 ENSG00000113070 ENSG00000155511 ENSG00000113448 ENSG00000010810 ENSG00000079691 ENSG00000124557 ENSG00000096654 ENSG00000232040 ENSG00000137411 ENSG00000213654 ENSG00000204231 ENSG00000112659 ENSG00000135298 ENSG00000005483 ENSG00000184903 ENSG00000131558 ENSG00000002822 ENSG00000070882 ENSG00000176406 ENSG00000158106 ENSG00000147799 ENSG00000168077 ENSG00000147535 ENSG00000104442 ENSG00000179058 ENSG00000130635,SORCS3 KLF6 SNX19 OPCML AMBRA1 SERPING1 CHST11 HVCN1 ANAPC5 TCTN2 TMTC1 LARP4 B4GALNT1 TPI1 TRHDE SERP2 C14orf180 RGS6 CCNB2 CTSH PDE8A ARPIN DOC2A NMRAL1 SLC38A7 SMPD3 SPIRE2 SMG6 TMEM132E RUNDC3A GALR1 RGL3 TSSK6 DOT1L ZNF529 IZUMO2 PLEKHO1 GATAD2B SLC9C2 KIF21B EPB41 STK40 SLC6A9 RERE DPYD NNAT TNRC6B ZC3H7B SHANK3 BZW1 BABAM2 CDC42EP3 STAMBP ZAP70 MSL2 PLCL2 CACNA2D2 ITIH4 ATXN7 MFAP3L VEGFC PCGF3 FER PKD2L2 SIL1 HBEGF GRIA1 PDE4D FYN CARMIL1 BTN1A1 ZNF184 SCAND3 VARS2 GPSM3 RXRB CUL9 ADGRB3 KMT2E IMMP2L EXOC4 MAD1L1 OSBPL3 RIMS2 RHPN1 ARHGAP39 SCARA3 PLPP5 ARMC1 C9orf50 COL5A1
GO:MF,GO:0043021,ribonucleoprotein complex binding,0.5838057302672555,False,1,94,11,1708,ENSG00000070366,SMG6
GO:MF,GO:0016278,lysine N-methyltransferase activity,0.5838057302672555,False,1,94,11,1708,ENSG00000104885,DOT1L
GO:MF,GO:0016279,protein-lysine N-methyltransferase activity,0.5838057302672555,False,1,94,11,1708,ENSG00000104885,DOT1L
GO:MF,GO:0031492,nucleosomal DNA binding,0.5838057302672555,False,1,94,11,1708,ENSG00000143614,GATAD2B
GO:MF,GO:0140101,"catalytic activity, acting on a tRNA",0.5838057302672555,False,1,94,11,1708,ENSG00000137411,VARS2
GO:MF,GO:0003777,microtubule motor activity,0.5838057302672555,False,1,94,11,1708,ENSG00000116852,KIF21B
GO:BP,GO:0045589,regulation of regulatory T cell differentiation,0.5838144230267889,False,1,94,11,1708,ENSG00000110497,AMBRA1
GO:BP,GO:0045597,positive regulation of cell differentiation,0.5838144230267889,False,4,94,63,1708,ENSG00000110497 ENSG00000251322 ENSG00000115085 ENSG00000150630,AMBRA1 SHANK3 ZAP70 VEGFC
GO:BP,GO:0045814,"negative regulation of gene expression, epigenetic",0.5838144230267889,False,2,94,28,1708,ENSG00000104885 ENSG00000185619,DOT1L PCGF3
GO:BP,GO:1990845,adaptive thermogenesis,0.5838144230267889,False,1,94,11,1708,ENSG00000154822,PLCL2
GO:BP,GO:0050673,epithelial cell proliferation,0.5838144230267889,False,2,94,28,1708,ENSG00000150630 ENSG00000232040,VEGFC SCAND3
GO:BP,GO:0050672,negative regulation of lymphocyte proliferation,0.5838144230267889,False,1,94,11,1708,ENSG00000002822,MAD1L1
GO:BP,GO:0050767,regulation of neurogenesis,0.5838144230267889,False,2,94,28,1708,ENSG00000251322 ENSG00000150630,SHANK3 VEGFC
GO:BP,GO:0030258,lipid modification,0.5838144230267889,False,1,94,11,1708,ENSG00000147535,PLPP5
GO:BP,GO:0010389,regulation of G2/M transition of mitotic cell cycle,0.5838144230267889,False,1,94,11,1708,ENSG00000158019,BABAM2
GO:BP,GO:0010508,positive regulation of autophagy,0.5838144230267889,False,1,94,11,1708,ENSG00000110497,AMBRA1
GO:BP,GO:0002220,innate immune response activating cell surface receptor signaling pathway,0.5838144230267889,False,1,94,11,1708,ENSG00000010810,FYN
GO:BP,GO:0001838,embryonic epithelial tube formation,0.5838144230267889,False,1,94,11,1708,ENSG00000251322,SHANK3
GO:BP,GO:0030163,protein catabolic process,0.5838144230267889,False,5,94,81,1708,ENSG00000110497 ENSG00000089053 ENSG00000103811 ENSG00000010810 ENSG00000112659,AMBRA1 ANAPC5 CTSH FYN CUL9
GO:BP,GO:1902414,protein localization to cell junction,0.5838144230267889,False,1,94,11,1708,ENSG00000007402,CACNA2D2
GO:BP,GO:0010975,regulation of neuron projection development,0.5838144230267889,False,3,94,45,1708,ENSG00000251322 ENSG00000010810 ENSG00000135298,SHANK3 FYN ADGRB3
GO:BP,GO:0010810,regulation of cell-substrate adhesion,0.5838144230267889,False,1,94,11,1708,ENSG00000079691,CARMIL1
GO:BP,GO:1900182,positive regulation of protein localization to nucleus,0.5838144230267889,False,1,94,11,1708,ENSG00000010810,FYN
GO:BP,GO:0009267,cellular response to starvation,0.5838144230267889,False,1,94,11,1708,ENSG00000110497,AMBRA1
GO:BP,GO:0051302,regulation of cell division,0.5838144230267889,False,1,94,11,1708,ENSG00000150630,VEGFC
GO:BP,GO:0035107,appendage morphogenesis,0.5838144230267889,False,1,94,11,1708,ENSG00000171310,CHST11
GO:BP,GO:0070663,regulation of leukocyte proliferation,0.5838144230267889,False,2,94,28,1708,ENSG00000115085 ENSG00000002822,ZAP70 MAD1L1
GO:BP,GO:0035108,limb morphogenesis,0.5838144230267889,False,1,94,11,1708,ENSG00000171310,CHST11
GO:BP,GO:0051402,neuron apoptotic process,0.5838144230267889,False,2,94,28,1708,ENSG00000110497 ENSG00000124356,AMBRA1 STAMBP
GO:BP,GO:0051246,regulation of protein metabolic process,0.5838144230267889,False,7,94,116,1708,ENSG00000161813 ENSG00000103811 ENSG00000196517 ENSG00000100354 ENSG00000082153 ENSG00000151422 ENSG00000010810,LARP4 CTSH SLC6A9 TNRC6B BZW1 FER FYN
GO:BP,GO:0099072,regulation of postsynaptic membrane neurotransmitter receptor levels,0.5838144230267889,False,1,94,11,1708,ENSG00000007402,CACNA2D2
GO:BP,GO:0032945,negative regulation of mononuclear cell proliferation,0.5838144230267889,False,1,94,11,1708,ENSG00000002822,MAD1L1
GO:BP,GO:0030902,hindbrain development,0.5838144230267889,False,1,94,11,1708,ENSG00000142599,RERE
GO:BP,GO:0001708,cell fate specification,0.5838144230267889,False,1,94,11,1708,ENSG00000143614,GATAD2B
GO:BP,GO:0001776,leukocyte homeostasis,0.5838144230267889,False,1,94,11,1708,ENSG00000157456,CCNB2
GO:BP,GO:0031109,microtubule polymerization or depolymerization,0.5838144230267889,False,1,94,11,1708,ENSG00000163635,ATXN7
GO:BP,GO:0031110,regulation of microtubule polymerization or depolymerization,0.5838144230267889,False,1,94,11,1708,ENSG00000163635,ATXN7
GO:BP,GO:0009611,response to wounding,0.5838144230267889,False,3,94,45,1708,ENSG00000149131 ENSG00000113070 ENSG00000130635,SERPING1 HBEGF COL5A1
GO:BP,GO:0045066,regulatory T cell differentiation,0.5838144230267889,False,1,94,11,1708,ENSG00000110497,AMBRA1
GO:BP,GO:0045824,negative regulation of innate immune response,0.5838144230267889,False,1,94,11,1708,ENSG00000149131,SERPING1
GO:BP,GO:0006950,response to stress,0.5838144230267889,False,21,94,367,1708,ENSG00000110497 ENSG00000149131 ENSG00000122986 ENSG00000151778 ENSG00000103056 ENSG00000204991 ENSG00000104885 ENSG00000251322 ENSG00000158019 ENSG00000174579 ENSG00000055955 ENSG00000163635 ENSG00000150630 ENSG00000151422 ENSG00000113070 ENSG00000155511 ENSG00000010810 ENSG00000213654 ENSG00000184903 ENSG00000168077 ENSG00000130635,AMBRA1 SERPING1 HVCN1 SERP2 SMPD3 SPIRE2 DOT1L SHANK3 BABAM2 MSL2 ITIH4 ATXN7 VEGFC FER HBEGF GRIA1 FYN GPSM3 IMMP2L SCARA3 COL5A1
GO:BP,GO:1905954,positive regulation of lipid localization,0.5838144230267889,False,1,94,11,1708,ENSG00000166573,GALR1
GO:BP,GO:0043393,regulation of protein binding,0.5838144230267889,False,1,94,11,1708,ENSG00000159023,EPB41
GO:BP,GO:0106106,cold-induced thermogenesis,0.5838144230267889,False,1,94,11,1708,ENSG00000154822,PLCL2
GO:BP,GO:0046488,phosphatidylinositol metabolic process,0.5838144230267889,False,1,94,11,1708,ENSG00000154822,PLCL2
GO:BP,GO:0006892,post-Golgi vesicle-mediated transport,0.5838144230267889,False,1,94,11,1708,ENSG00000131558,EXOC4
GO:BP,GO:0007204,positive regulation of cytosolic calcium ion concentration,0.5838144230267889,False,1,94,11,1708,ENSG00000166573,GALR1
GO:BP,GO:0007584,response to nutrient,0.5838144230267889,False,1,94,11,1708,ENSG00000204231,RXRB
GO:BP,GO:0072676,lymphocyte migration,0.5838144230267889,False,1,94,11,1708,ENSG00000115085,ZAP70
GO:BP,GO:0008286,insulin receptor signaling pathway,0.5838144230267889,False,1,94,11,1708,ENSG00000151422,FER
GO:BP,GO:0042130,negative regulation of T cell proliferation,0.5838144230267889,False,1,94,11,1708,ENSG00000002822,MAD1L1
GO:BP,GO:0042180,ketone metabolic process,0.5838144230267889,False,1,94,11,1708,ENSG00000111669,TPI1
GO:BP,GO:0035967,cellular response to topologically incorrect protein,0.5838144230267889,False,1,94,11,1708,ENSG00000151778,SERP2
GO:BP,GO:0072175,epithelial tube formation,0.5838144230267889,False,1,94,11,1708,ENSG00000251322,SHANK3
GO:BP,GO:0035148,tube formation,0.5838144230267889,False,1,94,11,1708,ENSG00000251322,SHANK3
GO:BP,GO:0045184,establishment of protein localization,0.5892963605210089,False,8,94,135,1708,ENSG00000120451 ENSG00000204991 ENSG00000053438 ENSG00000150630 ENSG00000120725 ENSG00000010810 ENSG00000131558 ENSG00000176406,SNX19 SPIRE2 NNAT VEGFC SIL1 FYN EXOC4 RIMS2
GO:CC,GO:0012505,endomembrane system,0.5896524040499436,False,25,94,407,1708,ENSG00000120451 ENSG00000110497 ENSG00000149131 ENSG00000171310 ENSG00000122986 ENSG00000133687 ENSG00000135454 ENSG00000151778 ENSG00000103811 ENSG00000149927 ENSG00000103056 ENSG00000196517 ENSG00000163171 ENSG00000124356 ENSG00000055955 ENSG00000150630 ENSG00000120725 ENSG00000155511 ENSG00000113448 ENSG00000010810 ENSG00000079691 ENSG00000002822 ENSG00000070882 ENSG00000168077 ENSG00000130635,SNX19 AMBRA1 SERPING1 CHST11 HVCN1 TMTC1 B4GALNT1 SERP2 CTSH DOC2A SMPD3 SLC6A9 CDC42EP3 STAMBP ITIH4 VEGFC SIL1 GRIA1 PDE4D FYN CARMIL1 MAD1L1 OSBPL3 SCARA3 COL5A1
GO:BP,GO:0044283,small molecule biosynthetic process,0.5898011455188837,False,3,94,46,1708,ENSG00000111669 ENSG00000188641 ENSG00000070882,TPI1 DPYD OSBPL3
GO:MF,GO:0017076,purine nucleotide binding,0.5898135149556898,False,10,94,171,1708,ENSG00000178093 ENSG00000116852 ENSG00000196182 ENSG00000188641 ENSG00000115085 ENSG00000151422 ENSG00000113448 ENSG00000010810 ENSG00000137411 ENSG00000112659,TSSK6 KIF21B STK40 DPYD ZAP70 FER PDE4D FYN VARS2 CUL9
GO:BP,GO:0048871,multicellular organismal-level homeostasis,0.5938558319798962,False,4,94,64,1708,ENSG00000157456 ENSG00000103811 ENSG00000154822 ENSG00000005483,CCNB2 CTSH PLCL2 KMT2E
GO:BP,GO:0035239,tube morphogenesis,0.59598776021277,False,5,94,82,1708,ENSG00000103811 ENSG00000251322 ENSG00000150630 ENSG00000010810 ENSG00000135298,CTSH SHANK3 VEGFC FYN ADGRB3
GO:MF,GO:0016787,hydrolase activity,0.5981470838645369,False,12,94,208,1708,ENSG00000072657 ENSG00000182732 ENSG00000103811 ENSG00000073417 ENSG00000103056 ENSG00000116852 ENSG00000124356 ENSG00000154822 ENSG00000113448 ENSG00000137411 ENSG00000184903 ENSG00000147535,TRHDE RGS6 CTSH PDE8A SMPD3 KIF21B STAMBP PLCL2 PDE4D VARS2 IMMP2L PLPP5
GO:BP,GO:0042592,homeostatic process,0.598821659448356,False,8,94,136,1708,ENSG00000110497 ENSG00000122986 ENSG00000157456 ENSG00000103811 ENSG00000162753 ENSG00000251322 ENSG00000154822 ENSG00000005483,AMBRA1 HVCN1 CCNB2 CTSH SLC9C2 SHANK3 PLCL2 KMT2E
GO:BP,GO:0009191,ribonucleoside diphosphate catabolic process,0.5988764916287327,False,1,94,12,1708,ENSG00000111669,TPI1
GO:BP,GO:0060294,cilium movement involved in cell motility,0.5988764916287327,False,1,94,12,1708,ENSG00000178093,TSSK6
GO:BP,GO:0050729,positive regulation of inflammatory response,0.5988764916287327,False,1,94,12,1708,ENSG00000213654,GPSM3
GO:BP,GO:0030148,sphingolipid biosynthetic process,0.5988764916287327,False,1,94,12,1708,ENSG00000135454,B4GALNT1
GO:BP,GO:1901700,response to oxygen-containing compound,0.5988764916287327,False,7,94,119,1708,ENSG00000103811 ENSG00000103056 ENSG00000151422 ENSG00000155511 ENSG00000113448 ENSG00000010810 ENSG00000204231,CTSH SMPD3 FER GRIA1 PDE4D FYN RXRB
GO:BP,GO:0070936,protein K48-linked ubiquitination,0.5988764916287327,False,1,94,12,1708,ENSG00000089053,ANAPC5
GO:BP,GO:0002832,negative regulation of response to biotic stimulus,0.5988764916287327,False,1,94,12,1708,ENSG00000149131,SERPING1
GO:BP,GO:0009181,purine ribonucleoside diphosphate catabolic process,0.5988764916287327,False,1,94,12,1708,ENSG00000111669,TPI1
GO:BP,GO:0009179,purine ribonucleoside diphosphate metabolic process,0.5988764916287327,False,1,94,12,1708,ENSG00000111669,TPI1
GO:BP,GO:0060285,cilium-dependent cell motility,0.5988764916287327,False,1,94,12,1708,ENSG00000178093,TSSK6
GO:BP,GO:0051604,protein maturation,0.5988764916287327,False,3,94,47,1708,ENSG00000103811 ENSG00000053438 ENSG00000120725,CTSH NNAT SIL1
GO:BP,GO:0006402,mRNA catabolic process,0.5988764916287327,False,2,94,29,1708,ENSG00000070366 ENSG00000100354,SMG6 TNRC6B
GO:BP,GO:0006520,amino acid metabolic process,0.5988764916287327,False,2,94,29,1708,ENSG00000188641 ENSG00000137411,DPYD VARS2
GO:BP,GO:0009132,nucleoside diphosphate metabolic process,0.5988764916287327,False,1,94,12,1708,ENSG00000111669,TPI1
GO:BP,GO:0009134,nucleoside diphosphate catabolic process,0.5988764916287327,False,1,94,12,1708,ENSG00000111669,TPI1
GO:BP,GO:0033554,cellular response to stress,0.5988764916287327,False,11,94,190,1708,ENSG00000110497 ENSG00000151778 ENSG00000103056 ENSG00000204991 ENSG00000104885 ENSG00000158019 ENSG00000174579 ENSG00000163635 ENSG00000151422 ENSG00000010810 ENSG00000184903,AMBRA1 SERP2 SMPD3 SPIRE2 DOT1L BABAM2 MSL2 ATXN7 FER FYN IMMP2L
GO:BP,GO:0070664,negative regulation of leukocyte proliferation,0.5988764916287327,False,1,94,12,1708,ENSG00000002822,MAD1L1
GO:BP,GO:0009135,purine nucleoside diphosphate metabolic process,0.5988764916287327,False,1,94,12,1708,ENSG00000111669,TPI1
GO:BP,GO:0009137,purine nucleoside diphosphate catabolic process,0.5988764916287327,False,1,94,12,1708,ENSG00000111669,TPI1
GO:BP,GO:0001539,cilium or flagellum-dependent cell motility,0.5988764916287327,False,1,94,12,1708,ENSG00000178093,TSSK6
GO:BP,GO:0032204,regulation of telomere maintenance,0.5988764916287327,False,1,94,12,1708,ENSG00000070366,SMG6
GO:BP,GO:0009743,response to carbohydrate,0.5988764916287327,False,1,94,12,1708,ENSG00000155511,GRIA1
GO:BP,GO:0048732,gland development,0.5988764916287327,False,2,94,29,1708,ENSG00000157456 ENSG00000002822,CCNB2 MAD1L1
GO:BP,GO:0032368,regulation of lipid transport,0.5988764916287327,False,1,94,12,1708,ENSG00000166573,GALR1
GO:BP,GO:0009451,RNA modification,0.5988764916287327,False,1,94,12,1708,ENSG00000166133,RPUSD2
GO:BP,GO:0010595,positive regulation of endothelial cell migration,0.5988764916287327,False,1,94,12,1708,ENSG00000150630,VEGFC
GO:BP,GO:0021953,central nervous system neuron differentiation,0.5988764916287327,False,1,94,12,1708,ENSG00000251322,SHANK3
GO:BP,GO:0061014,positive regulation of mRNA catabolic process,0.5988764916287327,False,1,94,12,1708,ENSG00000100354,TNRC6B
GO:BP,GO:0001913,T cell mediated cytotoxicity,0.5988764916287327,False,1,94,12,1708,ENSG00000103811,CTSH
GO:BP,GO:0021543,pallium development,0.5988764916287327,False,1,94,12,1708,ENSG00000155511,GRIA1
GO:BP,GO:0006096,glycolytic process,0.5988764916287327,False,1,94,12,1708,ENSG00000111669,TPI1
GO:BP,GO:0045333,cellular respiration,0.5988764916287327,False,2,94,29,1708,ENSG00000111669 ENSG00000184903,TPI1 IMMP2L
GO:BP,GO:1990778,protein localization to cell periphery,0.5988764916287327,False,2,94,29,1708,ENSG00000159023 ENSG00000007402,EPB41 CACNA2D2
GO:BP,GO:0022008,neurogenesis,0.5988764916287327,False,8,94,137,1708,ENSG00000183715 ENSG00000181291 ENSG00000142599 ENSG00000251322 ENSG00000150630 ENSG00000010810 ENSG00000135298 ENSG00000176406,OPCML TMEM132E RERE SHANK3 VEGFC FYN ADGRB3 RIMS2
GO:BP,GO:0022600,digestive system process,0.5988764916287327,False,1,94,12,1708,ENSG00000159023,EPB41
GO:BP,GO:0019364,pyridine nucleotide catabolic process,0.5988764916287327,False,1,94,12,1708,ENSG00000111669,TPI1
GO:BP,GO:2001243,negative regulation of intrinsic apoptotic signaling pathway,0.5988764916287327,False,1,94,12,1708,ENSG00000010810,FYN
GO:BP,GO:0007009,plasma membrane organization,0.5988764916287327,False,1,94,12,1708,ENSG00000130635,COL5A1
GO:BP,GO:0045216,cell-cell junction organization,0.5988764916287327,False,1,94,12,1708,ENSG00000151422,FER
GO:BP,GO:0080090,regulation of primary metabolic process,0.5988764916287327,False,25,94,443,1708,ENSG00000067082 ENSG00000110497 ENSG00000161813 ENSG00000103811 ENSG00000073417 ENSG00000103056 ENSG00000204991 ENSG00000070366 ENSG00000166573 ENSG00000104885 ENSG00000186020 ENSG00000143614 ENSG00000196517 ENSG00000142599 ENSG00000100354 ENSG00000082153 ENSG00000158019 ENSG00000174579 ENSG00000163635 ENSG00000185619 ENSG00000151422 ENSG00000010810 ENSG00000096654 ENSG00000204231 ENSG00000005483,KLF6 AMBRA1 LARP4 CTSH PDE8A SMPD3 SPIRE2 SMG6 GALR1 DOT1L ZNF529 GATAD2B SLC6A9 RERE TNRC6B BZW1 BABAM2 MSL2 ATXN7 PCGF3 FER FYN ZNF184 RXRB KMT2E
GO:BP,GO:0007179,transforming growth factor beta receptor signaling pathway,0.5988764916287327,False,1,94,12,1708,ENSG00000171310,CHST11
GO:BP,GO:0051963,regulation of synapse assembly,0.5988764916287327,False,1,94,12,1708,ENSG00000135298,ADGRB3
GO:BP,GO:0007498,mesoderm development,0.5988764916287327,False,1,94,12,1708,ENSG00000131558,EXOC4
GO:BP,GO:0007586,digestion,0.5988764916287327,False,1,94,12,1708,ENSG00000159023,EPB41
GO:BP,GO:0007224,smoothened signaling pathway,0.5988764916287327,False,1,94,12,1708,ENSG00000168778,TCTN2
GO:BP,GO:0006956,complement activation,0.5988764916287327,False,1,94,12,1708,ENSG00000149131,SERPING1
GO:BP,GO:0045930,negative regulation of mitotic cell cycle,0.5988764916287327,False,2,94,29,1708,ENSG00000158019 ENSG00000002822,BABAM2 MAD1L1
GO:BP,GO:0043067,regulation of programmed cell death,0.5988764916287327,False,7,94,119,1708,ENSG00000110497 ENSG00000171310 ENSG00000103811 ENSG00000196182 ENSG00000158019 ENSG00000124356 ENSG00000010810,AMBRA1 CHST11 CTSH STK40 BABAM2 STAMBP FYN
GO:BP,GO:0046634,regulation of alpha-beta T cell activation,0.5988764916287327,False,1,94,12,1708,ENSG00000115085,ZAP70
GO:BP,GO:0048469,cell maturation,0.5988764916287327,False,1,94,12,1708,ENSG00000135298,ADGRB3
GO:BP,GO:0000086,G2/M transition of mitotic cell cycle,0.5988764916287327,False,1,94,12,1708,ENSG00000158019,BABAM2
GO:BP,GO:0009185,ribonucleoside diphosphate metabolic process,0.5988764916287327,False,1,94,12,1708,ENSG00000111669,TPI1
GO:BP,GO:0001659,temperature homeostasis,0.5988764916287327,False,1,94,12,1708,ENSG00000154822,PLCL2
GO:BP,GO:0000422,autophagy of mitochondrion,0.5988764916287327,False,1,94,12,1708,ENSG00000110497,AMBRA1
GO:BP,GO:0032649,regulation of type II interferon production,0.5988764916287327,False,1,94,12,1708,ENSG00000113448,PDE4D
GO:BP,GO:0061157,mRNA destabilization,0.5988764916287327,False,1,94,12,1708,ENSG00000100354,TNRC6B
GO:BP,GO:0010212,response to ionizing radiation,0.5988764916287327,False,1,94,12,1708,ENSG00000158019,BABAM2
GO:BP,GO:0046032,ADP catabolic process,0.5988764916287327,False,1,94,12,1708,ENSG00000111669,TPI1
GO:BP,GO:0046031,ADP metabolic process,0.5988764916287327,False,1,94,12,1708,ENSG00000111669,TPI1
GO:BP,GO:0043534,blood vessel endothelial cell migration,0.5988764916287327,False,1,94,12,1708,ENSG00000150630,VEGFC
GO:MF,GO:0106310,protein serine kinase activity,0.5993518571700803,False,2,94,29,1708,ENSG00000178093 ENSG00000196182,TSSK6 STK40
GO:CC,GO:0072562,blood microparticle,0.5995528528292495,False,2,94,20,1708,ENSG00000149131 ENSG00000055955,SERPING1 ITIH4
GO:BP,GO:0098609,cell-cell adhesion,0.6021160125311853,False,5,94,84,1708,ENSG00000110497 ENSG00000115085 ENSG00000151422 ENSG00000010810 ENSG00000002822,AMBRA1 ZAP70 FER FYN MAD1L1
GO:MF,GO:0051540,metal cluster binding,0.6029639672074426,False,1,94,12,1708,ENSG00000188641,DPYD
GO:MF,GO:0005178,integrin binding,0.6029639672074426,False,1,94,12,1708,ENSG00000130635,COL5A1
GO:MF,GO:0042054,histone methyltransferase activity,0.6029639672074426,False,1,94,12,1708,ENSG00000104885,DOT1L
GO:MF,GO:0051536,iron-sulfur cluster binding,0.6029639672074426,False,1,94,12,1708,ENSG00000188641,DPYD
GO:MF,GO:0005516,calmodulin binding,0.6029639672074426,False,1,94,12,1708,ENSG00000159023,EPB41
GO:MF,GO:0099094,ligand-gated monoatomic cation channel activity,0.6029639672074426,False,1,94,12,1708,ENSG00000155511,GRIA1
GO:MF,GO:0004620,glycerophospholipase activity,0.6029639672074426,False,1,94,12,1708,ENSG00000154822,PLCL2
GO:MF,GO:0140375,immune receptor activity,0.6029639672074426,False,1,94,12,1708,ENSG00000103811,CTSH
GO:BP,GO:1903046,meiotic cell cycle process,0.6033622855004717,False,2,94,30,1708,ENSG00000157456 ENSG00000204991,CCNB2 SPIRE2
GO:BP,GO:1902105,regulation of leukocyte differentiation,0.6033622855004717,False,2,94,30,1708,ENSG00000110497 ENSG00000115085,AMBRA1 ZAP70
GO:BP,GO:0051056,regulation of small GTPase mediated signal transduction,0.6033622855004717,False,2,94,30,1708,ENSG00000124356 ENSG00000147799,STAMBP ARHGAP39
GO:CC,GO:0140513,nuclear protein-containing complex,0.6070079335868116,False,10,94,150,1708,ENSG00000089053 ENSG00000070366 ENSG00000143614 ENSG00000142599 ENSG00000158019 ENSG00000163635 ENSG00000185619 ENSG00000204231 ENSG00000005483 ENSG00000002822,ANAPC5 SMG6 GATAD2B RERE BABAM2 ATXN7 PCGF3 RXRB KMT2E MAD1L1
GO:MF,GO:1901681,sulfur compound binding,0.6072070749442847,False,2,94,30,1708,ENSG00000113070 ENSG00000130635,HBEGF COL5A1
GO:CC,GO:0022626,cytosolic ribosome,0.6092171972293572,False,1,94,7,1708,ENSG00000161813,LARP4
GO:CC,GO:0097729,9+2 motile cilium,0.6092171972293572,False,2,94,21,1708,ENSG00000122986 ENSG00000178093,HVCN1 TSSK6
GO:CC,GO:0055029,nuclear DNA-directed RNA polymerase complex,0.6092171972293572,False,1,94,7,1708,ENSG00000163635,ATXN7
GO:CC,GO:0005614,interstitial matrix,0.6092171972293572,False,1,94,7,1708,ENSG00000130635,COL5A1
GO:CC,GO:0097431,mitotic spindle pole,0.6092171972293572,False,1,94,7,1708,ENSG00000002822,MAD1L1
GO:CC,GO:0090543,Flemming body,0.6092171972293572,False,1,94,7,1708,ENSG00000131558,EXOC4
GO:CC,GO:0005902,microvillus,0.6092171972293572,False,1,94,7,1708,ENSG00000131558,EXOC4
GO:CC,GO:0031594,neuromuscular junction,0.6092171972293572,False,1,94,7,1708,ENSG00000155511,GRIA1
GO:CC,GO:0005622,intracellular anatomical structure,0.6092171972293572,False,78,94,1375,1708,ENSG00000067082 ENSG00000120451 ENSG00000110497 ENSG00000149131 ENSG00000171310 ENSG00000122986 ENSG00000089053 ENSG00000168778 ENSG00000133687 ENSG00000161813 ENSG00000135454 ENSG00000111669 ENSG00000072657 ENSG00000151778 ENSG00000182732 ENSG00000157456 ENSG00000103811 ENSG00000073417 ENSG00000149927 ENSG00000153406 ENSG00000103042 ENSG00000103056 ENSG00000204991 ENSG00000070366 ENSG00000108309 ENSG00000205517 ENSG00000178093 ENSG00000104885 ENSG00000186020 ENSG00000023902 ENSG00000143614 ENSG00000116852 ENSG00000159023 ENSG00000196182 ENSG00000196517 ENSG00000142599 ENSG00000188641 ENSG00000053438 ENSG00000100354 ENSG00000100403 ENSG00000082153 ENSG00000158019 ENSG00000163171 ENSG00000124356 ENSG00000115085 ENSG00000174579 ENSG00000154822 ENSG00000055955 ENSG00000163635 ENSG00000198948 ENSG00000150630 ENSG00000185619 ENSG00000151422 ENSG00000120725 ENSG00000113070 ENSG00000155511 ENSG00000113448 ENSG00000010810 ENSG00000079691 ENSG00000096654 ENSG00000232040 ENSG00000137411 ENSG00000213654 ENSG00000204231 ENSG00000112659 ENSG00000005483 ENSG00000184903 ENSG00000131558 ENSG00000002822 ENSG00000070882 ENSG00000176406 ENSG00000158106 ENSG00000147799 ENSG00000168077 ENSG00000147535 ENSG00000104442 ENSG00000179058 ENSG00000130635,KLF6 SNX19 AMBRA1 SERPING1 CHST11 HVCN1 ANAPC5 TCTN2 TMTC1 LARP4 B4GALNT1 TPI1 TRHDE SERP2 RGS6 CCNB2 CTSH PDE8A DOC2A NMRAL1 SLC38A7 SMPD3 SPIRE2 SMG6 RUNDC3A RGL3 TSSK6 DOT1L ZNF529 PLEKHO1 GATAD2B KIF21B EPB41 STK40 SLC6A9 RERE DPYD NNAT TNRC6B ZC3H7B BZW1 BABAM2 CDC42EP3 STAMBP ZAP70 MSL2 PLCL2 ITIH4 ATXN7 MFAP3L VEGFC PCGF3 FER SIL1 HBEGF GRIA1 PDE4D FYN CARMIL1 ZNF184 SCAND3 VARS2 GPSM3 RXRB CUL9 KMT2E IMMP2L EXOC4 MAD1L1 OSBPL3 RIMS2 RHPN1 ARHGAP39 SCARA3 PLPP5 ARMC1 C9orf50 COL5A1
GO:CC,GO:0000791,euchromatin,0.6092171972293572,False,1,94,7,1708,ENSG00000005483,KMT2E
GO:CC,GO:0031519,PcG protein complex,0.6092171972293572,False,1,94,7,1708,ENSG00000185619,PCGF3
GO:BP,GO:0072359,circulatory system development,0.6118212662159077,False,6,94,103,1708,ENSG00000103811 ENSG00000150630 ENSG00000010810 ENSG00000135298 ENSG00000184903 ENSG00000130635,CTSH VEGFC FYN ADGRB3 IMMP2L COL5A1
GO:BP,GO:0031175,neuron projection development,0.6135101467765894,False,5,94,85,1708,ENSG00000142599 ENSG00000251322 ENSG00000010810 ENSG00000135298 ENSG00000176406,RERE SHANK3 FYN ADGRB3 RIMS2
GO:BP,GO:1902532,negative regulation of intracellular signal transduction,0.6156965412369122,False,4,94,67,1708,ENSG00000103056 ENSG00000124356 ENSG00000010810 ENSG00000002822,SMPD3 STAMBP FYN MAD1L1
GO:BP,GO:0044093,positive regulation of molecular function,0.6186961199412735,False,3,94,49,1708,ENSG00000182732 ENSG00000103811 ENSG00000159023,RGS6 CTSH EPB41
GO:BP,GO:0050779,RNA destabilization,0.6202226107350851,False,1,94,13,1708,ENSG00000100354,TNRC6B
GO:BP,GO:0016042,lipid catabolic process,0.6202226107350851,False,2,94,31,1708,ENSG00000103056 ENSG00000154822,SMPD3 PLCL2
GO:BP,GO:0021915,neural tube development,0.6202226107350851,False,1,94,13,1708,ENSG00000110497,AMBRA1
GO:BP,GO:0032609,type II interferon production,0.6202226107350851,False,1,94,13,1708,ENSG00000113448,PDE4D
GO:BP,GO:0050671,positive regulation of lymphocyte proliferation,0.6202226107350851,False,1,94,13,1708,ENSG00000115085,ZAP70
GO:BP,GO:0050658,RNA transport,0.6202226107350851,False,1,94,13,1708,ENSG00000070366,SMG6
GO:BP,GO:0050657,nucleic acid transport,0.6202226107350851,False,1,94,13,1708,ENSG00000070366,SMG6
GO:BP,GO:0003018,vascular process in circulatory system,0.6202226107350851,False,1,94,13,1708,ENSG00000196517,SLC6A9
GO:BP,GO:0030097,hemopoiesis,0.6202226107350851,False,6,94,104,1708,ENSG00000067082 ENSG00000110497 ENSG00000103056 ENSG00000115085 ENSG00000154822 ENSG00000005483,KLF6 AMBRA1 SMPD3 ZAP70 PLCL2 KMT2E
GO:BP,GO:0006109,regulation of carbohydrate metabolic process,0.6202226107350851,False,1,94,13,1708,ENSG00000103056,SMPD3
GO:BP,GO:0030218,erythrocyte differentiation,0.6202226107350851,False,1,94,13,1708,ENSG00000005483,KMT2E
GO:BP,GO:0030278,regulation of ossification,0.6202226107350851,False,1,94,13,1708,ENSG00000204231,RXRB
GO:BP,GO:0033108,mitochondrial respiratory chain complex assembly,0.6202226107350851,False,1,94,13,1708,ENSG00000184903,IMMP2L
GO:BP,GO:0006403,RNA localization,0.6202226107350851,False,1,94,13,1708,ENSG00000070366,SMG6
GO:BP,GO:0032946,positive regulation of mononuclear cell proliferation,0.6202226107350851,False,1,94,13,1708,ENSG00000115085,ZAP70
GO:BP,GO:0051236,establishment of RNA localization,0.6202226107350851,False,1,94,13,1708,ENSG00000070366,SMG6
GO:BP,GO:0090174,organelle membrane fusion,0.6202226107350851,False,1,94,13,1708,ENSG00000149927,DOC2A
GO:BP,GO:0032102,negative regulation of response to external stimulus,0.6202226107350851,False,2,94,31,1708,ENSG00000149131 ENSG00000010810,SERPING1 FYN
GO:BP,GO:0060562,epithelial tube morphogenesis,0.6202226107350851,False,2,94,31,1708,ENSG00000103811 ENSG00000251322,CTSH SHANK3
GO:BP,GO:0046777,protein autophosphorylation,0.6202226107350851,False,1,94,13,1708,ENSG00000151422,FER
GO:BP,GO:0046632,alpha-beta T cell differentiation,0.6202226107350851,False,1,94,13,1708,ENSG00000115085,ZAP70
GO:BP,GO:0006906,vesicle fusion,0.6202226107350851,False,1,94,13,1708,ENSG00000149927,DOC2A
GO:BP,GO:0060348,bone development,0.6202226107350851,False,1,94,13,1708,ENSG00000103056,SMPD3
GO:BP,GO:0007266,Rho protein signal transduction,0.6202226107350851,False,1,94,13,1708,ENSG00000163171,CDC42EP3
GO:BP,GO:0042476,odontogenesis,0.6202226107350851,False,1,94,13,1708,ENSG00000103056,SMPD3
GO:BP,GO:0042102,positive regulation of T cell proliferation,0.6202226107350851,False,1,94,13,1708,ENSG00000115085,ZAP70
GO:BP,GO:1905952,regulation of lipid localization,0.6202226107350851,False,1,94,13,1708,ENSG00000166573,GALR1
GO:BP,GO:0045132,meiotic chromosome segregation,0.6202226107350851,False,1,94,13,1708,ENSG00000157456,CCNB2
GO:BP,GO:0072526,pyridine-containing compound catabolic process,0.6202226107350851,False,1,94,13,1708,ENSG00000111669,TPI1
GO:BP,GO:0006259,DNA metabolic process,0.6207860488167444,False,7,94,123,1708,ENSG00000103056 ENSG00000204991 ENSG00000070366 ENSG00000104885 ENSG00000158019 ENSG00000163635 ENSG00000232040,SMPD3 SPIRE2 SMG6 DOT1L BABAM2 ATXN7 SCAND3
GO:MF,GO:0044877,protein-containing complex binding,0.6237619035973379,False,7,94,122,1708,ENSG00000070366 ENSG00000178093 ENSG00000143614 ENSG00000159023 ENSG00000155511 ENSG00000079691 ENSG00000130635,SMG6 TSSK6 GATAD2B EPB41 GRIA1 CARMIL1 COL5A1
GO:BP,GO:0098813,nuclear chromosome segregation,0.6245432683075791,False,3,94,50,1708,ENSG00000089053 ENSG00000157456 ENSG00000002822,ANAPC5 CCNB2 MAD1L1
GO:BP,GO:0060627,regulation of vesicle-mediated transport,0.6245432683075791,False,3,94,50,1708,ENSG00000149927 ENSG00000103056 ENSG00000176406,DOC2A SMPD3 RIMS2
GO:MF,GO:0022834,ligand-gated channel activity,0.6255566096864003,False,1,94,13,1708,ENSG00000155511,GRIA1
GO:MF,GO:0019888,protein phosphatase regulator activity,0.6255566096864003,False,1,94,13,1708,ENSG00000110497,AMBRA1
GO:MF,GO:0052689,carboxylic ester hydrolase activity,0.6255566096864003,False,1,94,13,1708,ENSG00000137411,VARS2
GO:MF,GO:0008270,zinc ion binding,0.6255566096864003,False,13,94,232,1708,ENSG00000067082 ENSG00000072657 ENSG00000186020 ENSG00000143614 ENSG00000142599 ENSG00000100403 ENSG00000174579 ENSG00000185619 ENSG00000096654 ENSG00000204231 ENSG00000112659 ENSG00000005483 ENSG00000176406,KLF6 TRHDE ZNF529 GATAD2B RERE ZC3H7B MSL2 PCGF3 ZNF184 RXRB CUL9 KMT2E RIMS2
GO:MF,GO:0015276,ligand-gated monoatomic ion channel activity,0.6255566096864003,False,1,94,13,1708,ENSG00000155511,GRIA1
GO:BP,GO:0051093,negative regulation of developmental process,0.6272325969362571,False,5,94,87,1708,ENSG00000242498 ENSG00000150630 ENSG00000010810 ENSG00000135298 ENSG00000130635,ARPIN VEGFC FYN ADGRB3 COL5A1
GO:CC,GO:0005643,nuclear pore,0.6291505448682783,False,1,94,8,1708,ENSG00000002822,MAD1L1
GO:CC,GO:0005783,endoplasmic reticulum,0.6291505448682783,False,10,94,157,1708,ENSG00000110497 ENSG00000149131 ENSG00000133687 ENSG00000151778 ENSG00000120725 ENSG00000155511 ENSG00000010810 ENSG00000070882 ENSG00000168077 ENSG00000130635,AMBRA1 SERPING1 TMTC1 SERP2 SIL1 GRIA1 FYN OSBPL3 SCARA3 COL5A1
GO:CC,GO:0030141,secretory granule,0.6291505448682783,False,6,94,87,1708,ENSG00000149131 ENSG00000122986 ENSG00000103811 ENSG00000196517 ENSG00000055955 ENSG00000150630,SERPING1 HVCN1 CTSH SLC6A9 ITIH4 VEGFC
GO:CC,GO:0098878,neurotransmitter receptor complex,0.6291505448682783,False,1,94,8,1708,ENSG00000155511,GRIA1
GO:CC,GO:0030424,axon,0.6291505448682783,False,4,94,54,1708,ENSG00000103042 ENSG00000116852 ENSG00000155511 ENSG00000131558,SLC38A7 KIF21B GRIA1 EXOC4
GO:CC,GO:0098982,GABA-ergic synapse,0.6291505448682783,False,1,94,8,1708,ENSG00000007402,CACNA2D2
GO:CC,GO:0061695,"transferase complex, transferring phosphorus-containing groups",0.6291505448682783,False,2,94,23,1708,ENSG00000157456 ENSG00000163635,CCNB2 ATXN7
GO:CC,GO:0099023,vesicle tethering complex,0.6291505448682783,False,1,94,8,1708,ENSG00000131558,EXOC4
GO:CC,GO:0043025,neuronal cell body,0.6291505448682783,False,3,94,39,1708,ENSG00000103042 ENSG00000155511 ENSG00000010810,SLC38A7 GRIA1 FYN
GO:CC,GO:0032587,ruffle membrane,0.6291505448682783,False,1,94,8,1708,ENSG00000023902,PLEKHO1
GO:CC,GO:0033116,endoplasmic reticulum-Golgi intermediate compartment membrane,0.6291505448682783,False,1,94,8,1708,ENSG00000155511,GRIA1
GO:CC,GO:0015935,small ribosomal subunit,0.6291505448682783,False,1,94,8,1708,ENSG00000161813,LARP4
GO:CC,GO:0005741,mitochondrial outer membrane,0.6291505448682783,False,2,94,22,1708,ENSG00000110497 ENSG00000104442,AMBRA1 ARMC1
GO:CC,GO:0030863,cortical cytoskeleton,0.6291505448682783,False,1,94,8,1708,ENSG00000159023,EPB41
GO:CC,GO:0098685,Schaffer collateral - CA1 synapse,0.6291505448682783,False,1,94,8,1708,ENSG00000010810,FYN
GO:BP,GO:0015031,protein transport,0.6300830405379829,False,7,94,124,1708,ENSG00000120451 ENSG00000204991 ENSG00000053438 ENSG00000150630 ENSG00000120725 ENSG00000131558 ENSG00000176406,SNX19 SPIRE2 NNAT VEGFC SIL1 EXOC4 RIMS2
GO:BP,GO:0006401,RNA catabolic process,0.6306160533715874,False,2,94,32,1708,ENSG00000070366 ENSG00000100354,SMG6 TNRC6B
GO:BP,GO:0006508,proteolysis,0.6306160533715874,False,4,94,69,1708,ENSG00000072657 ENSG00000103811 ENSG00000124356 ENSG00000184903,TRHDE CTSH STAMBP IMMP2L
GO:BP,GO:0048872,homeostasis of number of cells,0.6306160533715874,False,2,94,32,1708,ENSG00000157456 ENSG00000005483,CCNB2 KMT2E
GO:BP,GO:0010468,regulation of gene expression,0.6306160533715874,False,26,94,471,1708,ENSG00000067082 ENSG00000110497 ENSG00000161813 ENSG00000103811 ENSG00000073417 ENSG00000070366 ENSG00000166573 ENSG00000104885 ENSG00000186020 ENSG00000143614 ENSG00000196182 ENSG00000142599 ENSG00000100354 ENSG00000100403 ENSG00000082153 ENSG00000174579 ENSG00000163635 ENSG00000185619 ENSG00000155511 ENSG00000113448 ENSG00000010810 ENSG00000124557 ENSG00000096654 ENSG00000213654 ENSG00000204231 ENSG00000005483,KLF6 AMBRA1 LARP4 CTSH PDE8A SMG6 GALR1 DOT1L ZNF529 GATAD2B STK40 RERE TNRC6B ZC3H7B BZW1 MSL2 ATXN7 PCGF3 GRIA1 PDE4D FYN BTN1A1 ZNF184 GPSM3 RXRB KMT2E
GO:BP,GO:0016050,vesicle organization,0.6306160533715874,False,2,94,32,1708,ENSG00000120451 ENSG00000149927,SNX19 DOC2A
GO:BP,GO:0000070,mitotic sister chromatid segregation,0.6306160533715874,False,2,94,32,1708,ENSG00000089053 ENSG00000002822,ANAPC5 MAD1L1
GO:MF,GO:0032555,purine ribonucleotide binding,0.6387841087702613,False,9,94,161,1708,ENSG00000178093 ENSG00000116852 ENSG00000196182 ENSG00000115085 ENSG00000151422 ENSG00000113448 ENSG00000010810 ENSG00000137411 ENSG00000112659,TSSK6 KIF21B STK40 ZAP70 FER PDE4D FYN VARS2 CUL9
GO:BP,GO:0050954,sensory perception of mechanical stimulus,0.639280250099065,False,1,94,14,1708,ENSG00000010810,FYN
GO:BP,GO:0006090,pyruvate metabolic process,0.639280250099065,False,1,94,14,1708,ENSG00000111669,TPI1
GO:BP,GO:0097485,neuron projection guidance,0.639280250099065,False,1,94,14,1708,ENSG00000010810,FYN
GO:BP,GO:0002244,hematopoietic progenitor cell differentiation,0.639280250099065,False,1,94,14,1708,ENSG00000103056,SMPD3
GO:BP,GO:1902749,regulation of cell cycle G2/M phase transition,0.639280250099065,False,1,94,14,1708,ENSG00000158019,BABAM2
GO:BP,GO:0006006,glucose metabolic process,0.639280250099065,False,1,94,14,1708,ENSG00000111669,TPI1
GO:BP,GO:0030162,regulation of proteolysis,0.639280250099065,False,1,94,14,1708,ENSG00000103811,CTSH
GO:BP,GO:0006413,translational initiation,0.639280250099065,False,1,94,14,1708,ENSG00000082153,BZW1
GO:BP,GO:0006399,tRNA metabolic process,0.639280250099065,False,1,94,14,1708,ENSG00000137411,VARS2
GO:BP,GO:0051168,nuclear export,0.639280250099065,False,1,94,14,1708,ENSG00000070366,SMG6
GO:BP,GO:0015918,sterol transport,0.639280250099065,False,1,94,14,1708,ENSG00000070882,OSBPL3
GO:BP,GO:2000781,positive regulation of double-strand break repair,0.639280250099065,False,1,94,14,1708,ENSG00000204991,SPIRE2
GO:BP,GO:0043484,regulation of RNA splicing,0.639280250099065,False,1,94,14,1708,ENSG00000163635,ATXN7
GO:BP,GO:0036293,response to decreased oxygen levels,0.639280250099065,False,1,94,14,1708,ENSG00000150630,VEGFC
GO:BP,GO:2001252,positive regulation of chromosome organization,0.639280250099065,False,1,94,14,1708,ENSG00000002822,MAD1L1
GO:BP,GO:1903313,positive regulation of mRNA metabolic process,0.639280250099065,False,1,94,14,1708,ENSG00000100354,TNRC6B
GO:BP,GO:0048754,branching morphogenesis of an epithelial tube,0.639280250099065,False,1,94,14,1708,ENSG00000103811,CTSH
GO:BP,GO:0034101,erythrocyte homeostasis,0.639280250099065,False,1,94,14,1708,ENSG00000005483,KMT2E
GO:BP,GO:0032869,cellular response to insulin stimulus,0.639280250099065,False,1,94,14,1708,ENSG00000151422,FER
GO:BP,GO:0043087,regulation of GTPase activity,0.639280250099065,False,1,94,14,1708,ENSG00000182732,RGS6
GO:BP,GO:0001666,response to hypoxia,0.639280250099065,False,1,94,14,1708,ENSG00000150630,VEGFC
GO:BP,GO:0055001,muscle cell development,0.639280250099065,False,1,94,14,1708,ENSG00000007402,CACNA2D2
GO:BP,GO:0006986,response to unfolded protein,0.639280250099065,False,1,94,14,1708,ENSG00000151778,SERP2
GO:BP,GO:0008037,cell recognition,0.639280250099065,False,1,94,14,1708,ENSG00000183715,OPCML
GO:BP,GO:0007411,axon guidance,0.639280250099065,False,1,94,14,1708,ENSG00000010810,FYN
GO:MF,GO:0004518,nuclease activity,0.6401005614522827,False,1,94,14,1708,ENSG00000070366,SMG6
GO:MF,GO:0008276,protein methyltransferase activity,0.6401005614522827,False,1,94,14,1708,ENSG00000104885,DOT1L
GO:MF,GO:0048018,receptor ligand activity,0.6401005614522827,False,2,94,33,1708,ENSG00000150630 ENSG00000113070,VEGFC HBEGF
GO:MF,GO:0003774,cytoskeletal motor activity,0.6401005614522827,False,1,94,14,1708,ENSG00000116852,KIF21B
GO:MF,GO:0140098,"catalytic activity, acting on RNA",0.6401005614522827,False,2,94,33,1708,ENSG00000070366 ENSG00000137411,SMG6 VARS2
GO:MF,GO:0120544,polypeptide conformation or assembly isomerase activity,0.6401005614522827,False,1,94,14,1708,ENSG00000116852,KIF21B
GO:MF,GO:0097367,carbohydrate derivative binding,0.6401005614522827,False,11,94,199,1708,ENSG00000178093 ENSG00000116852 ENSG00000196182 ENSG00000115085 ENSG00000151422 ENSG00000113070 ENSG00000113448 ENSG00000010810 ENSG00000137411 ENSG00000112659 ENSG00000130635,TSSK6 KIF21B STK40 ZAP70 FER HBEGF PDE4D FYN VARS2 CUL9 COL5A1
GO:MF,GO:0003714,transcription corepressor activity,0.6401005614522827,False,1,94,14,1708,ENSG00000142599,RERE
GO:MF,GO:0032553,ribonucleotide binding,0.6401005614522827,False,9,94,162,1708,ENSG00000178093 ENSG00000116852 ENSG00000196182 ENSG00000115085 ENSG00000151422 ENSG00000113448 ENSG00000010810 ENSG00000137411 ENSG00000112659,TSSK6 KIF21B STK40 ZAP70 FER PDE4D FYN VARS2 CUL9
GO:MF,GO:0031491,nucleosome binding,0.6401005614522827,False,1,94,14,1708,ENSG00000143614,GATAD2B
GO:MF,GO:0008170,N-methyltransferase activity,0.6401005614522827,False,1,94,14,1708,ENSG00000104885,DOT1L
GO:BP,GO:0015711,organic anion transport,0.6406530563127254,False,2,94,33,1708,ENSG00000103042 ENSG00000196517,SLC38A7 SLC6A9
GO:BP,GO:0104004,cellular response to environmental stimulus,0.6406530563127254,False,2,94,33,1708,ENSG00000122986 ENSG00000158019,HVCN1 BABAM2
GO:BP,GO:0071214,cellular response to abiotic stimulus,0.6406530563127254,False,2,94,33,1708,ENSG00000122986 ENSG00000158019,HVCN1 BABAM2
GO:BP,GO:0141188,nucleic acid catabolic process,0.6406530563127254,False,2,94,33,1708,ENSG00000070366 ENSG00000100354,SMG6 TNRC6B
GO:CC,GO:0045121,membrane raft,0.6534725330768092,False,2,94,24,1708,ENSG00000115085 ENSG00000010810,ZAP70 FYN
GO:CC,GO:0098857,membrane microdomain,0.6534725330768092,False,2,94,24,1708,ENSG00000115085 ENSG00000010810,ZAP70 FYN
GO:CC,GO:0031514,motile cilium,0.6534725330768092,False,2,94,24,1708,ENSG00000122986 ENSG00000178093,HVCN1 TSSK6
GO:MF,GO:0001228,"DNA-binding transcription activator activity, RNA polymerase II-specific",0.6543196968127907,False,2,94,34,1708,ENSG00000067082 ENSG00000204231,KLF6 RXRB
GO:MF,GO:0003779,actin binding,0.6543196968127907,False,2,94,34,1708,ENSG00000204991 ENSG00000159023,SPIRE2 EPB41
GO:MF,GO:0004857,enzyme inhibitor activity,0.6543196968127907,False,2,94,34,1708,ENSG00000149131 ENSG00000055955,SERPING1 ITIH4
GO:MF,GO:0000166,nucleotide binding,0.6550090252708708,False,10,94,184,1708,ENSG00000178093 ENSG00000116852 ENSG00000196182 ENSG00000188641 ENSG00000115085 ENSG00000151422 ENSG00000113448 ENSG00000010810 ENSG00000137411 ENSG00000112659,TSSK6 KIF21B STK40 DPYD ZAP70 FER PDE4D FYN VARS2 CUL9
GO:BP,GO:0051250,negative regulation of lymphocyte activation,0.6569856464127382,False,1,94,15,1708,ENSG00000002822,MAD1L1
GO:BP,GO:0061025,membrane fusion,0.6569856464127382,False,1,94,15,1708,ENSG00000149927,DOC2A
GO:BP,GO:0006338,chromatin remodeling,0.6569856464127382,False,8,94,147,1708,ENSG00000178093 ENSG00000104885 ENSG00000143614 ENSG00000196182 ENSG00000142599 ENSG00000174579 ENSG00000185619 ENSG00000005483,TSSK6 DOT1L GATAD2B STK40 RERE MSL2 PCGF3 KMT2E
GO:BP,GO:0006325,chromatin organization,0.6569856464127382,False,9,94,165,1708,ENSG00000178093 ENSG00000104885 ENSG00000143614 ENSG00000196182 ENSG00000142599 ENSG00000158019 ENSG00000174579 ENSG00000185619 ENSG00000005483,TSSK6 DOT1L GATAD2B STK40 RERE BABAM2 MSL2 PCGF3 KMT2E
GO:BP,GO:0065009,regulation of molecular function,0.6569856464127382,False,5,94,91,1708,ENSG00000182732 ENSG00000103811 ENSG00000166573 ENSG00000104885 ENSG00000159023,RGS6 CTSH GALR1 DOT1L EPB41
GO:BP,GO:0050905,neuromuscular process,0.6569856464127382,False,1,94,15,1708,ENSG00000251322,SHANK3
GO:BP,GO:0010594,regulation of endothelial cell migration,0.6569856464127382,False,1,94,15,1708,ENSG00000150630,VEGFC
GO:BP,GO:0003341,cilium movement,0.6569856464127382,False,1,94,15,1708,ENSG00000178093,TSSK6
GO:BP,GO:0006869,lipid transport,0.6569856464127382,False,2,94,34,1708,ENSG00000166573 ENSG00000070882,GALR1 OSBPL3
GO:BP,GO:1900180,regulation of protein localization to nucleus,0.6569856464127382,False,1,94,15,1708,ENSG00000010810,FYN
GO:BP,GO:0090092,regulation of transmembrane receptor protein serine/threonine kinase signaling pathway,0.6569856464127382,False,1,94,15,1708,ENSG00000171310,CHST11
GO:BP,GO:0070665,positive regulation of leukocyte proliferation,0.6569856464127382,False,1,94,15,1708,ENSG00000115085,ZAP70
GO:BP,GO:2001242,regulation of intrinsic apoptotic signaling pathway,0.6569856464127382,False,1,94,15,1708,ENSG00000010810,FYN
GO:BP,GO:0043085,positive regulation of catalytic activity,0.6569856464127382,False,2,94,34,1708,ENSG00000182732 ENSG00000103811,RGS6 CTSH
GO:BP,GO:0031396,regulation of protein ubiquitination,0.6569856464127382,False,1,94,15,1708,ENSG00000010810,FYN
GO:BP,GO:0043161,proteasome-mediated ubiquitin-dependent protein catabolic process,0.6569856464127382,False,2,94,34,1708,ENSG00000110497 ENSG00000089053,AMBRA1 ANAPC5
GO:BP,GO:0070482,response to oxygen levels,0.6569856464127382,False,1,94,15,1708,ENSG00000150630,VEGFC
GO:BP,GO:0002040,sprouting angiogenesis,0.6569856464127382,False,1,94,15,1708,ENSG00000150630,VEGFC
GO:BP,GO:0050727,regulation of inflammatory response,0.6569856464127382,False,2,94,34,1708,ENSG00000010810 ENSG00000213654,FYN GPSM3
GO:BP,GO:0017148,negative regulation of translation,0.6569856464127382,False,1,94,15,1708,ENSG00000100354,TNRC6B
GO:BP,GO:0050868,negative regulation of T cell activation,0.6569856464127382,False,1,94,15,1708,ENSG00000002822,MAD1L1
GO:BP,GO:0097529,myeloid leukocyte migration,0.6569856464127382,False,1,94,15,1708,ENSG00000150630,VEGFC
GO:BP,GO:0010467,gene expression,0.6569856464127382,False,32,94,587,1708,ENSG00000067082 ENSG00000110497 ENSG00000133687 ENSG00000161813 ENSG00000166133 ENSG00000103811 ENSG00000073417 ENSG00000070366 ENSG00000166573 ENSG00000104885 ENSG00000186020 ENSG00000143614 ENSG00000196182 ENSG00000142599 ENSG00000053438 ENSG00000100354 ENSG00000100403 ENSG00000251322 ENSG00000082153 ENSG00000174579 ENSG00000163635 ENSG00000185619 ENSG00000120725 ENSG00000155511 ENSG00000113448 ENSG00000010810 ENSG00000124557 ENSG00000096654 ENSG00000137411 ENSG00000213654 ENSG00000204231 ENSG00000005483,KLF6 AMBRA1 TMTC1 LARP4 RPUSD2 CTSH PDE8A SMG6 GALR1 DOT1L ZNF529 GATAD2B STK40 RERE NNAT TNRC6B ZC3H7B SHANK3 BZW1 MSL2 ATXN7 PCGF3 SIL1 GRIA1 PDE4D FYN BTN1A1 ZNF184 VARS2 GPSM3 RXRB KMT2E
GO:BP,GO:0007338,single fertilization,0.6569856464127382,False,1,94,15,1708,ENSG00000122986,HVCN1
GO:BP,GO:0008217,regulation of blood pressure,0.6569856464127382,False,1,94,15,1708,ENSG00000150630,VEGFC
GO:BP,GO:0006974,DNA damage response,0.6569856464127382,False,6,94,110,1708,ENSG00000204991 ENSG00000104885 ENSG00000158019 ENSG00000174579 ENSG00000163635 ENSG00000184903,SPIRE2 DOT1L BABAM2 MSL2 ATXN7 IMMP2L
GO:BP,GO:0008361,regulation of cell size,0.6569856464127382,False,1,94,15,1708,ENSG00000251322,SHANK3
GO:BP,GO:0006511,ubiquitin-dependent protein catabolic process,0.6569856464127382,False,3,94,53,1708,ENSG00000110497 ENSG00000089053 ENSG00000112659,AMBRA1 ANAPC5 CUL9
GO:BP,GO:0007283,spermatogenesis,0.6569856464127382,False,3,94,53,1708,ENSG00000135454 ENSG00000178093 ENSG00000184903,B4GALNT1 TSSK6 IMMP2L
GO:MF,GO:1901265,nucleoside phosphate binding,0.6617964625489471,False,10,94,185,1708,ENSG00000178093 ENSG00000116852 ENSG00000196182 ENSG00000188641 ENSG00000115085 ENSG00000151422 ENSG00000113448 ENSG00000010810 ENSG00000137411 ENSG00000112659,TSSK6 KIF21B STK40 DPYD ZAP70 FER PDE4D FYN VARS2 CUL9
GO:BP,GO:0010256,endomembrane system organization,0.662249893278754,False,3,94,54,1708,ENSG00000120451 ENSG00000149927 ENSG00000130635,SNX19 DOC2A COL5A1
GO:BP,GO:0009792,embryo development ending in birth or egg hatching,0.662249893278754,False,3,94,54,1708,ENSG00000110497 ENSG00000171310 ENSG00000157456,AMBRA1 CHST11 CCNB2
GO:BP,GO:0043009,chordate embryonic development,0.662249893278754,False,3,94,54,1708,ENSG00000110497 ENSG00000171310 ENSG00000157456,AMBRA1 CHST11 CCNB2
GO:BP,GO:0043632,modification-dependent macromolecule catabolic process,0.662249893278754,False,3,94,54,1708,ENSG00000110497 ENSG00000089053 ENSG00000112659,AMBRA1 ANAPC5 CUL9
GO:BP,GO:1901698,response to nitrogen compound,0.662249893278754,False,4,94,73,1708,ENSG00000151422 ENSG00000155511 ENSG00000113448 ENSG00000010810,FER GRIA1 PDE4D FYN
GO:BP,GO:0019941,modification-dependent protein catabolic process,0.662249893278754,False,3,94,54,1708,ENSG00000110497 ENSG00000089053 ENSG00000112659,AMBRA1 ANAPC5 CUL9
GO:BP,GO:0007281,germ cell development,0.6644994250085943,False,2,94,35,1708,ENSG00000178093 ENSG00000151422,TSSK6 FER
GO:BP,GO:0030003,intracellular monoatomic cation homeostasis,0.6644994250085943,False,2,94,35,1708,ENSG00000122986 ENSG00000162753,HVCN1 SLC9C2
GO:BP,GO:0030217,T cell differentiation,0.6644994250085943,False,2,94,35,1708,ENSG00000110497 ENSG00000115085,AMBRA1 ZAP70
GO:BP,GO:0001701,in utero embryonic development,0.6644994250085943,False,2,94,35,1708,ENSG00000171310 ENSG00000157456,CHST11 CCNB2
GO:BP,GO:0010876,lipid localization,0.6644994250085943,False,2,94,35,1708,ENSG00000166573 ENSG00000070882,GALR1 OSBPL3
GO:MF,GO:0001216,DNA-binding transcription activator activity,0.6661722689103362,False,2,94,35,1708,ENSG00000067082 ENSG00000204231,KLF6 RXRB
GO:MF,GO:0030546,signaling receptor activator activity,0.6661722689103362,False,2,94,35,1708,ENSG00000150630 ENSG00000113070,VEGFC HBEGF
GO:CC,GO:1904724,tertiary granule lumen,0.6682719238902747,False,1,94,9,1708,ENSG00000103811,CTSH
GO:CC,GO:0031968,organelle outer membrane,0.6682719238902747,False,2,94,25,1708,ENSG00000110497 ENSG00000104442,AMBRA1 ARMC1
GO:CC,GO:0005604,basement membrane,0.6682719238902747,False,1,94,9,1708,ENSG00000130635,COL5A1
GO:CC,GO:0030175,filopodium,0.6682719238902747,False,1,94,9,1708,ENSG00000070882,OSBPL3
GO:CC,GO:0019867,outer membrane,0.6682719238902747,False,2,94,25,1708,ENSG00000110497 ENSG00000104442,AMBRA1 ARMC1
GO:CC,GO:0150034,distal axon,0.6682719238902747,False,2,94,25,1708,ENSG00000116852 ENSG00000131558,KIF21B EXOC4
GO:BP,GO:0008104,intracellular protein localization,0.6712649931958502,False,12,94,224,1708,ENSG00000120451 ENSG00000168778 ENSG00000204991 ENSG00000159023 ENSG00000053438 ENSG00000251322 ENSG00000007402 ENSG00000150630 ENSG00000120725 ENSG00000010810 ENSG00000131558 ENSG00000176406,SNX19 TCTN2 SPIRE2 EPB41 NNAT SHANK3 CACNA2D2 VEGFC SIL1 FYN EXOC4 RIMS2
GO:BP,GO:0016071,mRNA metabolic process,0.6720556561922022,False,4,94,74,1708,ENSG00000166133 ENSG00000070366 ENSG00000100354 ENSG00000204231,RPUSD2 SMG6 TNRC6B RXRB
GO:BP,GO:0048232,male gamete generation,0.674032316254397,False,3,94,55,1708,ENSG00000135454 ENSG00000178093 ENSG00000184903,B4GALNT1 TSSK6 IMMP2L
GO:CC,GO:0016324,apical plasma membrane,0.6747984256534016,False,3,94,42,1708,ENSG00000122986 ENSG00000196517 ENSG00000113448,HVCN1 SLC6A9 PDE4D
GO:BP,GO:0051649,establishment of localization in cell,0.6755685094145432,False,8,94,150,1708,ENSG00000120451 ENSG00000149927 ENSG00000103056 ENSG00000204991 ENSG00000070366 ENSG00000120725 ENSG00000131558 ENSG00000176406,SNX19 DOC2A SMPD3 SPIRE2 SMG6 SIL1 EXOC4 RIMS2
GO:BP,GO:0002697,regulation of immune effector process,0.6756648225902634,False,2,94,36,1708,ENSG00000149131 ENSG00000151422,SERPING1 FER
GO:BP,GO:0050728,negative regulation of inflammatory response,0.6756648225902634,False,1,94,16,1708,ENSG00000010810,FYN
GO:BP,GO:0006873,intracellular monoatomic ion homeostasis,0.6756648225902634,False,2,94,36,1708,ENSG00000122986 ENSG00000162753,HVCN1 SLC9C2
GO:BP,GO:0010506,regulation of autophagy,0.6756648225902634,False,2,94,36,1708,ENSG00000110497 ENSG00000131558,AMBRA1 EXOC4
GO:BP,GO:0051054,positive regulation of DNA metabolic process,0.6756648225902634,False,2,94,36,1708,ENSG00000204991 ENSG00000158019,SPIRE2 BABAM2
GO:BP,GO:0051053,negative regulation of DNA metabolic process,0.6756648225902634,False,1,94,16,1708,ENSG00000070366,SMG6
GO:BP,GO:1901888,regulation of cell junction assembly,0.6756648225902634,False,1,94,16,1708,ENSG00000135298,ADGRB3
GO:BP,GO:0006139,nucleobase-containing compound metabolic process,0.6756648225902634,False,27,94,502,1708,ENSG00000067082 ENSG00000110497 ENSG00000133687 ENSG00000111669 ENSG00000166133 ENSG00000073417 ENSG00000103056 ENSG00000204991 ENSG00000070366 ENSG00000166573 ENSG00000104885 ENSG00000186020 ENSG00000143614 ENSG00000142599 ENSG00000188641 ENSG00000100354 ENSG00000100403 ENSG00000158019 ENSG00000174579 ENSG00000163635 ENSG00000185619 ENSG00000113448 ENSG00000096654 ENSG00000232040 ENSG00000137411 ENSG00000204231 ENSG00000005483,KLF6 AMBRA1 TMTC1 TPI1 RPUSD2 PDE8A SMPD3 SPIRE2 SMG6 GALR1 DOT1L ZNF529 GATAD2B RERE DPYD TNRC6B ZC3H7B BABAM2 MSL2 ATXN7 PCGF3 PDE4D ZNF184 SCAND3 VARS2 RXRB KMT2E
GO:BP,GO:0022412,cellular process involved in reproduction in multicellular organism,0.6756648225902634,False,2,94,36,1708,ENSG00000178093 ENSG00000151422,TSSK6 FER
GO:BP,GO:0035966,response to topologically incorrect protein,0.6756648225902634,False,1,94,16,1708,ENSG00000151778,SERP2
GO:BP,GO:0043401,steroid hormone receptor signaling pathway,0.6756648225902634,False,1,94,16,1708,ENSG00000204231,RXRB
GO:BP,GO:2001233,regulation of apoptotic signaling pathway,0.6756648225902634,False,2,94,36,1708,ENSG00000103811 ENSG00000010810,CTSH FYN
GO:BP,GO:1903038,negative regulation of leukocyte cell-cell adhesion,0.6756648225902634,False,1,94,16,1708,ENSG00000002822,MAD1L1
GO:BP,GO:0030518,nuclear receptor-mediated steroid hormone signaling pathway,0.6756648225902634,False,1,94,16,1708,ENSG00000204231,RXRB
GO:BP,GO:0016236,macroautophagy,0.6756648225902634,False,2,94,36,1708,ENSG00000110497 ENSG00000131558,AMBRA1 EXOC4
GO:CC,GO:0031090,organelle membrane,0.6762194231601361,False,19,94,323,1708,ENSG00000120451 ENSG00000110497 ENSG00000171310 ENSG00000122986 ENSG00000168778 ENSG00000135454 ENSG00000151778 ENSG00000149927 ENSG00000103042 ENSG00000103056 ENSG00000204991 ENSG00000196517 ENSG00000113070 ENSG00000155511 ENSG00000113448 ENSG00000184903 ENSG00000070882 ENSG00000168077 ENSG00000104442,SNX19 AMBRA1 CHST11 HVCN1 TCTN2 B4GALNT1 SERP2 DOC2A SLC38A7 SMPD3 SPIRE2 SLC6A9 HBEGF GRIA1 PDE4D IMMP2L OSBPL3 SCARA3 ARMC1
GO:CC,GO:0030880,RNA polymerase complex,0.6762553979507296,False,1,94,10,1708,ENSG00000163635,ATXN7
GO:CC,GO:0005768,endosome,0.6762553979507296,False,7,94,112,1708,ENSG00000120451 ENSG00000103811 ENSG00000196517 ENSG00000124356 ENSG00000155511 ENSG00000010810 ENSG00000079691,SNX19 CTSH SLC6A9 STAMBP GRIA1 FYN CARMIL1
GO:CC,GO:0031985,Golgi cisterna,0.6762553979507296,False,1,94,10,1708,ENSG00000103056,SMPD3
GO:CC,GO:0043197,dendritic spine,0.6762553979507296,False,1,94,10,1708,ENSG00000155511,GRIA1
GO:CC,GO:0000139,Golgi membrane,0.6762553979507296,False,4,94,61,1708,ENSG00000171310 ENSG00000135454 ENSG00000103056 ENSG00000168077,CHST11 B4GALNT1 SMPD3 SCARA3
GO:CC,GO:0000428,DNA-directed RNA polymerase complex,0.6762553979507296,False,1,94,10,1708,ENSG00000163635,ATXN7
GO:CC,GO:0098800,inner mitochondrial membrane protein complex,0.6762553979507296,False,1,94,10,1708,ENSG00000184903,IMMP2L
GO:CC,GO:0098797,plasma membrane protein complex,0.6762553979507296,False,4,94,61,1708,ENSG00000115085 ENSG00000007402 ENSG00000155511 ENSG00000113448,ZAP70 CACNA2D2 GRIA1 PDE4D
GO:CC,GO:0005911,cell-cell junction,0.6762553979507296,False,3,94,43,1708,ENSG00000115085 ENSG00000151422 ENSG00000155511,ZAP70 FER GRIA1
GO:CC,GO:0005871,kinesin complex,0.6762553979507296,False,1,94,10,1708,ENSG00000116852,KIF21B
GO:CC,GO:0072686,mitotic spindle,0.6762553979507296,False,2,94,26,1708,ENSG00000159023 ENSG00000002822,EPB41 MAD1L1
GO:CC,GO:0005813,centrosome,0.6762553979507296,False,5,94,77,1708,ENSG00000157456 ENSG00000113448 ENSG00000005483 ENSG00000131558 ENSG00000002822,CCNB2 PDE4D KMT2E EXOC4 MAD1L1
GO:MF,GO:0051082,unfolded protein binding,0.6768690616653436,False,1,94,16,1708,ENSG00000120725,SIL1
GO:MF,GO:0005201,extracellular matrix structural constituent,0.6768690616653436,False,1,94,16,1708,ENSG00000130635,COL5A1
GO:MF,GO:0019208,phosphatase regulator activity,0.6768690616653436,False,1,94,16,1708,ENSG00000110497,AMBRA1
GO:MF,GO:0004175,endopeptidase activity,0.6772977919544224,False,2,94,36,1708,ENSG00000103811 ENSG00000184903,CTSH IMMP2L
GO:CC,GO:0016323,basolateral plasma membrane,0.6791672010797215,False,2,94,27,1708,ENSG00000159023 ENSG00000196517,EPB41 SLC6A9
GO:CC,GO:0005819,spindle,0.6791672010797215,False,3,94,44,1708,ENSG00000089053 ENSG00000159023 ENSG00000002822,ANAPC5 EPB41 MAD1L1
GO:CC,GO:0090575,RNA polymerase II transcription regulator complex,0.6791672010797215,False,2,94,27,1708,ENSG00000163635 ENSG00000204231,ATXN7 RXRB
GO:BP,GO:0080135,regulation of cellular response to stress,0.692414042289433,False,3,94,57,1708,ENSG00000204991 ENSG00000158019 ENSG00000163635,SPIRE2 BABAM2 ATXN7
GO:BP,GO:0141193,nuclear receptor-mediated signaling pathway,0.692414042289433,False,1,94,17,1708,ENSG00000204231,RXRB
GO:BP,GO:0070374,positive regulation of ERK1 and ERK2 cascade,0.692414042289433,False,1,94,17,1708,ENSG00000073417,PDE8A
GO:BP,GO:0016485,protein processing,0.692414042289433,False,1,94,17,1708,ENSG00000103811,CTSH
GO:BP,GO:0061138,morphogenesis of a branching epithelium,0.692414042289433,False,1,94,17,1708,ENSG00000103811,CTSH
GO:BP,GO:0010976,positive regulation of neuron projection development,0.692414042289433,False,1,94,17,1708,ENSG00000010810,FYN
GO:BP,GO:0016064,immunoglobulin mediated immune response,0.692414042289433,False,1,94,17,1708,ENSG00000149131,SERPING1
GO:BP,GO:0006941,striated muscle contraction,0.692414042289433,False,1,94,17,1708,ENSG00000113448,PDE4D
GO:BP,GO:0046631,alpha-beta T cell activation,0.692414042289433,False,1,94,17,1708,ENSG00000115085,ZAP70
GO:BP,GO:1990138,neuron projection extension,0.692414042289433,False,1,94,17,1708,ENSG00000176406,RIMS2
GO:BP,GO:0042594,response to starvation,0.692414042289433,False,1,94,17,1708,ENSG00000110497,AMBRA1
GO:BP,GO:0031400,negative regulation of protein modification process,0.692414042289433,False,1,94,17,1708,ENSG00000010810,FYN
GO:BP,GO:0031333,negative regulation of protein-containing complex assembly,0.692414042289433,False,1,94,17,1708,ENSG00000079691,CARMIL1
GO:BP,GO:0032868,response to insulin,0.692414042289433,False,1,94,17,1708,ENSG00000151422,FER
GO:BP,GO:0016052,carbohydrate catabolic process,0.692414042289433,False,1,94,17,1708,ENSG00000111669,TPI1
GO:BP,GO:0051225,spindle assembly,0.692414042289433,False,1,94,17,1708,ENSG00000157456,CCNB2
GO:BP,GO:0007018,microtubule-based movement,0.692414042289433,False,2,94,37,1708,ENSG00000178093 ENSG00000116852,TSSK6 KIF21B
GO:BP,GO:0048284,organelle fusion,0.692414042289433,False,1,94,17,1708,ENSG00000149927,DOC2A
GO:MF,GO:0016874,ligase activity,0.6936672429865101,False,1,94,17,1708,ENSG00000137411,VARS2
GO:MF,GO:0005085,guanyl-nucleotide exchange factor activity,0.6936672429865101,False,1,94,17,1708,ENSG00000205517,RGL3
GO:MF,GO:0000287,magnesium ion binding,0.6936672429865101,False,1,94,17,1708,ENSG00000178093,TSSK6
GO:MF,GO:0016829,lyase activity,0.6936672429865101,False,1,94,17,1708,ENSG00000111669,TPI1
GO:CC,GO:0005769,early endosome,0.6943517848421001,False,3,94,45,1708,ENSG00000120451 ENSG00000124356 ENSG00000155511,SNX19 STAMBP GRIA1
GO:BP,GO:0031347,regulation of defense response,0.6954342955769185,False,4,94,77,1708,ENSG00000149131 ENSG00000251322 ENSG00000010810 ENSG00000213654,SERPING1 SHANK3 FYN GPSM3
GO:BP,GO:0003006,developmental process involved in reproduction,0.6954342955769185,False,4,94,77,1708,ENSG00000135454 ENSG00000178093 ENSG00000151422 ENSG00000184903,B4GALNT1 TSSK6 FER IMMP2L
GO:CC,GO:0005776,autophagosome,0.6996993609262533,False,1,94,11,1708,ENSG00000110497,AMBRA1
GO:CC,GO:0005793,endoplasmic reticulum-Golgi intermediate compartment,0.6996993609262533,False,1,94,11,1708,ENSG00000155511,GRIA1
GO:CC,GO:1905369,endopeptidase complex,0.6996993609262533,False,1,94,11,1708,ENSG00000184903,IMMP2L
GO:MF,GO:0050839,cell adhesion molecule binding,0.7013901351308448,False,3,94,58,1708,ENSG00000157456 ENSG00000082153 ENSG00000130635,CCNB2 BZW1 COL5A1
GO:MF,GO:0016746,acyltransferase activity,0.7013901351308448,False,3,94,58,1708,ENSG00000174579 ENSG00000185619 ENSG00000112659,MSL2 PCGF3 CUL9
GO:BP,GO:0002449,lymphocyte mediated immunity,0.701540476363744,False,2,94,38,1708,ENSG00000149131 ENSG00000103811,SERPING1 CTSH
GO:BP,GO:0009314,response to radiation,0.701540476363744,False,2,94,38,1708,ENSG00000158019 ENSG00000168077,BABAM2 SCARA3
GO:BP,GO:0043086,negative regulation of catalytic activity,0.7077680942092682,False,1,94,18,1708,ENSG00000166573,GALR1
GO:BP,GO:2000779,regulation of double-strand break repair,0.7077680942092682,False,1,94,18,1708,ENSG00000204991,SPIRE2
GO:BP,GO:0030336,negative regulation of cell migration,0.7077680942092682,False,1,94,18,1708,ENSG00000242498,ARPIN
GO:BP,GO:0001822,kidney development,0.7077680942092682,False,1,94,18,1708,ENSG00000103811,CTSH
GO:BP,GO:0019318,hexose metabolic process,0.7077680942092682,False,1,94,18,1708,ENSG00000111669,TPI1
GO:BP,GO:0000723,telomere maintenance,0.7077680942092682,False,1,94,18,1708,ENSG00000070366,SMG6
GO:BP,GO:0009913,epidermal cell differentiation,0.7077680942092682,False,1,94,18,1708,ENSG00000181291,TMEM132E
GO:BP,GO:0006364,rRNA processing,0.7077680942092682,False,1,94,18,1708,ENSG00000166133,RPUSD2
GO:BP,GO:0002285,lymphocyte activation involved in immune response,0.7077680942092682,False,1,94,18,1708,ENSG00000154822,PLCL2
GO:BP,GO:0002262,myeloid cell homeostasis,0.7077680942092682,False,1,94,18,1708,ENSG00000005483,KMT2E
GO:BP,GO:0019724,B cell mediated immunity,0.7077680942092682,False,1,94,18,1708,ENSG00000149131,SERPING1
GO:BP,GO:0070507,regulation of microtubule cytoskeleton organization,0.7077680942092682,False,1,94,18,1708,ENSG00000163635,ATXN7
GO:BP,GO:0051310,metaphase chromosome alignment,0.7077680942092682,False,1,94,18,1708,ENSG00000002822,MAD1L1
GO:BP,GO:1903320,regulation of protein modification by small protein conjugation or removal,0.7077680942092682,False,1,94,18,1708,ENSG00000010810,FYN
GO:BP,GO:0009411,response to UV,0.7077680942092682,False,1,94,18,1708,ENSG00000168077,SCARA3
GO:BP,GO:0072330,monocarboxylic acid biosynthetic process,0.7077680942092682,False,1,94,18,1708,ENSG00000070882,OSBPL3
GO:BP,GO:0043588,skin development,0.7077680942092682,False,1,94,18,1708,ENSG00000130635,COL5A1
GO:BP,GO:0009566,fertilization,0.7077680942092682,False,1,94,18,1708,ENSG00000122986,HVCN1
GO:BP,GO:1901873,regulation of post-translational protein modification,0.7077680942092682,False,1,94,18,1708,ENSG00000010810,FYN
GO:CC,GO:0030425,dendrite,0.7086100589004156,False,3,94,47,1708,ENSG00000116852 ENSG00000155511 ENSG00000010810,KIF21B GRIA1 FYN
GO:CC,GO:0097447,dendritic tree,0.7086100589004156,False,3,94,47,1708,ENSG00000116852 ENSG00000155511 ENSG00000010810,KIF21B GRIA1 FYN
GO:CC,GO:0099080,supramolecular complex,0.7086100589004156,False,10,94,172,1708,ENSG00000161813 ENSG00000103811 ENSG00000143614 ENSG00000116852 ENSG00000100354 ENSG00000010810 ENSG00000079691 ENSG00000005483 ENSG00000002822 ENSG00000130635,LARP4 CTSH GATAD2B KIF21B TNRC6B FYN CARMIL1 KMT2E MAD1L1 COL5A1
GO:CC,GO:0005815,microtubule organizing center,0.7086100589004156,False,6,94,100,1708,ENSG00000157456 ENSG00000070366 ENSG00000113448 ENSG00000005483 ENSG00000131558 ENSG00000002822,CCNB2 SMG6 PDE4D KMT2E EXOC4 MAD1L1
GO:CC,GO:0030662,coated vesicle membrane,0.7086100589004156,False,2,94,29,1708,ENSG00000113070 ENSG00000155511,HBEGF GRIA1
GO:CC,GO:0005667,transcription regulator complex,0.7086100589004156,False,3,94,47,1708,ENSG00000143614 ENSG00000163635 ENSG00000204231,GATAD2B ATXN7 RXRB
GO:CC,GO:0005635,nuclear envelope,0.7086100589004156,False,3,94,47,1708,ENSG00000113448 ENSG00000002822 ENSG00000070882,PDE4D MAD1L1 OSBPL3
GO:BP,GO:0000819,sister chromatid segregation,0.7096066093593315,False,2,94,39,1708,ENSG00000089053 ENSG00000002822,ANAPC5 MAD1L1
GO:BP,GO:0010498,proteasomal protein catabolic process,0.7096066093593315,False,2,94,39,1708,ENSG00000110497 ENSG00000089053,AMBRA1 ANAPC5
GO:BP,GO:0007423,sensory organ development,0.7096066093593315,False,2,94,39,1708,ENSG00000181291 ENSG00000130635,TMEM132E COL5A1
GO:MF,GO:0016791,phosphatase activity,0.7121251285968719,False,1,94,18,1708,ENSG00000147535,PLPP5
GO:BP,GO:0006629,lipid metabolic process,0.7137782660241302,False,5,94,99,1708,ENSG00000135454 ENSG00000103056 ENSG00000154822 ENSG00000070882 ENSG00000147535,B4GALNT1 SMPD3 PLCL2 OSBPL3 PLPP5
GO:BP,GO:0007059,chromosome segregation,0.7189373752081079,False,3,94,60,1708,ENSG00000089053 ENSG00000157456 ENSG00000002822,ANAPC5 CCNB2 MAD1L1
GO:BP,GO:0071345,cellular response to cytokine stimulus,0.7189373752081079,False,3,94,60,1708,ENSG00000103056 ENSG00000150630 ENSG00000151422,SMPD3 VEGFC FER
GO:BP,GO:0090304,nucleic acid metabolic process,0.7189987070789333,False,24,94,458,1708,ENSG00000067082 ENSG00000110497 ENSG00000133687 ENSG00000166133 ENSG00000073417 ENSG00000103056 ENSG00000204991 ENSG00000070366 ENSG00000166573 ENSG00000104885 ENSG00000186020 ENSG00000143614 ENSG00000142599 ENSG00000100354 ENSG00000100403 ENSG00000158019 ENSG00000174579 ENSG00000163635 ENSG00000185619 ENSG00000096654 ENSG00000232040 ENSG00000137411 ENSG00000204231 ENSG00000005483,KLF6 AMBRA1 TMTC1 RPUSD2 PDE8A SMPD3 SPIRE2 SMG6 GALR1 DOT1L ZNF529 GATAD2B RERE TNRC6B ZC3H7B BABAM2 MSL2 ATXN7 PCGF3 ZNF184 SCAND3 VARS2 RXRB KMT2E
GO:BP,GO:0006281,DNA repair,0.7190574358989135,False,4,94,80,1708,ENSG00000204991 ENSG00000104885 ENSG00000158019 ENSG00000163635,SPIRE2 DOT1L BABAM2 ATXN7
GO:BP,GO:0006955,immune response,0.7194560518560261,False,9,94,177,1708,ENSG00000149131 ENSG00000122986 ENSG00000103811 ENSG00000115085 ENSG00000154822 ENSG00000151422 ENSG00000113448 ENSG00000010810 ENSG00000124557,SERPING1 HVCN1 CTSH ZAP70 PLCL2 FER PDE4D FYN BTN1A1
GO:CC,GO:0005795,Golgi stack,0.7200738010868012,False,1,94,12,1708,ENSG00000103056,SMPD3
GO:CC,GO:0030133,transport vesicle,0.7211773097644029,False,3,94,48,1708,ENSG00000149927 ENSG00000196517 ENSG00000155511,DOC2A SLC6A9 GRIA1
GO:CC,GO:0009925,basal plasma membrane,0.7211773097644029,False,2,94,30,1708,ENSG00000159023 ENSG00000196517,EPB41 SLC6A9
GO:BP,GO:0002460,adaptive immune response based on somatic recombination of immune receptors built from immunoglobulin superfamily domains,0.7223912034792684,False,2,94,40,1708,ENSG00000149131 ENSG00000103811,SERPING1 CTSH
GO:BP,GO:0006937,regulation of muscle contraction,0.7229358781664261,False,1,94,19,1708,ENSG00000113448,PDE4D
GO:BP,GO:0048588,developmental cell growth,0.7229358781664261,False,1,94,19,1708,ENSG00000176406,RIMS2
GO:BP,GO:0009755,hormone-mediated signaling pathway,0.7229358781664261,False,1,94,19,1708,ENSG00000204231,RXRB
GO:BP,GO:0071674,mononuclear cell migration,0.7229358781664261,False,1,94,19,1708,ENSG00000115085,ZAP70
GO:BP,GO:0007127,meiosis I,0.7229358781664261,False,1,94,19,1708,ENSG00000157456,CCNB2
GO:BP,GO:0072001,renal system development,0.7229358781664261,False,1,94,19,1708,ENSG00000103811,CTSH
GO:BP,GO:0015931,nucleobase-containing compound transport,0.7229358781664261,False,1,94,19,1708,ENSG00000070366,SMG6
GO:BP,GO:0001909,leukocyte mediated cytotoxicity,0.7229358781664261,False,1,94,19,1708,ENSG00000103811,CTSH
GO:BP,GO:0010629,negative regulation of gene expression,0.7229358781664261,False,6,94,120,1708,ENSG00000070366 ENSG00000104885 ENSG00000100354 ENSG00000100403 ENSG00000185619 ENSG00000010810,SMG6 DOT1L TNRC6B ZC3H7B PCGF3 FYN
GO:CC,GO:0031965,nuclear membrane,0.7253959102409848,False,2,94,31,1708,ENSG00000113448 ENSG00000070882,PDE4D OSBPL3
GO:CC,GO:1902911,protein kinase complex,0.7253959102409848,False,1,94,13,1708,ENSG00000157456,CCNB2
GO:CC,GO:0030669,clathrin-coated endocytic vesicle membrane,0.7253959102409848,False,1,94,13,1708,ENSG00000113070,HBEGF
GO:CC,GO:0030670,phagocytic vesicle membrane,0.7253959102409848,False,1,94,13,1708,ENSG00000122986,HVCN1
GO:CC,GO:0001726,ruffle,0.7253959102409848,False,1,94,13,1708,ENSG00000023902,PLEKHO1
GO:CC,GO:0016607,nuclear speck,0.7253959102409848,False,3,94,49,1708,ENSG00000143614 ENSG00000079691 ENSG00000005483,GATAD2B CARMIL1 KMT2E
GO:CC,GO:1902554,serine/threonine protein kinase complex,0.7253959102409848,False,1,94,13,1708,ENSG00000157456,CCNB2
GO:CC,GO:0048471,perinuclear region of cytoplasm,0.7253959102409848,False,4,94,67,1708,ENSG00000110497 ENSG00000153406 ENSG00000010810 ENSG00000070882,AMBRA1 NMRAL1 FYN OSBPL3
GO:CC,GO:0098687,chromosomal region,0.7253959102409848,False,4,94,67,1708,ENSG00000070366 ENSG00000104885 ENSG00000143614 ENSG00000002822,SMG6 DOT1L GATAD2B MAD1L1
GO:CC,GO:0042581,specific granule,0.7253959102409848,False,1,94,13,1708,ENSG00000122986,HVCN1
GO:BP,GO:0050790,regulation of catalytic activity,0.7262288081103371,False,3,94,61,1708,ENSG00000182732 ENSG00000103811 ENSG00000166573,RGS6 CTSH GALR1
GO:MF,GO:0035639,purine ribonucleoside triphosphate binding,0.726618819985965,False,8,94,158,1708,ENSG00000178093 ENSG00000116852 ENSG00000196182 ENSG00000115085 ENSG00000151422 ENSG00000010810 ENSG00000137411 ENSG00000112659,TSSK6 KIF21B STK40 ZAP70 FER FYN VARS2 CUL9
GO:MF,GO:0046914,transition metal ion binding,0.7290991984151698,False,13,94,254,1708,ENSG00000067082 ENSG00000072657 ENSG00000186020 ENSG00000143614 ENSG00000142599 ENSG00000100403 ENSG00000174579 ENSG00000185619 ENSG00000096654 ENSG00000204231 ENSG00000112659 ENSG00000005483 ENSG00000176406,KLF6 TRHDE ZNF529 GATAD2B RERE ZC3H7B MSL2 PCGF3 ZNF184 RXRB CUL9 KMT2E RIMS2
GO:MF,GO:1901363,heterocyclic compound binding,0.7290991984151698,False,10,94,197,1708,ENSG00000178093 ENSG00000116852 ENSG00000196182 ENSG00000188641 ENSG00000115085 ENSG00000151422 ENSG00000113448 ENSG00000010810 ENSG00000137411 ENSG00000112659,TSSK6 KIF21B STK40 DPYD ZAP70 FER PDE4D FYN VARS2 CUL9
GO:BP,GO:0050817,coagulation,0.7377174039729663,False,1,94,20,1708,ENSG00000149131,SERPING1
GO:BP,GO:0046496,nicotinamide nucleotide metabolic process,0.7377174039729663,False,1,94,20,1708,ENSG00000111669,TPI1
GO:BP,GO:0048515,spermatid differentiation,0.7377174039729663,False,1,94,20,1708,ENSG00000178093,TSSK6
GO:BP,GO:0070372,regulation of ERK1 and ERK2 cascade,0.7377174039729663,False,1,94,20,1708,ENSG00000073417,PDE8A
GO:BP,GO:0003007,heart morphogenesis,0.7377174039729663,False,1,94,20,1708,ENSG00000130635,COL5A1
GO:BP,GO:0090257,regulation of muscle system process,0.7377174039729663,False,1,94,20,1708,ENSG00000113448,PDE4D
GO:BP,GO:0007599,hemostasis,0.7377174039729663,False,1,94,20,1708,ENSG00000149131,SERPING1
GO:BP,GO:0007596,blood coagulation,0.7377174039729663,False,1,94,20,1708,ENSG00000149131,SERPING1
GO:BP,GO:2000146,negative regulation of cell motility,0.7377174039729663,False,1,94,20,1708,ENSG00000242498,ARPIN
GO:BP,GO:0007286,spermatid development,0.7377174039729663,False,1,94,20,1708,ENSG00000178093,TSSK6
GO:BP,GO:0050000,chromosome localization,0.7377174039729663,False,1,94,20,1708,ENSG00000002822,MAD1L1
GO:BP,GO:0002456,T cell mediated immunity,0.7377174039729663,False,1,94,20,1708,ENSG00000103811,CTSH
GO:BP,GO:0018205,peptidyl-lysine modification,0.7377174039729663,False,1,94,20,1708,ENSG00000053438,NNAT
GO:BP,GO:0050906,detection of stimulus involved in sensory perception,0.7377174039729663,False,1,94,20,1708,ENSG00000010810,FYN
GO:BP,GO:0016072,rRNA metabolic process,0.7377174039729663,False,1,94,20,1708,ENSG00000166133,RPUSD2
GO:CC,GO:0045178,basal part of cell,0.7390520974854955,False,2,94,32,1708,ENSG00000159023 ENSG00000196517,EPB41 SLC6A9
GO:CC,GO:0030659,cytoplasmic vesicle membrane,0.7395578340440675,False,7,94,125,1708,ENSG00000120451 ENSG00000122986 ENSG00000149927 ENSG00000204991 ENSG00000196517 ENSG00000113070 ENSG00000155511,SNX19 HVCN1 DOC2A SPIRE2 SLC6A9 HBEGF GRIA1
GO:CC,GO:1904813,ficolin-1-rich granule lumen,0.7395578340440675,False,1,94,14,1708,ENSG00000103811,CTSH
GO:CC,GO:0045177,apical part of cell,0.7395578340440675,False,3,94,51,1708,ENSG00000122986 ENSG00000196517 ENSG00000113448,HVCN1 SLC6A9 PDE4D
GO:CC,GO:0012506,vesicle membrane,0.7395578340440675,False,7,94,126,1708,ENSG00000120451 ENSG00000122986 ENSG00000149927 ENSG00000204991 ENSG00000196517 ENSG00000113070 ENSG00000155511,SNX19 HVCN1 DOC2A SPIRE2 SLC6A9 HBEGF GRIA1
GO:CC,GO:0019898,extrinsic component of membrane,0.7395578340440675,False,1,94,14,1708,ENSG00000149927,DOC2A
GO:CC,GO:0070820,tertiary granule,0.7395578340440675,False,1,94,14,1708,ENSG00000103811,CTSH
GO:CC,GO:0043235,receptor complex,0.7395578340440675,False,2,94,33,1708,ENSG00000115085 ENSG00000155511,ZAP70 GRIA1
GO:CC,GO:0000932,P-body,0.7395578340440675,False,1,94,14,1708,ENSG00000100354,TNRC6B
GO:BP,GO:0019219,regulation of nucleobase-containing compound metabolic process,0.7397214376091082,False,18,94,352,1708,ENSG00000067082 ENSG00000110497 ENSG00000073417 ENSG00000204991 ENSG00000070366 ENSG00000166573 ENSG00000104885 ENSG00000186020 ENSG00000143614 ENSG00000142599 ENSG00000100354 ENSG00000158019 ENSG00000174579 ENSG00000163635 ENSG00000185619 ENSG00000096654 ENSG00000204231 ENSG00000005483,KLF6 AMBRA1 PDE8A SPIRE2 SMG6 GALR1 DOT1L ZNF529 GATAD2B RERE TNRC6B BABAM2 MSL2 ATXN7 PCGF3 ZNF184 RXRB KMT2E
GO:CC,GO:0140168,nuclear ribonucleoprotein granule,0.7405823275021116,False,3,94,52,1708,ENSG00000143614 ENSG00000079691 ENSG00000005483,GATAD2B CARMIL1 KMT2E
GO:BP,GO:0032200,telomere organization,0.7411512210153275,False,2,94,42,1708,ENSG00000070366 ENSG00000104885,SMG6 DOT1L
GO:BP,GO:0032787,monocarboxylic acid metabolic process,0.7411512210153275,False,2,94,42,1708,ENSG00000111669 ENSG00000070882,TPI1 OSBPL3
GO:CC,GO:0036477,somatodendritic compartment,0.7421370391236022,False,4,94,71,1708,ENSG00000103042 ENSG00000116852 ENSG00000155511 ENSG00000010810,SLC38A7 KIF21B GRIA1 FYN
GO:BP,GO:0051247,positive regulation of protein metabolic process,0.7429414591899862,False,3,94,63,1708,ENSG00000161813 ENSG00000103811 ENSG00000196517,LARP4 CTSH SLC6A9
GO:CC,GO:0045334,clathrin-coated endocytic vesicle,0.7475418383825838,False,1,94,15,1708,ENSG00000113070,HBEGF
GO:CC,GO:0016363,nuclear matrix,0.7475418383825838,False,1,94,15,1708,ENSG00000163635,ATXN7
GO:CC,GO:0005875,microtubule associated complex,0.7475418383825838,False,1,94,15,1708,ENSG00000116852,KIF21B
GO:CC,GO:0101002,ficolin-1-rich granule,0.7475418383825838,False,1,94,15,1708,ENSG00000103811,CTSH
GO:CC,GO:0043204,perikaryon,0.7475418383825838,False,1,94,15,1708,ENSG00000010810,FYN
GO:CC,GO:0044391,ribosomal subunit,0.7475418383825838,False,1,94,15,1708,ENSG00000161813,LARP4
GO:BP,GO:0040013,negative regulation of locomotion,0.7526201055442433,False,1,94,21,1708,ENSG00000242498,ARPIN
GO:BP,GO:0061982,meiosis I cell cycle process,0.7526201055442433,False,1,94,21,1708,ENSG00000157456,CCNB2
GO:BP,GO:0006457,protein folding,0.7526201055442433,False,1,94,21,1708,ENSG00000120725,SIL1
GO:BP,GO:0043488,regulation of mRNA stability,0.7526201055442433,False,1,94,21,1708,ENSG00000100354,TNRC6B
GO:BP,GO:0001558,regulation of cell growth,0.7526201055442433,False,2,94,43,1708,ENSG00000113070 ENSG00000176406,HBEGF RIMS2
GO:BP,GO:0042254,ribosome biogenesis,0.7526201055442433,False,1,94,21,1708,ENSG00000166133,RPUSD2
GO:BP,GO:0090596,sensory organ morphogenesis,0.7526201055442433,False,1,94,21,1708,ENSG00000130635,COL5A1
GO:BP,GO:0072524,pyridine-containing compound metabolic process,0.7526201055442433,False,1,94,21,1708,ENSG00000111669,TPI1
GO:MF,GO:0140678,molecular function inhibitor activity,0.7526529485020651,False,2,94,42,1708,ENSG00000149131 ENSG00000055955,SERPING1 ITIH4
GO:CC,GO:0070161,anchoring junction,0.7526652156694387,False,4,94,73,1708,ENSG00000110497 ENSG00000115085 ENSG00000151422 ENSG00000155511,AMBRA1 ZAP70 FER GRIA1
GO:BP,GO:0006396,RNA processing,0.7560229480716267,False,4,94,85,1708,ENSG00000133687 ENSG00000166133 ENSG00000100403 ENSG00000163635,TMTC1 RPUSD2 ZC3H7B ATXN7
GO:BP,GO:0032103,positive regulation of response to external stimulus,0.7615652935302372,False,3,94,65,1708,ENSG00000150630 ENSG00000010810 ENSG00000213654,VEGFC FYN GPSM3
GO:MF,GO:0042803,protein homodimerization activity,0.7628872239471267,False,3,94,64,1708,ENSG00000122986 ENSG00000111669 ENSG00000188641,HVCN1 TPI1 DPYD
GO:MF,GO:0045296,cadherin binding,0.7628872239471267,False,2,94,43,1708,ENSG00000157456 ENSG00000082153,CCNB2 BZW1
GO:BP,GO:0009896,positive regulation of catabolic process,0.7635387660721008,False,2,94,44,1708,ENSG00000110497 ENSG00000100354,AMBRA1 TNRC6B
GO:BP,GO:0060284,regulation of cell development,0.7644977879189762,False,4,94,86,1708,ENSG00000110497 ENSG00000251322 ENSG00000115085 ENSG00000150630,AMBRA1 SHANK3 ZAP70 VEGFC
GO:BP,GO:0071478,cellular response to radiation,0.7659210600154368,False,1,94,22,1708,ENSG00000158019,BABAM2
GO:BP,GO:0071356,cellular response to tumor necrosis factor,0.7659210600154368,False,1,94,22,1708,ENSG00000103056,SMPD3
GO:BP,GO:0032886,regulation of microtubule-based process,0.7659210600154368,False,1,94,22,1708,ENSG00000163635,ATXN7
GO:BP,GO:0060560,developmental growth involved in morphogenesis,0.7659210600154368,False,1,94,22,1708,ENSG00000176406,RIMS2
GO:BP,GO:0061013,regulation of mRNA catabolic process,0.7659210600154368,False,1,94,22,1708,ENSG00000100354,TNRC6B
GO:BP,GO:0048863,stem cell differentiation,0.7659210600154368,False,1,94,22,1708,ENSG00000143614,GATAD2B
GO:BP,GO:0034976,response to endoplasmic reticulum stress,0.7659210600154368,False,1,94,22,1708,ENSG00000151778,SERP2
GO:BP,GO:0046034,ATP metabolic process,0.7659210600154368,False,1,94,22,1708,ENSG00000111669,TPI1
GO:BP,GO:0006909,phagocytosis,0.7659210600154368,False,1,94,22,1708,ENSG00000010810,FYN
GO:BP,GO:0010628,positive regulation of gene expression,0.7668002739153718,False,5,94,107,1708,ENSG00000161813 ENSG00000103811 ENSG00000155511 ENSG00000113448 ENSG00000213654,LARP4 CTSH GRIA1 PDE4D GPSM3
GO:CC,GO:0055038,recycling endosome membrane,0.7671782572403678,False,1,94,16,1708,ENSG00000155511,GRIA1
GO:CC,GO:0000922,spindle pole,0.7671782572403678,False,1,94,16,1708,ENSG00000002822,MAD1L1
GO:CC,GO:0012507,ER to Golgi transport vesicle membrane,0.7671782572403678,False,1,94,16,1708,ENSG00000155511,GRIA1
GO:BP,GO:0006897,endocytosis,0.7673930658281733,False,3,94,66,1708,ENSG00000155511 ENSG00000010810 ENSG00000079691,GRIA1 FYN CARMIL1
GO:BP,GO:0055082,intracellular chemical homeostasis,0.7713416618344572,False,2,94,45,1708,ENSG00000122986 ENSG00000162753,HVCN1 SLC9C2
GO:MF,GO:0003682,chromatin binding,0.7720295645222616,False,3,94,65,1708,ENSG00000143614 ENSG00000142599 ENSG00000174579,GATAD2B RERE MSL2
GO:BP,GO:0016070,RNA metabolic process,0.7778905544340081,False,20,94,399,1708,ENSG00000067082 ENSG00000110497 ENSG00000133687 ENSG00000166133 ENSG00000073417 ENSG00000070366 ENSG00000166573 ENSG00000104885 ENSG00000186020 ENSG00000143614 ENSG00000142599 ENSG00000100354 ENSG00000100403 ENSG00000174579 ENSG00000163635 ENSG00000185619 ENSG00000096654 ENSG00000137411 ENSG00000204231 ENSG00000005483,KLF6 AMBRA1 TMTC1 RPUSD2 PDE8A SMG6 GALR1 DOT1L ZNF529 GATAD2B RERE TNRC6B ZC3H7B MSL2 ATXN7 PCGF3 ZNF184 VARS2 RXRB KMT2E
GO:BP,GO:0043487,regulation of RNA stability,0.7780645403813751,False,1,94,23,1708,ENSG00000100354,TNRC6B
GO:BP,GO:0044281,small molecule metabolic process,0.7780645403813751,False,6,94,129,1708,ENSG00000111669 ENSG00000073417 ENSG00000188641 ENSG00000113448 ENSG00000079691 ENSG00000070882,TPI1 PDE8A DPYD PDE4D CARMIL1 OSBPL3
GO:BP,GO:0006898,receptor-mediated endocytosis,0.7780645403813751,False,1,94,23,1708,ENSG00000155511,GRIA1
GO:BP,GO:0009205,purine ribonucleoside triphosphate metabolic process,0.7780645403813751,False,1,94,23,1708,ENSG00000111669,TPI1
GO:BP,GO:0001906,cell killing,0.7780645403813751,False,1,94,23,1708,ENSG00000103811,CTSH
GO:BP,GO:0032496,response to lipopolysaccharide,0.7780645403813751,False,1,94,23,1708,ENSG00000151422,FER
GO:BP,GO:0005996,monosaccharide metabolic process,0.7780645403813751,False,1,94,23,1708,ENSG00000111669,TPI1
GO:BP,GO:0009636,response to toxic substance,0.7780645403813751,False,1,94,23,1708,ENSG00000155511,GRIA1
GO:BP,GO:0022408,negative regulation of cell-cell adhesion,0.7780645403813751,False,1,94,23,1708,ENSG00000002822,MAD1L1
GO:BP,GO:0055080,monoatomic cation homeostasis,0.7782457783637652,False,2,94,46,1708,ENSG00000122986 ENSG00000162753,HVCN1 SLC9C2
GO:BP,GO:0051174,regulation of phosphorus metabolic process,0.7782457783637652,False,2,94,46,1708,ENSG00000070366 ENSG00000151422,SMG6 FER
GO:BP,GO:0050801,monoatomic ion homeostasis,0.7782457783637652,False,2,94,46,1708,ENSG00000122986 ENSG00000162753,HVCN1 SLC9C2
GO:BP,GO:0006302,double-strand break repair,0.7782457783637652,False,2,94,46,1708,ENSG00000204991 ENSG00000158019,SPIRE2 BABAM2
GO:CC,GO:0005912,adherens junction,0.7846108045149681,False,1,94,17,1708,ENSG00000151422,FER
GO:CC,GO:0009898,cytoplasmic side of plasma membrane,0.7846108045149681,False,1,94,17,1708,ENSG00000151422,FER
GO:CC,GO:0030665,clathrin-coated vesicle membrane,0.7846108045149681,False,1,94,17,1708,ENSG00000113070,HBEGF
GO:CC,GO:0045171,intercellular bridge,0.7846108045149681,False,1,94,17,1708,ENSG00000159023,EPB41
GO:BP,GO:0043542,endothelial cell migration,0.7891259738942504,False,1,94,24,1708,ENSG00000150630,VEGFC
GO:BP,GO:0045944,positive regulation of transcription by RNA polymerase II,0.7891259738942504,False,4,94,90,1708,ENSG00000067082 ENSG00000166573 ENSG00000104885 ENSG00000204231,KLF6 GALR1 DOT1L RXRB
GO:BP,GO:0009144,purine nucleoside triphosphate metabolic process,0.7891259738942504,False,1,94,24,1708,ENSG00000111669,TPI1
GO:BP,GO:0034612,response to tumor necrosis factor,0.7891259738942504,False,1,94,24,1708,ENSG00000103056,SMPD3
GO:BP,GO:0001654,eye development,0.7891259738942504,False,1,94,24,1708,ENSG00000130635,COL5A1
GO:BP,GO:0048562,embryonic organ morphogenesis,0.7891259738942504,False,1,94,24,1708,ENSG00000171310,CHST11
GO:BP,GO:0141187,nucleic acid biosynthetic process,0.7891259738942504,False,19,94,384,1708,ENSG00000067082 ENSG00000110497 ENSG00000133687 ENSG00000166133 ENSG00000073417 ENSG00000103056 ENSG00000070366 ENSG00000166573 ENSG00000104885 ENSG00000186020 ENSG00000143614 ENSG00000142599 ENSG00000100403 ENSG00000174579 ENSG00000163635 ENSG00000185619 ENSG00000096654 ENSG00000204231 ENSG00000005483,KLF6 AMBRA1 TMTC1 RPUSD2 PDE8A SMPD3 SMG6 GALR1 DOT1L ZNF529 GATAD2B RERE ZC3H7B MSL2 ATXN7 PCGF3 ZNF184 RXRB KMT2E
GO:BP,GO:0150063,visual system development,0.7891259738942504,False,1,94,24,1708,ENSG00000130635,COL5A1
GO:BP,GO:0007051,spindle organization,0.7891259738942504,False,1,94,24,1708,ENSG00000157456,CCNB2
GO:CC,GO:0016604,nuclear body,0.7937391900193569,False,5,94,97,1708,ENSG00000143614 ENSG00000159023 ENSG00000142599 ENSG00000079691 ENSG00000005483,GATAD2B EPB41 RERE CARMIL1 KMT2E
GO:BP,GO:0009894,regulation of catabolic process,0.795355382158582,False,4,94,91,1708,ENSG00000110497 ENSG00000100354 ENSG00000010810 ENSG00000131558,AMBRA1 TNRC6B FYN EXOC4
GO:BP,GO:0006954,inflammatory response,0.7963854765007473,False,3,94,70,1708,ENSG00000055955 ENSG00000010810 ENSG00000213654,ITIH4 FYN GPSM3
GO:BP,GO:0019752,carboxylic acid metabolic process,0.7963854765007473,False,3,94,70,1708,ENSG00000111669 ENSG00000188641 ENSG00000070882,TPI1 DPYD OSBPL3
GO:BP,GO:0016049,cell growth,0.7963854765007473,False,2,94,48,1708,ENSG00000113070 ENSG00000176406,HBEGF RIMS2
GO:BP,GO:0010558,negative regulation of macromolecule biosynthetic process,0.7977193406135381,False,9,94,193,1708,ENSG00000103056 ENSG00000070366 ENSG00000104885 ENSG00000143614 ENSG00000142599 ENSG00000100354 ENSG00000100403 ENSG00000185619 ENSG00000010810,SMPD3 SMG6 DOT1L GATAD2B RERE TNRC6B ZC3H7B PCGF3 FYN
GO:CC,GO:0005840,ribosome,0.8000202930705418,False,1,94,18,1708,ENSG00000161813,LARP4
GO:CC,GO:0030134,COPII-coated ER to Golgi transport vesicle,0.8000202930705418,False,1,94,18,1708,ENSG00000155511,GRIA1
GO:CC,GO:0070603,SWI/SNF superfamily-type complex,0.8000202930705418,False,1,94,18,1708,ENSG00000143614,GATAD2B
GO:BP,GO:0045165,cell fate commitment,0.8007062843781488,False,1,94,25,1708,ENSG00000143614,GATAD2B
GO:BP,GO:0071383,cellular response to steroid hormone stimulus,0.8007062843781488,False,1,94,25,1708,ENSG00000204231,RXRB
GO:BP,GO:0009141,nucleoside triphosphate metabolic process,0.8007062843781488,False,1,94,25,1708,ENSG00000111669,TPI1
GO:BP,GO:0008202,steroid metabolic process,0.8007062843781488,False,1,94,25,1708,ENSG00000070882,OSBPL3
GO:BP,GO:0042221,response to chemical,0.8039846230775936,False,13,94,273,1708,ENSG00000122986 ENSG00000103811 ENSG00000103056 ENSG00000251322 ENSG00000055955 ENSG00000150630 ENSG00000151422 ENSG00000113070 ENSG00000155511 ENSG00000113448 ENSG00000010810 ENSG00000213654 ENSG00000204231,HVCN1 CTSH SMPD3 SHANK3 ITIH4 VEGFC FER HBEGF GRIA1 PDE4D FYN GPSM3 RXRB
GO:BP,GO:0051248,negative regulation of protein metabolic process,0.8039846230775936,False,2,94,49,1708,ENSG00000100354 ENSG00000010810,TNRC6B FYN
GO:BP,GO:0031399,regulation of protein modification process,0.8039846230775936,False,2,94,49,1708,ENSG00000151422 ENSG00000010810,FER FYN
GO:MF,GO:0060090,molecular adaptor activity,0.805138381505243,False,5,94,110,1708,ENSG00000110497 ENSG00000104885 ENSG00000142599 ENSG00000174579 ENSG00000005483,AMBRA1 DOT1L RERE MSL2 KMT2E
GO:CC,GO:0005730,nucleolus,0.805615490920968,False,5,94,99,1708,ENSG00000067082 ENSG00000182732 ENSG00000070366 ENSG00000163635 ENSG00000204231,KLF6 RGS6 SMG6 ATXN7 RXRB
GO:MF,GO:0042802,identical protein binding,0.8086942100470615,False,9,94,191,1708,ENSG00000122986 ENSG00000111669 ENSG00000153406 ENSG00000103056 ENSG00000188641 ENSG00000120725 ENSG00000155511 ENSG00000010810 ENSG00000002822,HVCN1 TPI1 NMRAL1 SMPD3 DPYD SIL1 GRIA1 FYN MAD1L1
GO:MF,GO:0008757,S-adenosylmethionine-dependent methyltransferase activity,0.8086942100470615,False,1,94,24,1708,ENSG00000104885,DOT1L
GO:BP,GO:0045595,regulation of cell differentiation,0.8096380794354875,False,6,94,135,1708,ENSG00000110497 ENSG00000143614 ENSG00000251322 ENSG00000115085 ENSG00000150630 ENSG00000130635,AMBRA1 GATAD2B SHANK3 ZAP70 VEGFC COL5A1
GO:BP,GO:0043436,oxoacid metabolic process,0.8101785666472602,False,3,94,72,1708,ENSG00000111669 ENSG00000188641 ENSG00000070882,TPI1 DPYD OSBPL3
GO:BP,GO:0006082,organic acid metabolic process,0.8101785666472602,False,3,94,72,1708,ENSG00000111669 ENSG00000188641 ENSG00000070882,TPI1 DPYD OSBPL3
GO:BP,GO:0006915,apoptotic process,0.8107200187441632,False,7,94,156,1708,ENSG00000110497 ENSG00000171310 ENSG00000103811 ENSG00000196182 ENSG00000158019 ENSG00000124356 ENSG00000010810,AMBRA1 CHST11 CTSH STK40 BABAM2 STAMBP FYN
GO:BP,GO:0019882,antigen processing and presentation,0.8107200187441632,False,1,94,26,1708,ENSG00000103811,CTSH
GO:BP,GO:0002237,response to molecule of bacterial origin,0.8107200187441632,False,1,94,26,1708,ENSG00000151422,FER
GO:BP,GO:0060485,mesenchyme development,0.8107200187441632,False,1,94,26,1708,ENSG00000131558,EXOC4
GO:BP,GO:0042176,regulation of protein catabolic process,0.8107200187441632,False,1,94,26,1708,ENSG00000010810,FYN
GO:BP,GO:0045088,regulation of innate immune response,0.8108959808367238,False,2,94,50,1708,ENSG00000149131 ENSG00000010810,SERPING1 FYN
GO:BP,GO:0070925,organelle assembly,0.8112420671853388,False,4,94,94,1708,ENSG00000110497 ENSG00000168778 ENSG00000157456 ENSG00000251322,AMBRA1 TCTN2 CCNB2 SHANK3
GO:BP,GO:0009890,negative regulation of biosynthetic process,0.8137425556102668,False,9,94,197,1708,ENSG00000103056 ENSG00000070366 ENSG00000104885 ENSG00000143614 ENSG00000142599 ENSG00000100354 ENSG00000100403 ENSG00000185619 ENSG00000010810,SMPD3 SMG6 DOT1L GATAD2B RERE TNRC6B ZC3H7B PCGF3 FYN
GO:CC,GO:0001650,fibrillar center,0.8163879996187778,False,1,94,19,1708,ENSG00000067082,KLF6
GO:CC,GO:0098798,mitochondrial protein-containing complex,0.8163879996187778,False,1,94,19,1708,ENSG00000184903,IMMP2L
GO:BP,GO:0007600,sensory perception,0.8197058991417759,False,2,94,51,1708,ENSG00000163635 ENSG00000010810,ATXN7 FYN
GO:BP,GO:0009416,response to light stimulus,0.819985374194236,False,1,94,27,1708,ENSG00000168077,SCARA3
GO:BP,GO:0006650,glycerophospholipid metabolic process,0.819985374194236,False,1,94,27,1708,ENSG00000154822,PLCL2
GO:BP,GO:0009060,aerobic respiration,0.819985374194236,False,1,94,27,1708,ENSG00000111669,TPI1
GO:BP,GO:0006066,alcohol metabolic process,0.819985374194236,False,1,94,27,1708,ENSG00000111669,TPI1
GO:BP,GO:0044092,negative regulation of molecular function,0.819985374194236,False,1,94,27,1708,ENSG00000166573,GALR1
GO:BP,GO:0048545,response to steroid hormone,0.819985374194236,False,1,94,27,1708,ENSG00000204231,RXRB
GO:MF,GO:0003729,mRNA binding,0.8221731013627592,False,1,94,25,1708,ENSG00000161813,LARP4
GO:BP,GO:2001141,regulation of RNA biosynthetic process,0.825908827127942,False,14,94,299,1708,ENSG00000067082 ENSG00000110497 ENSG00000073417 ENSG00000166573 ENSG00000104885 ENSG00000186020 ENSG00000143614 ENSG00000142599 ENSG00000174579 ENSG00000163635 ENSG00000185619 ENSG00000096654 ENSG00000204231 ENSG00000005483,KLF6 AMBRA1 PDE8A GALR1 DOT1L ZNF529 GATAD2B RERE MSL2 ATXN7 PCGF3 ZNF184 RXRB KMT2E
GO:BP,GO:0043408,regulation of MAPK cascade,0.825908827127942,False,2,94,52,1708,ENSG00000073417 ENSG00000196182,PDE8A STK40
GO:BP,GO:0031349,positive regulation of defense response,0.825908827127942,False,2,94,52,1708,ENSG00000010810 ENSG00000213654,FYN GPSM3
GO:BP,GO:0006355,regulation of DNA-templated transcription,0.825908827127942,False,14,94,299,1708,ENSG00000067082 ENSG00000110497 ENSG00000073417 ENSG00000166573 ENSG00000104885 ENSG00000186020 ENSG00000143614 ENSG00000142599 ENSG00000174579 ENSG00000163635 ENSG00000185619 ENSG00000096654 ENSG00000204231 ENSG00000005483,KLF6 AMBRA1 PDE8A GALR1 DOT1L ZNF529 GATAD2B RERE MSL2 ATXN7 PCGF3 ZNF184 RXRB KMT2E
GO:MF,GO:0030674,protein-macromolecule adaptor activity,0.8282179708921423,False,4,94,93,1708,ENSG00000110497 ENSG00000104885 ENSG00000142599 ENSG00000005483,AMBRA1 DOT1L RERE KMT2E
GO:BP,GO:0032101,regulation of response to external stimulus,0.8282350011189195,False,4,94,97,1708,ENSG00000149131 ENSG00000150630 ENSG00000010810 ENSG00000213654,SERPING1 VEGFC FYN GPSM3
GO:BP,GO:0060271,cilium assembly,0.8289539851937588,False,1,94,28,1708,ENSG00000168778,TCTN2
GO:BP,GO:1903311,regulation of mRNA metabolic process,0.8289539851937588,False,1,94,28,1708,ENSG00000100354,TNRC6B
GO:BP,GO:2001234,negative regulation of apoptotic signaling pathway,0.8289539851937588,False,1,94,28,1708,ENSG00000010810,FYN
GO:BP,GO:0032259,methylation,0.8289539851937588,False,1,94,28,1708,ENSG00000104885,DOT1L
GO:BP,GO:0012501,programmed cell death,0.8314525671598563,False,7,94,161,1708,ENSG00000110497 ENSG00000171310 ENSG00000103811 ENSG00000196182 ENSG00000158019 ENSG00000124356 ENSG00000010810,AMBRA1 CHST11 CTSH STK40 BABAM2 STAMBP FYN
GO:BP,GO:1903706,regulation of hemopoiesis,0.8314525671598563,False,2,94,53,1708,ENSG00000110497 ENSG00000115085,AMBRA1 ZAP70
GO:BP,GO:0008219,cell death,0.8314525671598563,False,7,94,161,1708,ENSG00000110497 ENSG00000171310 ENSG00000103811 ENSG00000196182 ENSG00000158019 ENSG00000124356 ENSG00000010810,AMBRA1 CHST11 CTSH STK40 BABAM2 STAMBP FYN
GO:BP,GO:0044085,cellular component biogenesis,0.8339296625521239,False,17,94,360,1708,ENSG00000110497 ENSG00000168778 ENSG00000166133 ENSG00000157456 ENSG00000103056 ENSG00000204991 ENSG00000104885 ENSG00000251322 ENSG00000163171 ENSG00000185619 ENSG00000151422 ENSG00000155511 ENSG00000079691 ENSG00000135298 ENSG00000184903 ENSG00000176406 ENSG00000158106,AMBRA1 TCTN2 RPUSD2 CCNB2 SMPD3 SPIRE2 DOT1L SHANK3 CDC42EP3 PCGF3 FER GRIA1 CARMIL1 ADGRB3 IMMP2L RIMS2 RHPN1
GO:CC,GO:1904949,ATPase complex,0.8339307513632249,False,1,94,20,1708,ENSG00000143614,GATAD2B
GO:CC,GO:0030496,midbody,0.8339307513632249,False,1,94,20,1708,ENSG00000131558,EXOC4
GO:BP,GO:0001817,regulation of cytokine production,0.836714533964344,False,3,94,77,1708,ENSG00000113448 ENSG00000124557 ENSG00000213654,PDE4D BTN1A1 GPSM3
GO:BP,GO:0001819,positive regulation of cytokine production,0.836714533964344,False,2,94,54,1708,ENSG00000113448 ENSG00000213654,PDE4D GPSM3
GO:BP,GO:0008544,epidermis development,0.836714533964344,False,1,94,29,1708,ENSG00000181291,TMEM132E
GO:BP,GO:0001816,cytokine production,0.836714533964344,False,3,94,77,1708,ENSG00000113448 ENSG00000124557 ENSG00000213654,PDE4D BTN1A1 GPSM3
GO:BP,GO:0007162,negative regulation of cell adhesion,0.836714533964344,False,1,94,29,1708,ENSG00000002822,MAD1L1
GO:BP,GO:0031647,regulation of protein stability,0.836714533964344,False,1,94,29,1708,ENSG00000103811,CTSH
GO:BP,GO:0006936,muscle contraction,0.836714533964344,False,1,94,29,1708,ENSG00000113448,PDE4D
GO:BP,GO:0007409,axonogenesis,0.836714533964344,False,1,94,29,1708,ENSG00000010810,FYN
GO:MF,GO:0043565,sequence-specific DNA binding,0.8392015947184738,False,7,94,157,1708,ENSG00000067082 ENSG00000070366 ENSG00000186020 ENSG00000143614 ENSG00000142599 ENSG00000096654 ENSG00000204231,KLF6 SMG6 ZNF529 GATAD2B RERE ZNF184 RXRB
GO:BP,GO:0051276,chromosome organization,0.841551458338816,False,4,94,100,1708,ENSG00000089053 ENSG00000070366 ENSG00000104885 ENSG00000002822,ANAPC5 SMG6 DOT1L MAD1L1
GO:BP,GO:0051252,regulation of RNA metabolic process,0.841551458338816,False,15,94,324,1708,ENSG00000067082 ENSG00000110497 ENSG00000073417 ENSG00000166573 ENSG00000104885 ENSG00000186020 ENSG00000143614 ENSG00000142599 ENSG00000100354 ENSG00000174579 ENSG00000163635 ENSG00000185619 ENSG00000096654 ENSG00000204231 ENSG00000005483,KLF6 AMBRA1 PDE8A GALR1 DOT1L ZNF529 GATAD2B RERE TNRC6B MSL2 ATXN7 PCGF3 ZNF184 RXRB KMT2E
GO:BP,GO:0006913,nucleocytoplasmic transport,0.8442565706549694,False,1,94,30,1708,ENSG00000070366,SMG6
GO:BP,GO:0097193,intrinsic apoptotic signaling pathway,0.8442565706549694,False,1,94,30,1708,ENSG00000010810,FYN
GO:BP,GO:0044782,cilium organization,0.8442565706549694,False,1,94,30,1708,ENSG00000168778,TCTN2
GO:BP,GO:0051169,nuclear transport,0.8442565706549694,False,1,94,30,1708,ENSG00000070366,SMG6
GO:BP,GO:0001932,regulation of protein phosphorylation,0.8442565706549694,False,1,94,30,1708,ENSG00000151422,FER
GO:BP,GO:0061919,process utilizing autophagic mechanism,0.8493153057069586,False,2,94,56,1708,ENSG00000110497 ENSG00000131558,AMBRA1 EXOC4
GO:BP,GO:0006914,autophagy,0.8493153057069586,False,2,94,56,1708,ENSG00000110497 ENSG00000131558,AMBRA1 EXOC4
GO:BP,GO:0006351,DNA-templated transcription,0.8493153057069586,False,14,94,307,1708,ENSG00000067082 ENSG00000110497 ENSG00000073417 ENSG00000166573 ENSG00000104885 ENSG00000186020 ENSG00000143614 ENSG00000142599 ENSG00000174579 ENSG00000163635 ENSG00000185619 ENSG00000096654 ENSG00000204231 ENSG00000005483,KLF6 AMBRA1 PDE8A GALR1 DOT1L ZNF529 GATAD2B RERE MSL2 ATXN7 PCGF3 ZNF184 RXRB KMT2E
GO:CC,GO:0043228,membraneless organelle,0.8496144046378107,False,31,94,597,1708,ENSG00000067082 ENSG00000110497 ENSG00000089053 ENSG00000168778 ENSG00000161813 ENSG00000182732 ENSG00000157456 ENSG00000103811 ENSG00000204991 ENSG00000070366 ENSG00000178093 ENSG00000104885 ENSG00000143614 ENSG00000116852 ENSG00000159023 ENSG00000142599 ENSG00000100354 ENSG00000163171 ENSG00000174579 ENSG00000163635 ENSG00000185619 ENSG00000151422 ENSG00000155511 ENSG00000113448 ENSG00000010810 ENSG00000079691 ENSG00000204231 ENSG00000005483 ENSG00000131558 ENSG00000002822 ENSG00000147799,KLF6 AMBRA1 ANAPC5 TCTN2 LARP4 RGS6 CCNB2 CTSH SPIRE2 SMG6 TSSK6 DOT1L GATAD2B KIF21B EPB41 RERE TNRC6B CDC42EP3 MSL2 ATXN7 PCGF3 FER GRIA1 PDE4D FYN CARMIL1 RXRB KMT2E EXOC4 MAD1L1 ARHGAP39
GO:CC,GO:0043232,intracellular membraneless organelle,0.8496144046378107,False,31,94,597,1708,ENSG00000067082 ENSG00000110497 ENSG00000089053 ENSG00000168778 ENSG00000161813 ENSG00000182732 ENSG00000157456 ENSG00000103811 ENSG00000204991 ENSG00000070366 ENSG00000178093 ENSG00000104885 ENSG00000143614 ENSG00000116852 ENSG00000159023 ENSG00000142599 ENSG00000100354 ENSG00000163171 ENSG00000174579 ENSG00000163635 ENSG00000185619 ENSG00000151422 ENSG00000155511 ENSG00000113448 ENSG00000010810 ENSG00000079691 ENSG00000204231 ENSG00000005483 ENSG00000131558 ENSG00000002822 ENSG00000147799,KLF6 AMBRA1 ANAPC5 TCTN2 LARP4 RGS6 CCNB2 CTSH SPIRE2 SMG6 TSSK6 DOT1L GATAD2B KIF21B EPB41 RERE TNRC6B CDC42EP3 MSL2 ATXN7 PCGF3 FER GRIA1 PDE4D FYN CARMIL1 RXRB KMT2E EXOC4 MAD1L1 ARHGAP39
GO:CC,GO:0031967,organelle envelope,0.8500545309667034,False,6,94,125,1708,ENSG00000110497 ENSG00000113448 ENSG00000184903 ENSG00000002822 ENSG00000070882 ENSG00000104442,AMBRA1 PDE4D IMMP2L MAD1L1 OSBPL3 ARMC1
GO:BP,GO:0022607,cellular component assembly,0.851300669762692,False,16,94,347,1708,ENSG00000110497 ENSG00000168778 ENSG00000157456 ENSG00000103056 ENSG00000204991 ENSG00000104885 ENSG00000251322 ENSG00000163171 ENSG00000185619 ENSG00000151422 ENSG00000155511 ENSG00000079691 ENSG00000135298 ENSG00000184903 ENSG00000176406 ENSG00000158106,AMBRA1 TCTN2 CCNB2 SMPD3 SPIRE2 DOT1L SHANK3 CDC42EP3 PCGF3 FER GRIA1 CARMIL1 ADGRB3 IMMP2L RIMS2 RHPN1
GO:BP,GO:0007517,muscle organ development,0.8526640074171009,False,1,94,31,1708,ENSG00000113070,HBEGF
GO:CC,GO:0099513,polymeric cytoskeletal fiber,0.8535236745269507,False,3,94,65,1708,ENSG00000116852 ENSG00000010810 ENSG00000079691,KIF21B FYN CARMIL1
GO:CC,GO:0032991,protein-containing complex,0.8535236745269507,False,30,94,581,1708,ENSG00000110497 ENSG00000122986 ENSG00000089053 ENSG00000168778 ENSG00000161813 ENSG00000157456 ENSG00000070366 ENSG00000104885 ENSG00000143614 ENSG00000116852 ENSG00000159023 ENSG00000142599 ENSG00000158019 ENSG00000115085 ENSG00000174579 ENSG00000007402 ENSG00000163635 ENSG00000185619 ENSG00000151422 ENSG00000155511 ENSG00000113448 ENSG00000079691 ENSG00000204231 ENSG00000112659 ENSG00000005483 ENSG00000184903 ENSG00000131558 ENSG00000002822 ENSG00000168077 ENSG00000130635,AMBRA1 HVCN1 ANAPC5 TCTN2 LARP4 CCNB2 SMG6 DOT1L GATAD2B KIF21B EPB41 RERE BABAM2 ZAP70 MSL2 CACNA2D2 ATXN7 PCGF3 FER GRIA1 PDE4D CARMIL1 RXRB CUL9 KMT2E IMMP2L EXOC4 MAD1L1 SCARA3 COL5A1
GO:MF,GO:0016741,"transferase activity, transferring one-carbon groups",0.8553514684973447,False,1,94,28,1708,ENSG00000104885,DOT1L
GO:MF,GO:0008168,methyltransferase activity,0.8553514684973447,False,1,94,28,1708,ENSG00000104885,DOT1L
GO:BP,GO:0002831,regulation of response to biotic stimulus,0.8558980476651596,False,2,94,57,1708,ENSG00000149131 ENSG00000010810,SERPING1 FYN
GO:BP,GO:0034654,nucleobase-containing compound biosynthetic process,0.8562295900571216,False,19,94,407,1708,ENSG00000067082 ENSG00000110497 ENSG00000133687 ENSG00000166133 ENSG00000073417 ENSG00000103056 ENSG00000070366 ENSG00000166573 ENSG00000104885 ENSG00000186020 ENSG00000143614 ENSG00000142599 ENSG00000100403 ENSG00000174579 ENSG00000163635 ENSG00000185619 ENSG00000096654 ENSG00000204231 ENSG00000005483,KLF6 AMBRA1 TMTC1 RPUSD2 PDE8A SMPD3 SMG6 GALR1 DOT1L ZNF529 GATAD2B RERE ZC3H7B MSL2 ATXN7 PCGF3 ZNF184 RXRB KMT2E
GO:BP,GO:0048878,chemical homeostasis,0.8580785601804352,False,3,94,81,1708,ENSG00000122986 ENSG00000103811 ENSG00000162753,HVCN1 CTSH SLC9C2
GO:BP,GO:0003012,muscle system process,0.8604581611265858,False,1,94,32,1708,ENSG00000113448,PDE4D
GO:BP,GO:0006959,humoral immune response,0.8604581611265858,False,1,94,32,1708,ENSG00000149131,SERPING1
GO:MF,GO:0003924,GTPase activity,0.8654706631461548,False,1,94,29,1708,ENSG00000182732,RGS6
GO:MF,GO:0016818,"hydrolase activity, acting on acid anhydrides, in phosphorus-containing anhydrides",0.8673488518075685,False,3,94,78,1708,ENSG00000182732 ENSG00000116852 ENSG00000147535,RGS6 KIF21B PLPP5
GO:MF,GO:0016817,"hydrolase activity, acting on acid anhydrides",0.8673488518075685,False,3,94,78,1708,ENSG00000182732 ENSG00000116852 ENSG00000147535,RGS6 KIF21B PLPP5
GO:MF,GO:0016462,pyrophosphatase activity,0.8673488518075685,False,3,94,78,1708,ENSG00000182732 ENSG00000116852 ENSG00000147535,RGS6 KIF21B PLPP5
GO:BP,GO:0048568,embryonic organ development,0.8684815115736955,False,1,94,33,1708,ENSG00000171310,CHST11
GO:BP,GO:0046486,glycerolipid metabolic process,0.8684815115736955,False,1,94,33,1708,ENSG00000154822,PLCL2
GO:BP,GO:0034504,protein localization to nucleus,0.8684815115736955,False,1,94,33,1708,ENSG00000010810,FYN
GO:MF,GO:0120543,macromolecular conformation isomerase activity,0.8688262577670794,False,1,94,30,1708,ENSG00000116852,KIF21B
GO:CC,GO:0030135,coated vesicle,0.8729333660621177,False,2,94,46,1708,ENSG00000113070 ENSG00000155511,HBEGF GRIA1
GO:CC,GO:0098796,membrane protein complex,0.8729333660621177,False,6,94,129,1708,ENSG00000122986 ENSG00000115085 ENSG00000007402 ENSG00000155511 ENSG00000113448 ENSG00000184903,HVCN1 ZAP70 CACNA2D2 GRIA1 PDE4D IMMP2L
GO:CC,GO:0031982,vesicle,0.8729333660621177,False,20,94,401,1708,ENSG00000120451 ENSG00000110497 ENSG00000149131 ENSG00000122986 ENSG00000111669 ENSG00000072657 ENSG00000103811 ENSG00000073417 ENSG00000149927 ENSG00000204991 ENSG00000116852 ENSG00000196517 ENSG00000124356 ENSG00000055955 ENSG00000150630 ENSG00000113070 ENSG00000155511 ENSG00000010810 ENSG00000079691 ENSG00000176406,SNX19 AMBRA1 SERPING1 HVCN1 TPI1 TRHDE CTSH PDE8A DOC2A SPIRE2 KIF21B SLC6A9 STAMBP ITIH4 VEGFC HBEGF GRIA1 FYN CARMIL1 RIMS2
GO:CC,GO:0005773,vacuole,0.8729333660621177,False,4,94,89,1708,ENSG00000110497 ENSG00000103811 ENSG00000149927 ENSG00000103042,AMBRA1 CTSH DOC2A SLC38A7
GO:CC,GO:0000776,kinetochore,0.8729333660621177,False,1,94,23,1708,ENSG00000002822,MAD1L1
GO:BP,GO:0045596,negative regulation of cell differentiation,0.8733629594322095,False,2,94,60,1708,ENSG00000150630 ENSG00000130635,VEGFC COL5A1
GO:BP,GO:0097190,apoptotic signaling pathway,0.8733629594322095,False,2,94,60,1708,ENSG00000103811 ENSG00000010810,CTSH FYN
GO:BP,GO:0009605,response to external stimulus,0.8733629594322095,False,8,94,193,1708,ENSG00000149131 ENSG00000122986 ENSG00000150630 ENSG00000151422 ENSG00000078795 ENSG00000113070 ENSG00000010810 ENSG00000213654,SERPING1 HVCN1 VEGFC FER PKD2L2 HBEGF FYN GPSM3
GO:BP,GO:0002758,innate immune response-activating signaling pathway,0.8743474470102293,False,1,94,34,1708,ENSG00000010810,FYN
GO:BP,GO:0050878,regulation of body fluid levels,0.8743474470102293,False,1,94,34,1708,ENSG00000149131,SERPING1
GO:BP,GO:0042325,regulation of phosphorylation,0.8743474470102293,False,1,94,34,1708,ENSG00000151422,FER
GO:BP,GO:0032774,RNA biosynthetic process,0.8743474470102293,False,17,94,375,1708,ENSG00000067082 ENSG00000110497 ENSG00000133687 ENSG00000166133 ENSG00000073417 ENSG00000166573 ENSG00000104885 ENSG00000186020 ENSG00000143614 ENSG00000142599 ENSG00000100403 ENSG00000174579 ENSG00000163635 ENSG00000185619 ENSG00000096654 ENSG00000204231 ENSG00000005483,KLF6 AMBRA1 TMTC1 RPUSD2 PDE8A GALR1 DOT1L ZNF529 GATAD2B RERE ZC3H7B MSL2 ATXN7 PCGF3 ZNF184 RXRB KMT2E
GO:BP,GO:0006886,intracellular protein transport,0.8779127425013722,False,2,94,61,1708,ENSG00000120725 ENSG00000176406,SIL1 RIMS2
GO:CC,GO:0098562,cytoplasmic side of membrane,0.881157682021333,False,1,94,24,1708,ENSG00000151422,FER
GO:BP,GO:0009895,negative regulation of catabolic process,0.8813229276304,False,1,94,35,1708,ENSG00000010810,FYN
GO:BP,GO:0019221,cytokine-mediated signaling pathway,0.8813229276304,False,1,94,35,1708,ENSG00000151422,FER
GO:CC,GO:0000779,"condensed chromosome, centromeric region",0.8822427075988227,False,1,94,25,1708,ENSG00000002822,MAD1L1
GO:CC,GO:0098552,side of membrane,0.8822427075988227,False,4,94,91,1708,ENSG00000183715 ENSG00000151422 ENSG00000155511 ENSG00000124557,OPCML FER GRIA1 BTN1A1
GO:CC,GO:0043226,organelle,0.8822427075988227,False,70,94,1314,1708,ENSG00000156395 ENSG00000067082 ENSG00000120451 ENSG00000110497 ENSG00000149131 ENSG00000171310 ENSG00000122986 ENSG00000089053 ENSG00000168778 ENSG00000133687 ENSG00000161813 ENSG00000135454 ENSG00000111669 ENSG00000072657 ENSG00000151778 ENSG00000182732 ENSG00000157456 ENSG00000103811 ENSG00000073417 ENSG00000149927 ENSG00000153406 ENSG00000103042 ENSG00000103056 ENSG00000204991 ENSG00000070366 ENSG00000108309 ENSG00000178093 ENSG00000104885 ENSG00000186020 ENSG00000023902 ENSG00000143614 ENSG00000116852 ENSG00000159023 ENSG00000196182 ENSG00000196517 ENSG00000142599 ENSG00000100354 ENSG00000100403 ENSG00000251322 ENSG00000158019 ENSG00000163171 ENSG00000124356 ENSG00000174579 ENSG00000055955 ENSG00000163635 ENSG00000198948 ENSG00000150630 ENSG00000185619 ENSG00000151422 ENSG00000120725 ENSG00000113070 ENSG00000155511 ENSG00000113448 ENSG00000010810 ENSG00000079691 ENSG00000096654 ENSG00000232040 ENSG00000137411 ENSG00000204231 ENSG00000135298 ENSG00000005483 ENSG00000184903 ENSG00000131558 ENSG00000002822 ENSG00000070882 ENSG00000176406 ENSG00000147799 ENSG00000168077 ENSG00000104442 ENSG00000130635,SORCS3 KLF6 SNX19 AMBRA1 SERPING1 CHST11 HVCN1 ANAPC5 TCTN2 TMTC1 LARP4 B4GALNT1 TPI1 TRHDE SERP2 RGS6 CCNB2 CTSH PDE8A DOC2A NMRAL1 SLC38A7 SMPD3 SPIRE2 SMG6 RUNDC3A TSSK6 DOT1L ZNF529 PLEKHO1 GATAD2B KIF21B EPB41 STK40 SLC6A9 RERE TNRC6B ZC3H7B SHANK3 BABAM2 CDC42EP3 STAMBP MSL2 ITIH4 ATXN7 MFAP3L VEGFC PCGF3 FER SIL1 HBEGF GRIA1 PDE4D FYN CARMIL1 ZNF184 SCAND3 VARS2 RXRB ADGRB3 KMT2E IMMP2L EXOC4 MAD1L1 OSBPL3 RIMS2 ARHGAP39 SCARA3 ARMC1 COL5A1
GO:CC,GO:0005615,extracellular space,0.8822427075988227,False,14,94,293,1708,ENSG00000149131 ENSG00000111669 ENSG00000072657 ENSG00000103811 ENSG00000073417 ENSG00000124356 ENSG00000055955 ENSG00000150630 ENSG00000120725 ENSG00000113070 ENSG00000079691 ENSG00000124557 ENSG00000176406 ENSG00000130635,SERPING1 TPI1 TRHDE CTSH PDE8A STAMBP ITIH4 VEGFC SIL1 HBEGF CARMIL1 BTN1A1 RIMS2 COL5A1
GO:CC,GO:0009897,external side of plasma membrane,0.8822427075988227,False,2,94,49,1708,ENSG00000155511 ENSG00000124557,GRIA1 BTN1A1
GO:CC,GO:0005789,endoplasmic reticulum membrane,0.8822427075988227,False,4,94,92,1708,ENSG00000151778 ENSG00000155511 ENSG00000070882 ENSG00000168077,SERP2 GRIA1 OSBPL3 SCARA3
GO:CC,GO:0098827,endoplasmic reticulum subcompartment,0.8822427075988227,False,4,94,92,1708,ENSG00000151778 ENSG00000155511 ENSG00000070882 ENSG00000168077,SERP2 GRIA1 OSBPL3 SCARA3
GO:CC,GO:0031984,organelle subcompartment,0.8822427075988227,False,5,94,113,1708,ENSG00000151778 ENSG00000103056 ENSG00000155511 ENSG00000070882 ENSG00000168077,SERP2 SMPD3 GRIA1 OSBPL3 SCARA3
GO:CC,GO:0030667,secretory granule membrane,0.8828986725242381,False,1,94,26,1708,ENSG00000122986,HVCN1
GO:CC,GO:0055037,recycling endosome,0.8828986725242381,False,1,94,26,1708,ENSG00000155511,GRIA1
GO:CC,GO:0005576,extracellular region,0.8828986725242381,False,18,94,373,1708,ENSG00000183715 ENSG00000149131 ENSG00000111669 ENSG00000072657 ENSG00000103811 ENSG00000073417 ENSG00000103056 ENSG00000124356 ENSG00000055955 ENSG00000150630 ENSG00000120725 ENSG00000113070 ENSG00000155511 ENSG00000079691 ENSG00000124557 ENSG00000135298 ENSG00000176406 ENSG00000130635,OPCML SERPING1 TPI1 TRHDE CTSH PDE8A SMPD3 STAMBP ITIH4 VEGFC SIL1 HBEGF GRIA1 CARMIL1 BTN1A1 ADGRB3 RIMS2 COL5A1
GO:CC,GO:0042175,nuclear outer membrane-endoplasmic reticulum membrane network,0.8828986725242381,False,4,94,94,1708,ENSG00000151778 ENSG00000155511 ENSG00000070882 ENSG00000168077,SERP2 GRIA1 OSBPL3 SCARA3
GO:CC,GO:0031966,mitochondrial membrane,0.8828986725242381,False,3,94,73,1708,ENSG00000110497 ENSG00000184903 ENSG00000104442,AMBRA1 IMMP2L ARMC1
GO:BP,GO:0006357,regulation of transcription by RNA polymerase II,0.8830311454039994,False,10,94,238,1708,ENSG00000067082 ENSG00000110497 ENSG00000166573 ENSG00000104885 ENSG00000186020 ENSG00000143614 ENSG00000163635 ENSG00000185619 ENSG00000096654 ENSG00000204231,KLF6 AMBRA1 GALR1 DOT1L ZNF529 GATAD2B ATXN7 PCGF3 ZNF184 RXRB
GO:BP,GO:0061564,axon development,0.8878244663244758,False,1,94,36,1708,ENSG00000010810,FYN
GO:BP,GO:0002218,activation of innate immune response,0.8878244663244758,False,1,94,36,1708,ENSG00000010810,FYN
GO:BP,GO:0010605,negative regulation of macromolecule metabolic process,0.8913651284666063,False,9,94,220,1708,ENSG00000103056 ENSG00000070366 ENSG00000104885 ENSG00000143614 ENSG00000142599 ENSG00000100354 ENSG00000100403 ENSG00000185619 ENSG00000010810,SMPD3 SMG6 DOT1L GATAD2B RERE TNRC6B ZC3H7B PCGF3 FYN
GO:BP,GO:0043410,positive regulation of MAPK cascade,0.8942916973190195,False,1,94,37,1708,ENSG00000073417,PDE8A
GO:BP,GO:0030522,intracellular receptor signaling pathway,0.9007572878448902,False,1,94,38,1708,ENSG00000204231,RXRB
GO:BP,GO:0046907,intracellular transport,0.9051864225422851,False,4,94,115,1708,ENSG00000204991 ENSG00000070366 ENSG00000120725 ENSG00000176406,SPIRE2 SMG6 SIL1 RIMS2
GO:BP,GO:0007507,heart development,0.9055809385529907,False,1,94,39,1708,ENSG00000130635,COL5A1
GO:BP,GO:0090407,organophosphate biosynthetic process,0.9055809385529907,False,1,94,39,1708,ENSG00000111669,TPI1
GO:BP,GO:0022613,ribonucleoprotein complex biogenesis,0.9055809385529907,False,1,94,39,1708,ENSG00000166133,RPUSD2
GO:MF,GO:0140110,transcription regulator activity,0.9072903260486165,False,7,94,173,1708,ENSG00000067082 ENSG00000104885 ENSG00000186020 ENSG00000142599 ENSG00000096654 ENSG00000204231 ENSG00000005483,KLF6 DOT1L ZNF529 RERE ZNF184 RXRB KMT2E
GO:BP,GO:0006366,transcription by RNA polymerase II,0.9078656600008256,False,10,94,247,1708,ENSG00000067082 ENSG00000110497 ENSG00000166573 ENSG00000104885 ENSG00000186020 ENSG00000143614 ENSG00000163635 ENSG00000185619 ENSG00000096654 ENSG00000204231,KLF6 AMBRA1 GALR1 DOT1L ZNF529 GATAD2B ATXN7 PCGF3 ZNF184 RXRB
GO:MF,GO:0140640,"catalytic activity, acting on a nucleic acid",0.9105002813517009,False,2,94,62,1708,ENSG00000070366 ENSG00000137411,SMG6 VARS2
GO:MF,GO:0061629,RNA polymerase II-specific DNA-binding transcription factor binding,0.9105002813517009,False,1,94,35,1708,ENSG00000104885,DOT1L
GO:MF,GO:0019900,kinase binding,0.9105002813517009,False,2,94,62,1708,ENSG00000073417 ENSG00000155511,PDE8A GRIA1
GO:BP,GO:0008285,negative regulation of cell population proliferation,0.9111057568888101,False,2,94,68,1708,ENSG00000110497 ENSG00000002822,AMBRA1 MAD1L1
GO:BP,GO:0140694,membraneless organelle assembly,0.9153754299758328,False,1,94,41,1708,ENSG00000157456,CCNB2
GO:BP,GO:0006952,defense response,0.9153754299758328,False,6,94,164,1708,ENSG00000149131 ENSG00000122986 ENSG00000251322 ENSG00000055955 ENSG00000010810 ENSG00000213654,SERPING1 HVCN1 SHANK3 ITIH4 FYN GPSM3
GO:BP,GO:0045089,positive regulation of innate immune response,0.9153754299758328,False,1,94,41,1708,ENSG00000010810,FYN
GO:CC,GO:0000323,lytic vacuole,0.9184462809329992,False,3,94,79,1708,ENSG00000103811 ENSG00000149927 ENSG00000103042,CTSH DOC2A SLC38A7
GO:CC,GO:0036064,ciliary basal body,0.9184462809329992,False,1,94,30,1708,ENSG00000070366,SMG6
GO:CC,GO:0005764,lysosome,0.9184462809329992,False,3,94,79,1708,ENSG00000103811 ENSG00000149927 ENSG00000103042,CTSH DOC2A SLC38A7
GO:CC,GO:0009986,cell surface,0.9184462809329992,False,3,94,79,1708,ENSG00000113070 ENSG00000155511 ENSG00000124557,HBEGF GRIA1 BTN1A1
GO:CC,GO:0000228,nuclear chromosome,0.9184462809329992,False,1,94,30,1708,ENSG00000005483,KMT2E
GO:MF,GO:0003723,RNA binding,0.9194458746354288,False,7,94,178,1708,ENSG00000111011 ENSG00000161813 ENSG00000166133 ENSG00000070366 ENSG00000100354 ENSG00000100403 ENSG00000082153,RSRC2 LARP4 RPUSD2 SMG6 TNRC6B ZC3H7B BZW1
GO:CC,GO:0005740,mitochondrial envelope,0.9229299970490128,False,3,94,80,1708,ENSG00000110497 ENSG00000184903 ENSG00000104442,AMBRA1 IMMP2L ARMC1
GO:BP,GO:0033365,protein localization to organelle,0.9242866350419179,False,3,94,97,1708,ENSG00000168778 ENSG00000007402 ENSG00000010810,TCTN2 CACNA2D2 FYN
GO:BP,GO:0043065,positive regulation of apoptotic process,0.9282576301816388,False,1,94,44,1708,ENSG00000103811,CTSH
GO:BP,GO:0071396,cellular response to lipid,0.9282576301816388,False,1,94,44,1708,ENSG00000204231,RXRB
GO:BP,GO:0043068,positive regulation of programmed cell death,0.9282576301816388,False,1,94,44,1708,ENSG00000103811,CTSH
GO:BP,GO:0002833,positive regulation of response to biotic stimulus,0.9282576301816388,False,1,94,44,1708,ENSG00000010810,FYN
GO:BP,GO:0007005,mitochondrion organization,0.9282576301816388,False,1,94,44,1708,ENSG00000184903,IMMP2L
GO:BP,GO:0008380,RNA splicing,0.9319739313721864,False,1,94,45,1708,ENSG00000163635,ATXN7
GO:BP,GO:0009892,negative regulation of metabolic process,0.9319739313721864,False,9,94,237,1708,ENSG00000103056 ENSG00000070366 ENSG00000104885 ENSG00000143614 ENSG00000142599 ENSG00000100354 ENSG00000100403 ENSG00000185619 ENSG00000010810,SMPD3 SMG6 DOT1L GATAD2B RERE TNRC6B ZC3H7B PCGF3 FYN
GO:CC,GO:0030312,external encapsulating structure,0.9354888928627055,False,1,94,34,1708,ENSG00000130635,COL5A1
GO:CC,GO:0030136,clathrin-coated vesicle,0.9354888928627055,False,1,94,33,1708,ENSG00000113070,HBEGF
GO:CC,GO:0031012,extracellular matrix,0.9354888928627055,False,1,94,34,1708,ENSG00000130635,COL5A1
GO:CC,GO:0098791,Golgi apparatus subcompartment,0.9354888928627055,False,1,94,34,1708,ENSG00000103056,SMPD3
GO:CC,GO:0005694,chromosome,0.9354888928627055,False,11,94,254,1708,ENSG00000067082 ENSG00000070366 ENSG00000104885 ENSG00000143614 ENSG00000174579 ENSG00000163635 ENSG00000185619 ENSG00000151422 ENSG00000204231 ENSG00000005483 ENSG00000002822,KLF6 SMG6 DOT1L GATAD2B MSL2 ATXN7 PCGF3 FER RXRB KMT2E MAD1L1
GO:CC,GO:0000793,condensed chromosome,0.9354888928627055,False,1,94,33,1708,ENSG00000002822,MAD1L1
GO:CC,GO:0005925,focal adhesion,0.9358011144431452,False,1,94,36,1708,ENSG00000110497,AMBRA1
GO:CC,GO:0005770,late endosome,0.9358011144431452,False,1,94,35,1708,ENSG00000103811,CTSH
GO:CC,GO:0010008,endosome membrane,0.9358011144431452,False,2,94,63,1708,ENSG00000120451 ENSG00000155511,SNX19 GRIA1
GO:CC,GO:0099081,supramolecular polymer,0.9358011144431452,False,3,94,86,1708,ENSG00000116852 ENSG00000010810 ENSG00000079691,KIF21B FYN CARMIL1
GO:CC,GO:1990904,ribonucleoprotein complex,0.9358011144431452,False,2,94,63,1708,ENSG00000161813 ENSG00000070366,LARP4 SMG6
GO:CC,GO:0099512,supramolecular fiber,0.9358011144431452,False,3,94,86,1708,ENSG00000116852 ENSG00000010810 ENSG00000079691,KIF21B FYN CARMIL1
GO:BP,GO:0030099,myeloid cell differentiation,0.9358564153001167,False,1,94,46,1708,ENSG00000005483,KMT2E
GO:CC,GO:1903561,extracellular vesicle,0.9366531277824588,False,9,94,230,1708,ENSG00000149131 ENSG00000111669 ENSG00000072657 ENSG00000103811 ENSG00000073417 ENSG00000124356 ENSG00000055955 ENSG00000079691 ENSG00000176406,SERPING1 TPI1 TRHDE CTSH PDE8A STAMBP ITIH4 CARMIL1 RIMS2
GO:CC,GO:0005654,nucleoplasm,0.9366531277824588,False,20,94,452,1708,ENSG00000067082 ENSG00000089053 ENSG00000182732 ENSG00000153406 ENSG00000104885 ENSG00000143614 ENSG00000159023 ENSG00000196182 ENSG00000142599 ENSG00000100354 ENSG00000158019 ENSG00000124356 ENSG00000174579 ENSG00000163635 ENSG00000198948 ENSG00000185619 ENSG00000113448 ENSG00000079691 ENSG00000204231 ENSG00000005483,KLF6 ANAPC5 RGS6 NMRAL1 DOT1L GATAD2B EPB41 STK40 RERE TNRC6B BABAM2 STAMBP MSL2 ATXN7 MFAP3L PCGF3 PDE4D CARMIL1 RXRB KMT2E
GO:CC,GO:0070062,extracellular exosome,0.9366531277824588,False,9,94,228,1708,ENSG00000149131 ENSG00000111669 ENSG00000072657 ENSG00000103811 ENSG00000073417 ENSG00000124356 ENSG00000055955 ENSG00000079691 ENSG00000176406,SERPING1 TPI1 TRHDE CTSH PDE8A STAMBP ITIH4 CARMIL1 RIMS2
GO:CC,GO:0070013,intracellular organelle lumen,0.9366531277824588,False,27,94,581,1708,ENSG00000067082 ENSG00000149131 ENSG00000089053 ENSG00000182732 ENSG00000103811 ENSG00000153406 ENSG00000070366 ENSG00000104885 ENSG00000143614 ENSG00000159023 ENSG00000196182 ENSG00000142599 ENSG00000100354 ENSG00000158019 ENSG00000124356 ENSG00000174579 ENSG00000055955 ENSG00000163635 ENSG00000198948 ENSG00000150630 ENSG00000185619 ENSG00000120725 ENSG00000113448 ENSG00000079691 ENSG00000204231 ENSG00000005483 ENSG00000130635,KLF6 SERPING1 ANAPC5 RGS6 CTSH NMRAL1 SMG6 DOT1L GATAD2B EPB41 STK40 RERE TNRC6B BABAM2 STAMBP MSL2 ITIH4 ATXN7 MFAP3L VEGFC PCGF3 SIL1 PDE4D CARMIL1 RXRB KMT2E COL5A1
GO:CC,GO:0065010,extracellular membrane-bounded organelle,0.9366531277824588,False,9,94,230,1708,ENSG00000149131 ENSG00000111669 ENSG00000072657 ENSG00000103811 ENSG00000073417 ENSG00000124356 ENSG00000055955 ENSG00000079691 ENSG00000176406,SERPING1 TPI1 TRHDE CTSH PDE8A STAMBP ITIH4 CARMIL1 RIMS2
GO:CC,GO:0043229,intracellular organelle,0.9366531277824588,False,64,94,1255,1708,ENSG00000067082 ENSG00000120451 ENSG00000110497 ENSG00000149131 ENSG00000171310 ENSG00000122986 ENSG00000089053 ENSG00000168778 ENSG00000133687 ENSG00000161813 ENSG00000135454 ENSG00000111669 ENSG00000151778 ENSG00000182732 ENSG00000157456 ENSG00000103811 ENSG00000149927 ENSG00000153406 ENSG00000103042 ENSG00000103056 ENSG00000204991 ENSG00000070366 ENSG00000108309 ENSG00000178093 ENSG00000104885 ENSG00000186020 ENSG00000023902 ENSG00000143614 ENSG00000116852 ENSG00000159023 ENSG00000196182 ENSG00000196517 ENSG00000142599 ENSG00000100354 ENSG00000100403 ENSG00000158019 ENSG00000163171 ENSG00000124356 ENSG00000174579 ENSG00000055955 ENSG00000163635 ENSG00000198948 ENSG00000150630 ENSG00000185619 ENSG00000151422 ENSG00000120725 ENSG00000113070 ENSG00000155511 ENSG00000113448 ENSG00000010810 ENSG00000079691 ENSG00000096654 ENSG00000232040 ENSG00000137411 ENSG00000204231 ENSG00000005483 ENSG00000184903 ENSG00000131558 ENSG00000002822 ENSG00000070882 ENSG00000147799 ENSG00000168077 ENSG00000104442 ENSG00000130635,KLF6 SNX19 AMBRA1 SERPING1 CHST11 HVCN1 ANAPC5 TCTN2 TMTC1 LARP4 B4GALNT1 TPI1 SERP2 RGS6 CCNB2 CTSH DOC2A NMRAL1 SLC38A7 SMPD3 SPIRE2 SMG6 RUNDC3A TSSK6 DOT1L ZNF529 PLEKHO1 GATAD2B KIF21B EPB41 STK40 SLC6A9 RERE TNRC6B ZC3H7B BABAM2 CDC42EP3 STAMBP MSL2 ITIH4 ATXN7 MFAP3L VEGFC PCGF3 FER SIL1 HBEGF GRIA1 PDE4D FYN CARMIL1 ZNF184 SCAND3 VARS2 RXRB KMT2E IMMP2L EXOC4 MAD1L1 OSBPL3 ARHGAP39 SCARA3 ARMC1 COL5A1
GO:CC,GO:0030055,cell-substrate junction,0.9366531277824588,False,1,94,38,1708,ENSG00000110497,AMBRA1
GO:CC,GO:0000785,chromatin,0.9366531277824588,False,7,94,183,1708,ENSG00000067082 ENSG00000143614 ENSG00000174579 ENSG00000163635 ENSG00000151422 ENSG00000204231 ENSG00000005483,KLF6 GATAD2B MSL2 ATXN7 FER RXRB KMT2E
GO:CC,GO:0031974,membrane-enclosed lumen,0.9366531277824588,False,27,94,581,1708,ENSG00000067082 ENSG00000149131 ENSG00000089053 ENSG00000182732 ENSG00000103811 ENSG00000153406 ENSG00000070366 ENSG00000104885 ENSG00000143614 ENSG00000159023 ENSG00000196182 ENSG00000142599 ENSG00000100354 ENSG00000158019 ENSG00000124356 ENSG00000174579 ENSG00000055955 ENSG00000163635 ENSG00000198948 ENSG00000150630 ENSG00000185619 ENSG00000120725 ENSG00000113448 ENSG00000079691 ENSG00000204231 ENSG00000005483 ENSG00000130635,KLF6 SERPING1 ANAPC5 RGS6 CTSH NMRAL1 SMG6 DOT1L GATAD2B EPB41 STK40 RERE TNRC6B BABAM2 STAMBP MSL2 ITIH4 ATXN7 MFAP3L VEGFC PCGF3 SIL1 PDE4D CARMIL1 RXRB KMT2E COL5A1
GO:CC,GO:0043233,organelle lumen,0.9366531277824588,False,27,94,581,1708,ENSG00000067082 ENSG00000149131 ENSG00000089053 ENSG00000182732 ENSG00000103811 ENSG00000153406 ENSG00000070366 ENSG00000104885 ENSG00000143614 ENSG00000159023 ENSG00000196182 ENSG00000142599 ENSG00000100354 ENSG00000158019 ENSG00000124356 ENSG00000174579 ENSG00000055955 ENSG00000163635 ENSG00000198948 ENSG00000150630 ENSG00000185619 ENSG00000120725 ENSG00000113448 ENSG00000079691 ENSG00000204231 ENSG00000005483 ENSG00000130635,KLF6 SERPING1 ANAPC5 RGS6 CTSH NMRAL1 SMG6 DOT1L GATAD2B EPB41 STK40 RERE TNRC6B BABAM2 STAMBP MSL2 ITIH4 ATXN7 MFAP3L VEGFC PCGF3 SIL1 PDE4D CARMIL1 RXRB KMT2E COL5A1
GO:CC,GO:0043230,extracellular organelle,0.9366531277824588,False,9,94,230,1708,ENSG00000149131 ENSG00000111669 ENSG00000072657 ENSG00000103811 ENSG00000073417 ENSG00000124356 ENSG00000055955 ENSG00000079691 ENSG00000176406,SERPING1 TPI1 TRHDE CTSH PDE8A STAMBP ITIH4 CARMIL1 RIMS2
GO:CC,GO:0043231,intracellular membrane-bounded organelle,0.9366531277824588,False,60,94,1176,1708,ENSG00000067082 ENSG00000120451 ENSG00000110497 ENSG00000149131 ENSG00000171310 ENSG00000122986 ENSG00000089053 ENSG00000133687 ENSG00000135454 ENSG00000111669 ENSG00000151778 ENSG00000182732 ENSG00000157456 ENSG00000103811 ENSG00000149927 ENSG00000153406 ENSG00000103042 ENSG00000103056 ENSG00000204991 ENSG00000070366 ENSG00000108309 ENSG00000178093 ENSG00000104885 ENSG00000186020 ENSG00000023902 ENSG00000143614 ENSG00000116852 ENSG00000159023 ENSG00000196182 ENSG00000196517 ENSG00000142599 ENSG00000100354 ENSG00000100403 ENSG00000158019 ENSG00000124356 ENSG00000174579 ENSG00000055955 ENSG00000163635 ENSG00000198948 ENSG00000150630 ENSG00000185619 ENSG00000151422 ENSG00000120725 ENSG00000113070 ENSG00000155511 ENSG00000113448 ENSG00000010810 ENSG00000079691 ENSG00000096654 ENSG00000232040 ENSG00000137411 ENSG00000204231 ENSG00000005483 ENSG00000184903 ENSG00000002822 ENSG00000070882 ENSG00000147799 ENSG00000168077 ENSG00000104442 ENSG00000130635,KLF6 SNX19 AMBRA1 SERPING1 CHST11 HVCN1 ANAPC5 TMTC1 B4GALNT1 TPI1 SERP2 RGS6 CCNB2 CTSH DOC2A NMRAL1 SLC38A7 SMPD3 SPIRE2 SMG6 RUNDC3A TSSK6 DOT1L ZNF529 PLEKHO1 GATAD2B KIF21B EPB41 STK40 SLC6A9 RERE TNRC6B ZC3H7B BABAM2 STAMBP MSL2 ITIH4 ATXN7 MFAP3L VEGFC PCGF3 FER SIL1 HBEGF GRIA1 PDE4D FYN CARMIL1 ZNF184 SCAND3 VARS2 RXRB KMT2E IMMP2L MAD1L1 OSBPL3 ARHGAP39 SCARA3 ARMC1 COL5A1
GO:CC,GO:0043227,membrane-bounded organelle,0.9366531277824588,False,64,94,1250,1708,ENSG00000067082 ENSG00000120451 ENSG00000110497 ENSG00000149131 ENSG00000171310 ENSG00000122986 ENSG00000089053 ENSG00000168778 ENSG00000133687 ENSG00000135454 ENSG00000111669 ENSG00000072657 ENSG00000151778 ENSG00000182732 ENSG00000157456 ENSG00000103811 ENSG00000073417 ENSG00000149927 ENSG00000153406 ENSG00000103042 ENSG00000103056 ENSG00000204991 ENSG00000070366 ENSG00000108309 ENSG00000178093 ENSG00000104885 ENSG00000186020 ENSG00000023902 ENSG00000143614 ENSG00000116852 ENSG00000159023 ENSG00000196182 ENSG00000196517 ENSG00000142599 ENSG00000100354 ENSG00000100403 ENSG00000158019 ENSG00000124356 ENSG00000174579 ENSG00000055955 ENSG00000163635 ENSG00000198948 ENSG00000150630 ENSG00000185619 ENSG00000151422 ENSG00000120725 ENSG00000113070 ENSG00000155511 ENSG00000113448 ENSG00000010810 ENSG00000079691 ENSG00000096654 ENSG00000232040 ENSG00000137411 ENSG00000204231 ENSG00000005483 ENSG00000184903 ENSG00000002822 ENSG00000070882 ENSG00000176406 ENSG00000147799 ENSG00000168077 ENSG00000104442 ENSG00000130635,KLF6 SNX19 AMBRA1 SERPING1 CHST11 HVCN1 ANAPC5 TCTN2 TMTC1 B4GALNT1 TPI1 TRHDE SERP2 RGS6 CCNB2 CTSH PDE8A DOC2A NMRAL1 SLC38A7 SMPD3 SPIRE2 SMG6 RUNDC3A TSSK6 DOT1L ZNF529 PLEKHO1 GATAD2B KIF21B EPB41 STK40 SLC6A9 RERE TNRC6B ZC3H7B BABAM2 STAMBP MSL2 ITIH4 ATXN7 MFAP3L VEGFC PCGF3 FER SIL1 HBEGF GRIA1 PDE4D FYN CARMIL1 ZNF184 SCAND3 VARS2 RXRB KMT2E IMMP2L MAD1L1 OSBPL3 RIMS2 ARHGAP39 SCARA3 ARMC1 COL5A1
GO:BP,GO:0006397,mRNA processing,0.9394674315237334,False,1,94,47,1708,ENSG00000166133,RPUSD2
GO:BP,GO:0045087,innate immune response,0.9394674315237334,False,3,94,103,1708,ENSG00000149131 ENSG00000122986 ENSG00000010810,SERPING1 HVCN1 FYN
GO:BP,GO:0140546,defense response to symbiont,0.9471804449515161,False,3,94,106,1708,ENSG00000149131 ENSG00000122986 ENSG00000010810,SERPING1 HVCN1 FYN
GO:BP,GO:0008610,lipid biosynthetic process,0.9490737948051148,False,1,94,50,1708,ENSG00000135454,B4GALNT1
GO:CC,GO:0005874,microtubule,0.9499180446439413,False,1,94,45,1708,ENSG00000116852,KIF21B
GO:CC,GO:0005743,mitochondrial inner membrane,0.9499180446439413,False,1,94,46,1708,ENSG00000184903,IMMP2L
GO:CC,GO:0031981,nuclear lumen,0.9499180446439413,False,21,94,483,1708,ENSG00000067082 ENSG00000089053 ENSG00000182732 ENSG00000153406 ENSG00000070366 ENSG00000104885 ENSG00000143614 ENSG00000159023 ENSG00000196182 ENSG00000142599 ENSG00000100354 ENSG00000158019 ENSG00000124356 ENSG00000174579 ENSG00000163635 ENSG00000198948 ENSG00000185619 ENSG00000113448 ENSG00000079691 ENSG00000204231 ENSG00000005483,KLF6 ANAPC5 RGS6 NMRAL1 SMG6 DOT1L GATAD2B EPB41 STK40 RERE TNRC6B BABAM2 STAMBP MSL2 ATXN7 MFAP3L PCGF3 PDE4D CARMIL1 RXRB KMT2E
GO:BP,GO:0098542,defense response to other organism,0.9512289859757522,False,3,94,108,1708,ENSG00000149131 ENSG00000122986 ENSG00000010810,SERPING1 HVCN1 FYN
GO:MF,GO:0000981,"DNA-binding transcription factor activity, RNA polymerase II-specific",0.9546093943441784,False,4,94,121,1708,ENSG00000067082 ENSG00000186020 ENSG00000096654 ENSG00000204231,KLF6 ZNF529 ZNF184 RXRB
GO:CC,GO:0000775,"chromosome, centromeric region",0.9552079142877756,False,1,94,48,1708,ENSG00000002822,MAD1L1
GO:MF,GO:0017111,ribonucleoside triphosphate phosphatase activity,0.9558752559466471,False,2,94,72,1708,ENSG00000182732 ENSG00000116852,RGS6 KIF21B
GO:MF,GO:0016887,ATP hydrolysis activity,0.9572855903990145,False,1,94,44,1708,ENSG00000116852,KIF21B
GO:CC,GO:0005774,vacuolar membrane,0.9579223472030549,False,1,94,53,1708,ENSG00000103042,SLC38A7
GO:CC,GO:0005794,Golgi apparatus,0.9579223472030549,False,4,94,132,1708,ENSG00000171310 ENSG00000135454 ENSG00000103056 ENSG00000168077,CHST11 B4GALNT1 SMPD3 SCARA3
GO:CC,GO:0098852,lytic vacuole membrane,0.9579223472030549,False,1,94,52,1708,ENSG00000103042,SLC38A7
GO:CC,GO:0019866,organelle inner membrane,0.9579223472030549,False,1,94,53,1708,ENSG00000184903,IMMP2L
GO:CC,GO:0005765,lysosomal membrane,0.9579223472030549,False,1,94,52,1708,ENSG00000103042,SLC38A7
GO:MF,GO:0000978,RNA polymerase II cis-regulatory region sequence-specific DNA binding,0.9645913513455445,False,3,94,102,1708,ENSG00000067082 ENSG00000096654 ENSG00000204231,KLF6 ZNF184 RXRB
GO:MF,GO:0005198,structural molecule activity,0.9645913513455445,False,4,94,127,1708,ENSG00000159023 ENSG00000251322 ENSG00000176406 ENSG00000130635,EPB41 SHANK3 RIMS2 COL5A1
GO:BP,GO:0051707,response to other organism,0.9650959136571168,False,4,94,141,1708,ENSG00000149131 ENSG00000122986 ENSG00000151422 ENSG00000010810,SERPING1 HVCN1 FER FYN
GO:BP,GO:0043207,response to external biotic stimulus,0.9650959136571168,False,4,94,141,1708,ENSG00000149131 ENSG00000122986 ENSG00000151422 ENSG00000010810,SERPING1 HVCN1 FER FYN
GO:MF,GO:0000977,RNA polymerase II transcription regulatory region sequence-specific DNA binding,0.9651594504010143,False,4,94,128,1708,ENSG00000067082 ENSG00000186020 ENSG00000096654 ENSG00000204231,KLF6 ZNF529 ZNF184 RXRB
GO:MF,GO:0140297,DNA-binding transcription factor binding,0.9658745286476234,False,1,94,48,1708,ENSG00000104885,DOT1L
GO:MF,GO:0003700,DNA-binding transcription factor activity,0.9660101791243151,False,4,94,130,1708,ENSG00000067082 ENSG00000186020 ENSG00000096654 ENSG00000204231,KLF6 ZNF529 ZNF184 RXRB
GO:MF,GO:0000987,cis-regulatory region sequence-specific DNA binding,0.9663680078122991,False,3,94,106,1708,ENSG00000067082 ENSG00000096654 ENSG00000204231,KLF6 ZNF184 RXRB
GO:BP,GO:0009617,response to bacterium,0.9664087580913249,False,1,94,57,1708,ENSG00000151422,FER
GO:BP,GO:0045934,negative regulation of nucleobase-containing compound metabolic process,0.9684254724732958,False,3,94,118,1708,ENSG00000070366 ENSG00000143614 ENSG00000142599,SMG6 GATAD2B RERE
GO:BP,GO:0009607,response to biotic stimulus,0.9684254724732958,False,4,94,144,1708,ENSG00000149131 ENSG00000122986 ENSG00000151422 ENSG00000010810,SERPING1 HVCN1 FER FYN
GO:MF,GO:0016491,oxidoreductase activity,0.9729672899735262,False,1,94,52,1708,ENSG00000188641,DPYD
GO:MF,GO:0003690,double-stranded DNA binding,0.9741794594962204,False,5,94,161,1708,ENSG00000067082 ENSG00000186020 ENSG00000174579 ENSG00000096654 ENSG00000204231,KLF6 ZNF529 MSL2 ZNF184 RXRB
GO:MF,GO:0000976,transcription cis-regulatory region binding,0.9744543029317074,False,4,94,140,1708,ENSG00000067082 ENSG00000186020 ENSG00000096654 ENSG00000204231,KLF6 ZNF529 ZNF184 RXRB
GO:MF,GO:0019901,protein kinase binding,0.9744543029317074,False,1,94,57,1708,ENSG00000155511,GRIA1
GO:MF,GO:0140657,ATP-dependent activity,0.9744543029317074,False,1,94,58,1708,ENSG00000116852,KIF21B
GO:MF,GO:1990837,sequence-specific double-stranded DNA binding,0.9744543029317074,False,4,94,146,1708,ENSG00000067082 ENSG00000186020 ENSG00000096654 ENSG00000204231,KLF6 ZNF529 ZNF184 RXRB
GO:MF,GO:0008134,transcription factor binding,0.9744543029317074,False,1,94,56,1708,ENSG00000104885,DOT1L
GO:MF,GO:0005509,calcium ion binding,0.9744543029317074,False,1,94,59,1708,ENSG00000078795,PKD2L2
GO:MF,GO:0001067,transcription regulatory region nucleic acid binding,0.9744543029317074,False,4,94,140,1708,ENSG00000067082 ENSG00000186020 ENSG00000096654 ENSG00000204231,KLF6 ZNF529 ZNF184 RXRB
GO:CC,GO:0005739,mitochondrion,0.9755702527575764,False,5,94,175,1708,ENSG00000110497 ENSG00000010810 ENSG00000137411 ENSG00000184903 ENSG00000104442,AMBRA1 FYN VARS2 IMMP2L ARMC1
GO:BP,GO:0044419,biological process involved in interspecies interaction between organisms,0.976005328165032,False,4,94,151,1708,ENSG00000149131 ENSG00000122986 ENSG00000151422 ENSG00000010810,SERPING1 HVCN1 FER FYN
GO:BP,GO:1902679,negative regulation of RNA biosynthetic process,0.976005328165032,False,2,94,96,1708,ENSG00000143614 ENSG00000142599,GATAD2B RERE
GO:BP,GO:0045892,negative regulation of DNA-templated transcription,0.976005328165032,False,2,94,96,1708,ENSG00000143614 ENSG00000142599,GATAD2B RERE
GO:BP,GO:0043933,protein-containing complex organization,0.9770473929809474,False,7,94,226,1708,ENSG00000110497 ENSG00000163171 ENSG00000163635 ENSG00000151422 ENSG00000079691 ENSG00000184903 ENSG00000176406,AMBRA1 CDC42EP3 ATXN7 FER CARMIL1 IMMP2L RIMS2
GO:CC,GO:0005634,nucleus,0.983434933006157,False,35,94,808,1708,ENSG00000067082 ENSG00000110497 ENSG00000089053 ENSG00000111669 ENSG00000182732 ENSG00000157456 ENSG00000153406 ENSG00000070366 ENSG00000178093 ENSG00000104885 ENSG00000186020 ENSG00000023902 ENSG00000143614 ENSG00000159023 ENSG00000196182 ENSG00000142599 ENSG00000100354 ENSG00000100403 ENSG00000158019 ENSG00000124356 ENSG00000174579 ENSG00000163635 ENSG00000198948 ENSG00000185619 ENSG00000151422 ENSG00000113448 ENSG00000010810 ENSG00000079691 ENSG00000096654 ENSG00000232040 ENSG00000204231 ENSG00000005483 ENSG00000002822 ENSG00000070882 ENSG00000147799,KLF6 AMBRA1 ANAPC5 TPI1 RGS6 CCNB2 NMRAL1 SMG6 TSSK6 DOT1L ZNF529 PLEKHO1 GATAD2B EPB41 STK40 RERE TNRC6B ZC3H7B BABAM2 STAMBP MSL2 ATXN7 MFAP3L PCGF3 FER PDE4D FYN CARMIL1 ZNF184 SCAND3 RXRB KMT2E MAD1L1 OSBPL3 ARHGAP39
GO:BP,GO:0000122,negative regulation of transcription by RNA polymerase II,0.9844263161539583,False,1,94,71,1708,ENSG00000143614,GATAD2B
GO:BP,GO:0065003,protein-containing complex assembly,0.9845646314725676,False,6,94,213,1708,ENSG00000110497 ENSG00000163171 ENSG00000151422 ENSG00000079691 ENSG00000184903 ENSG00000176406,AMBRA1 CDC42EP3 FER CARMIL1 IMMP2L RIMS2
GO:BP,GO:0051253,negative regulation of RNA metabolic process,0.9853275709156153,False,2,94,107,1708,ENSG00000143614 ENSG00000142599,GATAD2B RERE
GO:MF,GO:0046983,protein dimerization activity,0.9923613473236675,False,3,94,145,1708,ENSG00000122986 ENSG00000111669 ENSG00000188641,HVCN1 TPI1 DPYD
GO:MF,GO:0003676,nucleic acid binding,0.9923613473236675,False,16,94,447,1708,ENSG00000067082 ENSG00000111011 ENSG00000161813 ENSG00000166133 ENSG00000070366 ENSG00000104885 ENSG00000186020 ENSG00000143614 ENSG00000142599 ENSG00000100354 ENSG00000100403 ENSG00000082153 ENSG00000174579 ENSG00000096654 ENSG00000232040 ENSG00000204231,KLF6 RSRC2 LARP4 RPUSD2 SMG6 DOT1L ZNF529 GATAD2B RERE TNRC6B ZC3H7B BZW1 MSL2 ZNF184 SCAND3 RXRB
GO:MF,GO:0003677,DNA binding,0.9933612908092242,False,9,94,307,1708,ENSG00000067082 ENSG00000070366 ENSG00000104885 ENSG00000186020 ENSG00000143614 ENSG00000142599 ENSG00000174579 ENSG00000096654 ENSG00000204231,KLF6 SMG6 DOT1L ZNF529 GATAD2B RERE MSL2 ZNF184 RXRB
